DROP TABLE IF EXISTS channels;
DROP TABLE IF EXISTS playlist;
DROP TABLE IF EXISTS videos;
CREATE TABLE IF NOT EXISTS channels(id INTEGER PRIMARY KEY AUTOINCREMENT, cid VARCHAR(64) NOT NULL, type VARCHAR(8) NOT NULL, title VARCHAR(255) NOT NULL, description VARCHAR(1000), created TIMESTAMP NOT NULL DEFAULT CURRENT_TIMESTAMP);
CREATE TABLE IF NOT EXISTS playlist(id INTEGER PRIMARY KEY AUTOINCREMENT, cid VARCHAR(64) NOT NULL, pid VARCHAR(64) NOT NULL, title VARCHAR(255) NOT NULL, description VARCHAR(1000), created TIMESTAMP NOT NULL DEFAULT CURRENT_TIMESTAMP);
CREATE TABLE IF NOT EXISTS videos(id INTEGER PRIMARY KEY AUTOINCREMENT, vid VARCHAR(64) NOT NULL, pid VARCHAR(64) NOT NULL, title VARCHAR(255) NOT NULL, description VARCHAR(1000), created TIMESTAMP NOT NULL DEFAULT CURRENT_TIMESTAMP);
CREATE INDEX IF NOT EXISTS channels_cid ON channels(cid);
CREATE INDEX IF NOT EXISTS channels_type ON channels(type);
CREATE INDEX IF NOT EXISTS playlist_cid ON playlist(cid);
CREATE INDEX IF NOT EXISTS playlist_pid ON playlist(pid);
CREATE INDEX IF NOT EXISTS playlist_title ON playlist(title);
CREATE INDEX IF NOT EXISTS videos_vid ON videos(vid);
CREATE INDEX IF NOT EXISTS videos_title ON videos(title);
CREATE INDEX IF NOT EXISTS videos_pid ON videos(pid);
INSERT INTO channels(cid, type, title, description) VALUES('UCKhWUY33n3vvXD8vCzTXhKg', 'youtube', '聖嚴法師經典講座', '');
INSERT INTO playlist(pid, cid, title, description) VALUES('PL-J5pP_ptFRDlMY4HDFPQZ0k4kX0TMCiq','UCKhWUY33n3vvXD8vCzTXhKg', '聖嚴法師講座', '');
INSERT INTO videos(vid, pid, title, description) VALUES('R_DP4i4ue9k', 'PL-J5pP_ptFRDlMY4HDFPQZ0k4kX0TMCiq', '聖嚴法師：四安', '俗語說：「人間不如意事，十之八九。」在這環境與人心都不斷面對衝擊的年代，每個人都想要得到安全感，希望有一個平安的人生。但，究竟人間何處才是安全的環境？\r\n講座中，聖嚴法師將會一一解說，安身、安心、安家與安業，這息息相關的四安，是建構快樂人生的重要元素。一切都不假外求，自求平安最可靠，因為安全的環境與安全的­工作，其實是在每個人的心中。只要能夠讓心安定下來，則處處都有平安！\r\n\r\n\r\n本講座講於：\r\n◎ 時間：1996年9月22日\r\n◎ 地點：台北國父紀念館');
INSERT INTO videos(vid, pid, title, description) VALUES('wiHGq15tAjA', 'PL-J5pP_ptFRDlMY4HDFPQZ0k4kX0TMCiq', '聖嚴法師：是非要溫柔', '人生中許多課題，往往不是非黑即白的是非題，只要換個角度，不論順境、逆境都是促使我們向上的動力。面對看似逆境的人、事、物時，如何保持心平氣和的溫柔心呢？\r\n本次講座，聖嚴師父將以佛法的慈悲與智慧，引領我們提升自身的EQ（情緒智商）及MQ（道德智商），讓我們在人生的得失進退之間，自在掌握應有的方向與價值觀，並找回原有­的溫柔心，讓人生處處圓滿，事事無礙。\r\n\r\n本講座講於：\r\n◎ 時間：2004年8月28日\r\n◎ 地點：台北 國父紀念館');
INSERT INTO videos(vid, pid, title, description) VALUES('6NSIYWJnZu4', 'PL-J5pP_ptFRDlMY4HDFPQZ0k4kX0TMCiq', '聖嚴法師學思歷程', '本單元講座，由聖嚴法師親自敘述其從小到大一生的學習歷程，包括：思想啟蒙、沙彌時期、軍中、再度出家、閉關、留學日本等求學經過，以及生命中擔任不同角色的心路歷程。透­過這場演講中，我們得以一窺聖嚴法師治學、修行、濟世的信念，典範在夙昔，如今看來，尤顯彌足珍貴。');
INSERT INTO videos(vid, pid, title, description) VALUES('VlDPPwytN3Y', 'PL-J5pP_ptFRDlMY4HDFPQZ0k4kX0TMCiq', '聖嚴法師：禪宗對俱解脫的看法', '原始佛教與中國禪宗對「俱解脫」、「慧解脫」的看法差異在那裡？兩者的修行方法、最後解脫的層次是否一樣？聖嚴法師在本場演講中引用經典，說明「俱解脫」與「慧解脫」的出處、意義，以及如何修行，與修行的次第。其次說明禪宗對解脫的看法，以禪宗六祖惠能的例子，揭示禪宗「即定即慧」，在日常生活當中實踐的修行方法 。聖嚴法師在本次講座中，讓我們清楚認識原始佛教與中國禪宗在修行方法的異同，同時進一步暸解中國禪宗涵蓋定與慧，以定慧雙修作為根本的修行方法。\r\n\r\n本講座講於：\r\n◎ 時間：2004年4月24日\r\n◎ 地點：澳洲雪梨大學');
INSERT INTO videos(vid, pid, title, description) VALUES('-48Z3jvw1fc', 'PL-J5pP_ptFRDlMY4HDFPQZ0k4kX0TMCiq', '聖嚴法師：心六倫', '21世紀的今天，天災人禍不斷，要如何改善人我關係與身處的環境？聖嚴法師教我們要回到每個人的內心，即能讓人人都享有平和安樂的生活。透過心六倫的實踐，我們重新看待與他人、整個環境的關係，並創造更積極的生命價值。聖嚴法師也強調，愛護自己的生命，更是實踐倫理重要的一環。我們將會更了解每個人的盡責­盡份，就是利益他人；並能感受到，自己的生命是屬於全世界、全宇宙的，其所能發揮的功能與價值，將會是無遠弗屆的。\r\n\r\n本講座講於：\r\n◎ 時間：2008年10月21日\r\n◎ 地點：國防大學');
INSERT INTO videos(vid, pid, title, description) VALUES('U6gNng1R8LQ', 'PL-J5pP_ptFRDlMY4HDFPQZ0k4kX0TMCiq', '聖嚴法師：如何用禪法來安身、安心、安家、安業', '禪修的境界令人嚮往，禪法的修行卻常讓人覺得難以企及，望之興嘆。本次講座，聖嚴法師闡明甚麼才是正確的禪法修行，以及如何將禪修的觀念和方法，運用在日常生活之中。\r\n聖嚴法師更進一步歸納出，以禪法來安住身心的四個層次，使現代人能在簡明清晰的指引下，循序漸進，拾級而上，在禪修中獲得安定身心，安家、安業的利益。\r\n\r\n本講座講於：\r\n◎ 時間：1995年9月29日\r\n◎ 地點：台北 國父紀念館');
INSERT INTO videos(vid, pid, title, description) VALUES('pHqfCKtSYrQ', 'PL-J5pP_ptFRDlMY4HDFPQZ0k4kX0TMCiq', '聖嚴法師：生活禪修體驗', '本講座，聖嚴法師以四個主題來介紹禪修，解答一般人對禪修的疑惑：\r\n（一）首先介紹「何謂禪修」？\r\n（一）建議良好的「禪的觀念」，能夠達成自我肯定、自我消融。\r\n（二）具備正確的「禪的態度」，就能擁有輕鬆愉快自在的生活。\r\n（三）安全、健康、正確的「禪修的方法」，才能夠真正安頓身心、創新機運。\r\n\r\n現場不只有實際體驗的引導，聖嚴法師也將許多禪門典籍中的智慧，化為琅琅上口的實用錦囊，讓大家時時能夠落實這些簡單易懂的觀念與方法，時時安於當下。\r\n\r\n本講座講於：\r\n◎ 時間：1997年9月21日\r\n◎ 地點：台灣台北國父紀念館');
INSERT INTO videos(vid, pid, title, description) VALUES('HDovBB91lJs', 'PL-J5pP_ptFRDlMY4HDFPQZ0k4kX0TMCiq', '聖嚴法師：人間淨土的實現', '法鼓山一直以來所提倡的「人間淨土」並不是把信仰中的佛國淨土，搬到地球上來，而是用佛法的觀念淨化人心，用佛教徒的生活芳範淨化社會。本單元講座，除了介紹人間淨土的經­典依據，更提供如何在生活中實踐人間淨土的具體方法，並透過生活化的實例，引領我們從自身的觀念轉化、人品提昇，進而使得人間淨土在每個人的心中逐步展現。\r\n\r\n本講座講於：◎ 時間：1998年2月27日◎ 地點：聖嚴師父全省關懷行--中壢地區');
INSERT INTO videos(vid, pid, title, description) VALUES('4GyD-DEXZxU', 'PL-J5pP_ptFRDlMY4HDFPQZ0k4kX0TMCiq', '聖嚴法師：從禪的觀點談成功、方法、目標', '成功與卓越是現代人最關心的話題，聖嚴法師在本場演講中，以四大主題精闢解說，用禪的觀點揭示了成功之道。首先釐清「禪的觀點」，與一般世俗觀點有何異同。接著探討什麼才是「生命究竟的成功」，以及達到「成功的方法」。最後聖嚴法師更進一步，帶領大家循序漸進的，「設定目標，運用方法，達成目標」。透過本課程，必能幫助自己運用禪法智慧，實現生命的價值，達到人生的圓滿成功。\r\n\r\n原講座\r\n◎ 時間：1995年9月\r\n◎ 地點：台灣台北國父紀念館');
INSERT INTO videos(vid, pid, title, description) VALUES('QQGHOJe0OlI', 'PL-J5pP_ptFRDlMY4HDFPQZ0k4kX0TMCiq', '聖嚴法師：心靈環保', '在這人心浮動、社會混亂的時代，只要懂得轉念，就有希望。\r\n在本講座中，聖嚴法師指出，要改變社會的亂象，必須從個人的心念與價值觀著手。法師也勉勵大家放下對名利的追求，踏踏實實地走自己的路。若能時時為整體設想，無論是在家庭、社會，乃至全球，即能在多元之中和諧共處、共同成長，體現的正是心靈環保的至高精神－－超越自我。\r\n\r\n本講座講於：◎  時間：2003年9月19日◎  地點：中興大學\r\n更多線上課程：http://www.dharmaschool.com/index.html');
INSERT INTO videos(vid, pid, title, description) VALUES('FJB_T7BesSM', 'PL-J5pP_ptFRDlMY4HDFPQZ0k4kX0TMCiq', '中國佛學的特色', '佛教、佛學、佛法與學佛，這幾個詞語，看似雷同，卻又有別。在本講座單元中，聖嚴法師將會解說其中的意涵及不同之處，進而為我們介紹佛法傳到中國以後，所發展出獨有的中國佛學特色。\r\n\r\n為適應中國文化與社會，佛教究竟經歷了什麼樣的改變？佛教說，一切眾生都可以成佛，這看來遙不可及的目標，怎能在一念之間即可達成？在聖嚴法師的說明下，介紹了佛教特有的觀點和人間淨土的思想概念。\r\n\r\n本講座講於：\r\n◎  時間：2005年4月25日\r\n◎  地點：中國北京大學\r\n\r\n更多線上課程：http://www.dharmaschool.com/index.html');
INSERT INTO playlist(pid, cid, title, description) VALUES('PL-J5pP_ptFRDQBuW9S-Kk01noNIcR4ykh','UCKhWUY33n3vvXD8vCzTXhKg', '聖嚴法師：《楞嚴經》講要-卷三', '「《楞嚴經》講要」系列課程，是聖嚴法師於1995年，在農禪寺講座的珍貴錄影。\r\n　　 《楞嚴經》是漢傳佛教中極為重要的一部經典，有所謂：「自從一讀楞嚴後，不看人間糟粕書。」的讚歎，亦是一部轉迷為悟的寶典，能­引領人們從迷失中覺悟，從虛妄中發現真實，開發生命的大悲大智。 在本講座中，聖嚴法師以生活化的譬喻和故事，精闢解說《楞嚴經》第一卷、第二卷的要義，將精深的經義內涵，化為淺顯易懂不再艱深­難解的修行指南，並且透過豐富的舉例，轉化為日常生活中可隨時隨地實踐的觀念，而能在生活中隨時體會佛法的利益。\r\n\r\n\r\n\r\n\r\n原講座\r\n◎ 時間：1995年7月30日\r\n◎ 地點：台北 農禪寺');
INSERT INTO videos(vid, pid, title, description) VALUES('UUz8mo4QJ2o', 'PL-J5pP_ptFRDQBuW9S-Kk01noNIcR4ykh', '《楞嚴經》講要卷三01：六入(一)眼入 之一', '1995年《楞嚴經》系列講座，由於當時的因緣變化，在此〈六入〉的主題中，告了一個段落。無比珍貴的講經開示得以保存至今，且讓我們共同用感恩心來圓滿這段難得的學習因緣。\n\n★★ 學習單總表--聖嚴法師經典與講座 ★★ \nhttp://web.ddm.org.tw/main/news_in.aspx?mnuid=1533&modid=424&chapid=85&nid=2179');
INSERT INTO videos(vid, pid, title, description) VALUES('RKMWKDng1oM', 'PL-J5pP_ptFRDQBuW9S-Kk01noNIcR4ykh', '《楞嚴經》第三卷02：六入(一)眼入 之二', '1995年《楞嚴經》系列講座，由於當時的因緣變化，在此〈六入〉的主題中，告了一個段落。無比珍貴的講經開示得以保存至今，且讓我們共同用感恩心來圓滿這段難得的學習因緣。');
INSERT INTO videos(vid, pid, title, description) VALUES('Iw--BHPyWtA', 'PL-J5pP_ptFRDQBuW9S-Kk01noNIcR4ykh', '《楞嚴經》講要卷三03：六入(二)耳入', '1995年《楞嚴經》系列講座，由於當時的因緣變化，在此〈六入〉的主題中，告了一個段落。無比珍貴的講經開示得以保存至今，且讓我們共同用感恩心來圓滿這段難得的學習因緣。');
INSERT INTO videos(vid, pid, title, description) VALUES('xvyXKNf8anA', 'PL-J5pP_ptFRDQBuW9S-Kk01noNIcR4ykh', '《楞嚴經》講要卷三04：六入(三)鼻入', '1995年《楞嚴經》系列講座，由於當時的因緣變化，在此〈六入〉的主題中，告了一個段落。無比珍貴的講經開示得以保存至今，且讓我們共同用感恩心來圓滿這段難得的學習因緣。');
INSERT INTO playlist(pid, cid, title, description) VALUES('PL-J5pP_ptFRAVawFeFNHP3psETzKgmiDY','UCKhWUY33n3vvXD8vCzTXhKg', '聖嚴法師：《楞嚴經》講要-卷二', '「《楞嚴經》講要」系列課程，是聖嚴法師於1995年，在農禪寺講座的珍貴錄影。\r\n　　 《楞嚴經》是漢傳佛教中極為重要的一部經典，有所謂：「自從一讀楞嚴後，不看人間糟粕書。」的讚歎，亦是一部轉迷為悟的寶典，能引領人們從迷失中覺悟，從虛妄中發現真實，開發生命的大悲大智。 \r\n     在本講座中，聖嚴法師以生活化的譬喻和故事，精闢解說《楞嚴經》第一卷、第二卷的要義，將精深的經義內涵，化為淺顯易懂不再艱深難解的修行指南，並且透過豐富的舉例，轉化為日常生活中可隨時隨地實踐的觀念，而能在生活中隨時體會佛法的利益。\r\n   \r\n\r\n\r\n原講座\r\n◎  時間：1995年7月30日\r\n◎  地點：台北 農禪寺');
INSERT INTO videos(vid, pid, title, description) VALUES('Wy64YyG22rI', 'PL-J5pP_ptFRAVawFeFNHP3psETzKgmiDY', '《楞嚴經》講要－卷二01：十番顯見(三) 顯見不滅', '在佛法的觀點中，說有個永恆不變的靈魂是錯的；說什麼都沒有，空空如也亦是不對，那麼究竟是誰在輪迴?誰在生死？且聽佛陀層層地為我們解開謎底。');
INSERT INTO videos(vid, pid, title, description) VALUES('DS4VLba_5Vw', 'PL-J5pP_ptFRAVawFeFNHP3psETzKgmiDY', '《楞嚴經》講要－卷二02：十番顯見(四) 顯見不失之一', '經典中有言：「心、佛、眾生，三無差別。」諸佛與一切眾生，唯是一心，更無別法。既然如此，又是因為什麼，而使得我們煩惱、輪迴，不得解脫呢？且聽世尊與阿難的精彩問答，引領我們進一步地釐清與思惟。');
INSERT INTO videos(vid, pid, title, description) VALUES('j25Eo9pRvi4', 'PL-J5pP_ptFRAVawFeFNHP3psETzKgmiDY', '《楞嚴經》講要－卷二03：十番顯見(四) 顯見不失之二', '經典中有言：「心、佛、眾生，三無差別。」諸佛與一切眾生，唯是一心，更無別法。既然如此，又是因為什麼，而使得我們煩惱、輪迴，不得解脫呢？且聽世尊與阿難的精彩問答，引領我們進一步地釐清與思惟。');
INSERT INTO videos(vid, pid, title, description) VALUES('GpHPrIBSVTg', 'PL-J5pP_ptFRAVawFeFNHP3psETzKgmiDY', '《楞嚴經》講要－卷二04：十番顯見(五) 顯見無還之一', '「顯見無還」的「還」意指當一個現象的因歸因、緣歸緣，各還其位之後，這個現象就消失了。 然而煩惱心、 分別心，可以「還」；真正的本性、本心，則無從「還」起，也不需要「還」。可還、無還，究竟要引領我們勘破什麼樣的錯誤知見呢？讓我們一起透過經文來了解吧。');
INSERT INTO videos(vid, pid, title, description) VALUES('ooFgxyAZ1jM', 'PL-J5pP_ptFRAVawFeFNHP3psETzKgmiDY', '《楞嚴經》講要－卷二05：十番顯見(五) 顯見無還之二', '「顯見無還」的「還」意指當一個現象的因歸因、緣歸緣，各還其位之後，這個現象就消失了。 然而煩惱心、 分別心，可以「還」；真正的本性、本心，則無從「還」起，也不需要「還」。可還、無還，究竟要引領我們勘破什麼樣的錯誤知見呢？讓我們一起透過經文來了解吧。');
INSERT INTO videos(vid, pid, title, description) VALUES('TqctZz-d7U4', 'PL-J5pP_ptFRAVawFeFNHP3psETzKgmiDY', '《楞嚴經》講要－卷二06：十番顯見(五) 顯見無還之三', '「顯見無還」的「還」意指當一個現象的因歸因、緣歸緣，各還其位之後，這個現象就消失了。 然而煩惱心、 分別心，可以「還」；真正的本性、本心，則無從「還」起，也不需要「還」。可還、無還，究竟要引領我們勘破什麼樣的錯誤知見呢？讓我們一起透過經文來了解吧。');
INSERT INTO videos(vid, pid, title, description) VALUES('wP6SzvuFVY0', 'PL-J5pP_ptFRAVawFeFNHP3psETzKgmiDY', '《楞嚴經》講要－卷二07：十番顯見(五) 顯見無還之四', '「顯見無還」的「還」意指當一個現象的因歸因、緣歸緣，各還其位之後，這個現象就消失了。 然而煩惱心、 分別心，可以「還」；真正的本性、本心，則無從「還」起，也不需要「還」。可還、無還，究竟要引領我們勘破什麼樣的錯誤知見呢？讓我們一起透過經文來了解吧。');
INSERT INTO videos(vid, pid, title, description) VALUES('-FZ4T3nf0Cg', 'PL-J5pP_ptFRAVawFeFNHP3psETzKgmiDY', '《楞嚴經》講要－卷二08：十番顯見(六) 顯見不雜之一', '凡夫用分別妄想心來看世界，如同戴了一副有色眼鏡，彼此之間因而產生對立和矛盾。本集開示引導我們，以慈悲心來體證差別之中有統一。凡事不落於主觀，而是實事求是，自能證得無漏、清淨的智慧。');
INSERT INTO videos(vid, pid, title, description) VALUES('Y6M3j7khvDY', 'PL-J5pP_ptFRAVawFeFNHP3psETzKgmiDY', '《楞嚴經》講要－卷二09：十番顯見(六) 顯見不雜之二', '凡夫用分別妄想心來看世界，如同戴了一副有色眼鏡，彼此之間因而產生對立和矛盾。本集開示引導我們，以慈悲心來體證差別之中有統一。凡事不落於主觀，而是實事求是，自能證得無漏、清淨的智慧。');
INSERT INTO videos(vid, pid, title, description) VALUES('5tPP4CQil04', 'PL-J5pP_ptFRAVawFeFNHP3psETzKgmiDY', '《楞嚴經》講要－卷二10：十番顯見(六) 顯見不雜之三', '凡夫用分別妄想心來看世界，如同戴了一副有色眼鏡，彼此之間因而產生對立和矛盾。本集開示引導我們，以慈悲心來體證差別之中有統一。凡事不落於主觀，而是實事求是，自能證得無漏、清淨的智慧。');
INSERT INTO videos(vid, pid, title, description) VALUES('70HDkdSSvdA', 'PL-J5pP_ptFRAVawFeFNHP3psETzKgmiDY', '《楞嚴經》講要－卷二11：十番顯見(七) 顯見無礙之一', '本集透過生活實例的講解，說明「空」的積極運用，不是什麼都不要，而是在不同的時空下，都能扮演好不同的身分和角色。只要好好體會當下的生活，就能夠隨處安心，隨時都過著自在與如意的生活。');
INSERT INTO videos(vid, pid, title, description) VALUES('CWvLEKHxd1M', 'PL-J5pP_ptFRAVawFeFNHP3psETzKgmiDY', '《楞嚴經》講要－卷二12：十番顯見(七) 顯見無礙之二', '本集透過生活實例的講解，說明「空」的積極運用，不是什麼都不要，而是在不同的時空下，都能扮演好不同的身分和角色。只要好好體會當下的生活，就能夠隨處安心，隨時都過著自在與如意的生活。');
INSERT INTO videos(vid, pid, title, description) VALUES('SZ5DJB6tutk', 'PL-J5pP_ptFRAVawFeFNHP3psETzKgmiDY', '《楞嚴經》講要－卷二13：十番顯見(七) 顯見無礙之三', '本集透過生活實例的講解，說明「空」的積極運用，不是什麼都不要，而是在不同的時空下，都能扮演好不同的身分和角色。只要好好體會當下的生活，就能夠隨處安心，隨時都過著自在與如意的生活。');
INSERT INTO videos(vid, pid, title, description) VALUES('c3AnH-n5oOM', 'PL-J5pP_ptFRAVawFeFNHP3psETzKgmiDY', '《楞嚴經》講要－卷二14 十番顯見（八） 顯見不分之一', '生命是真的還是假的？如果當作真的，發生變動或變故的時候，就會很痛苦；如果當作假的，可能會掉入消極的陷阱。本集內容告訴我們，生命是因緣聚合才有的，要藉由這假的、臨時的色身，來修我們的真智慧。');
INSERT INTO videos(vid, pid, title, description) VALUES('IKbD-c1eKDk', 'PL-J5pP_ptFRAVawFeFNHP3psETzKgmiDY', '《楞嚴經》講要－卷二15：十番顯見(八) 顯見不分之二', '生命是真的還是假的？如果當作真的，發生變動或變故的時候，就會很痛苦；如果當作假的，可能會掉入消極的陷阱。本集內容告訴我們，生命是因緣聚合才有的，要藉由這假的、臨時的色身，來修我們的真智慧。');
INSERT INTO videos(vid, pid, title, description) VALUES('ZHT5ZApcw40', 'PL-J5pP_ptFRAVawFeFNHP3psETzKgmiDY', '《楞嚴經》講要－卷二16：十番顯見(八) 顯見不分之三', '生命是真的還是假的？如果當作真的，發生變動或變故的時候，就會很痛苦；如果當作假的，可能會掉入消極的陷阱。本集內容告訴我們，生命是因緣聚合才有的，要藉由這假的、臨時的色身，來修我們的真智慧。');
INSERT INTO videos(vid, pid, title, description) VALUES('r6HGxmIi-Qw', 'PL-J5pP_ptFRAVawFeFNHP3psETzKgmiDY', '《楞嚴經》講要－卷二17：十番顯見(八) 顯見不分之四', '生命是真的還是假的？如果當作真的，發生變動或變故的時候，就會很痛苦；如果當作假的，可能會掉入消極的陷阱。本集內容告訴我們，生命是因緣聚合才有的，要藉由這假的、臨時的色身，來修我們的真智慧。');
INSERT INTO videos(vid, pid, title, description) VALUES('v2wItky2XgM', 'PL-J5pP_ptFRAVawFeFNHP3psETzKgmiDY', '《楞嚴經》講要－卷二18：十番顯見(八) 顯見不分之五', '生命是真的還是假的？如果當作真的，發生變動或變故的時候，就會很痛苦；如果當作假的，可能會掉入消極的陷阱。本集內容告訴我們，生命是因緣聚合才有的，要藉由這假的、臨時的色身，來修我們的真智慧。');
INSERT INTO videos(vid, pid, title, description) VALUES('q-2LO0k6GXY', 'PL-J5pP_ptFRAVawFeFNHP3psETzKgmiDY', '《楞嚴經》講要－卷二19：十番顯見(八) 顯見不分之六', '生命是真的還是假的？如果當作真的，發生變動或變故的時候，就會很痛苦；如果當作假的，可能會掉入消極的陷阱。本集內容告訴我們，生命是因緣聚合才有的，要藉由這假的、臨時的色身，來修我們的真智慧。');
INSERT INTO videos(vid, pid, title, description) VALUES('h5F53uubr80', 'PL-J5pP_ptFRAVawFeFNHP3psETzKgmiDY', '《楞嚴經》講要－卷二20：十番顯見(九) 顯見超情之一', '本集以「明、暗、空、塞」來說明一切現象都在不斷變更，只要有因有緣，就會產生變化。因此對於我們所遭遇的一切，都是可以改善的。只要調整自己的觀念，人生際遇會轉變，環境也會隨之轉變，處處遇到的都會是菩薩。');
INSERT INTO videos(vid, pid, title, description) VALUES('aZm6h1z6eIs', 'PL-J5pP_ptFRAVawFeFNHP3psETzKgmiDY', '《楞嚴經》講要－卷二21：十番顯見(九) 顯見超情之二', '本集以「明、暗、空、塞」來說明一切現象都在不斷變更，只要有因有緣，就會產生變化。因此對於我們所遭遇的一切，都是可以改善的。只要調整自己的觀念，人生際遇會轉變，環境也會隨之轉變，處處遇到的都會是菩薩。');
INSERT INTO videos(vid, pid, title, description) VALUES('zUmMAwClAUI', 'PL-J5pP_ptFRAVawFeFNHP3psETzKgmiDY', '《楞嚴經》講要－卷二22：十番顯見(九) 顯見超情之三', '本集以「明、暗、空、塞」來說明一切現象都在不斷變更，只要有因有緣，就會產生變化。因此對於我們所遭遇的一切，都是可以改善的。只要調整自己的觀念，人生際遇會轉變，環境也會隨之轉變，處處遇到的都會是菩薩。');
INSERT INTO videos(vid, pid, title, description) VALUES('r3AZpbWPGXo', 'PL-J5pP_ptFRAVawFeFNHP3psETzKgmiDY', '《楞嚴經》講要－卷二23：十番顯見(十) 顯見離見之一', '佛法言明凡是用主觀的心所衡量、判斷的，都是有偏差的，都是會讓人起煩惱的；當離開自己的煩惱見、主觀見、分別見，體悟實相無相、無不相，那就是真正的智慧。且讓我們透過《楞嚴經》，勘破虛妄，成就真實的智慧。');
INSERT INTO videos(vid, pid, title, description) VALUES('V3rEDK4a6fY', 'PL-J5pP_ptFRAVawFeFNHP3psETzKgmiDY', '《楞嚴經》講要－卷二24：十番顯見(十) 顯見離見之二', '佛法言明凡是用主觀的心所衡量、判斷的，都是有偏差的，都是會讓人起煩惱的；當離開自己的煩惱見、主觀見、分別見，體悟實相無相、無不相，那就是真正的智慧。且讓我們透過《楞嚴經》，勘破虛妄，成就真實的智慧。');
INSERT INTO videos(vid, pid, title, description) VALUES('qpyQNQExRYY', 'PL-J5pP_ptFRAVawFeFNHP3psETzKgmiDY', '《楞嚴經》講要－卷二25：十番顯見(十) 顯見離見之三', '佛法言明凡是用主觀的心所衡量、判斷的，都是有偏差的，都是會讓人起煩惱的；當離開自己的煩惱見、主觀見、分別見，體悟實相無相、無不相，那就是真正的智慧。且讓我們透過《楞嚴經》，勘破虛妄，成就真實的智慧。');
INSERT INTO videos(vid, pid, title, description) VALUES('jHCUx9GTxUg', 'PL-J5pP_ptFRAVawFeFNHP3psETzKgmiDY', '《楞嚴經》講要－卷二26：兩種妄見(一)', '世尊言：「一切眾生輪迴世間，皆是由於二顛倒妄見，一者，眾生別業妄見；二者，眾生同分妄見。」究竟「別業」與「同分」是什麼意思呢？且聽世尊為我們一一解惑釋疑，引領大眾漸離輪迴生死的層層妄見。');
INSERT INTO videos(vid, pid, title, description) VALUES('InSuxBCa_vM', 'PL-J5pP_ptFRAVawFeFNHP3psETzKgmiDY', '《楞嚴經》講要－卷二27：兩種妄見(二)', '世尊言：「一切眾生輪迴世間，皆是由於二顛倒妄見，一者，眾生別業妄見；二者，眾生同分妄見。」究竟「別業」與「同分」是什麼意思呢？且聽世尊為我們一一解惑釋疑，引領大眾漸離輪迴生死的層層妄見。');
INSERT INTO videos(vid, pid, title, description) VALUES('tywirqlUV2g', 'PL-J5pP_ptFRAVawFeFNHP3psETzKgmiDY', '《楞嚴經》講要－卷二28：兩種妄見(三)', '世尊言：「一切眾生輪迴世間，皆是由於二顛倒妄見，一者，眾生別業妄見；二者，眾生同分妄見。」究竟「別業」與「同分」是什麼意思呢？且聽世尊為我們一一解惑釋疑，引領大眾漸離輪迴生死的層層妄見。');
INSERT INTO videos(vid, pid, title, description) VALUES('8MVxO5gqr1c', 'PL-J5pP_ptFRAVawFeFNHP3psETzKgmiDY', '《楞嚴經》講要－卷二29：兩種妄見(四)', '世尊言：「一切眾生輪迴世間，皆是由於二顛倒妄見，一者，眾生別業妄見；二者，眾生同分妄見。」究竟「別業」與「同分」是什麼意思呢？且聽世尊為我們一一解惑釋疑，引領大眾漸離輪迴生死的層層妄見。');
INSERT INTO videos(vid, pid, title, description) VALUES('6bOFQ6CwsKM', 'PL-J5pP_ptFRAVawFeFNHP3psETzKgmiDY', '《楞嚴經》講要－卷二30：進退合明(一)', '世間的任何現象都因和合而生滅，此段阿難尊者提出，證菩提心大概也是由於種種因緣聚合而得。然而佛言：「這樣的想法錯了。」究竟是哪裡不對了呢？讓我們一起透過經文來逐一釐清。');
INSERT INTO videos(vid, pid, title, description) VALUES('DAh6l3FTp0M', 'PL-J5pP_ptFRAVawFeFNHP3psETzKgmiDY', '《楞嚴經》講要－卷二31：進退合明(二)', '世間的任何現象都因和合而生滅，此段阿難尊者提出，證菩提心大概也是由於種種因緣聚合而得。然而佛言：「這樣的想法錯了。」究竟是哪裡不對了呢？讓我們一起透過經文來逐一釐清。');
INSERT INTO videos(vid, pid, title, description) VALUES('9P8sDatfb00', 'PL-J5pP_ptFRAVawFeFNHP3psETzKgmiDY', '《楞嚴經》講要－卷二32：進退合明(三)', '世間的任何現象都因和合而生滅，此段阿難尊者提出，證菩提心大概也是由於種種因緣聚合而得。然而佛言：「這樣的想法錯了。」究竟是哪裡不對了呢？讓我們一起透過經文來逐一釐清。');
INSERT INTO videos(vid, pid, title, description) VALUES('sNT0Q6yXqJ8', 'PL-J5pP_ptFRAVawFeFNHP3psETzKgmiDY', '《楞嚴經》講要－卷二33：進退合明(四)', '世間的任何現象都因和合而生滅，此段阿難尊者提出，證菩提心大概也是由於種種因緣聚合而得。然而佛言：「這樣的想法錯了。」究竟是哪裡不對了呢？讓我們一起透過經文來逐一釐清。');
INSERT INTO videos(vid, pid, title, description) VALUES('9Fd93mNDxGs', 'PL-J5pP_ptFRAVawFeFNHP3psETzKgmiDY', '《楞嚴經》講要－卷二34：和合俱非(一)', '佛言：「凡夫眾生所感受到的世界，都是自己心中的虛擬影像，並非是真實的世界。」當我們能逐漸領略這虛妄不實的事實，必也能漸漸遠離因虛幻而起的執著，進而展現無我、無相的大智慧。');
INSERT INTO videos(vid, pid, title, description) VALUES('2-52TaLWp8M', 'PL-J5pP_ptFRAVawFeFNHP3psETzKgmiDY', '《楞嚴經》講要－卷二35：和合俱非(二)', '佛言：「凡夫眾生所感受到的世界，都是自己心中的虛擬影像，並非是真實的世界。」當我們能逐漸領略這虛妄不實的事實，必也能漸漸遠離因虛幻而起的執著，進而展現無我、無相的大智慧。');
INSERT INTO videos(vid, pid, title, description) VALUES('8MVd6ulEqJM', 'PL-J5pP_ptFRAVawFeFNHP3psETzKgmiDY', '《楞嚴經》講要－卷二36：和合俱非(三)', '佛言：「凡夫眾生所感受到的世界，都是自己心中的虛擬影像，並非是真實的世界。」當我們能逐漸領略這虛妄不實的事實，必也能漸漸遠離因虛幻而起的執著，進而展現無我、無相的大智慧。');
INSERT INTO videos(vid, pid, title, description) VALUES('fpxEkKhBn40', 'PL-J5pP_ptFRAVawFeFNHP3psETzKgmiDY', '《楞嚴經》講要－卷二37：和合俱非(四)', '佛言：「凡夫眾生所感受到的世界，都是自己心中的虛擬影像，並非是真實的世界。」當我們能逐漸領略這虛妄不實的事實，必也能漸漸遠離因虛幻而起的執著，進而展現無我、無相的大智慧。');
INSERT INTO videos(vid, pid, title, description) VALUES('PYHO16WJUnc', 'PL-J5pP_ptFRAVawFeFNHP3psETzKgmiDY', '《楞嚴經》講要－卷二38：和合俱非(五)', '佛言：「凡夫眾生所感受到的世界，都是自己心中的虛擬影像，並非是真實的世界。」當我們能逐漸領略這虛妄不實的事實，必也能漸漸遠離因虛幻而起的執著，進而展現無我、無相的大智慧。');
INSERT INTO videos(vid, pid, title, description) VALUES('5fL6TB4AJAU', 'PL-J5pP_ptFRAVawFeFNHP3psETzKgmiDY', '《楞嚴經》講要－卷二39：和合俱非(六)', '佛言：「凡夫眾生所感受到的世界，都是自己心中的虛擬影像，並非是真實的世界。」當我們能逐漸領略這虛妄不實的事實，必也能漸漸遠離因虛幻而起的執著，進而展現無我、無相的大智慧。');
INSERT INTO videos(vid, pid, title, description) VALUES('Z_4FCI0jeWA', 'PL-J5pP_ptFRAVawFeFNHP3psETzKgmiDY', '《楞嚴經》講要卷二40：四科(一)', '佛法把我們身心和環境的狀態，分為四大類，稱為四科。要了解人生、宇宙，就須觀察和體驗四科的運作，從中體悟世間的一切，都是因緣的聚散所組成。能夠體認到其幻起幻滅的本性，就能減少內心的執著。');
INSERT INTO videos(vid, pid, title, description) VALUES('xtkbVshP_pE', 'PL-J5pP_ptFRAVawFeFNHP3psETzKgmiDY', '《楞嚴經》講要卷二41：四科(二)', '佛法把我們身心和環境的狀態，分為四大類，稱為四科。要了解人生、宇宙，就須觀察和體驗四科的運作，從中體悟世間的一切，都是因緣的聚散所組成。能夠體認到其幻起幻滅的本性，就能減少內心的執著。');
INSERT INTO videos(vid, pid, title, description) VALUES('pIllSq-OyTo', 'PL-J5pP_ptFRAVawFeFNHP3psETzKgmiDY', '《楞嚴經》講要卷二42：五陰(一) 色陰 之一', '《心經》云：「照見五蘊皆空，度一切苦厄。」倘若我們對於五蘊的組成與運作根本不了解，又如何照見五蘊皆空呢？且讓我們透過聖嚴法師精闢入理、深入淺出的闡釋，一起來認識五蘊的虛幻不實，進而領略「度一切苦厄」的自在與喜樂。');
INSERT INTO videos(vid, pid, title, description) VALUES('mOsxL0aunCc', 'PL-J5pP_ptFRAVawFeFNHP3psETzKgmiDY', '《楞嚴經》講要卷二43：五陰(一) 色陰 之二', '《心經》云：「照見五蘊皆空，度一切苦厄。」倘若我們對於五蘊的組成與運作根本不了解，又如何照見五蘊皆空呢？且讓我們透過聖嚴法師精闢入理、深入淺出的闡釋，一起來認識五蘊的虛幻不實，進而領略「度一切苦厄」的自在與喜樂。');
INSERT INTO videos(vid, pid, title, description) VALUES('WUWaJKP0Nyk', 'PL-J5pP_ptFRAVawFeFNHP3psETzKgmiDY', '《楞嚴經》講要卷二44：五陰(一) 色陰 之三', '《心經》云：「照見五蘊皆空，度一切苦厄。」倘若我們對於五蘊的組成與運作根本不了解，又如何照見五蘊皆空呢？且讓我們透過聖嚴法師精闢入理、深入淺出的闡釋，一起來認識五蘊的虛幻不實，進而領略「度一切苦厄」的自在與喜樂。');
INSERT INTO videos(vid, pid, title, description) VALUES('zCz2HD8iR74', 'PL-J5pP_ptFRAVawFeFNHP3psETzKgmiDY', '《楞嚴經》講要卷二45：五陰(二) 受陰', '《心經》云：「照見五蘊皆空，度一切苦厄。」倘若我們對於五蘊的組成與運作根本不了解，又如何照見五蘊皆空呢？且讓我們透過聖嚴法師精闢入理、深入淺出的闡釋，一起來認識五蘊的虛幻不實，進而領略「度一切苦厄」的自在與喜樂。');
INSERT INTO videos(vid, pid, title, description) VALUES('fTg9LWJ2tQk', 'PL-J5pP_ptFRAVawFeFNHP3psETzKgmiDY', '《楞嚴經》講要卷二46：五陰(三) 想陰', '《心經》云：「照見五蘊皆空，度一切苦厄。」倘若我們對於五蘊的組成與運作根本不了解，又如何照見五蘊皆空呢？且讓我們透過聖嚴法師精闢入理、深入淺出的闡釋，一起來認識五蘊的虛幻不實，進而領略「度一切苦厄」的自在與喜樂。');
INSERT INTO videos(vid, pid, title, description) VALUES('IBDM_euLFLc', 'PL-J5pP_ptFRAVawFeFNHP3psETzKgmiDY', '《楞嚴經》講要卷二47：五陰(四) 想 / 行陰', '《心經》云：「照見五蘊皆空，度一切苦厄。」倘若我們對於五蘊的組成與運作根本不了解，又如何照見五蘊皆空呢？且讓我們透過聖嚴法師精闢入理、深入淺出的闡釋，一起來認識五蘊的虛幻不實，進而領略「度一切苦厄」的自在與喜樂。');
INSERT INTO videos(vid, pid, title, description) VALUES('L6PyxFSrczM', 'PL-J5pP_ptFRAVawFeFNHP3psETzKgmiDY', '《楞嚴經》講要卷二48：五陰(五) 識陰', '《心經》云：「照見五蘊皆空，度一切苦厄。」倘若我們對於五蘊的組成與運作根本不了解，又如何照見五蘊皆空呢？且讓我們透過聖嚴法師精闢入理、深入淺出的闡釋，一起來認識五蘊的虛幻不實，進而領略「度一切苦厄」的自在與喜樂。');
INSERT INTO playlist(pid, cid, title, description) VALUES('PL-J5pP_ptFRCfgeNHD6OwxvKiKAR0FTWA','UCKhWUY33n3vvXD8vCzTXhKg', '《金剛經》講記', '《金剛經》是中國佛教界非常有名、有用， 而且流通極廣的一部重要經典。《金剛經》以「金剛」為名，代表了深刻而豐富的意涵。聖嚴法師首先由經題介紹開始，帶領大家一同深入如金剛一般無堅不摧的大智慧。\n\n原講座\n◎  時間：1992年 1月13、14、15 日\n◎  地點：台灣台北北投農禪寺');
INSERT INTO videos(vid, pid, title, description) VALUES('xP1w39D16FU', 'PL-J5pP_ptFRCfgeNHD6OwxvKiKAR0FTWA', '《金剛經》講記之一：緒論、說法對象', '《金剛經》講記之一：緒論、說法對象\n首先由經題介紹開始，接著是介紹《金剛經》在中國的六種翻譯版本。為了使後人更容易理解經文的意義，《金剛經》共有四種組織分類 。本講座中，也逐一介紹每一種組織分類的奧妙。想一探《金剛經》堂奧的人們，這是一堂絕佳的入門課前。\n原講座\n◎  時間：1992年 1月13、14、15 日\n◎  地點：台灣台北北投農禪寺');
INSERT INTO videos(vid, pid, title, description) VALUES('nsRyyE2jfqg', 'PL-J5pP_ptFRCfgeNHD6OwxvKiKAR0FTWA', '《金剛經》講記之二：金剛經的要義', '本講座單元介紹《金剛經》中，可說是最著名的一句經文：「應無所住而生其心」，闡明本經的目的是使人發無上菩提心，成無上菩提果。聖嚴法師在本次講座單元中，將為我們揭示， 如何發心、如何行願，以及在生活中運用「無住生心的智慧」來降伏煩惱，讓我們雖然身處紛擾紅塵中，一樣安適自在。');
INSERT INTO videos(vid, pid, title, description) VALUES('lMZXILlTkI0', 'PL-J5pP_ptFRCfgeNHD6OwxvKiKAR0FTWA', '《金剛經》講記之三： 金剛經的思辨形式', '《金剛經》以特殊的思辨形式，來傳達超越世間的大智慧。有人說《金剛經》說的是似而非論，一下說是又說不是、這在講什麼呢？為了讓我們更加理解《金剛經》的思辨形式，聖嚴法師將思辨形式分成三大類：並 列舉出十九段經文一一解說，帶您來體驗大自在的智慧。');
INSERT INTO videos(vid, pid, title, description) VALUES('K7hK7OTsTnA', 'PL-J5pP_ptFRCfgeNHD6OwxvKiKAR0FTWA', '《金剛經》講記之四： 無相離相', '本單元，聖嚴法師從佛法對於生理、心理、物理現象的分析開始，並進一步解說大乘佛法對於現象界的一百種分類「大乘百法」。《金剛經》將這一百種法相，進一步歸納成四相「我相、人相、眾生相、壽者相」，本單元就是「無相離相」的妙方。\n原講座\n◎  時間：1992年 1月13、14、15 日\n◎  地點：台灣台北北投農禪寺');
INSERT INTO videos(vid, pid, title, description) VALUES('9Cu85nT4zco', 'PL-J5pP_ptFRCfgeNHD6OwxvKiKAR0FTWA', '《金剛經》講記之五：金剛經的功德', '《金剛經》說：「若有人能受持讀誦廣為人說，皆得成就不可量、不可稱、無有邊，不可思議功德。」這不可量、不可稱的功德，究竟有多殊勝呢？聖嚴法師將《《金剛經》》的功德，分成四大類， 並舉出十段經文詳加解說，使我們更加深受持的信心。');
INSERT INTO playlist(pid, cid, title, description) VALUES('PL-J5pP_ptFRCoKzTU1Im7J64sNMqiZE2V','UCKhWUY33n3vvXD8vCzTXhKg', '聖嚴法師：《楞嚴經》講要-卷一', '「《楞嚴經》講要」系列課程，是聖嚴法師於1995年，在農禪寺講座的珍貴錄影。\r\n　　 《楞嚴經》是漢傳佛教中極為重要的一部經典，有所謂：「自從一讀楞嚴後，不看人間糟粕書。」的讚歎，亦是一部轉迷為悟的寶典，能引領人們從迷失中覺悟，從虛妄中發現真實，開發生命的大悲大智。 \r\n     在本講座中，聖嚴法師以生活化的譬喻和故事，精闢解說《楞嚴經》第一卷、第二卷的要義，將精深的經義內涵，化為淺顯易懂不再艱深難解的修行指南，並且透過豐富的舉例，轉化為日常生活中可隨時隨地實踐的觀念，而能在生活中隨時體會佛法的利益。\r\n   \r\n\r\n\r\n原講座\r\n◎  時間：1995年7月30日\r\n◎  地點：台北 農禪寺');
INSERT INTO videos(vid, pid, title, description) VALUES('ZovSG-mqTTk', 'PL-J5pP_ptFRCoKzTU1Im7J64sNMqiZE2V', '《楞嚴經》講要－卷一01：序分一經題', '本集開示聖嚴法師詳細解說經題，讓我們一起來認識《楞嚴經》這部重要的修行寶典。《楞嚴經》全名為《大佛頂如來密因修證了義諸菩薩萬行首楞嚴經》。「大佛頂」、「密因」、「了義」「首楞嚴」都是形容這部經的獨特蘊意。\n\n《楞嚴經》講要－卷一01：序分一經題\nhttp://www.youtube.com/watch?v=ZovSG-mqTTk&list=PL-J5pP_ptFRCoKzTU1Im7J64sNMqiZE2V&index=1\n《楞嚴經》講要－卷一02：序分(二)與會大眾\nhttp://www.youtube.com/watch?v=sT1un2nUOXM&list=PL-J5pP_ptFRCoKzTU1Im7J64sNMqiZE2V&index=2\n《楞嚴經》講要－卷一03：序分(三)阿難與摩登伽女\nhttp://www.youtube.com/watch?v=WuADnhc46iA&list=PL-J5pP_ptFRCoKzTU1Im7J64sNMqiZE2V&index=3\n《楞嚴經》講要－卷一05：七處徵心(一)執心在身內\nhttp://www.youtube.com/watch?v=5c1mjZCRFV4&list=PL-J5pP_ptFRCoKzTU1Im7J64sNMqiZE2V&index=5\n《楞嚴經》講要－卷一06：七處徵心(二)執心在身外\nhttp://www.youtube.com/watch?v=ZwsXxqRNMHg&list=PL-J5pP_ptFRCoKzTU1Im7J64sNMqiZE2V&index=6\n《楞嚴經》講要－卷一07：七處徵心(三)執心潛眼根\nhttp://www.youtube.com/watch?v=YP30xn4B7us&list=PL-J5pP_ptFRCoKzTU1Im7J64sNMqiZE2V&index=7\n《楞嚴經》講要－卷一08：七處徵心(四)執心分明暗\nhttp://www.youtube.com/watch?v=XX7T32Y93eM&list=PL-J5pP_ptFRCoKzTU1Im7J64sNMqiZE2V&index=8');
INSERT INTO videos(vid, pid, title, description) VALUES('sT1un2nUOXM', 'PL-J5pP_ptFRCoKzTU1Im7J64sNMqiZE2V', '《楞嚴經》講要－卷一02：序分(二)與會大眾', '在何時何地？什麼因緣？會集了無數的大比丘、大菩薩、護法天神，共同來聽《楞嚴經》這部的殊勝妙法，本集開示將為您揭曉。\n\n《楞嚴經》講要－卷一01：序分一經題\nhttp://www.youtube.com/watch?v=ZovSG-mqTTk&list=PL-J5pP_ptFRCoKzTU1Im7J64sNMqiZE2V&index=1\n《楞嚴經》講要－卷一03：序分(三)阿難與摩登伽女\nhttp://www.youtube.com/watch?v=WuADnhc46iA&list=PL-J5pP_ptFRCoKzTU1Im7J64sNMqiZE2V&index=3\n《楞嚴經》講要－卷一04：序分四阿難啟請\nhttp://www.youtube.com/watch?v=aXGMbQ38FKE&list=PL-J5pP_ptFRCoKzTU1Im7J64sNMqiZE2V&index=4\n《楞嚴經》講要－卷一05：七處徵心(一)執心在身內\nhttp://www.youtube.com/watch?v=5c1mjZCRFV4&list=PL-J5pP_ptFRCoKzTU1Im7J64sNMqiZE2V&index=5\n《楞嚴經》講要－卷一06：七處徵心(二)執心在身外\nhttp://www.youtube.com/watch?v=ZwsXxqRNMHg&list=PL-J5pP_ptFRCoKzTU1Im7J64sNMqiZE2V&index=6\n《楞嚴經》講要－卷一07：七處徵心(三)執心潛眼根\nhttp://www.youtube.com/watch?v=YP30xn4B7us&list=PL-J5pP_ptFRCoKzTU1Im7J64sNMqiZE2V&index=7\n《楞嚴經》講要－卷一08：七處徵心(四)執心分明暗\nhttp://www.youtube.com/watch?v=XX7T32Y93eM&list=PL-J5pP_ptFRCoKzTU1Im7J64sNMqiZE2V&index=8');
INSERT INTO videos(vid, pid, title, description) VALUES('WuADnhc46iA', 'PL-J5pP_ptFRCoKzTU1Im7J64sNMqiZE2V', '《楞嚴經》講要－卷一03：序分(三)阿難與摩登伽女', '本集介紹楞嚴咒的來源，本經的緣起故事，阿難尊者遇到摩登伽女的幻術無法脫身，佛陀遂遣文殊菩薩持此咒救護阿難，幻術遇咒而解。\n《楞嚴經》講要－卷一01：序分一經題\nhttp://www.youtube.com/watch?v=ZovSG-mqTTk&list=PL-J5pP_ptFRCoKzTU1Im7J64sNMqiZE2V&index=1\n《楞嚴經》講要－卷一02：序分(二)與會大眾\nhttp://www.youtube.com/watch?v=sT1un2nUOXM&list=PL-J5pP_ptFRCoKzTU1Im7J64sNMqiZE2V&index=2\n《楞嚴經》講要－卷一04：序分四阿難啟請\nhttp://www.youtube.com/watch?v=aXGMbQ38FKE&list=PL-J5pP_ptFRCoKzTU1Im7J64sNMqiZE2V&index=4\n《楞嚴經》講要－卷一05：七處徵心(一)執心在身內\nhttp://www.youtube.com/watch?v=5c1mjZCRFV4&list=PL-J5pP_ptFRCoKzTU1Im7J64sNMqiZE2V&index=5\n《楞嚴經》講要－卷一06：七處徵心(二)執心在身外\nhttp://www.youtube.com/watch?v=ZwsXxqRNMHg&list=PL-J5pP_ptFRCoKzTU1Im7J64sNMqiZE2V&index=6\n《楞嚴經》講要－卷一07：七處徵心(三)執心潛眼根\nhttp://www.youtube.com/watch?v=YP30xn4B7us&list=PL-J5pP_ptFRCoKzTU1Im7J64sNMqiZE2V&index=7\n《楞嚴經》講要－卷一08：七處徵心(四)執心分明暗\nhttp://www.youtube.com/watch?v=XX7T32Y93eM&list=PL-J5pP_ptFRCoKzTU1Im7J64sNMqiZE2V&index=8');
INSERT INTO videos(vid, pid, title, description) VALUES('aXGMbQ38FKE', 'PL-J5pP_ptFRCoKzTU1Im7J64sNMqiZE2V', '《楞嚴經》講要－卷一04：序分四阿難啟請', '佛陀宣說《楞嚴咒》，獲救的阿難及摩登伽女同歸佛所，阿難慚愧「一向多聞，未全道力」，悲泣懇請佛陀宣說修行定力之法，促成楞嚴會。\n\n《楞嚴經》講要－卷一01：序分一經題\nhttp://www.youtube.com/watch?v=ZovSG-mqTTk&list=PL-J5pP_ptFRCoKzTU1Im7J64sNMqiZE2V&index=1\n《楞嚴經》講要－卷一02：序分(二)與會大眾\nhttp://www.youtube.com/watch?v=sT1un2nUOXM&list=PL-J5pP_ptFRCoKzTU1Im7J64sNMqiZE2V&index=2\n《楞嚴經》講要－卷一03：序分(三)阿難與摩登伽女\nhttp://www.youtube.com/watch?v=WuADnhc46iA&list=PL-J5pP_ptFRCoKzTU1Im7J64sNMqiZE2V&index=3\n《楞嚴經》講要－卷一05：七處徵心(一)執心在身內\nhttp://www.youtube.com/watch?v=5c1mjZCRFV4&list=PL-J5pP_ptFRCoKzTU1Im7J64sNMqiZE2V&index=5\n《楞嚴經》講要－卷一06：七處徵心(二)執心在身外\nhttp://www.youtube.com/watch?v=ZwsXxqRNMHg&list=PL-J5pP_ptFRCoKzTU1Im7J64sNMqiZE2V&index=6\n《楞嚴經》講要－卷一07：七處徵心(三)執心潛眼根\nhttp://www.youtube.com/watch?v=YP30xn4B7us&list=PL-J5pP_ptFRCoKzTU1Im7J64sNMqiZE2V&index=7\n《楞嚴經》講要－卷一08：七處徵心(四)執心分明暗\nhttp://www.youtube.com/watch?v=XX7T32Y93eM&list=PL-J5pP_ptFRCoKzTU1Im7J64sNMqiZE2V&index=8');
INSERT INTO videos(vid, pid, title, description) VALUES('5c1mjZCRFV4', 'PL-J5pP_ptFRCoKzTU1Im7J64sNMqiZE2V', '《楞嚴經》講要－卷一05：七處徵心(一)執心在身內', '佛問阿難：「心在何處？」阿難以七處回答，都為佛所破斥，這是著名的「七處徵心」。經由精彩對話，讓我們了解心無一處存在也無處不在。\n\n《楞嚴經》講要－卷一01：序分一經題\nhttp://www.youtube.com/watch?v=ZovSG-mqTTk&list=PL-J5pP_ptFRCoKzTU1Im7J64sNMqiZE2V&index=1\n《楞嚴經》講要－卷一02：序分(二)與會大眾\nhttp://www.youtube.com/watch?v=sT1un2nUOXM&list=PL-J5pP_ptFRCoKzTU1Im7J64sNMqiZE2V&index=2\n《楞嚴經》講要－卷一03：序分(三)阿難與摩登伽女\nhttp://www.youtube.com/watch?v=WuADnhc46iA&list=PL-J5pP_ptFRCoKzTU1Im7J64sNMqiZE2V&index=3\n《楞嚴經》講要－卷一04：序分四阿難啟請\nhttp://www.youtube.com/watch?v=aXGMbQ38FKE&list=PL-J5pP_ptFRCoKzTU1Im7J64sNMqiZE2V&index=4\n《楞嚴經》講要－卷一06：七處徵心(二)執心在身外\nhttp://www.youtube.com/watch?v=ZwsXxqRNMHg&list=PL-J5pP_ptFRCoKzTU1Im7J64sNMqiZE2V&index=6\n《楞嚴經》講要－卷一07：七處徵心(三)執心潛眼根\nhttp://www.youtube.com/watch?v=YP30xn4B7us&list=PL-J5pP_ptFRCoKzTU1Im7J64sNMqiZE2V&index=7\n《楞嚴經》講要－卷一08：七處徵心(四)執心分明暗\nhttp://www.youtube.com/watch?v=XX7T32Y93eM&list=PL-J5pP_ptFRCoKzTU1Im7J64sNMqiZE2V&index=8');
INSERT INTO videos(vid, pid, title, description) VALUES('ZwsXxqRNMHg', 'PL-J5pP_ptFRCoKzTU1Im7J64sNMqiZE2V', '《楞嚴經》講要－卷一06：七處徵心(二)執心在身外', '「七處徵心」第二處，上集談到心不在身內，那是否就在身外？聖嚴法師本集為我們解說，為何佛陀說心不在身內，也不在身外，因緣和合才有。\n\n《楞嚴經》講要－卷一01：序分一經題\nhttp://www.youtube.com/watch?v=ZovSG-mqTTk&list=PL-J5pP_ptFRCoKzTU1Im7J64sNMqiZE2V&index=1\n《楞嚴經》講要－卷一02：序分(二)與會大眾\nhttp://www.youtube.com/watch?v=sT1un2nUOXM&list=PL-J5pP_ptFRCoKzTU1Im7J64sNMqiZE2V&index=2\n《楞嚴經》講要－卷一03：序分(三)阿難與摩登伽女\nhttp://www.youtube.com/watch?v=WuADnhc46iA&list=PL-J5pP_ptFRCoKzTU1Im7J64sNMqiZE2V&index=3\n《楞嚴經》講要－卷一04：序分四阿難啟請\nhttp://www.youtube.com/watch?v=aXGMbQ38FKE&list=PL-J5pP_ptFRCoKzTU1Im7J64sNMqiZE2V&index=4\n《楞嚴經》講要－卷一05：七處徵心(一)執心在身內\nhttp://www.youtube.com/watch?v=5c1mjZCRFV4&list=PL-J5pP_ptFRCoKzTU1Im7J64sNMqiZE2V&index=5\n\n《楞嚴經》講要－卷一07：七處徵心(三)執心潛眼根\nhttp://www.youtube.com/watch?v=YP30xn4B7us&list=PL-J5pP_ptFRCoKzTU1Im7J64sNMqiZE2V&index=7\n《楞嚴經》講要－卷一08：七處徵心(四)執心分明暗\nhttp://www.youtube.com/watch?v=XX7T32Y93eM&list=PL-J5pP_ptFRCoKzTU1Im7J64sNMqiZE2V&index=8');
INSERT INTO videos(vid, pid, title, description) VALUES('YP30xn4B7us', 'PL-J5pP_ptFRCoKzTU1Im7J64sNMqiZE2V', '《楞嚴經》講要－卷一07：七處徵心(三)執心潛眼根', '第三處，阿難認為當眼睛在看的時候，心就在眼根之內。如果心在眼根之內，我們在聽的時候，心在哪裡？難道有另外一個心？聽佛陀如何回答。\n\n《楞嚴經》講要－卷一01：序分一經題\nhttp://www.youtube.com/watch?v=ZovSG-mqTTk&list=PL-J5pP_ptFRCoKzTU1Im7J64sNMqiZE2V&index=1\n《楞嚴經》講要－卷一02：序分(二)與會大眾\nhttp://www.youtube.com/watch?v=sT1un2nUOXM&list=PL-J5pP_ptFRCoKzTU1Im7J64sNMqiZE2V&index=2\n《楞嚴經》講要－卷一03：序分(三)阿難與摩登伽女\nhttp://www.youtube.com/watch?v=WuADnhc46iA&list=PL-J5pP_ptFRCoKzTU1Im7J64sNMqiZE2V&index=3\n《楞嚴經》講要－卷一04：序分四阿難啟請\nhttp://www.youtube.com/watch?v=aXGMbQ38FKE&list=PL-J5pP_ptFRCoKzTU1Im7J64sNMqiZE2V&index=4\n《楞嚴經》講要－卷一05：七處徵心(一)執心在身內\nhttp://www.youtube.com/watch?v=5c1mjZCRFV4&list=PL-J5pP_ptFRCoKzTU1Im7J64sNMqiZE2V&index=5\n《楞嚴經》講要－卷一06：七處徵心(二)執心在身外\nhttp://www.youtube.com/watch?v=ZwsXxqRNMHg&list=PL-J5pP_ptFRCoKzTU1Im7J64sNMqiZE2V&index=6\n《楞嚴經》講要－卷一08：七處徵心(四)執心分明暗\nhttp://www.youtube.com/watch?v=XX7T32Y93eM&list=PL-J5pP_ptFRCoKzTU1Im7J64sNMqiZE2V&index=8');
INSERT INTO videos(vid, pid, title, description) VALUES('XX7T32Y93eM', 'PL-J5pP_ptFRCoKzTU1Im7J64sNMqiZE2V', '《楞嚴經》講要－卷一08：七處徵心(四)執心分明暗', '「七處徵心」的第四處，本集阿難尊者提出，張開眼睛能「見外」，閉上眼睛見到黑暗即「見內」。佛陀對此提出質疑，再次破除了心在內或在外的說法。\n\n《楞嚴經》講要－卷一01：序分一經題\nhttp://www.youtube.com/watch?v=ZovSG-mqTTk&list=PL-J5pP_ptFRCoKzTU1Im7J64sNMqiZE2V&index=1\n《楞嚴經》講要－卷一02：序分(二)與會大眾\nhttp://www.youtube.com/watch?v=sT1un2nUOXM&list=PL-J5pP_ptFRCoKzTU1Im7J64sNMqiZE2V&index=2\n《楞嚴經》講要－卷一03：序分(三)阿難與摩登伽女\nhttp://www.youtube.com/watch?v=WuADnhc46iA&list=PL-J5pP_ptFRCoKzTU1Im7J64sNMqiZE2V&index=3\n《楞嚴經》講要－卷一04：序分四阿難啟請\nhttp://www.youtube.com/watch?v=aXGMbQ38FKE&list=PL-J5pP_ptFRCoKzTU1Im7J64sNMqiZE2V&index=4\n《楞嚴經》講要－卷一05：七處徵心(一)執心在身內\nhttp://www.youtube.com/watch?v=5c1mjZCRFV4&list=PL-J5pP_ptFRCoKzTU1Im7J64sNMqiZE2V&index=5\n《楞嚴經》講要－卷一06：七處徵心(二)執心在身外\nhttp://www.youtube.com/watch?v=ZwsXxqRNMHg&list=PL-J5pP_ptFRCoKzTU1Im7J64sNMqiZE2V&index=6\n《楞嚴經》講要－卷一07：七處徵心(三)執心潛眼根\nhttp://www.youtube.com/watch?v=YP30xn4B7us&list=PL-J5pP_ptFRCoKzTU1Im7J64sNMqiZE2V&index=7');
INSERT INTO videos(vid, pid, title, description) VALUES('C78JH7IVkx0', 'PL-J5pP_ptFRCoKzTU1Im7J64sNMqiZE2V', '《楞嚴經》講要－卷一09：七處徵心(五)執心則隨有', '「七處徵心」的第五處，阿難尊者引用佛陀曾說的：「心生種種法生」，主張心無定處，而是隨緣所生。佛陀卻反問，如果心沒有本體，又怎麼可能生出種種的法？精彩問答引導我們進一步地思惟。');
INSERT INTO videos(vid, pid, title, description) VALUES('zaBWLD5jvXE', 'PL-J5pP_ptFRCoKzTU1Im7J64sNMqiZE2V', '《楞嚴經》講要－卷一10：七處徵心(六)執心在中間', '「七處徵心」的第六處，阿難尊者在本集提出，既然心不在外，也不在內，應該就在根塵的中間。佛陀再度破解我們的分別、執著心，說明心不在內、不在外，也不在中間。只要執著其一，都是煩惱妄想心。');
INSERT INTO videos(vid, pid, title, description) VALUES('ChXOSzMqX6Q', 'PL-J5pP_ptFRCoKzTU1Im7J64sNMqiZE2V', '《楞嚴經》講要－卷一11：七處徵心(七)執心乃無著', '「七處徵心」的第七處。前面提出的六種看法，都一一被佛陀否定之後，阿難尊者最後提出，什麼也不執著，就是心了。佛陀卻指出，認為沒有執著的心，也是一種執著。並以善巧方便，引導我們連執空為有的微細執著心都一一去除。');
INSERT INTO videos(vid, pid, title, description) VALUES('ULWZMTk7th8', 'PL-J5pP_ptFRCoKzTU1Im7J64sNMqiZE2V', '《楞嚴經》講要－卷一12：妄識非心(一)', '阿難尊者從摩登伽女處獲救後，悲泣懇請佛陀宣說「奢摩他路」，令未來的衆生也能免除受困於同樣的魔境。究竟佛陀開示了什麽呢？奢摩他路又是什麽呢？本集開示將爲您一一闡述?。');
INSERT INTO videos(vid, pid, title, description) VALUES('k7D6qg_lwt8', 'PL-J5pP_ptFRCoKzTU1Im7J64sNMqiZE2V', '《楞嚴經》講要－卷一13：妄識非心(二)', '眾生因為不知兩種根本，從無始來，無明顛倒，造作種種惡業；就算已經知道修行的人，也常因為還不能真正體悟兩種根本的真義，而走了許多的冤枉路。何謂兩種根本呢？本集開示將一一闡釋。');
INSERT INTO videos(vid, pid, title, description) VALUES('fT2cvJNL7OI', 'PL-J5pP_ptFRCoKzTU1Im7J64sNMqiZE2V', '《楞嚴經》講要－卷一14：妄識非心(三)', '眾生因為不知兩種根本，從無始來，無明顛倒，造作種種惡業；就算已經知道修行的人，也常因為還不能真正體悟兩種根本的真義，而走了許多的冤枉路。何謂兩種根本呢？本集開示將一一闡釋。');
INSERT INTO videos(vid, pid, title, description) VALUES('53a2jBjbZ7A', 'PL-J5pP_ptFRCoKzTU1Im7J64sNMqiZE2V', '《楞嚴經》講要－卷一15：妄識非心(四)', '眾生因為不知兩種根本，從無始來，無明顛倒，造作種種惡業；就算已經知道修行的人，也常因為還不能真正體悟兩種根本的真義，而走了許多的冤枉路。何謂兩種根本呢？本集開示將一一闡釋。');
INSERT INTO videos(vid, pid, title, description) VALUES('Ks_nmYLExOU', 'PL-J5pP_ptFRCoKzTU1Im7J64sNMqiZE2V', '《楞嚴經》講要－卷一16：妄識無體(一)', '這一段經文阿難還是以凡夫的立場，來探討心的功能以及心的作用，而佛則是不斷地誘導阿難尊者從佛的角度來探討心是什麼模樣的。凡夫與佛所見的有何不同？且聽世尊的解答。');
INSERT INTO videos(vid, pid, title, description) VALUES('TFKfvYT0000', 'PL-J5pP_ptFRCoKzTU1Im7J64sNMqiZE2V', '《楞嚴經》講要－卷一17：妄識無體(二)', '這一段經文阿難還是以凡夫的立場，來探討心的功能以及心的作用，而佛則是不斷地誘導阿難尊者從佛的角度來探討心是什麼模樣的。凡夫與佛所見的有何不同？且聽世尊的解答。');
INSERT INTO videos(vid, pid, title, description) VALUES('ytdtjySee1Q', 'PL-J5pP_ptFRCoKzTU1Im7J64sNMqiZE2V', '《楞嚴經》講要－卷一18：妄識無體(三)', '這一段經文阿難還是以凡夫的立場，來探討心的功能以及心的作用，而佛則是不斷地誘導阿難尊者從佛的角度來探討心是什麼模樣的。凡夫與佛所見的有何不同？且聽世尊的解答。');
INSERT INTO videos(vid, pid, title, description) VALUES('4VfXdfc4QeQ', 'PL-J5pP_ptFRCoKzTU1Im7J64sNMqiZE2V', '《楞嚴經》講要－卷一19：妄識無體(四)', '這一段經文阿難還是以凡夫的立場，來探討心的功能以及心的作用，而佛則是不斷地誘導阿難尊者從佛的角度來探討心是什麼模樣的。凡夫與佛所見的有何不同？且聽世尊的解答。');
INSERT INTO videos(vid, pid, title, description) VALUES('fWmyslb1aHI', 'PL-J5pP_ptFRCoKzTU1Im7J64sNMqiZE2V', '《楞嚴經》講要－卷一20：顯真性(一)', '眾生的煩惱，源於不知道自己與佛一樣，有一顆不變的「真心」，本集開示，讓我們知道如何能夠發明自己的真心，開展智慧的眼。更深入的認識「貪、瞋、癡、慢、疑」這六種障礙智慧的煩惱障。');
INSERT INTO videos(vid, pid, title, description) VALUES('A1BOnH2QqLM', 'PL-J5pP_ptFRCoKzTU1Im7J64sNMqiZE2V', '《楞嚴經》講要－卷一21：顯真性(二)', '眾生的煩惱，源於不知道自己與佛一樣，有一顆不變的「真心」，本集開示，讓我們知道如何能夠發明自己的真心，開展智慧的眼。更深入的認識「貪、瞋、癡、慢、疑」這六種障礙智慧的煩惱障。');
INSERT INTO videos(vid, pid, title, description) VALUES('pDrKvzNHJAI', 'PL-J5pP_ptFRCoKzTU1Im7J64sNMqiZE2V', '《楞嚴經》講要－卷一22：十番顯見（一）顯見是心', '本集開始進入一系列探討「見」的本質，佛陀透過十種譬喻來一一說明，以此指出真正能「看見」的，其實是心，而不是身體或環境。');
INSERT INTO videos(vid, pid, title, description) VALUES('z1jM4k_-uw4', 'PL-J5pP_ptFRCoKzTU1Im7J64sNMqiZE2V', '《楞嚴經》講要－卷一23：十番顯見（二） 顯見不動之一', '眾生的心與佛心本質無異，但凡夫心卻容易受客塵影響而浮動，並產生煩惱。本集開示說明身動而心不動的生活實踐，能夠不受環境的影響，就是解脫。');
INSERT INTO videos(vid, pid, title, description) VALUES('BpzjDUousoI', 'PL-J5pP_ptFRCoKzTU1Im7J64sNMqiZE2V', '《楞嚴經》講要－卷一24：十番顯見（十） 顯見不動之二', '眾生的心與佛心本質無異，但凡夫心卻容易受客塵影響而浮動，並產生煩惱。本集開示說明身動而心不動的生活實踐，能夠不受環境的影響，就是解脫。');
INSERT INTO playlist(pid, cid, title, description) VALUES('PL-J5pP_ptFRDadfvH4TlbnYnX1GmuPZZU','UCKhWUY33n3vvXD8vCzTXhKg', '無量壽經講記', '《無量壽經》是淨土法門中最早受到重視的經典，其內容也是最豐富的。行菩薩道的法藏比丘，如何從發了四十八個大願，到最後成就了西方的極樂世界，一路走來的因緣以及發願的內容，都在這部精彩的《無量壽經》之中。\r\n\r\n透過聖嚴法師深入淺出的講解，我們將會更深入地了知，每個人都可以是阿彌陀佛的化身，一起來成就當下的人間淨土。\r\n\r\n本講座單元中，聖嚴法師首先概要性、整體性地介紹《無量壽經》，讓您對本經漢文譯本與譯者等考察，能夠有初步的認識。接下來，再透過有別於傳統架構的分段解說，都會讓您收穫滿滿！\r\n\r\n原講座\r\n◎  時間：1995年清明佛七\r\n◎  地點：北投區農禪寺');
INSERT INTO videos(vid, pid, title, description) VALUES('iNiJAOf6zTQ', 'PL-J5pP_ptFRDadfvH4TlbnYnX1GmuPZZU', '無量壽經講記-四講之一', '緒論\n聖嚴法師首先概要性、整體性地介紹《無量壽經》，讓您對本經漢文譯本與譯者等考察，能夠有初步的認識。');
INSERT INTO videos(vid, pid, title, description) VALUES('Q6INwNUozCE', 'PL-J5pP_ptFRDadfvH4TlbnYnX1GmuPZZU', '無量壽經講記-四講之二', '本講座單元，讓我們一起走進法藏比丘的內心世界，感受他如何在聽到世自在王如來說法之後，法喜充滿，因而發無上菩提心，捨棄王位出家去。\r\n\r\n一段段宛如精彩故事的經文，凸顯了法藏比丘發願成佛的決心、堅持不退轉的菩提心。他一直盡己所能，來完成心中的悲願－－成就安樂世界，成熟一切眾生，因而從最初的法藏比丘，因堅定的願力，成了廣度眾生的阿彌陀佛！\r\n\r\n\r\n原講座\r\n◎  時間：1995年清明佛七\r\n◎  地點：北投區農禪寺\r\n無量壽經講記-四講之一：http://www.youtube.com/watch?v=iNiJAOf6zTQ&list=PL-J5pP_ptFRDadfvH4TlbnYnX1GmuPZZU&index=1&feature=plpp_video\r\n無量壽經講記-四講之三：\r\nhttp://www.youtube.com/watch?v=t2gWxQ4gHxM\r\n無量壽經講記-四講之四：http://www.youtube.com/watch?v=ErNVSZpo2FI&feature=BFa&list=PL-J5pP_ptFRDadfvH4TlbnYnX1GmuPZZU');
INSERT INTO videos(vid, pid, title, description) VALUES('t2gWxQ4gHxM', 'PL-J5pP_ptFRDadfvH4TlbnYnX1GmuPZZU', '無量壽經講記-四講之三', '為了救濟生死苦難中的眾生，法藏比丘發願要早日成佛，廣度眾生。但是他卻不知道要如何的修行，於是祈請世自在王如來講說廣大的經法。\r\n\r\n聖嚴法師將會為我們介紹願力十足又精進的法藏比丘，如何攝取了二百一十億諸佛妙土清淨的修行方法。他向諸佛請教有關怎麼教化眾生、嚴淨國土的方法，最後全都學會了，真叫人讚嘆！\r\n\r\n法藏比丘如此的依願修行，為我們作了最佳的示範。而透過聖嚴法師的講解，我們將會更清楚掌握修行的方向，並學習法藏比丘安住於無上正真之道。\r\n\r\n\r\n原講座\r\n◎  時間：1995年清明佛七\r\n◎  地點：北投區農禪寺\r\n\r\n無量壽經講記-四講之一：http://www.youtube.com/watch?v=iNiJAOf6zTQ&list=PL-J5pP_ptFRDadfvH4TlbnYnX1GmuPZZU&index=1&feature=plpp_video\r\n無量壽經講記-四講之二：http://www.youtube.com/watch?v=Q6INwNUozCE&list=PL-J5pP_ptFRDadfvH4TlbnYnX1GmuPZZU&index=2&feature=plpp_video\r\n無量壽經講記-四講之四：http://www.youtube.com/watch?v=ErNVSZpo2FI&feature=BFa&list=PL-J5pP_ptFRDadfvH4TlbnYnX1GmuPZZU');
INSERT INTO videos(vid, pid, title, description) VALUES('ErNVSZpo2FI', 'PL-J5pP_ptFRDadfvH4TlbnYnX1GmuPZZU', '無量壽經講記-四講之四', '《無量壽經》說，只要至心迴向一切功德，就能夠往生西方極樂世界，福報具足 ，住於不退轉。具體的方法，究竟是要如何下手呢？\r\n\r\n在本講座單元中，聖嚴法師將會一一講解阿彌陀佛如何以其大悲願心來成就三類的眾生、三輩往生的條件與修行方法等。雖然眾生的善根、福德資糧、修行程度分成三類， 但只要在現世中落實身、口、意的清淨，都一樣可以往生西方極樂世界。\r\n\r\n原講座\r\n◎  時間：1995年清明佛七\r\n◎  地點：北投區農禪寺\r\n無量壽經講記-四講之一：http://www.youtube.com/watch?v=iNiJAOf6zTQ&list=PL-J5pP_ptFRDadfvH4TlbnYnX1GmuPZZU&index=1&feature=plpp_video\r\n無量壽經講記-四講之二：http://www.youtube.com/watch?v=Q6INwNUozCE&list=PL-J5pP_ptFRDadfvH4TlbnY\r\nnX1GmuPZZU&index=2&feature=plpp_video\r\n無量壽經講記-四講之三：\r\nhttp://www.youtube.com/watch?v=t2gWxQ4gHxM');
INSERT INTO playlist(pid, cid, title, description) VALUES('PL37624E4853C19090','UCKhWUY33n3vvXD8vCzTXhKg', '普賢菩薩行願讚', '《普賢菩薩行願讚》共有六十二頌二百四十八句，顧名思義，是用偈頌體的文字，對普賢菩薩實踐「大行」菩薩道的深心讚歎。聖嚴法師在本講座中，以旁徵博引的方式，將偈頌形式的《普賢菩薩行願讚》轉化為精闢且易於暸解的普賢菩薩的行願法門， 經由親切生動的講述，讓人行於「以願導行，以行踐願」，菩薩道上。\n\n\n本講座講於：\n◎  時間：1995年\n◎  地點：台北農禪寺');
INSERT INTO videos(vid, pid, title, description) VALUES('wwsN_G-GROg', 'PL37624E4853C19090', '普賢菩薩行願讚-三講之一', '本單元，聖嚴法師帶領我們認識〈普賢菩薩行願讚〉在《華嚴經》的地位，並將「禮敬諸佛」、「稱讚如來」頌文逐條的講解，讓人體會普賢菩薩對十方三世的宇宙觀及讚嘆諸佛的功德皆是不可思議心量所現。');
INSERT INTO videos(vid, pid, title, description) VALUES('47QmHGYTPtw', 'PL37624E4853C19090', '普賢菩薩行願讚-三講之二', '本單元中講述〈普賢菩薩行願讚〉中的「廣修供養」、「懺悔業障」、「隨喜功德」、「請佛住世」、「功德迴向」、「學佛迴向」、「利益眾生」、「稱讚如來」、「大行利生」九個讚偈。法師將深奧的意涵轉化為現代人都能理解的語彙，堅固我們修學佛法的動力，讓我們時時不忘實踐菩薩道。');
INSERT INTO videos(vid, pid, title, description) VALUES('-OVvZw1HtV8', 'PL37624E4853C19090', '普賢菩薩行願讚-三講之三', '透過〈普賢菩薩行願讚〉中的「大行利生」、「恆順眾生」、「同行善友」、「持法修行」、「重重無盡」、「十種威力」、「圓滿七海」七個讚偈的介紹，可以清楚知道修持菩薩行願的行者，雖身處紅塵世界中，能以菩薩的心看待眾生的煩惱境與障礙，不論身處何處，能與一切眾生將苦轉化為不生不滅的寂靜境界。');
INSERT INTO playlist(pid, cid, title, description) VALUES('PLBDC3DAC7607FD350','UCKhWUY33n3vvXD8vCzTXhKg', '福慧自在：《金剛經》生活', '《金剛經》是一部論「空」最透徹的佛典之一，但往往卻也最難講述。本講座聖嚴法師突破傳統的講經方式，以現代、實用的主題分類，將經文的深意轉化為現代人易懂、易讀的語彙並穿插許多精彩的生活實例，讓人人都能活用《金剛經》。而其中第一講的主題：「金剛經與心靈環保」則點出了如何藉由「空」的智慧，來達成心靈環保，讓我們從「有我、有相」提昇到「無我、無相」，從煩惱的束縛之中，找到解脫、自在的快樂！\r\n\r\n原講座\r\n◎  時間：1993年2月1日\r\n◎  地點：台北');
INSERT INTO videos(vid, pid, title, description) VALUES('Oc9UVx4etzk', 'PLBDC3DAC7607FD350', '福慧自在：《金剛經》生活之一 心靈環保', '《金剛經》是一部論「空」最透徹的佛典之一，但往往卻也最難講述。本講座聖嚴法師突破傳統的講經方式，以現代、實用的主題分類，將經文的深意轉化為現代人易懂、易讀的語彙並穿插許多精彩的生活實例，讓人人都能活用《金剛經》。而其中第一講的主題：「金剛經與心靈環保」則點出了如何藉由「空」的智慧，來達成心靈環保，讓我們從「有我、有相」提昇到「無我、無相」，從煩惱的束縛之中，找到解脫、自在的快樂！\r\n\r\n原講座\r\n◎  時間：1993年2月1日\r\n◎  地點：台北\r\n\r\n福慧自在：《金剛經》生活之二 自我提昇\r\nhttp://www.youtube.com/watch?v=25GOBULjRKY&list=PLBDC3DAC7607FD350&index=2&feature=plpp_video\r\n福慧自在：《金剛經》生活之三 淨化社會\r\nhttp://www.youtube.com/watch?v=mkOgxluOMh8&list=PLBDC3DAC7607FD350&index=3&feature=plpp_video\r\n福慧自在：《金剛經》生活之四 福慧自在\r\nhttp://www.youtube.com/watch?v=ty4dMjxUA-U&list=PLBDC3DAC7607FD350&index=4&feature=plpp_video');
INSERT INTO videos(vid, pid, title, description) VALUES('25GOBULjRKY', 'PLBDC3DAC7607FD350', '福慧自在：《金剛經》生活之二 自我提昇', '佛法認為，實相即空相，空相即無相。本講座第二單元：「金剛經與自我提昇」，聖嚴法師將帶領我們了解如何從自私的小我、博愛的大我提昇到以實相(空)為我。而以「空」為自我，即是放棄以自我為中心或功利主義為出發點的種種觀念、執著，這才是實相，才是無相，也才是解脫。\r\n原講座◎  時間：1993年2月1日◎  地點：台北\r\n\r\n\r\n福慧自在：《金剛經》生活之一 心靈環保：http://www.youtube.com/watch?v=Oc9UVx4etzk&list=PLBDC3DAC7607FD350&index=1&feature=plpp_video\r\n福慧自在：《金剛經》生活之三 淨化社會\r\nhttp://www.youtube.com/watch?v=mkOgxluOMh8&list=PLBDC3DAC7607FD350&index=3&feature=plpp_video\r\n福慧自在：《金剛經》生活之四 福慧自在\r\nhttp://www.youtube.com/watch?v=ty4dMjxUA-U&list=PLBDC3DAC7607FD350&index=4&feature=plpp_video');
INSERT INTO videos(vid, pid, title, description) VALUES('mkOgxluOMh8', 'PLBDC3DAC7607FD350', '福慧自在：《金剛經》生活之三 淨化社會', '六度以智慧為導，而《金剛經》就是用「空」的智慧，來指導我們布施、持戒、忍辱。本講座單元，聖嚴師父特別強調，若這三項能夠完成，就是菩薩道。在行菩薩道之中，若能充分掌握「空」的智慧，就會無條件、積極的致力於人間社會的建設與關懷。\r\n原講座◎  時間：1993年2月1日◎  地點：台北\r\n\r\n\r\n福慧自在：《金剛經》生活之一 心靈環保：http://www.youtube.com/watch?v=Oc9UVx4etzk&list=PLBDC3DAC7607FD350&index=1&feature=plpp_video\r\n福慧自在：《金剛經》生活之二 自我提昇\r\nhttp://www.youtube.com/watch?v=25GOBULjRKY&list=PLBDC3DAC7607FD350&index=2&feature=plpp_video\r\n福慧自在：《金剛經》生活之四 福慧自在\r\nhttp://www.youtube.com/watch?v=ty4dMjxUA-U&list=PLBDC3DAC7607FD350&index=4&feature=plpp_video');
INSERT INTO videos(vid, pid, title, description) VALUES('ty4dMjxUA-U', 'PLBDC3DAC7607FD350', '福慧自在：《金剛經》生活之四 福慧自在', '本講座單元，聖嚴法師將帶領我們依循《金剛經》所開示的般若智慧來修福德，體認所謂的「應無所住，而生其心」。也就是內心「不執著」，但還是要用「智慧」去幫助別人，做自己應該做的事。而這裡所說的「而生其心」生的是慈悲和智慧兩種心。當我們以這樣的心來布施、修福報，才是真正有智慧的布施，也叫做無盡的布施，會得無量的福德。\r\n\r\n原講座\r\n◎  時間：1993年2月1日\r\n◎  地點：台北\r\n福慧自在：《金剛經》生活之一 心靈環保：http://www.youtube.com/watch?v=Oc9UVx4etzk&list=PLBDC3DAC7607FD350&index=1&feature=plpp_video\r\n福慧自在：《金剛經》生活之二 自我提昇\r\nhttp://www.youtube.com/watch?v=25GOBULjRKY&list=PLBDC3DAC7607FD350&index=2&feature=plpp_video\r\n福慧自在：《金剛經》生活之三 淨化社會\r\nhttp://www.youtube.com/watch?v=mkOgxluOMh8&list=PLBDC3DAC7607FD350&index=3&feature=plpp_video');
INSERT INTO playlist(pid, cid, title, description) VALUES('PL37ACFE9904B93C90','UCKhWUY33n3vvXD8vCzTXhKg', '六祖壇經精選', '本系列講座以四大主題，展現《六祖壇經》的精華內容。《壇經》不僅是惠能大師一生說法的精要紀錄，亦是最具代表性的中國禪宗寶典。\r\n　　透過聖嚴法師生活化與現代化的講解，我們將更能體會禪法的活潑與實用，了解到一切煩惱都源自內心的執著。只要在生活中體驗佛法、練習運用佛法，學習不被外境所動，，在自身親見佛的三身！');
INSERT INTO videos(vid, pid, title, description) VALUES('6RKS07Lq2OY', 'PL37ACFE9904B93C90', '六祖壇經精選之一： 無相三皈依(一) 1/25', '本系列講座第一單元─「無相三皈依」。聖嚴法師說：「用心外的三寶，幫助我們發現心內的三寶，這是最可靠的」。讓我們循著「六祖壇經」的智慧法語，開發本具的自性三寶，回到生命的真正歸依處。\r\n\r\n六祖壇經精選之一： 無相三皈依(二) 2/25 http://www.youtube.com/watch?v=QTjYRk6LirQ\r\n六祖壇經精選之一： 無相三皈依(三) 3/25 http://www.youtube.com/watch?v=oWdJWjYoOpM&list=PL37ACFE9904B93C90&index=3&feature=plpp_video\r\n六祖壇經精選之一： 無相三皈依(四) 4/25\r\nhttp://www.youtube.com/watch?v=eRlohrQn6Ec&list=PL37ACFE9904B93C90&index=4&feature=plpp_video\r\n六祖壇經精選之二： 一體三身自性佛(一) 5/25\r\nhttp://www.youtube.com/watch?v=3NRDuLG5f0c&list=PL37ACFE9904B93C90&index=5&feature=plpp_video\r\n六祖壇經精選之二： 一體三身自性佛(二) 6/25\r\nhttp://www.youtube.com/watch?v=S5Weg7LdG4I&list=PL37ACFE9904B93C90&index=6&feature=plpp_video\r\n六祖壇經精選之二： 一體三身自性佛(三) 7/25\r\nhttp://www.youtube.com/watch?v=MGlq54TAEig&list=PL37ACFE9904B93C90&index=7&feature=plpp_video');
INSERT INTO videos(vid, pid, title, description) VALUES('p45icjzj5Ko', 'PL37ACFE9904B93C90', '六祖壇經精選之一： 無相三皈依(二) 2/25', '本系列講座第一單元─「無相三皈依」。聖嚴法師說：「用心外的三寶，幫助我們發現心內的三寶，這是最可靠的」。讓我們循著「六祖壇經」的智慧法語，開發本具的自性三寶，回到生命的真正歸依處。\r\n\r\n六祖壇經精選之一： 無相三皈依(一) 1/25 http://www.youtube.com/watch?v=6RKS07Lq2OY&list=PL37ACFE9904B93C90&index=1&feature=plpp_video\r\n六祖壇經精選之一： 無相三皈依(三) 3/25 http://www.youtube.com/watch?v=oWdJWjYoOpM&list=PL37ACFE9904B93C90&index=3&feature=plpp_video\r\n六祖壇經精選之一： 無相三皈依(四) 4/25\r\nhttp://www.youtube.com/watch?v=eRlohrQn6Ec&list=PL37ACFE9904B93C90&index=4&feature=plpp_video\r\n六祖壇經精選之二： 一體三身自性佛(一) 5/25\r\nhttp://www.youtube.com/watch?v=3NRDuLG5f0c&list=PL37ACFE9904B93C90&index=5&feature=plpp_video\r\n六祖壇經精選之二： 一體三身自性佛(二) 6/25\r\nhttp://www.youtube.com/watch?v=S5Weg7LdG4I&list=PL37ACFE9904B93C90&index=6&feature=plpp_video\r\n六祖壇經精選之二： 一體三身自性佛(三) 7/25\r\nhttp://www.youtube.com/watch?v=MGlq54TAEig&list=PL37ACFE9904B93C90&index=7&feature=plpp_video\r\n六祖壇經精選之三： 清淨法身佛之(一) 8/25\r\nhttp://www.youtube.com/watch?v=pPT1yBnxfmI&list=PL37ACFE9904B93C90&index=8&feature=plpp_video\r\n六祖壇經精選之三： 清淨法身佛之(二) 9/25\r\nhttp://www.youtube.com/watch?v=dasxvtpksmM&list=PL37ACFE9904B93C90&index=9&feature=plpp_video\r\n六祖壇經精選之三： 清淨法身佛之(三) 10/25\r\nhttp://www.youtube.com/watch?v=XsnOTo04X0A&list=PL37ACFE9904B93C90&index=10&feature=plpp_video\r\n六祖壇經精選之三： 千百億化身佛 11/25\r\nhttp://www.youtube.com/watch?v=aTnOGfGzrFk&list=PL37ACFE9904B93C90&index=11&feature=plpp_video');
INSERT INTO videos(vid, pid, title, description) VALUES('oWdJWjYoOpM', 'PL37ACFE9904B93C90', '六祖壇經精選之一： 無相三皈依(三) 3/25', '本系列講座第一單元─「無相三皈依」。聖嚴法師說：「用心外的三寶，幫助我們發現心內的三寶，這是最可靠的」。讓我們循著「六祖壇經」的智慧法語，開發本具的自性三寶，回到生命的真正歸依處。\r\n\r\n六祖壇經精選之一： 無相三皈依(一) 1/25 http://www.youtube.com/watch?v=6RKS07Lq2OY&list=PL37ACFE9904B93C90&index=1&feature=plpp_video\r\n六祖壇經精選之一： 無相三皈依(二) 2/25 http://www.youtube.com/watch?v=QTjYRk6LirQ\r\n六祖壇經精選之一： 無相三皈依(四) 4/25\r\nhttp://www.youtube.com/watch?v=eRlohrQn6Ec&list=PL37ACFE9904B93C90&index=4&feature=plpp_video\r\n六祖壇經精選之二： 一體三身自性佛(一) 5/25\r\nhttp://www.youtube.com/watch?v=3NRDuLG5f0c&list=PL37ACFE9904B93C90&index=5&feature=plpp_video\r\n六祖壇經精選之二： 一體三身自性佛(二) 6/25\r\nhttp://www.youtube.com/watch?v=S5Weg7LdG4I&list=PL37ACFE9904B93C90&index=6&feature=plpp_video\r\n六祖壇經精選之二： 一體三身自性佛(三) 7/25\r\nhttp://www.youtube.com/watch?v=MGlq54TAEig&list=PL37ACFE9904B93C90&index=7&feature=plpp_video\r\n六祖壇經精選之三： 清淨法身佛之(一) 8/25\r\nhttp://www.youtube.com/watch?v=pPT1yBnxfmI&list=PL37ACFE9904B93C90&index=8&feature=plpp_video\r\n六祖壇經精選之三： 清淨法身佛之(二) 9/25\r\nhttp://www.youtube.com/watch?v=dasxvtpksmM&list=PL37ACFE9904B93C90&index=9&feature=plpp_video\r\n六祖壇經精選之三： 清淨法身佛之(三) 10/25\r\nhttp://www.youtube.com/watch?v=XsnOTo04X0A&list=PL37ACFE9904B93C90&index=10&feature=plpp_video\r\n六祖壇經精選之三： 千百億化身佛 11/25\r\nhttp://www.youtube.com/watch?v=aTnOGfGzrFk&list=PL37ACFE9904B93C90&index=11&feature=plpp_video');
INSERT INTO videos(vid, pid, title, description) VALUES('eRlohrQn6Ec', 'PL37ACFE9904B93C90', '六祖壇經精選之一： 無相三皈依(四) 4/25', '本系列講座第一單元─「無相三皈依」。聖嚴法師說：「用心外的三寶，幫助我們發現心內的三寶，這是最可靠的」。讓我們循著「六祖壇經」的智慧法語，開發本具的自性三寶，回到生命的真正歸依處。\r\n\r\n六祖壇經精選之一： 無相三皈依(一) 1/25 http://www.youtube.com/watch?v=6RKS07Lq2OY&list=PL37ACFE9904B93C90&index=1&feature=plpp_video\r\n六祖壇經精選之一： 無相三皈依(二) 2/25 http://www.youtube.com/watch?v=QTjYRk6LirQ\r\n六祖壇經精選之一： 無相三皈依(三) 3/25 http://www.youtube.com/watch?v=oWdJWjYoOpM&list=PL37ACFE9904B93C90&index=3&feature=plpp_video\r\n六祖壇經精選之二： 一體三身自性佛(一) 5/25\r\nhttp://www.youtube.com/watch?v=3NRDuLG5f0c&list=PL37ACFE9904B93C90&index=5&feature=plpp_video\r\n六祖壇經精選之二： 一體三身自性佛(二) 6/25\r\nhttp://www.youtube.com/watch?v=S5Weg7LdG4I&list=PL37ACFE9904B93C90&index=6&feature=plpp_video\r\n六祖壇經精選之二： 一體三身自性佛(三) 7/25\r\nhttp://www.youtube.com/watch?v=MGlq54TAEig&list=PL37ACFE9904B93C90&index=7&feature=plpp_video\r\n六祖壇經精選之三： 清淨法身佛之(一) 8/25\r\nhttp://www.youtube.com/watch?v=pPT1yBnxfmI&list=PL37ACFE9904B93C90&index=8&feature=plpp_video\r\n六祖壇經精選之三： 清淨法身佛之(二) 9/25\r\nhttp://www.youtube.com/watch?v=dasxvtpksmM&list=PL37ACFE9904B93C90&index=9&feature=plpp_video\r\n六祖壇經精選之三： 清淨法身佛之(三) 10/25\r\nhttp://www.youtube.com/watch?v=XsnOTo04X0A&list=PL37ACFE9904B93C90&index=10&feature=plpp_video\r\n六祖壇經精選之三： 千百億化身佛 11/25\r\nhttp://www.youtube.com/watch?v=aTnOGfGzrFk&list=PL37ACFE9904B93C90&index=11&feature=plpp_video');
INSERT INTO videos(vid, pid, title, description) VALUES('3NRDuLG5f0c', 'PL37ACFE9904B93C90', '六祖壇經精選之二： 一體三身自性佛(一) 5/25', '本系列講座的第二單元─「一體三身自性佛」，聖嚴法師告訴我們，因眾生根器不一，所見的佛也不一樣。然而，佛雖有三身，實則本體為一，且無處不在。回歸自性的當下，即能成就佛的「一體三身」。\r\n\r\n六祖壇經精選之一： 無相三皈依(一) 1/25 http://www.youtube.com/watch?v=6RKS07Lq2OY&list=PL37ACFE9904B93C90&index=1&feature=plpp_video\r\n六祖壇經精選之一： 無相三皈依(二) 2/25 http://www.youtube.com/watch?v=QTjYRk6LirQ\r\n六祖壇經精選之一： 無相三皈依(三) 3/25 http://www.youtube.com/watch?v=oWdJWjYoOpM&list=PL37ACFE9904B93C90&index=3&feature=plpp_video\r\n六祖壇經精選之一： 無相三皈依(四) 4/25\r\nhttp://www.youtube.com/watch?v=eRlohrQn6Ec&list=PL37ACFE9904B93C90&index=4&feature=plpp_video\r\n六祖壇經精選之二： 一體三身自性佛(二) 6/25\r\nhttp://www.youtube.com/watch?v=S5Weg7LdG4I&list=PL37ACFE9904B93C90&index=6&feature=plpp_video\r\n六祖壇經精選之二： 一體三身自性佛(三) 7/25\r\nhttp://www.youtube.com/watch?v=MGlq54TAEig&list=PL37ACFE9904B93C90&index=7&feature=plpp_video\r\n六祖壇經精選之三： 清淨法身佛之(一) 8/25\r\nhttp://www.youtube.com/watch?v=pPT1yBnxfmI&list=PL37ACFE9904B93C90&index=8&feature=plpp_video\r\n六祖壇經精選之三： 清淨法身佛之(二) 9/25\r\nhttp://www.youtube.com/watch?v=dasxvtpksmM&list=PL37ACFE9904B93C90&index=9&feature=plpp_video\r\n六祖壇經精選之三： 清淨法身佛之(三) 10/25\r\nhttp://www.youtube.com/watch?v=XsnOTo04X0A&list=PL37ACFE9904B93C90&index=10&feature=plpp_video\r\n六祖壇經精選之三： 千百億化身佛 11/25\r\nhttp://www.youtube.com/watch?v=aTnOGfGzrFk&list=PL37ACFE9904B93C90&index=11&feature=plpp_video');
INSERT INTO videos(vid, pid, title, description) VALUES('S5Weg7LdG4I', 'PL37ACFE9904B93C90', '六祖壇經精選之二： 一體三身自性佛(二) 6/25', '本系列講座的第二單元─「一體三身自性佛」，聖嚴法師告訴我們，因眾生根器不一，所見的佛也不一樣。然而，佛雖有三身，實則本體為一，且無處不在。回歸自性的當下，即能成就佛的「一體三身」。\r\n\r\n六祖壇經精選之一： 無相三皈依(一) 1/25 http://www.youtube.com/watch?v=6RKS07Lq2OY&list=PL37ACFE9904B93C90&index=1&feature=plpp_video\r\n六祖壇經精選之一： 無相三皈依(二) 2/25 http://www.youtube.com/watch?v=QTjYRk6LirQ\r\n六祖壇經精選之一： 無相三皈依(三) 3/25 http://www.youtube.com/watch?v=oWdJWjYoOpM&list=PL37ACFE9904B93C90&index=3&feature=plpp_video\r\n六祖壇經精選之一： 無相三皈依(四) 4/25\r\nhttp://www.youtube.com/watch?v=eRlohrQn6Ec&list=PL37ACFE9904B93C90&index=4&feature=plpp_video\r\n六祖壇經精選之二： 一體三身自性佛(一) 5/25\r\nhttp://www.youtube.com/watch?v=3NRDuLG5f0c&list=PL37ACFE9904B93C90&index=5&feature=plpp_video\r\n六祖壇經精選之二： 一體三身自性佛(三) 7/25\r\nhttp://www.youtube.com/watch?v=MGlq54TAEig&list=PL37ACFE9904B93C90&index=7&feature=plpp_video\r\n六祖壇經精選之三： 清淨法身佛之(一) 8/25\r\nhttp://www.youtube.com/watch?v=pPT1yBnxfmI&list=PL37ACFE9904B93C90&index=8&feature=plpp_video\r\n六祖壇經精選之三： 清淨法身佛之(二) 9/25\r\nhttp://www.youtube.com/watch?v=dasxvtpksmM&list=PL37ACFE9904B93C90&index=9&feature=plpp_video\r\n六祖壇經精選之三： 清淨法身佛之(三) 10/25\r\nhttp://www.youtube.com/watch?v=XsnOTo04X0A&list=PL37ACFE9904B93C90&index=10&feature=plpp_video\r\n六祖壇經精選之三： 千百億化身佛 11/25\r\nhttp://www.youtube.com/watch?v=aTnOGfGzrFk&list=PL37ACFE9904B93C90&index=11&feature=plpp_video');
INSERT INTO videos(vid, pid, title, description) VALUES('MGlq54TAEig', 'PL37ACFE9904B93C90', '六祖壇經精選之二： 一體三身自性佛(三) 7/25', '本系列講座的第二單元─「一體三身自性佛」，聖嚴法師告訴我們，因眾生根器不一，所見的佛也不一樣。然而，佛雖有三身，實則本體為一，且無處不在。回歸自性的當下，即能成就佛的「一體三身」。\r\n\r\n六祖壇經精選之一： 無相三皈依(一) 1/25 http://www.youtube.com/watch?v=6RKS07Lq2OY&list=PL37ACFE9904B93C90&index=1&feature=plpp_video\r\n六祖壇經精選之一： 無相三皈依(二) 2/25 http://www.youtube.com/watch?v=QTjYRk6LirQ\r\n六祖壇經精選之一： 無相三皈依(三) 3/25 http://www.youtube.com/watch?v=oWdJWjYoOpM&list=PL37ACFE9904B93C90&index=3&feature=plpp_video\r\n六祖壇經精選之一： 無相三皈依(四) 4/25\r\nhttp://www.youtube.com/watch?v=eRlohrQn6Ec&list=PL37ACFE9904B93C90&index=4&feature=plpp_video\r\n六祖壇經精選之二： 一體三身自性佛(一) 5/25\r\nhttp://www.youtube.com/watch?v=3NRDuLG5f0c&list=PL37ACFE9904B93C90&index=5&feature=plpp_video\r\n六祖壇經精選之二： 一體三身自性佛(二) 6/25\r\nhttp://www.youtube.com/watch?v=S5Weg7LdG4I&list=PL37ACFE9904B93C90&index=6&feature=plpp_video\r\n六祖壇經精選之三： 清淨法身佛之(一) 8/25\r\nhttp://www.youtube.com/watch?v=pPT1yBnxfmI&list=PL37ACFE9904B93C90&index=8&feature=plpp_video\r\n六祖壇經精選之三： 清淨法身佛之(二) 9/25\r\nhttp://www.youtube.com/watch?v=dasxvtpksmM&list=PL37ACFE9904B93C90&index=9&feature=plpp_video\r\n六祖壇經精選之三： 清淨法身佛之(三) 10/25\r\nhttp://www.youtube.com/watch?v=XsnOTo04X0A&list=PL37ACFE9904B93C90&index=10&feature=plpp_video\r\n六祖壇經精選之三： 千百億化身佛 11/25\r\nhttp://www.youtube.com/watch?v=aTnOGfGzrFk&list=PL37ACFE9904B93C90&index=11&feature=plpp_video');
INSERT INTO videos(vid, pid, title, description) VALUES('pPT1yBnxfmI', 'PL37ACFE9904B93C90', '六祖壇經精選之三： 清淨法身佛之(一) 8/25', '本系列講座的第三單元─「三身佛」，聖嚴法師進一步解說，在日常生活中，只要一個轉念，煩惱消失，智慧即現前。因此，每個人都可以親證佛的三身，展現慈悲與智慧的光明。\r\n\r\n六祖壇經精選之一： 無相三皈依(一) 1/25 http://www.youtube.com/watch?v=6RKS07Lq2OY&list=PL37ACFE9904B93C90&index=1&feature=plpp_video\r\n六祖壇經精選之一： 無相三皈依(二) 2/25 http://www.youtube.com/watch?v=QTjYRk6LirQ\r\n六祖壇經精選之一： 無相三皈依(三) 3/25 http://www.youtube.com/watch?v=oWdJWjYoOpM&list=PL37ACFE9904B93C90&index=3&feature=plpp_video\r\n六祖壇經精選之一： 無相三皈依(四) 4/25\r\nhttp://www.youtube.com/watch?v=eRlohrQn6Ec&list=PL37ACFE9904B93C90&index=4&feature=plpp_video\r\n六祖壇經精選之二： 一體三身自性佛(一) 5/25\r\nhttp://www.youtube.com/watch?v=3NRDuLG5f0c&list=PL37ACFE9904B93C90&index=5&feature=plpp_video\r\n六祖壇經精選之二： 一體三身自性佛(二) 6/25\r\nhttp://www.youtube.com/watch?v=S5Weg7LdG4I&list=PL37ACFE9904B93C90&index=6&feature=plpp_video\r\n六祖壇經精選之二： 一體三身自性佛(三) 7/25\r\nhttp://www.youtube.com/watch?v=MGlq54TAEig&list=PL37ACFE9904B93C90&index=7&feature=plpp_video\r\n六祖壇經精選之三： 清淨法身佛之(二) 9/25\r\nhttp://www.youtube.com/watch?v=dasxvtpksmM&list=PL37ACFE9904B93C90&index=9&feature=plpp_video\r\n六祖壇經精選之三： 清淨法身佛之(三) 10/25\r\nhttp://www.youtube.com/watch?v=XsnOTo04X0A&list=PL37ACFE9904B93C90&index=10&feature=plpp_video\r\n六祖壇經精選之三： 千百億化身佛 11/25\r\nhttp://www.youtube.com/watch?v=aTnOGfGzrFk&list=PL37ACFE9904B93C90&index=11&feature=plpp_video');
INSERT INTO videos(vid, pid, title, description) VALUES('dasxvtpksmM', 'PL37ACFE9904B93C90', '六祖壇經精選之三： 清淨法身佛之(二) 9/25', '本系列講座的第三單元─「三身佛」，聖嚴法師進一步解說，在日常生活中，只要一個轉念，煩惱消失，智慧即現前。因此，每個人都可以親證佛的三身，展現慈悲與智慧的光明。\r\n\r\n六祖壇經精選之一： 無相三皈依(一) 1/25 http://www.youtube.com/watch?v=6RKS07Lq2OY&list=PL37ACFE9904B93C90&index=1&feature=plpp_video\r\n六祖壇經精選之一： 無相三皈依(二) 2/25 http://www.youtube.com/watch?v=QTjYRk6LirQ\r\n六祖壇經精選之一： 無相三皈依(三) 3/25 http://www.youtube.com/watch?v=oWdJWjYoOpM&list=PL37ACFE9904B93C90&index=3&feature=plpp_video\r\n六祖壇經精選之一： 無相三皈依(四) 4/25\r\nhttp://www.youtube.com/watch?v=eRlohrQn6Ec&list=PL37ACFE9904B93C90&index=4&feature=plpp_video\r\n六祖壇經精選之二： 一體三身自性佛(一) 5/25\r\nhttp://www.youtube.com/watch?v=3NRDuLG5f0c&list=PL37ACFE9904B93C90&index=5&feature=plpp_video\r\n六祖壇經精選之二： 一體三身自性佛(二) 6/25\r\nhttp://www.youtube.com/watch?v=S5Weg7LdG4I&list=PL37ACFE9904B93C90&index=6&feature=plpp_video\r\n六祖壇經精選之二： 一體三身自性佛(三) 7/25\r\nhttp://www.youtube.com/watch?v=MGlq54TAEig&list=PL37ACFE9904B93C90&index=7&feature=plpp_video\r\n六祖壇經精選之三： 清淨法身佛之(一) 8/25\r\nhttp://www.youtube.com/watch?v=pPT1yBnxfmI&list=PL37ACFE9904B93C90&index=8&feature=plpp_video\r\n六祖壇經精選之三： 清淨法身佛之(三) 10/25\r\nhttp://www.youtube.com/watch?v=XsnOTo04X0A&list=PL37ACFE9904B93C90&index=10&feature=plpp_video\r\n六祖壇經精選之三： 千百億化身佛 11/25\r\nhttp://www.youtube.com/watch?v=aTnOGfGzrFk&list=PL37ACFE9904B93C90&index=11&feature=plpp_video');
INSERT INTO videos(vid, pid, title, description) VALUES('XsnOTo04X0A', 'PL37ACFE9904B93C90', '六祖壇經精選之三： 清淨法身佛之(三) 10/25', '本系列講座的第三單元─「三身佛」，聖嚴法師進一步解說，在日常生活中，只要一個轉念，煩惱消失，智慧即現前。因此，每個人都可以親證佛的三身，展現慈悲與智慧的光明。\r\n\r\n六祖壇經精選之一： 無相三皈依(一) 1/25 http://www.youtube.com/watch?v=6RKS07Lq2OY&list=PL37ACFE9904B93C90&index=1&feature=plpp_video\r\n六祖壇經精選之一： 無相三皈依(二) 2/25 http://www.youtube.com/watch?v=QTjYRk6LirQ\r\n六祖壇經精選之一： 無相三皈依(三) 3/25 http://www.youtube.com/watch?v=oWdJWjYoOpM&list=PL37ACFE9904B93C90&index=3&feature=plpp_video\r\n六祖壇經精選之一： 無相三皈依(四) 4/25\r\nhttp://www.youtube.com/watch?v=eRlohrQn6Ec&list=PL37ACFE9904B93C90&index=4&feature=plpp_video\r\n六祖壇經精選之二： 一體三身自性佛(一) 5/25\r\nhttp://www.youtube.com/watch?v=3NRDuLG5f0c&list=PL37ACFE9904B93C90&index=5&feature=plpp_video\r\n六祖壇經精選之二： 一體三身自性佛(二) 6/25\r\nhttp://www.youtube.com/watch?v=S5Weg7LdG4I&list=PL37ACFE9904B93C90&index=6&feature=plpp_video\r\n六祖壇經精選之二： 一體三身自性佛(三) 7/25\r\nhttp://www.youtube.com/watch?v=MGlq54TAEig&list=PL37ACFE9904B93C90&index=7&feature=plpp_video\r\n六祖壇經精選之三： 清淨法身佛之(一) 8/25\r\nhttp://www.youtube.com/watch?v=pPT1yBnxfmI&list=PL37ACFE9904B93C90&index=8&feature=plpp_video\r\n六祖壇經精選之三： 清淨法身佛之(二) 9/25\r\nhttp://www.youtube.com/watch?v=dasxvtpksmM&list=PL37ACFE9904B93C90&index=9&feature=plpp_video\r\n六祖壇經精選之三： 千百億化身佛 11/25\r\nhttp://www.youtube.com/watch?v=aTnOGfGzrFk&list=PL37ACFE9904B93C90&index=11&feature=plpp_video');
INSERT INTO videos(vid, pid, title, description) VALUES('aTnOGfGzrFk', 'PL37ACFE9904B93C90', '六祖壇經精選之三： 千百億化身佛 11/25', '本系列講座的第三單元─「三身佛」，聖嚴法師進一步解說，在日常生活中，只要一個轉念，煩惱消失，智慧即現前。因此，每個人都可以親證佛的三身，展現慈悲與智慧的光明。\r\n\r\n六祖壇經精選之三： 清淨法身佛之(一) 8/25\r\nhttp://www.youtube.com/watch?v=pPT1yBnxfmI&list=PL37ACFE9904B93C90&index=8&feature=plpp_video\r\n六祖壇經精選之三： 清淨法身佛之(二) 9/25\r\nhttp://www.youtube.com/watch?v=dasxvtpksmM&list=PL37ACFE9904B93C90&index=9&feature=plpp_video\r\n六祖壇經精選之三： 清淨法身佛之(三) 10/25\r\nhttp://www.youtube.com/watch?v=XsnOTo04X0A&list=PL37ACFE9904B93C90&index=10&feature=plpp_video\r\n六祖壇經精選之三： 圓滿報身佛之(一) 12/25\r\nhttp://www.youtube.com/watch?v=U6yk6aSy2Xs&list=PL37ACFE9904B93C90&index=12&feature=plpp_video\r\n六祖壇經精選之三： 圓滿報身佛之(二) 13/25\r\nhttp://www.youtube.com/watch?v=YnQA2xI3U1A&list=PL37ACFE9904B93C90&index=13&feature=plpp_video\r\n六祖壇經精選之四：無相頌之(一)-14/25\r\nhttp://www.youtube.com/watch?v=1WywttaCAeA&list=PL37ACFE9904B93C90&index=14&feature=plpp_video\r\n六祖壇經精選之四：無相頌之(二)-15/25\r\nhttp://www.youtube.com/watch?v=sgAqXDVKIKU&list=PL37ACFE9904B93C90&index=15&feature=plpp_video\r\n六祖壇經精選之四：無相頌之(三)-16/25\r\nhttp://www.youtube.com/watch?v=Gjxm9wCALBA&list=PL37ACFE9904B93C90&index=16&feature=plpp_video\r\n六祖壇經精選之四：無相頌之(四)-17/25\r\nhttp://www.youtube.com/watch?v=s0j8kcfBJk0&list=PL37ACFE9904B93C90&index=17&feature=plpp_video\r\n六祖壇經精選之四：無相頌之(五)-18/25\r\nhttp://www.youtube.com/watch?v=dT5eNDGcyJw&list=PL37ACFE9904B93C90&index=18&feature=plpp_video\r\n六祖壇經精選之五：參請機緣之(一)-19/25\r\nhttp://www.youtube.com/watch?v=U4zdzh9dE6Q&list=PL37ACFE9904B93C90&index=19&feature=plpp_video');
INSERT INTO videos(vid, pid, title, description) VALUES('U6yk6aSy2Xs', 'PL37ACFE9904B93C90', '六祖壇經精選之三： 圓滿報身佛之(一) 12/25', '本系列講座的第三單元─「三身佛」，聖嚴法師進一步解說，在日常生活中，只要一個轉念，煩惱消失，智慧即現前。因此，每個人都可以親證佛的三身，展現慈悲與智慧的光明。\r\n\r\n六祖壇經精選之三： 清淨法身佛之(一) 8/25\r\nhttp://www.youtube.com/watch?v=pPT1yBnxfmI&list=PL37ACFE9904B93C90&index=8&feature=plpp_video\r\n六祖壇經精選之三： 清淨法身佛之(二) 9/25\r\nhttp://www.youtube.com/watch?v=dasxvtpksmM&list=PL37ACFE9904B93C90&index=9&feature=plpp_video\r\n六祖壇經精選之三： 清淨法身佛之(三) 10/25\r\nhttp://www.youtube.com/watch?v=XsnOTo04X0A&list=PL37ACFE9904B93C90&index=10&feature=plpp_video\r\n六祖壇經精選之三： 千百億化身佛 11/25\r\nhttp://www.youtube.com/watch?v=aTnOGfGzrFk&list=PL37ACFE9904B93C90&index=11&feature=plpp_video\r\n六祖壇經精選之三： 圓滿報身佛之(二) 13/25\r\nhttp://www.youtube.com/watch?v=YnQA2xI3U1A&list=PL37ACFE9904B93C90&index=13&feature=plpp_video\r\n六祖壇經精選之四：無相頌之(一)-14/25\r\nhttp://www.youtube.com/watch?v=1WywttaCAeA&list=PL37ACFE9904B93C90&index=14&feature=plpp_video\r\n六祖壇經精選之四：無相頌之(二)-15/25\r\nhttp://www.youtube.com/watch?v=sgAqXDVKIKU&list=PL37ACFE9904B93C90&index=15&feature=plpp_video\r\n六祖壇經精選之四：無相頌之(三)-16/25\r\nhttp://www.youtube.com/watch?v=Gjxm9wCALBA&list=PL37ACFE9904B93C90&index=16&feature=plpp_video\r\n六祖壇經精選之四：無相頌之(四)-17/25\r\nhttp://www.youtube.com/watch?v=s0j8kcfBJk0&list=PL37ACFE9904B93C90&index=17&feature=plpp_video\r\n六祖壇經精選之四：無相頌之(五)-18/25\r\nhttp://www.youtube.com/watch?v=dT5eNDGcyJw&list=PL37ACFE9904B93C90&index=18&feature=plpp_video\r\n六祖壇經精選之五：參請機緣之(一)-19/25\r\nhttp://www.youtube.com/watch?v=U4zdzh9dE6Q&list=PL37ACFE9904B93C90&index=19&feature=plpp_video');
INSERT INTO videos(vid, pid, title, description) VALUES('YnQA2xI3U1A', 'PL37ACFE9904B93C90', '六祖壇經精選之三： 圓滿報身佛之(二) 13/25', '本系列講座的第三單元─「三身佛」，聖嚴法師進一步解說，在日常生活中，只要一個轉念，煩惱消失，智慧即現前。因此，每個人都可以親證佛的三身，展現慈悲與智慧的光明。\r\n\r\n六祖壇經精選之三： 清淨法身佛之(一) 8/25\r\nhttp://www.youtube.com/watch?v=pPT1yBnxfmI&list=PL37ACFE9904B93C90&index=8&feature=plpp_video\r\n六祖壇經精選之三： 清淨法身佛之(二) 9/25\r\nhttp://www.youtube.com/watch?v=dasxvtpksmM&list=PL37ACFE9904B93C90&index=9&feature=plpp_video\r\n六祖壇經精選之三： 清淨法身佛之(三) 10/25\r\nhttp://www.youtube.com/watch?v=XsnOTo04X0A&list=PL37ACFE9904B93C90&index=10&feature=plpp_video\r\n六祖壇經精選之三： 千百億化身佛 11/25\r\nhttp://www.youtube.com/watch?v=aTnOGfGzrFk&list=PL37ACFE9904B93C90&index=11&feature=plpp_video\r\n六祖壇經精選之三： 圓滿報身佛之(一) 12/25\r\nhttp://www.youtube.com/watch?v=U6yk6aSy2Xs&list=PL37ACFE9904B93C90&index=12&feature=plpp_video\r\n六祖壇經精選之四：無相頌之(一)-14/25\r\nhttp://www.youtube.com/watch?v=1WywttaCAeA&list=PL37ACFE9904B93C90&index=14&feature=plpp_video\r\n六祖壇經精選之四：無相頌之(二)-15/25\r\nhttp://www.youtube.com/watch?v=sgAqXDVKIKU&list=PL37ACFE9904B93C90&index=15&feature=plpp_video\r\n六祖壇經精選之四：無相頌之(三)-16/25\r\nhttp://www.youtube.com/watch?v=Gjxm9wCALBA&list=PL37ACFE9904B93C90&index=16&feature=plpp_video\r\n六祖壇經精選之四：無相頌之(四)-17/25\r\nhttp://www.youtube.com/watch?v=s0j8kcfBJk0&list=PL37ACFE9904B93C90&index=17&feature=plpp_video\r\n六祖壇經精選之四：無相頌之(五)-18/25\r\nhttp://www.youtube.com/watch?v=dT5eNDGcyJw&list=PL37ACFE9904B93C90&index=18&feature=plpp_video\r\n六祖壇經精選之五：參請機緣之(一)-19/25\r\nhttp://www.youtube.com/watch?v=U4zdzh9dE6Q&list=PL37ACFE9904B93C90&index=19&feature=plpp_video');
INSERT INTO videos(vid, pid, title, description) VALUES('1WywttaCAeA', 'PL37ACFE9904B93C90', '六祖壇經精選之四：無相頌之(一)-14/25', '本系列講座的第四單元─「無相頌」，聖嚴法師提醒我們，修行不只是要止惡行善，乃至一切善法都得放下。以無所求的心，所做的一切，就是種下出世得解脫的因。\r\n\r\n六祖壇經精選之三： 千百億化身佛 11/25\r\nhttp://www.youtube.com/watch?v=aTnOGfGzrFk&list=PL37ACFE9904B93C90&index=11&feature=plpp_video\r\n六祖壇經精選之三： 圓滿報身佛之(一) 12/25\r\nhttp://www.youtube.com/watch?v=U6yk6aSy2Xs&list=PL37ACFE9904B93C90&index=12&feature=plpp_video\r\n六祖壇經精選之三： 圓滿報身佛之(二) 13/25\r\nhttp://www.youtube.com/watch?v=YnQA2xI3U1A&list=PL37ACFE9904B93C90&index=13&feature=plpp_video\r\n六祖壇經精選之四：無相頌之(二)-15/25\r\nhttp://www.youtube.com/watch?v=sgAqXDVKIKU&list=PL37ACFE9904B93C90&index=15&feature=plpp_video\r\n六祖壇經精選之四：無相頌之(三)-16/25\r\nhttp://www.youtube.com/watch?v=Gjxm9wCALBA&list=PL37ACFE9904B93C90&index=16&feature=plpp_video\r\n六祖壇經精選之四：無相頌之(四)-17/25\r\nhttp://www.youtube.com/watch?v=s0j8kcfBJk0&list=PL37ACFE9904B93C90&index=17&feature=plpp_video\r\n六祖壇經精選之四：無相頌之(五)-18/25\r\nhttp://www.youtube.com/watch?v=dT5eNDGcyJw&list=PL37ACFE9904B93C90&index=18&feature=plpp_video\r\n六祖壇經精選之五：參請機緣之(一)-19/25\r\nhttp://www.youtube.com/watch?v=U4zdzh9dE6Q&list=PL37ACFE9904B93C90&index=19&feature=plpp_video\r\n六祖壇經精選之五：參請機緣之(二)-20/25\r\nhttp://www.youtube.com/watch?v=I8xokb_CVEI&list=PL37ACFE9904B93C90&index=20&feature=plpp_video\r\n六祖壇經精選之五：參請機緣之(三)-21/25\r\nhttp://www.youtube.com/watch?v=OjIH5vLZ6r0&list=PL37ACFE9904B93C90&index=21&feature=plpp_video');
INSERT INTO videos(vid, pid, title, description) VALUES('sgAqXDVKIKU', 'PL37ACFE9904B93C90', '六祖壇經精選之四：無相頌之(二)-15/25', '本系列講座的第四單元─「無相頌」，聖嚴法師提醒我們，修行不只是要止惡行善，乃至一切善法都得放下。以無所求的心，所做的一切，就是種下出世得解脫的因。\r\n\r\n六祖壇經精選之三： 千百億化身佛 11/25\r\nhttp://www.youtube.com/watch?v=aTnOGfGzrFk&list=PL37ACFE9904B93C90&index=11&feature=plpp_video\r\n六祖壇經精選之三： 圓滿報身佛之(一) 12/25\r\nhttp://www.youtube.com/watch?v=U6yk6aSy2Xs&list=PL37ACFE9904B93C90&index=12&feature=plpp_video\r\n六祖壇經精選之三： 圓滿報身佛之(二) 13/25\r\nhttp://www.youtube.com/watch?v=YnQA2xI3U1A&list=PL37ACFE9904B93C90&index=13&feature=plpp_video\r\n六祖壇經精選之四：無相頌之(一)-14/25\r\nhttp://www.youtube.com/watch?v=1WywttaCAeA&list=PL37ACFE9904B93C90&index=14&feature=plpp_video\r\n六祖壇經精選之四：無相頌之(三)-16/25\r\nhttp://www.youtube.com/watch?v=Gjxm9wCALBA&list=PL37ACFE9904B93C90&index=16&feature=plpp_video\r\n六祖壇經精選之四：無相頌之(四)-17/25\r\nhttp://www.youtube.com/watch?v=s0j8kcfBJk0&list=PL37ACFE9904B93C90&index=17&feature=plpp_video\r\n六祖壇經精選之四：無相頌之(五)-18/25\r\nhttp://www.youtube.com/watch?v=dT5eNDGcyJw&list=PL37ACFE9904B93C90&index=18&feature=plpp_video\r\n六祖壇經精選之五：參請機緣之(一)-19/25\r\nhttp://www.youtube.com/watch?v=U4zdzh9dE6Q&list=PL37ACFE9904B93C90&index=19&feature=plpp_video\r\n六祖壇經精選之五：參請機緣之(二)-20/25\r\nhttp://www.youtube.com/watch?v=I8xokb_CVEI&list=PL37ACFE9904B93C90&index=20&feature=plpp_video\r\n六祖壇經精選之五：參請機緣之(三)-21/25\r\nhttp://www.youtube.com/watch?v=OjIH5vLZ6r0&list=PL37ACFE9904B93C90&index=21&feature=plpp_video');
INSERT INTO videos(vid, pid, title, description) VALUES('Gjxm9wCALBA', 'PL37ACFE9904B93C90', '六祖壇經精選之四：無相頌之(三)-16/25', '本系列講座的第四單元─「無相頌」，聖嚴法師提醒我們，修行不只是要止惡行善，乃至一切善法都得放下。以無所求的心，所做的一切，就是種下出世得解脫的因。\r\n六祖壇經精選之三： 千百億化身佛 11/25\r\nhttp://www.youtube.com/watch?v=aTnOGfGzrFk&list=PL37ACFE9904B93C90&index=11&feature=plpp_video\r\n六祖壇經精選之三： 圓滿報身佛之(一) 12/25\r\nhttp://www.youtube.com/watch?v=U6yk6aSy2Xs&list=PL37ACFE9904B93C90&index=12&feature=plpp_video\r\n六祖壇經精選之三： 圓滿報身佛之(二) 13/25\r\nhttp://www.youtube.com/watch?v=YnQA2xI3U1A&list=PL37ACFE9904B93C90&index=13&feature=plpp_video\r\n六祖壇經精選之四：無相頌之(一)-14/25\r\nhttp://www.youtube.com/watch?v=1WywttaCAeA&list=PL37ACFE9904B93C90&index=14&feature=plpp_video\r\n六祖壇經精選之四：無相頌之(二)-15/25\r\nhttp://www.youtube.com/watch?v=sgAqXDVKIKU&list=PL37ACFE9904B93C90&index=15&feature=plpp_video\r\n六祖壇經精選之四：無相頌之(四)-17/25\r\nhttp://www.youtube.com/watch?v=s0j8kcfBJk0&list=PL37ACFE9904B93C90&index=17&feature=plpp_video\r\n六祖壇經精選之四：無相頌之(五)-18/25\r\nhttp://www.youtube.com/watch?v=dT5eNDGcyJw&list=PL37ACFE9904B93C90&index=18&feature=plpp_video\r\n六祖壇經精選之五：參請機緣之(一)-19/25\r\nhttp://www.youtube.com/watch?v=U4zdzh9dE6Q&list=PL37ACFE9904B93C90&index=19&feature=plpp_video\r\n六祖壇經精選之五：參請機緣之(二)-20/25\r\nhttp://www.youtube.com/watch?v=I8xokb_CVEI&list=PL37ACFE9904B93C90&index=20&feature=plpp_video\r\n六祖壇經精選之五：參請機緣之(三)-21/25\r\nhttp://www.youtube.com/watch?v=OjIH5vLZ6r0&list=PL37ACFE9904B93C90&index=21&feature=plpp_video');
INSERT INTO videos(vid, pid, title, description) VALUES('s0j8kcfBJk0', 'PL37ACFE9904B93C90', '六祖壇經精選之四：無相頌之(四)-17/25', '本系列講座的第四單元─「無相頌」，聖嚴法師提醒我們，修行不只是要止惡行善，乃至一切善法都得放下。以無所求的心，所做的一切，就是種下出世得解脫的因。\r\n\r\n六祖壇經精選之四：無相頌之(一)-14/25\r\nhttp://www.youtube.com/watch?v=1WywttaCAeA&list=PL37ACFE9904B93C90&index=14&feature=plpp_video\r\n六祖壇經精選之四：無相頌之(二)-15/25\r\nhttp://www.youtube.com/watch?v=sgAqXDVKIKU&list=PL37ACFE9904B93C90&index=15&feature=plpp_video\r\n六祖壇經精選之四：無相頌之(三)-16/25\r\nhttp://www.youtube.com/watch?v=Gjxm9wCALBA&list=PL37ACFE9904B93C90&index=16&feature=plpp_video\r\n六祖壇經精選之四：無相頌之(五)-18/25\r\nhttp://www.youtube.com/watch?v=dT5eNDGcyJw&list=PL37ACFE9904B93C90&index=18&feature=plpp_video\r\n六祖壇經精選之五：參請機緣之(一)-19/25\r\nhttp://www.youtube.com/watch?v=U4zdzh9dE6Q&list=PL37ACFE9904B93C90&index=19&feature=plpp_video\r\n六祖壇經精選之五：參請機緣之(二)-20/25\r\nhttp://www.youtube.com/watch?v=I8xokb_CVEI&list=PL37ACFE9904B93C90&index=20&feature=plpp_video\r\n六祖壇經精選之五：參請機緣之(三)-21/25\r\nhttp://www.youtube.com/watch?v=OjIH5vLZ6r0&list=PL37ACFE9904B93C90&index=21&feature=plpp_video\r\n六祖壇經精選之五：參請機緣之(四)-22/25\r\nhttp://www.youtube.com/watch?v=DWhVS682P_0&list=PL37ACFE9904B93C90&index=22&feature=plpp_video\r\n六祖壇經精選之五：參請機緣之(五)-23/25\r\nhttp://www.youtube.com/watch?v=EfrjIFbQ__U&list=PL37ACFE9904B93C90&index=23&feature=plpp_video');
INSERT INTO videos(vid, pid, title, description) VALUES('dT5eNDGcyJw', 'PL37ACFE9904B93C90', '六祖壇經精選之四：無相頌之(五)-18/25', '本系列講座的第四單元─「無相頌」，聖嚴法師提醒我們，修行不只是要止惡行善，乃至一切善法都得放下。以無所求的心，所做的一切，就是種下出世得解脫的因。\r\n\r\n六祖壇經精選之四：無相頌之(一)-14/25\r\nhttp://www.youtube.com/watch?v=1WywttaCAeA&list=PL37ACFE9904B93C90&index=14&feature=plpp_video\r\n六祖壇經精選之四：無相頌之(二)-15/25\r\nhttp://www.youtube.com/watch?v=sgAqXDVKIKU&list=PL37ACFE9904B93C90&index=15&feature=plpp_video\r\n六祖壇經精選之四：無相頌之(三)-16/25\r\nhttp://www.youtube.com/watch?v=Gjxm9wCALBA&list=PL37ACFE9904B93C90&index=16&feature=plpp_video\r\n六祖壇經精選之四：無相頌之(四)-17/25\r\nhttp://www.youtube.com/watch?v=s0j8kcfBJk0&list=PL37ACFE9904B93C90&index=17&feature=plpp_video\r\n六祖壇經精選之五：參請機緣之(一)-19/25\r\nhttp://www.youtube.com/watch?v=U4zdzh9dE6Q&list=PL37ACFE9904B93C90&index=19&feature=plpp_video\r\n六祖壇經精選之五：參請機緣之(二)-20/25\r\nhttp://www.youtube.com/watch?v=I8xokb_CVEI&list=PL37ACFE9904B93C90&index=20&feature=plpp_video\r\n六祖壇經精選之五：參請機緣之(三)-21/25\r\nhttp://www.youtube.com/watch?v=OjIH5vLZ6r0&list=PL37ACFE9904B93C90&index=21&feature=plpp_video\r\n六祖壇經精選之五：參請機緣之(四)-22/25\r\nhttp://www.youtube.com/watch?v=DWhVS682P_0&list=PL37ACFE9904B93C90&index=22&feature=plpp_video\r\n六祖壇經精選之五：參請機緣之(五)-23/25\r\nhttp://www.youtube.com/watch?v=EfrjIFbQ__U&list=PL37ACFE9904B93C90&index=23&feature=plpp_video');
INSERT INTO videos(vid, pid, title, description) VALUES('U4zdzh9dE6Q', 'PL37ACFE9904B93C90', '六祖壇經精選之五：參請機緣之(一)-19/25', '本系列講座的第五單元─「參請機緣」，內容主要為六祖大師與其得法弟子間的對話，說明修行得力時可能會遇見的窒礙與執著，乃至如何透過正見的導歸，讓自己能真正與佛陀的智慧相應相契。\r\n\r\n六祖壇經精選之四：無相頌之(一)-14/25\r\nhttp://www.youtube.com/watch?v=1WywttaCAeA&list=PL37ACFE9904B93C90&index=14&feature=plpp_video\r\n六祖壇經精選之四：無相頌之(二)-15/25\r\nhttp://www.youtube.com/watch?v=sgAqXDVKIKU&list=PL37ACFE9904B93C90&index=15&feature=plpp_video\r\n六祖壇經精選之四：無相頌之(三)-16/25\r\nhttp://www.youtube.com/watch?v=Gjxm9wCALBA&list=PL37ACFE9904B93C90&index=16&feature=plpp_video\r\n六祖壇經精選之四：無相頌之(四)-17/25\r\nhttp://www.youtube.com/watch?v=s0j8kcfBJk0&list=PL37ACFE9904B93C90&index=17&feature=plpp_video\r\n六祖壇經精選之四：無相頌之(五)-18/25\r\nhttp://www.youtube.com/watch?v=dT5eNDGcyJw&list=PL37ACFE9904B93C90&index=18&feature=plpp_video\r\n六祖壇經精選之五：參請機緣之(二)-20/25\r\nhttp://www.youtube.com/watch?v=I8xokb_CVEI&list=PL37ACFE9904B93C90&index=20&feature=plpp_video\r\n六祖壇經精選之五：參請機緣之(三)-21/25\r\nhttp://www.youtube.com/watch?v=OjIH5vLZ6r0&list=PL37ACFE9904B93C90&index=21&feature=plpp_video\r\n六祖壇經精選之五：參請機緣之(四)-22/25\r\nhttp://www.youtube.com/watch?v=DWhVS682P_0&list=PL37ACFE9904B93C90&index=22&feature=plpp_video\r\n六祖壇經精選之五：參請機緣之(五)-23/25\r\nhttp://www.youtube.com/watch?v=EfrjIFbQ__U&list=PL37ACFE9904B93C90&index=23&feature=plpp_video');
INSERT INTO videos(vid, pid, title, description) VALUES('I8xokb_CVEI', 'PL37ACFE9904B93C90', '六祖壇經精選之五：參請機緣之(二)-20/25', '本系列講座的第五單元─「參請機緣」，內容主要為六祖大師與其得法弟子間的對話，說明修行得力時可能會遇見的窒礙與執著，乃至如何透過正見的導歸，讓自己能真正與佛陀的智慧相應相契。\r\n\r\n六祖壇經精選之四：無相頌之(四)-17/25\r\nhttp://www.youtube.com/watch?v=s0j8kcfBJk0&list=PL37ACFE9904B93C90&index=17&feature=plpp_video\r\n六祖壇經精選之四：無相頌之(五)-18/25\r\nhttp://www.youtube.com/watch?v=dT5eNDGcyJw&list=PL37ACFE9904B93C90&index=18&feature=plpp_video\r\n六祖壇經精選之五：參請機緣之(一)-19/25\r\nhttp://www.youtube.com/watch?v=U4zdzh9dE6Q&list=PL37ACFE9904B93C90&index=19&feature=plpp_video\r\n六祖壇經精選之五：參請機緣之(三)-21/25\r\nhttp://www.youtube.com/watch?v=OjIH5vLZ6r0&list=PL37ACFE9904B93C90&index=21&feature=plpp_video\r\n六祖壇經精選之五：參請機緣之(四)-22/25\r\nhttp://www.youtube.com/watch?v=DWhVS682P_0&list=PL37ACFE9904B93C90&index=22&feature=plpp_video\r\n六祖壇經精選之五：參請機緣之(五)-23/25\r\nhttp://www.youtube.com/watch?v=EfrjIFbQ__U&list=PL37ACFE9904B93C90&index=23&feature=plpp_video\r\n六祖壇經精選之五：參請機緣之(六)-24/25\r\nhttp://www.youtube.com/watch?v=JKMEQbEUX7U&list=PL37ACFE9904B93C90&index=24&feature=plpp_video\r\n六祖壇經精選之五：參請機緣之(七)-25/25\r\nhttp://www.youtube.com/watch?v=BEkcrgxhEpU&list=PL37ACFE9904B93C90&index=25&feature=plpp_video');
INSERT INTO videos(vid, pid, title, description) VALUES('OjIH5vLZ6r0', 'PL37ACFE9904B93C90', '六祖壇經精選之五：參請機緣之(三)-21/25', '本系列講座的第五單元─「參請機緣」，內容主要為六祖大師與其得法弟子間的對話，說明修行得力時可能會遇見的窒礙與執著，乃至如何透過正見的導歸，讓自己能真正與佛陀的智慧相應相契。\r\n\r\n六祖壇經精選之四：無相頌之(四)-17/25\r\nhttp://www.youtube.com/watch?v=s0j8kcfBJk0&list=PL37ACFE9904B93C90&index=17&feature=plpp_video\r\n六祖壇經精選之四：無相頌之(五)-18/25\r\nhttp://www.youtube.com/watch?v=dT5eNDGcyJw&list=PL37ACFE9904B93C90&index=18&feature=plpp_video\r\n六祖壇經精選之五：參請機緣之(一)-19/25\r\nhttp://www.youtube.com/watch?v=U4zdzh9dE6Q&list=PL37ACFE9904B93C90&index=19&feature=plpp_video\r\n六祖壇經精選之五：參請機緣之(二)-20/25\r\nhttp://www.youtube.com/watch?v=I8xokb_CVEI&list=PL37ACFE9904B93C90&index=20&feature=plpp_video\r\n六祖壇經精選之五：參請機緣之(四)-22/25\r\nhttp://www.youtube.com/watch?v=DWhVS682P_0&list=PL37ACFE9904B93C90&index=22&feature=plpp_video\r\n六祖壇經精選之五：參請機緣之(五)-23/25\r\nhttp://www.youtube.com/watch?v=EfrjIFbQ__U&list=PL37ACFE9904B93C90&index=23&feature=plpp_video\r\n六祖壇經精選之五：參請機緣之(六)-24/25\r\nhttp://www.youtube.com/watch?v=JKMEQbEUX7U&list=PL37ACFE9904B93C90&index=24&feature=plpp_video\r\n六祖壇經精選之五：參請機緣之(七)-25/25\r\nhttp://www.youtube.com/watch?v=BEkcrgxhEpU&list=PL37ACFE9904B93C90&index=25&feature=plpp_video');
INSERT INTO videos(vid, pid, title, description) VALUES('DWhVS682P_0', 'PL37ACFE9904B93C90', '六祖壇經精選之五：參請機緣之(四)-22/25', '本系列講座的第五單元─「參請機緣」，內容主要為六祖大師與其得法弟子間的對話，說明修行得力時可能會遇見的窒礙與執著，乃至如何透過正見的導歸，讓自己能真正與佛陀的智慧相應相契。\r\n\r\n六祖壇經精選之四：無相頌之(四)-17/25\r\nhttp://www.youtube.com/watch?v=s0j8kcfBJk0&list=PL37ACFE9904B93C90&index=17&feature=plpp_video\r\n六祖壇經精選之四：無相頌之(五)-18/25\r\nhttp://www.youtube.com/watch?v=dT5eNDGcyJw&list=PL37ACFE9904B93C90&index=18&feature=plpp_video\r\n六祖壇經精選之五：參請機緣之(一)-19/25\r\nhttp://www.youtube.com/watch?v=U4zdzh9dE6Q&list=PL37ACFE9904B93C90&index=19&feature=plpp_video\r\n六祖壇經精選之五：參請機緣之(二)-20/25\r\nhttp://www.youtube.com/watch?v=I8xokb_CVEI&list=PL37ACFE9904B93C90&index=20&feature=plpp_video\r\n六祖壇經精選之五：參請機緣之(三)-21/25\r\nhttp://www.youtube.com/watch?v=OjIH5vLZ6r0&list=PL37ACFE9904B93C90&index=21&feature=plpp_video\r\n六祖壇經精選之五：參請機緣之(五)-23/25\r\nhttp://www.youtube.com/watch?v=EfrjIFbQ__U&list=PL37ACFE9904B93C90&index=23&feature=plpp_video\r\n六祖壇經精選之五：參請機緣之(六)-24/25\r\nhttp://www.youtube.com/watch?v=JKMEQbEUX7U&list=PL37ACFE9904B93C90&index=24&feature=plpp_video\r\n六祖壇經精選之五：參請機緣之(七)-25/25\r\nhttp://www.youtube.com/watch?v=BEkcrgxhEpU&list=PL37ACFE9904B93C90&index=25&feature=plpp_video');
INSERT INTO videos(vid, pid, title, description) VALUES('EfrjIFbQ__U', 'PL37ACFE9904B93C90', '六祖壇經精選之五：參請機緣之(五)-23/25', '本系列講座的第五單元─「參請機緣」，內容主要為六祖大師與其得法弟子間的對話，說明修行得力時可能會遇見的窒礙與執著，乃至如何透過正見的導歸，讓自己能真正與佛陀的智慧相應相契。\r\n\r\n六祖壇經精選之四：無相頌之(四)-17/25\r\nhttp://www.youtube.com/watch?v=s0j8kcfBJk0&list=PL37ACFE9904B93C90&index=17&feature=plpp_video\r\n六祖壇經精選之四：無相頌之(五)-18/25\r\nhttp://www.youtube.com/watch?v=dT5eNDGcyJw&list=PL37ACFE9904B93C90&index=18&feature=plpp_video\r\n六祖壇經精選之五：參請機緣之(一)-19/25\r\nhttp://www.youtube.com/watch?v=U4zdzh9dE6Q&list=PL37ACFE9904B93C90&index=19&feature=plpp_video\r\n六祖壇經精選之五：參請機緣之(二)-20/25\r\nhttp://www.youtube.com/watch?v=I8xokb_CVEI&list=PL37ACFE9904B93C90&index=20&feature=plpp_video\r\n六祖壇經精選之五：參請機緣之(三)-21/25\r\nhttp://www.youtube.com/watch?v=OjIH5vLZ6r0&list=PL37ACFE9904B93C90&index=21&feature=plpp_video\r\n六祖壇經精選之五：參請機緣之(四)-22/25\r\nhttp://www.youtube.com/watch?v=DWhVS682P_0&list=PL37ACFE9904B93C90&index=22&feature=plpp_video\r\n六祖壇經精選之五：參請機緣之(六)-24/25\r\nhttp://www.youtube.com/watch?v=JKMEQbEUX7U&list=PL37ACFE9904B93C90&index=24&feature=plpp_video\r\n六祖壇經精選之五：參請機緣之(七)-25/25\r\nhttp://www.youtube.com/watch?v=BEkcrgxhEpU&list=PL37ACFE9904B93C90&index=25&feature=plpp_video');
INSERT INTO videos(vid, pid, title, description) VALUES('JKMEQbEUX7U', 'PL37ACFE9904B93C90', '六祖壇經精選之五：參請機緣之(六)-24/25', '本系列講座的第五單元─「參請機緣」，內容主要為六祖大師與其得法弟子間的對話，說明修行得力時可能會遇見的窒礙與執著，乃至如何透過正見的導歸，讓自己能真正與佛陀的智慧相應相契。\r\n\r\n六祖壇經精選之四：無相頌之(四)-17/25\r\nhttp://www.youtube.com/watch?v=s0j8kcfBJk0&list=PL37ACFE9904B93C90&index=17&feature=plpp_video\r\n六祖壇經精選之四：無相頌之(五)-18/25\r\nhttp://www.youtube.com/watch?v=dT5eNDGcyJw&list=PL37ACFE9904B93C90&index=18&feature=plpp_video\r\n六祖壇經精選之五：參請機緣之(一)-19/25\r\nhttp://www.youtube.com/watch?v=U4zdzh9dE6Q&list=PL37ACFE9904B93C90&index=19&feature=plpp_video\r\n六祖壇經精選之五：參請機緣之(二)-20/25\r\nhttp://www.youtube.com/watch?v=I8xokb_CVEI&list=PL37ACFE9904B93C90&index=20&feature=plpp_video\r\n六祖壇經精選之五：參請機緣之(三)-21/25\r\nhttp://www.youtube.com/watch?v=OjIH5vLZ6r0&list=PL37ACFE9904B93C90&index=21&feature=plpp_video\r\n六祖壇經精選之五：參請機緣之(四)-22/25\r\nhttp://www.youtube.com/watch?v=DWhVS682P_0&list=PL37ACFE9904B93C90&index=22&feature=plpp_video\r\n六祖壇經精選之五：參請機緣之(五)-23/25\r\nhttp://www.youtube.com/watch?v=EfrjIFbQ__U&list=PL37ACFE9904B93C90&index=23&feature=plpp_video\r\n六祖壇經精選之五：參請機緣之(七)-25/25\r\nhttp://www.youtube.com/watch?v=BEkcrgxhEpU&list=PL37ACFE9904B93C90&index=25&feature=plpp_video');
INSERT INTO videos(vid, pid, title, description) VALUES('BEkcrgxhEpU', 'PL37ACFE9904B93C90', '六祖壇經精選之五：參請機緣之(七)-25/25', '本系列講座的第五單元─「參請機緣」，內容主要為六祖大師與其得法弟子間的對話，說明修行得力時可能會遇見的窒礙與執著，乃至如何透過正見的導歸，讓自己能真正與佛陀的智慧相應相契。\r\n\r\n六祖壇經精選之四：無相頌之(四)-17/25\r\nhttp://www.youtube.com/watch?v=s0j8kcfBJk0&list=PL37ACFE9904B93C90&index=17&feature=plpp_video\r\n六祖壇經精選之四：無相頌之(五)-18/25\r\nhttp://www.youtube.com/watch?v=dT5eNDGcyJw&list=PL37ACFE9904B93C90&index=18&feature=plpp_video\r\n六祖壇經精選之五：參請機緣之(一)-19/25\r\nhttp://www.youtube.com/watch?v=U4zdzh9dE6Q&list=PL37ACFE9904B93C90&index=19&feature=plpp_video\r\n六祖壇經精選之五：參請機緣之(二)-20/25\r\nhttp://www.youtube.com/watch?v=I8xokb_CVEI&list=PL37ACFE9904B93C90&index=20&feature=plpp_video\r\n六祖壇經精選之五：參請機緣之(三)-21/25\r\nhttp://www.youtube.com/watch?v=OjIH5vLZ6r0&list=PL37ACFE9904B93C90&index=21&feature=plpp_video\r\n六祖壇經精選之五：參請機緣之(四)-22/25\r\nhttp://www.youtube.com/watch?v=DWhVS682P_0&list=PL37ACFE9904B93C90&index=22&feature=plpp_video\r\n六祖壇經精選之五：參請機緣之(五)-23/25\r\nhttp://www.youtube.com/watch?v=EfrjIFbQ__U&list=PL37ACFE9904B93C90&index=23&feature=plpp_video\r\n六祖壇經精選之五：參請機緣之(六)-24/25\r\nhttp://www.youtube.com/watch?v=JKMEQbEUX7U&list=PL37ACFE9904B93C90&index=24&feature=plpp_video');
INSERT INTO playlist(pid, cid, title, description) VALUES('PL5DE533B8FC1DB4DE','UCKhWUY33n3vvXD8vCzTXhKg', '《維摩經》-六講', '');
INSERT INTO videos(vid, pid, title, description) VALUES('mUEySYzSiHk', 'PL5DE533B8FC1DB4DE', '《維摩經》-六講之一-維摩經與社會關懷', '法鼓山提倡的心靈環保，乃至建設人間淨土的理念依據，便是出於著名的《維摩經》。其既入世又出世的精神，為大乘菩薩道行者提供了最佳的楷模。本經除了是一部總攝大小五乘的大乘經典，也是一部優美的文學作品。\n\n為了因應現代人的需要，聖嚴法師以六大主題來介紹本經，並配合生活實例，以期提供在入世生活中能夠過得自由自在的人生觀。\n\n本講座單元中，聖嚴法師列舉了相關的經文，說明菩薩如何以種種的善巧方便來利益眾生，為了度化眾生而入鄉隨俗地作出什麼樣的改變。最後，也勉勵大眾將學習到的慈悲與智慧分享予他人，為他人點亮心燈，人間淨土即出現在眼前了。\n\n原講座\n◎  時間：1993年9月25日\n◎  地點：台灣臺北市國父紀念館\n《維摩經》-六講之二-維摩經與福慧雙修:http://www.youtube.com/watch?v=yAcPWaluRMA\n《維摩經》-六講之三-維摩經與淨化人生:http://www.youtube.com/watch?v=J5mFRe1s-VU\n《維摩經》-六講之四-維摩經與心靈環保:http://www.youtube.com/watch?v=DJOJAnNUWmg\n《維摩經》-六講之五-維摩經與慈悲喜捨:http://www.youtube.com/watch?v=4LhX0ajFdrM\n《維摩經》-六講之六-維摩經與人間淨土:http://www.youtube.com/watch?v=EJd9tLvAgqA');
INSERT INTO videos(vid, pid, title, description) VALUES('yAcPWaluRMA', 'PL5DE533B8FC1DB4DE', '《維摩經》-六講之二-維摩經與福慧雙修', '所謂六度萬行，原來就是修福與修慧。聖嚴法師在本講座單元中，將為我們介紹成佛必須要修的這兩種法門。\r\n\r\n在修福、修慧的過程中，要如何安住於從空到有的層次？如何從期待種瓜得瓜、種豆得豆，提昇到隨緣盡分而放下成果？修福與修慧又是如何的相輔相成呢？聖嚴法師都會一一細說，引導我們從有漏福行的基礎，提升到入「空」、「無相」、「無作」三解脫門，也就是無漏的福慧雙修。\r\n\r\n原講座\r\n◎  時間：1993年9月26日\r\n◎  地點：台灣臺北市國父紀念館\r\n\r\n《維摩經》-六講之一-維摩經與社會關懷\r\nhttp://www.youtube.com/watch?v=mUEySYzSiHk&list=PL5DE533B8FC1DB4DE&index=1&feature=plpp_video\r\n《維摩經》-六講之三-維摩經與淨化人生:http://www.youtube.com/watch?v=J5mFRe1s-VU\r\n《維摩經》-六講之四-維摩經與心靈環保:http://www.youtube.com/watch?v=DJOJAnNUWmg\r\n《維摩經》-六講之五-維摩經與慈悲喜捨:http://www.youtube.com/watch?v=4LhX0ajFdrM\r\n《維摩經》-六講之六-維摩經與人間淨土:http://www.youtube.com/watch?v=EJd9tLvAgqA');
INSERT INTO videos(vid, pid, title, description) VALUES('J5mFRe1s-VU', 'PL5DE533B8FC1DB4DE', '《維摩經》-六講之三-維摩經與淨化人生', '佛教徒不以世間的飾好來莊嚴色身，而是以功德智慧來修心。本講座單元中，聖嚴法師指出，要提昇人的品質，可從三個面向的淨化著手：身儀、口儀、心儀。\r\n\r\n雖然我們的色身如浮雲，須臾變滅，但若能學習在生死之間自在面對、懂得消融煩惱，建立正確的人生觀，並善用此身來修行佛法，這不就是人人嚮往的淨化人生嗎？\r\n\r\n\r\n原講座\r\n◎  時間：1993年9月27日\r\n◎  地點：台灣臺北市國父紀念館\r\n\r\n《維摩經》-六講之一-維摩經與社會關懷\r\nhttp://www.youtube.com/watch?v=mUEySYzSiHk&list=PL5DE533B8FC1DB4DE&index=1&feature=plpp_video\r\n《維摩經》-六講之二-維摩經與福慧雙修\r\nhttp://www.youtube.com/watch?v=yAcPWaluRMA\r\n《維摩經》-六講之四-維摩經與心靈環保:http://www.youtube.com/watch?v=DJOJAnNUWmg\r\n《維摩經》-六講之五-維摩經與慈悲喜捨:http://www.youtube.com/watch?v=4LhX0ajFdrM\r\n《維摩經》-六講之六-維摩經與人間淨土:http://www.youtube.com/watch?v=EJd9tLvAgqA');
INSERT INTO videos(vid, pid, title, description) VALUES('DJOJAnNUWmg', 'PL5DE533B8FC1DB4DE', '《維摩經》-六講之四-維摩經與心靈環保', '《維摩經》說：「直心是道場」，直心是心直口快？道場就是寺院？聖嚴法師否定了以上一般人直覺上的定義，並為大眾解說直心在修行上的意涵與助益。\r\n\r\n聆聽聖嚴法師精彩的解說，會更了解「心淨則國土淨」是生活中實用的智慧，並將帶給我們不一樣的人生體驗。從經文中，我們也看到了菩薩以身示範，只要做好心靈環保，就不會被外在因素所困擾，反而能透過疾病等因緣來調伏自心。\r\n\r\n原講座\r\n◎  時間：1994年2月14日\r\n◎  地點：台灣臺北市國父紀念館\r\n\r\n《維摩經》-六講之一-維摩經與社會關懷\r\nhttp://www.youtube.com/watch?v=mUEySYzSiHk&list=PL5DE533B8FC1DB4DE&index=1&feature=plpp_video\r\n《維摩經》-六講之二-維摩經與福慧雙修\r\nhttp://www.youtube.com/watch?v=yAcPWaluRMA\r\n《維摩經》-六講之三-維摩經與淨化人生:http://www.youtube.com/watch?v=J5mFRe1s-VU\r\n《維摩經》-六講之五-維摩經與慈悲喜捨:http://www.youtube.com/watch?v=4LhX0ajFdrM\r\n《維摩經》-六講之六-維摩經與人間淨土:http://www.youtube.com/watch?v=EJd9tLvAgqA');
INSERT INTO videos(vid, pid, title, description) VALUES('4LhX0ajFdrM', 'PL5DE533B8FC1DB4DE', '《維摩經》-六講之五-維摩經與慈悲喜捨', '本講座單元中，聖嚴法師把四無量心的慈悲喜捨，詮釋為「三心」：平等心、智慧心與大慈悲心。\r\n\r\n心中無罣礙地平等布施，心中了無一物的自在，不只利益了他人，同時也提昇了自己。只要我們自己能夠修行四無量心，當下的環境就是佛國淨土，而不一定要等到成佛之後，這是多麼殊勝的事！歡迎您透過本講座單元，一起來體驗四無量心的殊勝功德。\r\n\r\n原講座\r\n◎  時間：1994年2月15日\r\n◎  地點：台灣臺北市國父紀念館\r\n\r\n《維摩經》-六講之一-維摩經與社會關懷\r\nhttp://www.youtube.com/watch?v=mUEySYzSiHk&list=PL5DE533B8FC1DB4DE&index=1&feature=plpp_video\r\n《維摩經》-六講之二-維摩經與福慧雙修\r\nhttp://www.youtube.com/watch?v=yAcPWaluRMA\r\n《維摩經》-六講之三-維摩經與淨化人生:http://www.youtube.com/watch?v=J5mFRe1s-VU\r\n《維摩經》-六講之四-維摩經與心靈環保:http://www.youtube.com/watch?v=DJOJAnNUWmg\r\n《維摩經》-六講之六-維摩經與人間淨土:http://www.youtube.com/watch?v=EJd9tLvAgqA');
INSERT INTO videos(vid, pid, title, description) VALUES('EJd9tLvAgqA', 'PL5DE533B8FC1DB4DE', '《維摩經》-六講之六-維摩經與人間淨土', '我們常常希望能夠「隨心所欲」，這個世界，真的就是隨著我們的心而變化的嗎？聖嚴法師將會在本講座單元中給予精闢的解說，並進一步說明，只要人人都能夠用智慧來處理事，用慈悲來關懷人，就能成就人間淨土。\r\n\r\n菩薩隨眾生所需，而應化現其身；我們每一個人，若能盡責盡分、恰如其分地扮演好每一個角色，也就等同於菩薩隨所應為現其身了！\r\n\r\n\r\n原講座\r\n◎  時間：1994年2月16日\r\n◎  地點：台灣臺北市國父紀念館\r\n\r\n《維摩經》-六講之一-維摩經與社會關懷\r\nhttp://www.youtube.com/watch?v=mUEySYzSiHk&list=PL5DE533B8FC1DB4DE&index=1&feature=plpp_video\r\n《維摩經》-六講之二-維摩經與福慧雙修\r\nhttp://www.youtube.com/watch?v=yAcPWaluRMA\r\n《維摩經》-六講之三-維摩經與淨化人生:http://www.youtube.com/watch?v=J5mFRe1s-VU\r\n《維摩經》-六講之四-維摩經與心靈環保:http://www.youtube.com/watch?v=DJOJAnNUWmg\r\n《維摩經》-六講之五-維摩經與慈悲喜捨:http://www.youtube.com/watch?v=4LhX0ajFdrM');
INSERT INTO playlist(pid, cid, title, description) VALUES('PLED6A33C51925F453','UCKhWUY33n3vvXD8vCzTXhKg', '《心經》與生活、生命、人生的實踐與超越', '《心經》是大家耳熟能詳的一部經典，很多人接觸佛法的第一步，是從《心經》開始，甚至沒有學佛的人，對經中「色不異空，空不異色」的句子都不陌生。但是《心經》雖然簡短，只有二百六十個字，涵義卻非常豐富。聖嚴師父指出，《心經》「內容既淺又深，以基本原始的佛法為底子，以大乘空義的佛法為靈魂。真是遇淺即淺，逢深則深的好經，可以把它當作正知正見的佛法概論來持誦、來閱讀、來研究。」因此，是一部值得一讀再讀、時時參究的經典。\r\n\r\n《心經》生活系列講座－－《心經》與生活、生命、人生的實踐，是聖嚴師父在台北國父紀念館一連三個晚上的演講。師父將《心經》配合著生命、生活與人生來作解釋，內容簡潔易懂而且生活化，能讓我們靈活應用、充分實踐。');
INSERT INTO videos(vid, pid, title, description) VALUES('pC3qn6nc-zA', 'PLED6A33C51925F453', '《心經》與生活、生命、人生的實踐與超越：人生的意義-三講之一-1/2', '心經與生活、生命、人生的實踐與超越\n聖嚴師父從生活、生命、人生的定義開始談起，進而點出《心經》對人的重要性，以及佛教徒應持有的人生觀、應了解的生命目的及生活態度。\n接著談到現在大家平常所念、所用的《心經》版本是玄奘大師所翻譯的，而此流通本《心經》的型式不同於其它佛經，僅有正宗分而沒有序分及流通分。\n\n人生的意義-三講之一-2/2:http://www.youtube.com/watch?v=I9XbN_Z-25k&list=PLED6A33C51925F453&index=2&feature=plpp_video\n生活的實踐-三講之二-1/2:http://www.youtube.com/watch?v=Z4Ig8V2uJmU&feature=BFa&list=PLED6A33C51925F453\n生活的實踐-三講之二-2/2:http://www.youtube.com/watch?v=knfhvHaWFLk&feature=BFa&list=PLED6A33C51925F453\n生命的超越-三講之三-1/2:http://www.youtube.com/watch?v=-izA647vEFg&feature=BFa&list=PLED6A33C51925F453\n生命的超越-三講之三-2/2:http://www.youtube.com/watch?v=fCC2db6d-Rw&feature=BFa&list=PLED6A33C51925F453');
INSERT INTO videos(vid, pid, title, description) VALUES('I9XbN_Z-25k', 'PLED6A33C51925F453', '《心經》與生活、生命、人生的實踐與超越：人生的意義-三講之一-2/2', '《心經》是一部簡明的佛法概論，是《般若經》的心臟，也是一切佛法的核心。在此段落，聖嚴師父為我們逐一解釋《般若波羅蜜多心經》此經題的涵義。\r\n\r\n人生的意義-三講之一-1/2\r\nhttp://www.youtube.com/watch?v=pC3qn6nc-zA&list=PLED6A33C51925F453&index=1&feature=plpp_video\r\n生活的實踐-三講之二2/1\r\nhttp://www.youtube.com/watch?v=Z4Ig8V2uJmU&feature=BFa&list=PLED6A33C51925F453\r\n生活的實踐-三講之二2/2\r\nhttp://www.youtube.com/watch?v=knfhvHaWFLk&feature=BFa&list=PLED6A33C51925F453\r\n生命的超越-三講之三-1/2\r\nhttp://www.youtube.com/watch?v=-izA647vEFg&feature=BFa&list=PLED6A33C51925F453\r\n生命的超越-三講之三-2/2\r\nhttp://www.youtube.com/watch?v=fCC2db6d-Rw&feature=BFa&list=PLED6A33C51925F453');
INSERT INTO videos(vid, pid, title, description) VALUES('Z4Ig8V2uJmU', 'PLED6A33C51925F453', '《心經》與生活、生命、人生的實踐與超越：生活的實踐-三講之二-1/2', '此段從第二句「行深般若波羅蜜多時」介紹到「度一切苦厄」。聖嚴師父指出，若能以般若的智慧，觀察五蘊所組成的生命現象是無常的、是無我的、是空的，就能從煩惱的苦海中解脫。\r\n\r\n人生的意義-三講之一-1/2\r\nhttp://www.youtube.com/watch?v=pC3qn6nc-zA&list=PLED6A33C51925F453&index=1&feature=plpp_video\r\n人生的意義-三講之一-2/2\r\nhttp://www.youtube.com/watch?v=I9XbN_Z-25k&list=PLED6A33C51925F453&index=2&feature=plpp_video\r\n生活的實踐-三講之二2/2\r\nhttp://www.youtube.com/watch?v=knfhvHaWFLk&feature=BFa&list=PLED6A33C51925F453\r\n生命的超越-三講之三-1/2\r\nhttp://www.youtube.com/watch?v=-izA647vEFg&feature=BFa&list=PLED6A33C51925F453\r\n生命的超越-三講之三-2/2\r\nhttp://www.youtube.com/watch?v=fCC2db6d-Rw&feature=BFa&list=PLED6A33C51925F453');
INSERT INTO videos(vid, pid, title, description) VALUES('knfhvHaWFLk', 'PLED6A33C51925F453', '《心經》與生活、生命、人生的實踐與超越：生活的實踐-三講之二-2/2', '此段從「色不異空、空不異色」談到「是諸法空相」。聖嚴師父說明，《心經》所講的「空相」是指世間的一切現象都是虛幻而不是真的，凡夫愚癡，在一切現象中產生分別執著，而造作生死的惡業，相反地，菩薩是以慈悲心借妄修真，所以在虛妄的世間行菩薩道，廣結善緣，普度眾生。\r\n\r\n人生的意義-三講之一-1/2\r\nhttp://www.youtube.com/watch?v=pC3qn6nc-zA&list=PLED6A33C51925F453&index=1&feature=plpp_video\r\n人生的意義-三講之一-2/2\r\nhttp://www.youtube.com/watch?v=I9XbN_Z-25k&list=PLED6A33C51925F453&index=2&feature=plpp_video\r\n生活的實踐-三講之二2/1\r\nhttp://www.youtube.com/watch?v=Z4Ig8V2uJmU&feature=BFa&list=PLED6A33C51925F453\r\n生命的超越-三講之三-1/2\r\nhttp://www.youtube.com/watch?v=-izA647vEFg&feature=BFa&list=PLED6A33C51925F453\r\n生命的超越-三講之三-2/2\r\nhttp://www.youtube.com/watch?v=fCC2db6d-Rw&feature=BFa&list=PLED6A33C51925F453');
INSERT INTO videos(vid, pid, title, description) VALUES('-izA647vEFg', 'PLED6A33C51925F453', '《心經》與生活、生命、人生的實踐與超越：生命的超越-三講之三-1/2', '此段從「不生不滅、不垢不淨、不增不減」談到「無眼界，乃至無意識界」。在前面講「五蘊皆空」，此處講「空中沒有五蘊」，聖嚴師父以空的現象來看「五蘊」，「五蘊」就是「空」，雖然如此，《心經》告訴我們，運作還是要照常，凡夫用五蘊來造善業與惡業，菩薩與佛則用「五蘊」來修道，來度眾生。接下來談到的十二入及十八界亦復如此。\r\n\r\n人生的意義-三講之一-1/2\r\nhttp://www.youtube.com/watch?v=pC3qn6nc-zA&list=PLED6A33C51925F453&index=1&feature=plpp_video\r\n人生的意義-三講之一-2/2\r\nhttp://www.youtube.com/watch?v=I9XbN_Z-25k&list=PLED6A33C51925F453&index=2&feature=plpp_video\r\n生活的實踐-三講之二2/1\r\nhttp://www.youtube.com/watch?v=Z4Ig8V2uJmU&feature=BFa&list=PLED6A33C51925F453\r\n生活的實踐-三講之二2/2\r\nhttp://www.youtube.com/watch?v=knfhvHaWFLk&feature=BFa&list=PLED6A33C51925F453\r\n生命的超越-三講之三-2/2\r\nhttp://www.youtube.com/watch?v=fCC2db6d-Rw&feature=BFa&list=PLED6A33C51925F453');
INSERT INTO videos(vid, pid, title, description) VALUES('fCC2db6d-Rw', 'PLED6A33C51925F453', '《心經》與生活、生命、人生的實踐與超越：生命的超越-三講之三-2/2', '此段從「無無明，亦無無明盡」談到《心經》最後一句。聖嚴師父根據經文說明，有智慧而不以為有智慧，那才是真正的智慧；有成就，而不覺得自己有大成就，那才是真正的大成就，這就是《心經》告訴我們的「無智亦無得」。\r\n最後講，《心經》是佛法之中最有用、最踏實、最高超的法門，「能除一切苦，真實不虛」。\r\n\r\n人生的意義-三講之一-1/2\r\nhttp://www.youtube.com/watch?v=pC3qn6nc-zA&list=PLED6A33C51925F453&index=1&feature=plpp_video\r\n人生的意義-三講之一-2/2\r\nhttp://www.youtube.com/watch?v=I9XbN_Z-25k&list=PLED6A33C51925F453&index=2&feature=plpp_video\r\n生活的實踐-三講之二2/1\r\nhttp://www.youtube.com/watch?v=Z4Ig8V2uJmU&feature=BFa&list=PLED6A33C51925F453\r\n生活的實踐-三講之二2/2\r\nhttp://www.youtube.com/watch?v=knfhvHaWFLk&feature=BFa&list=PLED6A33C51925F453\r\n生命的超越-三講之三-1/2\r\nhttp://www.youtube.com/watch?v=-izA647vEFg&feature=BFa&list=PLED6A33C51925F453');
INSERT INTO playlist(pid, cid, title, description) VALUES('PL370E572B7616FA01','UCKhWUY33n3vvXD8vCzTXhKg', '《法華經》講記', '「法華經講要」系列課程，是聖嚴法師於1992年，在農禪寺講座的珍貴錄影，聖嚴法師以現代通用的語彙，娓娓闡述，循序講解法華經，引導讀者在生活中，運用佛乘大法的心要。\r\n\r\n《法華經》是一部流傳普遍、影響深遠的重要經典，主要是誘導大小乘歸入唯一佛乘。經中說菩薩法，包含了所有佛法的道理，是大乘佛法的根本教典。在這部經典中，佛陀善用譬喻，巧說故事，著名的〝法華七喻〞，精采貼切，其故事性、戲劇感，鮮明生動，啟發人們信受無上大法。');
INSERT INTO videos(vid, pid, title, description) VALUES('2ijZgA1UQQ4', 'PL370E572B7616FA01', '《法華經》講記 十三品之一：如來壽量品', '本品中指出，佛陀「成佛已來，甚大久遠，慧光照無量，壽命無數劫。」我們學佛的人，只要有深切的信心，修學佛法、弘揚佛法，便能使佛陀的教化不斷，佛的法身永不入滅。\n\n法華經-十三品之二-分別功德品:http://www.youtube.com/watch?v=uEABZAEnqcg&feature=BFa&list=SP370E572B7616FA01\n法華經-十三品之三-隨喜功德品:http://www.youtube.com/watch?v=A3WWNsM_3-g&feature=BFa&list=SP370E572B7616FA01\n法華經-十三品之四-法師功德品-1/2:http://www.youtube.com/watch?v=OFngNsD0IEk&feature=BFa&list=SP370E572B7616FA01\n法華經-十三品之四-法師功德品-2/2:http://www.youtube.com/watch?v=iZ_WZ26JWoU&feature=BFa&list=SP370E572B7616FA01\n法華經-十三品之五-常不輕菩薩品:http://www.youtube.com/watch?v=Vype2WcAvA0&feature=BFa&list=SP370E572B7616FA01\n法華經-十三品之六-如來神力品-1/2:http://www.youtube.com/watch?v=0Ph5QrqegYg&feature=BFa&list=SP370E572B7616FA01\n法華經-十三品之六-如來神力品-2/2:http://www.youtube.com/watch?v=Ezp32FAyfHU&feature=BFa&list=SP370E572B7616FA01\n法華經-十三品之七-囑累品:http://www.youtube.com/watch?v=GT-0-wquYsk&feature=BFa&list=SP370E572B7616FA01\n法華經-十三品之八-藥王本事品-1/2:http://www.youtube.com/watch?v=1C650IpBTeM&feature=BFa&list=SP370E572B7616FA01\n法華經-十三品之八-藥王本事品-2/2:http://www.youtube.com/watch?v=EzWVMUkvwTM&feature=BFa&list=SP370E572B7616FA01\n法華經-十三品之九-妙音菩薩品:http://www.youtube.com/watch?v=h_e3hiZ6hbo&feature=BFa&list=SP370E572B7616FA01\n法華經-十三品之十-觀世音菩薩普門品:http://www.youtube.com/watch?v=7demreQmppg&feature=BFa&list=SP370E572B7616FA01\n法華經-十三品之十一-陀羅尼品:http://www.youtube.com/watch?v=DcSf8Eb0eXY&feature=BFa&list=SP370E572B7616FA01\n法華經-十三品之十二-妙莊嚴王本事品:http://www.youtube.com/watch?v=NTLkQgl3olo&feature=BFa&list=SP370E572B7616FA01\n法華經-十三品之十三-普賢菩薩勸發品:http://www.youtube.com/watch?v=4fYCF5t0Ihk&feature=BFa&list=SP370E572B7616FA01');
INSERT INTO videos(vid, pid, title, description) VALUES('uEABZAEnqcg', 'PL370E572B7616FA01', '《法華經》講記 十三品之二：分別功德品', '本品告訴我們如何獲得佛的大智慧，大功德。經中教我們以深切的「信心」，透過「受持」、「讀誦」、「供養」、「證」來學習、實踐法華經，必能有無盡的功德。\n\n《法華經》講記 十三品之一：如來壽量品http://www.youtube.com/watch?v=2ijZgA1UQQ4&list=PL370E572B7616FA01&index=1&feature=plpp_video  \n《法華經》講記 十三品之三-隨喜功德品\nhttp://www.youtube.com/watch?v=A3WWNsM_3-g&list=PL370E572B7616FA01&index=3&feature=plpp_video\n《法華經》講記 十三品之四-法師功德品-1/2\nhttp://www.youtube.com/watch?v=OFngNsD0IEk&list=PL370E572B7616FA01&index=4&feature=plpp_video\n《法華經》講記 十三品之四-法師功德品-2/2\nhttp://www.youtube.com/watch?v=iZ_WZ26JWoU&list=PL370E572B7616FA01&index=5&feature=plpp_video\n《法華經》講記 十三品之五-常不輕菩薩品\nhttp://www.youtube.com/watch?v=Vype2WcAvA0&list=PL370E572B7616FA01&index=6&feature=plpp_video\n《法華經》講記 十三品之六-如來神力品-1/2\nhttp://www.youtube.com/watch?v=0Ph5QrqegYg&list=PL370E572B7616FA01&index=7&feature=plpp_video\n《法華經》講記 十三品之六-如來神力品-2/2\nhttp://www.youtube.com/watch?v=Ezp32FAyfHU&list=PL370E572B7616FA01&index=8&feature=plpp_video\n《法華經》講記 十三品之七-囑累品\nhttp://www.youtube.com/watch?v=GT-0-wquYsk&list=PL370E572B7616FA01&index=9&feature=plpp_video\n《法華經》講記 十三品之八-藥王本事品-1/2\nhttp://www.youtube.com/watch?v=1C650IpBTeM&list=PL370E572B7616FA01&index=10&feature=plpp_video\n《法華經》講記 十十三品之八-藥王本事品-2/2\nhttp://www.youtube.com/watch?v=EzWVMUkvwTM&list=PL370E572B7616FA01&index=11&feature=plpp_video\n《法華經》講記 十三品之九-妙音菩薩品\nhttp://www.youtube.com/watch?v=h_e3hiZ6hbo&list=PL370E572B7616FA01&index=12&feature=plpp_video');
INSERT INTO videos(vid, pid, title, description) VALUES('A3WWNsM_3-g', 'PL370E572B7616FA01', '《法華經》講記 十三品之三-隨喜功德品', '在本品中，佛告訴阿逸多菩薩，聞經隨喜，轉教他人，功德大的無法比喻。鼓勵我們，以歡喜心領受佛法，並盡自己所能，與身旁的人分享。\n\n《法華經》講記 十三品之一：如來壽量品http://www.youtube.com/watch?v=2ijZgA1UQQ4&list=PL370E572B7616FA01&index=1&feature=plpp_video  \n《法華經》講記 十三品之二：分別功德品\nhttp://www.youtube.com/watch?v=uEABZAEnqcg&list=PL370E572B7616FA01&index=2&feature=plpp_video\n《法華經》講記 十三品之四-法師功德品-1/2\nhttp://www.youtube.com/watch?v=OFngNsD0IEk&list=PL370E572B7616FA01&index=4&feature=plpp_video\n《法華經》講記 十三品之四-法師功德品-2/2\nhttp://www.youtube.com/watch?v=iZ_WZ26JWoU&list=PL370E572B7616FA01&index=5&feature=plpp_video\n《法華經》講記 十三品之五-常不輕菩薩品\nhttp://www.youtube.com/watch?v=Vype2WcAvA0&list=PL370E572B7616FA01&index=6&feature=plpp_video\n《法華經》講記 十三品之六-如來神力品-1/2\nhttp://www.youtube.com/watch?v=0Ph5QrqegYg&list=PL370E572B7616FA01&index=7&feature=plpp_video\n《法華經》講記 十三品之六-如來神力品-2/2\nhttp://www.youtube.com/watch?v=Ezp32FAyfHU&list=PL370E572B7616FA01&index=8&feature=plpp_video\n《法華經》講記 十三品之七-囑累品\nhttp://www.youtube.com/watch?v=GT-0-wquYsk&list=PL370E572B7616FA01&index=9&feature=plpp_video\n《法華經》講記 十三品之八-藥王本事品-1/2\nhttp://www.youtube.com/watch?v=1C650IpBTeM&list=PL370E572B7616FA01&index=10&feature=plpp_video\n《法華經》講記 十十三品之八-藥王本事品-2/2\nhttp://www.youtube.com/watch?v=EzWVMUkvwTM&list=PL370E572B7616FA01&index=11&feature=plpp_video\n《法華經》講記 十三品之九-妙音菩薩品\nhttp://www.youtube.com/watch?v=h_e3hiZ6hbo&list=PL370E572B7616FA01&index=12&feature=plpp_video');
INSERT INTO videos(vid, pid, title, description) VALUES('GHLLzphJa_M', 'PL370E572B7616FA01', '《法華經》講記 十三品之四-法師功德品', '經中告訴我們眼、耳、鼻、舌、身、意，六根清淨的功德，若能善於調伏、守護六根，便可得見色、聞聲、辨香、別味、覺觸、知法的不思議功能。雖為凡夫，只要一心精進的修持《法華經》，便能獲得六根莊嚴。\n\n《法華經》講記 十三品之一：如來壽量品http://www.youtube.com/watch?v=2ijZgA1UQQ4&list=PL370E572B7616FA01&index=1&feature=plpp_video  \n《法華經》講記 十三品之二：分別功德品\nhttp://www.youtube.com/watch?v=uEABZAEnqcg&list=PL370E572B7616FA01&index=2&feature=plpp_video\n《法華經》講記 十三品之三-隨喜功德品\nhttp://www.youtube.com/watch?v=A3WWNsM_3-g&list=PL370E572B7616FA01&index=3&feature=plpp_video\n《法華經》講記 十三品之四-法師功德品\n\n《法華經》講記 十三品之五-常不輕菩薩品\nhttp://www.youtube.com/watch?v=Vype2WcAvA0&list=PL370E572B7616FA01&index=6&feature=plpp_video\n《法華經》講記 十三品之六-如來神力品\n\n《法華經》講記 十三品之七-囑累品\nhttp://www.youtube.com/watch?v=GT-0-wquYsk&list=PL370E572B7616FA01&index=9&feature=plpp_video\n《法華經》講記 十三品之八-藥王本事品\n\n《法華經》講記 十三品之九-妙音菩薩品\nhttp://www.youtube.com/watch?v=h_e3hiZ6hbo&list=PL370E572B7616FA01&index=12&feature=plpp_video');
INSERT INTO videos(vid, pid, title, description) VALUES('Vype2WcAvA0', 'PL370E572B7616FA01', '《法華經》講記 十三品之五-常不輕菩薩品', '世尊往昔為常不輕菩薩，對一切眾生皆能成佛的唯一佛乘深信不疑，一句「汝等皆當作佛」憶持不失，時時宣說，恭敬禮拜，就有無量功德，而為成佛的主因。\n\n《法華經》講記 十三品之一：如來壽量品http://www.youtube.com/watch?v=2ijZgA1UQQ4&list=PL370E572B7616FA01&index=1&feature=plpp_video  \n《法華經》講記 十三品之二：分別功德品\nhttp://www.youtube.com/watch?v=uEABZAEnqcg&list=PL370E572B7616FA01&index=2&feature=plpp_video\n《法華經》講記 十三品之三-隨喜功德品\nhttp://www.youtube.com/watch?v=A3WWNsM_3-g&list=PL370E572B7616FA01&index=3&feature=plpp_video\n《法華經》講記 十三品之四-法師功德品-1/2\nhttp://www.youtube.com/watch?v=OFngNsD0IEk&list=PL370E572B7616FA01&index=4&feature=plpp_video\n《法華經》講記 十三品之四-法師功德品-2/2\nhttp://www.youtube.com/watch?v=iZ_WZ26JWoU&list=PL370E572B7616FA01&index=5&feature=plpp_video\n《法華經》講記 十三品之六-如來神力品-1/2\nhttp://www.youtube.com/watch?v=0Ph5QrqegYg&list=PL370E572B7616FA01&index=7&feature=plpp_video\n《法華經》講記 十三品之六-如來神力品-2/2\nhttp://www.youtube.com/watch?v=Ezp32FAyfHU&list=PL370E572B7616FA01&index=8&feature=plpp_video\n《法華經》講記 十三品之七-囑累品\nhttp://www.youtube.com/watch?v=GT-0-wquYsk&list=PL370E572B7616FA01&index=9&feature=plpp_video\n《法華經》講記 十三品之八-藥王本事品-1/2\nhttp://www.youtube.com/watch?v=1C650IpBTeM&list=PL370E572B7616FA01&index=10&feature=plpp_video\n《法華經》講記 十十三品之八-藥王本事品-2/2\nhttp://www.youtube.com/watch?v=EzWVMUkvwTM&list=PL370E572B7616FA01&index=11&feature=plpp_video\n《法華經》講記 十三品之九-妙音菩薩品\nhttp://www.youtube.com/watch?v=h_e3hiZ6hbo&list=PL370E572B7616FA01&index=12&feature=plpp_video');
INSERT INTO videos(vid, pid, title, description) VALUES('3laWBQrEXZs', 'PL370E572B7616FA01', '《法華經》講記 十三品之六-如來神力品', '本品說：「如來一切之法，如來一切自在神力，如來一切秘要之藏，如來一切甚深之事」以說明如來施教攝化的神力，讓我們生起絕對的信心來接受，並親證實悟。\n\n《法華經》講記 十三品之三-隨喜功德品\nhttp://www.youtube.com/watch?v=A3WWNsM_3-g&list=PL370E572B7616FA01&index=3&feature=plpp_video\n《法華經》講記 十三品之四-法師功德品-1/2\nhttp://www.youtube.com/watch?v=OFngNsD0IEk&list=PL370E572B7616FA01&index=4&feature=plpp_video\n《法華經》講記 十三品之四-法師功德品-2/2\nhttp://www.youtube.com/watch?v=iZ_WZ26JWoU&list=PL370E572B7616FA01&index=5&feature=plpp_video\n《法華經》講記 十三品之五-常不輕菩薩品\nhttp://www.youtube.com/watch?v=Vype2WcAvA0&list=PL370E572B7616FA01&index=6&feature=plpp_video\n《法華經》講記 十三品之六-如來神力品-1/2\nhttp://www.youtube.com/watch?v=0Ph5QrqegYg&list=PL370E572B7616FA01&index=7&feature=plpp_video\n《法華經》講記 十三品之七-囑累品\nhttp://www.youtube.com/watch?v=GT-0-wquYsk&list=PL370E572B7616FA01&index=9&feature=plpp_video\n《法華經》講記 十三品之八-藥王本事品-1/2\nhttp://www.youtube.com/watch?v=1C650IpBTeM&list=PL370E572B7616FA01&index=10&feature=plpp_video\n《法華經》講記 十十三品之八-藥王本事品-2/2\nhttp://www.youtube.com/watch?v=EzWVMUkvwTM&list=PL370E572B7616FA01&index=11&feature=plpp_video\n《法華經》講記 十三品之九-妙音菩薩品\nhttp://www.youtube.com/watch?v=h_e3hiZ6hbo&list=PL370E572B7616FA01&index=12&feature=plpp_video\n《法華經》講記 十三品之十-觀世音菩薩普門品\nhttp://www.youtube.com/watch?v=7demreQmppg&list=PL370E572B7616FA01&index=13&feature=plpp_video');
INSERT INTO videos(vid, pid, title, description) VALUES('GT-0-wquYsk', 'PL370E572B7616FA01', '《法華經》講記 十三品之七-囑累品', '「累囑」，是再三咐囑的意思，釋迦世尊以身口意三業加持，將《法華經》的妙法付託無量菩薩摩訶薩。勉勵大眾要廣為宣傳此經，令一切眾生都得佛法的利益。\n\n《法華經》講記 十三品之三-隨喜功德品\nhttp://www.youtube.com/watch?v=A3WWNsM_3-g&list=PL370E572B7616FA01&index=3&feature=plpp_video\n《法華經》講記 十三品之四-法師功德品-1/2\nhttp://www.youtube.com/watch?v=OFngNsD0IEk&list=PL370E572B7616FA01&index=4&feature=plpp_video\n《法華經》講記 十三品之四-法師功德品-2/2\nhttp://www.youtube.com/watch?v=iZ_WZ26JWoU&list=PL370E572B7616FA01&index=5&feature=plpp_video\n《法華經》講記 十三品之五-常不輕菩薩品\nhttp://www.youtube.com/watch?v=Vype2WcAvA0&list=PL370E572B7616FA01&index=6&feature=plpp_video\n《法華經》講記 十三品之六-如來神力品-1/2\nhttp://www.youtube.com/watch?v=0Ph5QrqegYg&list=PL370E572B7616FA01&index=7&feature=plpp_video\n《法華經》講記 十三品之六-如來神力品-2/2\nhttp://www.youtube.com/watch?v=Ezp32FAyfHU&list=PL370E572B7616FA01&index=8&feature=plpp_video\n《法華經》講記 十三品之八-藥王本事品-1/2\nhttp://www.youtube.com/watch?v=1C650IpBTeM&list=PL370E572B7616FA01&index=10&feature=plpp_video\n《法華經》講記 十十三品之八-藥王本事品-2/2\nhttp://www.youtube.com/watch?v=EzWVMUkvwTM&list=PL370E572B7616FA01&index=11&feature=plpp_video\n《法華經》講記 十三品之九-妙音菩薩品\nhttp://www.youtube.com/watch?v=h_e3hiZ6hbo&list=PL370E572B7616FA01&index=12&feature=plpp_video\n《法華經》講記 十三品之十-觀世音菩薩普門品\nhttp://www.youtube.com/watch?v=7demreQmppg&list=PL370E572B7616FA01&index=13&feature=plpp_video');
INSERT INTO videos(vid, pid, title, description) VALUES('e_5CK62ggH4', 'PL370E572B7616FA01', '《法華經》講記 十三品之八-藥王本事品', '本品敘述藥王菩薩的過去燒身供養的因緣，來說明《法華經》為經中之王。聖嚴法師說「以實相供養才是真法供養，才是真精進，是施中第一、最尊、最上。」');
INSERT INTO videos(vid, pid, title, description) VALUES('h_e3hiZ6hbo', 'PL370E572B7616FA01', '《法華經》講記 十三品之九-妙音菩薩品', '敘述妙音菩薩現四十種身，入於六道，說法利生\r\n\r\n《法華經》講記 十三品之五-常不輕菩薩品\r\nhttp://www.youtube.com/watch?v=Vype2WcAvA0&list=PL370E572B7616FA01&index=6&feature=plpp_video\r\n《法華經》講記 十三品之六-如來神力品-1/2\r\nhttp://www.youtube.com/watch?v=0Ph5QrqegYg&list=PL370E572B7616FA01&index=7&feature=plpp_video\r\n《法華經》講記 十三品之六-如來神力品-2/2\r\nhttp://www.youtube.com/watch?v=Ezp32FAyfHU&list=PL370E572B7616FA01&index=8&feature=plpp_video\r\n《法華經》講記 十三品之七-囑累品\r\nhttp://www.youtube.com/watch?v=GT-0-wquYsk&list=PL370E572B7616FA01&index=9&feature=plpp_video\r\n《法華經》講記 十三品之八-藥王本事品-1/2\r\nhttp://www.youtube.com/watch?v=1C650IpBTeM&list=PL370E572B7616FA01&index=10&feature=plpp_video\r\n《法華經》講記 十十三品之八-藥王本事品-2/2\r\nhttp://www.youtube.com/watch?v=EzWVMUkvwTM&list=PL370E572B7616FA01&index=11&feature=plpp_video\r\n《法華經》講記 十三品之十-觀世音菩薩普門品\r\nhttp://www.youtube.com/watch?v=7demreQmppg&list=PL370E572B7616FA01&index=13&feature=plpp_video\r\n《法華經》講記 十三品之十一-陀羅尼品\r\nhttp://www.youtube.com/watch?v=DcSf8Eb0eXY&list=PL370E572B7616FA01&index=14&feature=plpp_video\r\n《法華經》講記 十三品之十二-妙莊嚴王本事品\r\nhttp://www.youtube.com/watch?v=NTLkQgl3olo&list=PL370E572B7616FA01&index=15&feature=plpp_video\r\n《法華經》講記 十三品之十三-普賢菩薩勸發品\r\nhttp://www.youtube.com/watch?v=4fYCF5t0Ihk&list=PL370E572B7616FA01&index=16&feature=plpp_video');
INSERT INTO videos(vid, pid, title, description) VALUES('7demreQmppg', 'PL370E572B7616FA01', '《法華經》講記 十三品之十-觀世音菩薩普門品', '因無盡意菩薩請法，釋尊說出觀世音菩薩以十四種功德，而名為觀世音\r\n\r\n《法華經》講記 十三品之五-常不輕菩薩品\r\nhttp://www.youtube.com/watch?v=Vype2WcAvA0&list=PL370E572B7616FA01&index=6&feature=plpp_video\r\n《法華經》講記 十三品之六-如來神力品-1/2\r\nhttp://www.youtube.com/watch?v=0Ph5QrqegYg&list=PL370E572B7616FA01&index=7&feature=plpp_video\r\n《法華經》講記 十三品之六-如來神力品-2/2\r\nhttp://www.youtube.com/watch?v=Ezp32FAyfHU&list=PL370E572B7616FA01&index=8&feature=plpp_video\r\n《法華經》講記 十三品之七-囑累品\r\nhttp://www.youtube.com/watch?v=GT-0-wquYsk&list=PL370E572B7616FA01&index=9&feature=plpp_video\r\n《法華經》講記 十三品之八-藥王本事品-1/2\r\nhttp://www.youtube.com/watch?v=1C650IpBTeM&list=PL370E572B7616FA01&index=10&feature=plpp_video\r\n《法華經》講記 十十三品之八-藥王本事品-2/2\r\nhttp://www.youtube.com/watch?v=EzWVMUkvwTM&list=PL370E572B7616FA01&index=11&feature=plpp_video\r\n《法華經》講記 十三品之九-妙音菩薩品\r\nhttp://www.youtube.com/watch?v=h_e3hiZ6hbo&list=PL370E572B7616FA01&index=12&feature=plpp_video\r\n《法華經》講記 十三品之十一-陀羅尼品\r\nhttp://www.youtube.com/watch?v=DcSf8Eb0eXY&list=PL370E572B7616FA01&index=14&feature=plpp_video\r\n《法華經》講記 十三品之十二-妙莊嚴王本事品\r\nhttp://www.youtube.com/watch?v=NTLkQgl3olo&list=PL370E572B7616FA01&index=15&feature=plpp_video\r\n《法華經》講記 十三品之十三-普賢菩薩勸發品\r\nhttp://www.youtube.com/watch?v=4fYCF5t0Ihk&list=PL370E572B7616FA01&index=16&feature=plpp_video');
INSERT INTO videos(vid, pid, title, description) VALUES('DcSf8Eb0eXY', 'PL370E572B7616FA01', '《法華經》講記 十三品之十一-陀羅尼品', '以陀羅尼的咒力，護持演說法華經的法師\r\n\r\n《法華經》講記 十三品之五-常不輕菩薩品\r\nhttp://www.youtube.com/watch?v=Vype2WcAvA0&list=PL370E572B7616FA01&index=6&feature=plpp_video\r\n《法華經》講記 十三品之六-如來神力品-1/2\r\nhttp://www.youtube.com/watch?v=0Ph5QrqegYg&list=PL370E572B7616FA01&index=7&feature=plpp_video\r\n《法華經》講記 十三品之六-如來神力品-2/2\r\nhttp://www.youtube.com/watch?v=Ezp32FAyfHU&list=PL370E572B7616FA01&index=8&feature=plpp_video\r\n《法華經》講記 十三品之七-囑累品\r\nhttp://www.youtube.com/watch?v=GT-0-wquYsk&list=PL370E572B7616FA01&index=9&feature=plpp_video\r\n《法華經》講記 十三品之八-藥王本事品-1/2\r\nhttp://www.youtube.com/watch?v=1C650IpBTeM&list=PL370E572B7616FA01&index=10&feature=plpp_video\r\n《法華經》講記 十十三品之八-藥王本事品-2/2\r\nhttp://www.youtube.com/watch?v=EzWVMUkvwTM&list=PL370E572B7616FA01&index=11&feature=plpp_video\r\n《法華經》講記 十三品之九-妙音菩薩品\r\nhttp://www.youtube.com/watch?v=h_e3hiZ6hbo&list=PL370E572B7616FA01&index=12&feature=plpp_video\r\n《法華經》講記 十三品之十-觀世音菩薩普門品\r\nhttp://www.youtube.com/watch?v=7demreQmppg&list=PL370E572B7616FA01&index=13&feature=plpp_video\r\n《法華經》講記 十三品之十二-妙莊嚴王本事品\r\nhttp://www.youtube.com/watch?v=NTLkQgl3olo&list=PL370E572B7616FA01&index=15&feature=plpp_video\r\n《法華經》講記 十三品之十三-普賢菩薩勸發品\r\nhttp://www.youtube.com/watch?v=4fYCF5t0Ihk&list=PL370E572B7616FA01&index=16&feature=plpp_video');
INSERT INTO videos(vid, pid, title, description) VALUES('NTLkQgl3olo', 'PL370E572B7616FA01', '《法華經》講記 十三品之十二-妙莊嚴王本事品', '敘述四位菩薩：藥王、藥上、華德、光照莊嚴相菩薩的修行過程，以說明修法華經者必定成佛。\r\n\r\n《法華經》講記 十三品之五-常不輕菩薩品\r\nhttp://www.youtube.com/watch?v=Vype2WcAvA0&list=PL370E572B7616FA01&index=6&feature=plpp_video\r\n《法華經》講記 十三品之六-如來神力品-1/2\r\nhttp://www.youtube.com/watch?v=0Ph5QrqegYg&list=PL370E572B7616FA01&index=7&feature=plpp_video\r\n《法華經》講記 十三品之六-如來神力品-2/2\r\nhttp://www.youtube.com/watch?v=Ezp32FAyfHU&list=PL370E572B7616FA01&index=8&feature=plpp_video\r\n《法華經》講記 十三品之七-囑累品\r\nhttp://www.youtube.com/watch?v=GT-0-wquYsk&list=PL370E572B7616FA01&index=9&feature=plpp_video\r\n《法華經》講記 十三品之八-藥王本事品-1/2\r\nhttp://www.youtube.com/watch?v=1C650IpBTeM&list=PL370E572B7616FA01&index=10&feature=plpp_video\r\n《法華經》講記 十十三品之八-藥王本事品-2/2\r\nhttp://www.youtube.com/watch?v=EzWVMUkvwTM&list=PL370E572B7616FA01&index=11&feature=plpp_video\r\n《法華經》講記 十三品之九-妙音菩薩品\r\nhttp://www.youtube.com/watch?v=h_e3hiZ6hbo&list=PL370E572B7616FA01&index=12&feature=plpp_video\r\n《法華經》講記 十三品之十-觀世音菩薩普門品\r\nhttp://www.youtube.com/watch?v=7demreQmppg&list=PL370E572B7616FA01&index=13&feature=plpp_video\r\n《法華經》講記 十三品之十一-陀羅尼品\r\nhttp://www.youtube.com/watch?v=DcSf8Eb0eXY&list=PL370E572B7616FA01&index=14&feature=plpp_video\r\n《法華經》講記 十三品之十三-普賢菩薩勸發品\r\nhttp://www.youtube.com/watch?v=4fYCF5t0Ihk&list=PL370E572B7616FA01&index=16&feature=plpp_video');
INSERT INTO videos(vid, pid, title, description) VALUES('4fYCF5t0Ihk', 'PL370E572B7616FA01', '《法華經》講記 十三品之十三-普賢菩薩勸發品', '敘述普賢菩薩率領大眾，從東方佛國，來到耆闍崛山，表示於來末世，當乘六牙白象，以神通力守護法華經，使於閻浮提內，廣宣留布，不令斷絕。\r\n\r\n《法華經》講記 十三品之五-常不輕菩薩品\r\nhttp://www.youtube.com/watch?v=Vype2WcAvA0&list=PL370E572B7616FA01&index=6&feature=plpp_video\r\n《法華經》講記 十三品之六-如來神力品-1/2\r\nhttp://www.youtube.com/watch?v=0Ph5QrqegYg&list=PL370E572B7616FA01&index=7&feature=plpp_video\r\n《法華經》講記 十三品之六-如來神力品-2/2\r\nhttp://www.youtube.com/watch?v=Ezp32FAyfHU&list=PL370E572B7616FA01&index=8&feature=plpp_video\r\n《法華經》講記 十三品之七-囑累品\r\nhttp://www.youtube.com/watch?v=GT-0-wquYsk&list=PL370E572B7616FA01&index=9&feature=plpp_video\r\n《法華經》講記 十三品之八-藥王本事品-1/2\r\nhttp://www.youtube.com/watch?v=1C650IpBTeM&list=PL370E572B7616FA01&index=10&feature=plpp_video\r\n《法華經》講記 十十三品之八-藥王本事品-2/2\r\nhttp://www.youtube.com/watch?v=EzWVMUkvwTM&list=PL370E572B7616FA01&index=11&feature=plpp_video\r\n《法華經》講記 十三品之九-妙音菩薩品\r\nhttp://www.youtube.com/watch?v=h_e3hiZ6hbo&list=PL370E572B7616FA01&index=12&feature=plpp_video\r\n《法華經》講記 十三品之十-觀世音菩薩普門品\r\nhttp://www.youtube.com/watch?v=7demreQmppg&list=PL370E572B7616FA01&index=13&feature=plpp_video\r\n《法華經》講記 十三品之十一-陀羅尼品\r\nhttp://www.youtube.com/watch?v=DcSf8Eb0eXY&list=PL370E572B7616FA01&index=14&feature=plpp_video\r\n《法華經》講記 十三品之十二-妙莊嚴王本事品\r\nhttp://www.youtube.com/watch?v=NTLkQgl3olo&list=PL370E572B7616FA01&index=15&feature=plpp_video');
INSERT INTO playlist(pid, cid, title, description) VALUES('PLC674CDB4CEA5A4B9','UCKhWUY33n3vvXD8vCzTXhKg', '聖嚴法師：地藏菩薩的大願法門', '地藏菩薩是中國人所熟悉的偉大菩薩，聖嚴法師在本講座中講述了「地藏三經」的大悲願意涵，教我們以地藏菩薩的弘深誓願為楷模，廣發大願來修行。更將行持的方法，彙整為信、願、行，對於地藏菩薩法門，不但因此有了更正確、有系統的認識。 經由聖嚴法師親切生動，殷切的叮嚀講述，讓人如同沐浴在菩薩的大悲願中，更加勇於發願，樂於實踐。\r\n\r\n\r\n本講座講於：\r\n◎  時間：1995年7月9日\r\n◎  地點：台北農禪寺');
INSERT INTO videos(vid, pid, title, description) VALUES('ySIt1T4pkgg', 'PLC674CDB4CEA5A4B9', '地藏菩薩的大願法門- 前言緒論 1/11', '地藏菩薩是中國人所熟悉的偉大菩薩，聖嚴法師在本講座中講述了「地藏三經」的大悲願意涵，教我們以地藏菩薩的弘深誓願為楷模，廣發大願來修行。更將行持的方法，彙整為信、願、行，對於地藏菩薩法門，不但因此有了更正確、有系統的認識。 經由聖嚴法師親切生動，殷切的叮嚀講述，讓人如同沐浴在菩薩的大悲願中，更加勇於發願，樂於實踐。\n\n\n本講座講於：\n◎  時間：1995年7月9日\n◎  地點：台北農禪寺\n\n地藏菩薩的大願法門- 2/11:http://www.youtube.com/watch?v=WxFyhFKUZ8c&feature=BFa&list=PLC674CDB4CEA5A4B9\n地藏菩薩的大願法門- 3/11:http://www.youtube.com/watch?v=8nunNufZtfg&feature=BFa&list=PLC674CDB4CEA5A4B9\n地藏菩薩的大願法門- 4/11:http://www.youtube.com/watch?v=yrTlnkwjv_8&feature=BFa&list=PLC674CDB4CEA5A4B9\n地藏菩薩的大願法門- 5/11:http://www.youtube.com/watch?v=d0DD_VLP0lU&feature=BFa&list=PLC674CDB4CEA5A4B9\n地藏菩薩的大願法門- 6/11:http://www.youtube.com/watch?v=xqod6cy0DOg&feature=BFa&list=PLC674CDB4CEA5A4B9\n地藏菩薩的大願法門- 7/11:http://www.youtube.com/watch?v=xjRSnptQzcM&feature=BFa&list=PLC674CDB4CEA5A4B9\n地藏菩薩的大願法門- 8/11:http://www.youtube.com/watch?v=iM0DXufhLxU&feature=BFa&list=PLC674CDB4CEA5A4B9\n地藏菩薩的大願法門- 9/11:http://www.youtube.com/watch?v=fsJInMt7vfo&feature=BFa&list=PLC674CDB4CEA5A4B9\n地藏菩薩的大願法門- 10/11:http://www.youtube.com/watch?v=-c0Dw9X77o4&feature=BFa&list=PLC674CDB4CEA5A4B9\n地藏菩薩的大願法門- 11/11:http://www.youtube.com/watch?v=469leSPOTBk&feature=BFa&list=PLC674CDB4CEA5A4B9');
INSERT INTO videos(vid, pid, title, description) VALUES('WxFyhFKUZ8c', 'PLC674CDB4CEA5A4B9', '地藏菩薩的大願法門- 《占察善惡業報經》2/11', '地藏菩薩是中國人所熟悉的偉大菩薩，聖嚴法師在本講座中講述了「地藏三經」的大悲願意涵，教我們以地藏菩薩的弘深誓願為楷模，廣發大願來修行。更將行持的方法，彙整為信、願、行，對於地藏菩薩法門，不但因此有了更正確、有系統的認識。 經由聖嚴法師親切生動，殷切的叮嚀講述，讓人如同沐浴在菩薩的大悲願中，更加勇於發願，樂於實踐。\n\n\n本講座講於：\n◎  時間：1995年7月9日\n◎  地點：台北農禪寺\n\n聖嚴法師：地藏菩薩的大願法門- 1/11\nhttp://www.youtube.com/watch?v=ySIt1T4pkgg&list=PLC674CDB4CEA5A4B9&index=1\n地藏菩薩的大願法門- 3/11\nhttp://www.youtube.com/watch?v=8nunNufZtfg&feature=BFa&list=PLC674CDB4CEA5A4B9\n地藏菩薩的大願法門- 4/11\nhttp://www.youtube.com/watch?v=yrTlnkwjv_8&feature=BFa&list=PLC674CDB4CEA5A4B9\n地藏菩薩的大願法門- 5/11\nhttp://www.youtube.com/watch?v=d0DD_VLP0lU&feature=BFa&list=PLC674CDB4CEA5A4B9\n地藏菩薩的大願法門- 6/11\nhttp://www.youtube.com/watch?v=xqod6cy0DOg&feature=BFa&list=PLC674CDB4CEA5A4B9\n地藏菩薩的大願法門- 7/11\nhttp://www.youtube.com/watch?v=xjRSnptQzcM&feature=BFa&list=PLC674CDB4CEA5A4B9\n地藏菩薩的大願法門- 8/11\nhttp://www.youtube.com/watch?v=iM0DXufhLxU&feature=BFa&list=PLC674CDB4CEA5A4B9\n地藏菩薩的大願法門- 9/11\nhttp://www.youtube.com/watch?v=fsJInMt7vfo&feature=BFa&list=PLC674CDB4CEA5A4B9\n地藏菩薩的大願法門- 10/11:http://www.youtube.com/watch?v=-c0Dw9X77o4&feature=BFa&list=PLC674CDB4CEA5A4B9\n地藏菩薩的大願法門- 11/11\nhttp://www.youtube.com/watch?v=469leSPOTBk&feature=BFa&list=PLC674CDB4CEA5A4B9');
INSERT INTO videos(vid, pid, title, description) VALUES('8nunNufZtfg', 'PLC674CDB4CEA5A4B9', '地藏菩薩的大願法門-修行占察法當發種種願  3/11', '地藏菩薩是中國人所熟悉的偉大菩薩，聖嚴法師在本講座中講述了「地藏三經」的大悲願意涵，教我們以地藏菩薩的弘深誓願為楷模，廣發大願來修行。更將行持的方法，彙整為信、願、行，對於地藏菩薩法門，不但因此有了更正確、有系統的認識。 經由聖嚴法師親切生動，殷切的叮嚀講述，讓人如同沐浴在菩薩的大悲願中，更加勇於發願，樂於實踐。\n\n\n本講座講於：\n◎  時間：1995年7月9日\n◎  地點：台北農禪寺\n\n聖嚴法師：地藏菩薩的大願法門- 1/11\nhttp://www.youtube.com/watch?v=ySIt1T4pkgg&list=PLC674CDB4CEA5A4B9&index=1\n地藏菩薩的大願法門- 2/11\nhttp://www.youtube.com/watch?v=WxFyhFKUZ8c&feature=BFa&list=PLC674CDB4CEA5A4B9\n地藏菩薩的大願法門- 4/11\nhttp://www.youtube.com/watch?v=yrTlnkwjv_8&feature=BFa&list=PLC674CDB4CEA5A4B9\n地藏菩薩的大願法門- 5/11\nhttp://www.youtube.com/watch?v=d0DD_VLP0lU&feature=BFa&list=PLC674CDB4CEA5A4B9\n地藏菩薩的大願法門- 6/11\nhttp://www.youtube.com/watch?v=xqod6cy0DOg&feature=BFa&list=PLC674CDB4CEA5A4B9\n地藏菩薩的大願法門- 7/11\nhttp://www.youtube.com/watch?v=xjRSnptQzcM&feature=BFa&list=PLC674CDB4CEA5A4B9\n地藏菩薩的大願法門- 8/11\nhttp://www.youtube.com/watch?v=iM0DXufhLxU&feature=BFa&list=PLC674CDB4CEA5A4B9\n地藏菩薩的大願法門- 9/11\nhttp://www.youtube.com/watch?v=fsJInMt7vfo&feature=BFa&list=PLC674CDB4CEA5A4B9\n地藏菩薩的大願法門- 10/11:http://www.youtube.com/watch?v=-c0Dw9X77o4&feature=BFa&list=PLC674CDB4CEA5A4B9\n地藏菩薩的大願法門- 11/11\nhttp://www.youtube.com/watch?v=469leSPOTBk&feature=BFa&list=PLC674CDB4CEA5A4B9');
INSERT INTO videos(vid, pid, title, description) VALUES('yrTlnkwjv_8', 'PLC674CDB4CEA5A4B9', '地藏菩薩的大願法門- 《占察經》的離怯懦法 4/11', '地藏菩薩是中國人所熟悉的偉大菩薩，聖嚴法師在本講座中講述了「地藏三經」的大悲願意涵，教我們以地藏菩薩的弘深誓願為楷模，廣發大願來修行。更將行持的方法，彙整為信、願、行，對於地藏菩薩法門，不但因此有了更正確、有系統的認識。 經由聖嚴法師親切生動，殷切的叮嚀講述，讓人如同沐浴在菩薩的大悲願中，更加勇於發願，樂於實踐。\n\n\n本講座講於：\n◎  時間：1995年7月9日\n◎  地點：台北農禪寺\n\n聖嚴法師：地藏菩薩的大願法門- 1/11\nhttp://www.youtube.com/watch?v=ySIt1T4pkgg&list=PLC674CDB4CEA5A4B9&index=1\n地藏菩薩的大願法門- 2/11\nhttp://www.youtube.com/watch?v=WxFyhFKUZ8c&feature=BFa&list=PLC674CDB4CEA5A4B9\n地藏菩薩的大願法門- 3/11\nhttp://www.youtube.com/watch?v=8nunNufZtfg&feature=BFa&list=PLC674CDB4CEA5A4B9\n地藏菩薩的大願法門- 5/11\nhttp://www.youtube.com/watch?v=d0DD_VLP0lU&feature=BFa&list=PLC674CDB4CEA5A4B9\n地藏菩薩的大願法門- 6/11\nhttp://www.youtube.com/watch?v=xqod6cy0DOg&feature=BFa&list=PLC674CDB4CEA5A4B9\n地藏菩薩的大願法門- 7/11\nhttp://www.youtube.com/watch?v=xjRSnptQzcM&feature=BFa&list=PLC674CDB4CEA5A4B9\n地藏菩薩的大願法門- 8/11\nhttp://www.youtube.com/watch?v=iM0DXufhLxU&feature=BFa&list=PLC674CDB4CEA5A4B9\n地藏菩薩的大願法門- 9/11\nhttp://www.youtube.com/watch?v=fsJInMt7vfo&feature=BFa&list=PLC674CDB4CEA5A4B9\n地藏菩薩的大願法門- 10/11:http://www.youtube.com/watch?v=-c0Dw9X77o4&feature=BFa&list=PLC674CDB4CEA5A4B9\n地藏菩薩的大願法門- 11/11\nhttp://www.youtube.com/watch?v=469leSPOTBk&feature=BFa&list=PLC674CDB4CEA5A4B9');
INSERT INTO videos(vid, pid, title, description) VALUES('d0DD_VLP0lU', 'PLC674CDB4CEA5A4B9', '地藏菩薩的大願法門- 《大乘大集地藏十輪經》地藏菩薩的功德 5/11', '地藏菩薩是中國人所熟悉的偉大菩薩，聖嚴法師在本講座中講述了「地藏三經」的大悲願意涵，教我們以地藏菩薩的弘深誓願為楷模，廣發大願來修行。更將行持的方法，彙整為信、願、行，對於地藏菩薩法門，不但因此有了更正確、有系統的認識。 經由聖嚴法師親切生動，殷切的叮嚀講述，讓人如同沐浴在菩薩的大悲願中，更加勇於發願，樂於實踐。\n\n\n本講座講於：\n◎  時間：1995年7月9日\n◎  地點：台北農禪寺\n\n聖嚴法師：地藏菩薩的大願法門- 1/11\nhttp://www.youtube.com/watch?v=ySIt1T4pkgg&list=PLC674CDB4CEA5A4B9&index=1\n地藏菩薩的大願法門- 2/11\nhttp://www.youtube.com/watch?v=WxFyhFKUZ8c&feature=BFa&list=PLC674CDB4CEA5A4B9\n地藏菩薩的大願法門- 3/11\nhttp://www.youtube.com/watch?v=8nunNufZtfg&feature=BFa&list=PLC674CDB4CEA5A4B9\n地藏菩薩的大願法門- 4/11\nhttp://www.youtube.com/watch?v=yrTlnkwjv_8&feature=BFa&list=PLC674CDB4CEA5A4B9\n地藏菩薩的大願法門- 6/11\nhttp://www.youtube.com/watch?v=xqod6cy0DOg&feature=BFa&list=PLC674CDB4CEA5A4B9\n地藏菩薩的大願法門- 7/11\nhttp://www.youtube.com/watch?v=xjRSnptQzcM&feature=BFa&list=PLC674CDB4CEA5A4B9\n地藏菩薩的大願法門- 8/11\nhttp://www.youtube.com/watch?v=iM0DXufhLxU&feature=BFa&list=PLC674CDB4CEA5A4B9\n地藏菩薩的大願法門- 9/11\nhttp://www.youtube.com/watch?v=fsJInMt7vfo&feature=BFa&list=PLC674CDB4CEA5A4B9\n地藏菩薩的大願法門- 10/11:http://www.youtube.com/watch?v=-c0Dw9X77o4&feature=BFa&list=PLC674CDB4CEA5A4B9\n地藏菩薩的大願法門- 11/11\nhttp://www.youtube.com/watch?v=469leSPOTBk&feature=BFa&list=PLC674CDB4CEA5A4B9');
INSERT INTO videos(vid, pid, title, description) VALUES('xqod6cy0DOg', 'PLC674CDB4CEA5A4B9', '地藏菩薩的大願法門- 《大乘大集地藏十輪經》地藏菩薩的誓願 6/11', '地藏菩薩是中國人所熟悉的偉大菩薩，聖嚴法師在本講座中講述了「地藏三經」的大悲願意涵，教我們以地藏菩薩的弘深誓願為楷模，廣發大願來修行。更將行持的方法，彙整為信、願、行，對於地藏菩薩法門，不但因此有了更正確、有系統的認識。 經由聖嚴法師親切生動，殷切的叮嚀講述，讓人如同沐浴在菩薩的大悲願中，更加勇於發願，樂於實踐。\n\n\n本講座講於：\n◎  時間：1995年7月9日\n◎  地點：台北農禪寺\n\n聖嚴法師：地藏菩薩的大願法門- 1/11\nhttp://www.youtube.com/watch?v=ySIt1T4pkgg&list=PLC674CDB4CEA5A4B9&index=1\n地藏菩薩的大願法門- 2/11\nhttp://www.youtube.com/watch?v=WxFyhFKUZ8c&feature=BFa&list=PLC674CDB4CEA5A4B9\n地藏菩薩的大願法門- 3/11\nhttp://www.youtube.com/watch?v=8nunNufZtfg&feature=BFa&list=PLC674CDB4CEA5A4B9\n地藏菩薩的大願法門- 4/11\nhttp://www.youtube.com/watch?v=yrTlnkwjv_8&feature=BFa&list=PLC674CDB4CEA5A4B9\n地藏菩薩的大願法門- 5/11\nhttp://www.youtube.com/watch?v=d0DD_VLP0lU&feature=BFa&list=PLC674CDB4CEA5A4B9\n地藏菩薩的大願法門- 7/11\nhttp://www.youtube.com/watch?v=xjRSnptQzcM&feature=BFa&list=PLC674CDB4CEA5A4B9\n地藏菩薩的大願法門- 8/11\nhttp://www.youtube.com/watch?v=iM0DXufhLxU&feature=BFa&list=PLC674CDB4CEA5A4B9\n地藏菩薩的大願法門- 9/11\nhttp://www.youtube.com/watch?v=fsJInMt7vfo&feature=BFa&list=PLC674CDB4CEA5A4B9\n地藏菩薩的大願法門- 10/11:http://www.youtube.com/watch?v=-c0Dw9X77o4&feature=BFa&list=PLC674CDB4CEA5A4B9\n地藏菩薩的大願法門- 11/11\nhttp://www.youtube.com/watch?v=469leSPOTBk&feature=BFa&list=PLC674CDB4CEA5A4B9');
INSERT INTO videos(vid, pid, title, description) VALUES('xjRSnptQzcM', 'PLC674CDB4CEA5A4B9', '地藏菩薩的大願法門- 《大乘大集地藏十輪經》地藏菩薩循聲救苦 7/11', '地藏菩薩是中國人所熟悉的偉大菩薩，聖嚴法師在本講座中講述了「地藏三經」的大悲願意涵，教我們以地藏菩薩的弘深誓願為楷模，廣發大願來修行。更將行持的方法，彙整為信、願、行，對於地藏菩薩法門，不但因此有了更正確、有系統的認識。 經由聖嚴法師親切生動，殷切的叮嚀講述，讓人如同沐浴在菩薩的大悲願中，更加勇於發願，樂於實踐。\n\n\n本講座講於：\n◎  時間：1995年7月9日\n◎  地點：台北農禪寺\n\n聖嚴法師：地藏菩薩的大願法門- 1/11\nhttp://www.youtube.com/watch?v=ySIt1T4pkgg&list=PLC674CDB4CEA5A4B9&index=1\n地藏菩薩的大願法門- 2/11\nhttp://www.youtube.com/watch?v=WxFyhFKUZ8c&feature=BFa&list=PLC674CDB4CEA5A4B9\n地藏菩薩的大願法門- 3/11\nhttp://www.youtube.com/watch?v=8nunNufZtfg&feature=BFa&list=PLC674CDB4CEA5A4B9\n地藏菩薩的大願法門- 4/11\nhttp://www.youtube.com/watch?v=yrTlnkwjv_8&feature=BFa&list=PLC674CDB4CEA5A4B9\n地藏菩薩的大願法門- 5/11\nhttp://www.youtube.com/watch?v=d0DD_VLP0lU&feature=BFa&list=PLC674CDB4CEA5A4B9\n地藏菩薩的大願法門- 6/11\nhttp://www.youtube.com/watch?v=xqod6cy0DOg&feature=BFa&list=PLC674CDB4CEA5A4B9\n地藏菩薩的大願法門- 8/11\nhttp://www.youtube.com/watch?v=iM0DXufhLxU&feature=BFa&list=PLC674CDB4CEA5A4B9\n地藏菩薩的大願法門- 9/11\nhttp://www.youtube.com/watch?v=fsJInMt7vfo&feature=BFa&list=PLC674CDB4CEA5A4B9\n地藏菩薩的大願法門- 10/11:http://www.youtube.com/watch?v=-c0Dw9X77o4&feature=BFa&list=PLC674CDB4CEA5A4B9\n地藏菩薩的大願法門- 11/11\nhttp://www.youtube.com/watch?v=469leSPOTBk&feature=BFa&list=PLC674CDB4CEA5A4B9');
INSERT INTO videos(vid, pid, title, description) VALUES('iM0DXufhLxU', 'PLC674CDB4CEA5A4B9', '地藏菩薩的大願法門- 《地藏菩薩本願經》佛為母說法 8/11', '地藏菩薩是中國人所熟悉的偉大菩薩，聖嚴法師在本講座中講述了「地藏三經」的大悲願意涵，教我們以地藏菩薩的弘深誓願為楷模，廣發大願來修行。更將行持的方法，彙整為信、願、行，對於地藏菩薩法門，不但因此有了更正確、有系統的認識。 經由聖嚴法師親切生動，殷切的叮嚀講述，讓人如同沐浴在菩薩的大悲願中，更加勇於發願，樂於實踐。\n\n本講座講於：\n◎  時間：1995年7月9日\n◎  地點：台北農禪寺\n\n聖嚴法師：地藏菩薩的大願法門- 1/11\nhttp://www.youtube.com/watch?v=ySIt1T4pkgg&list=PLC674CDB4CEA5A4B9&index=1\n地藏菩薩的大願法門- 2/11\nhttp://www.youtube.com/watch?v=WxFyhFKUZ8c&feature=BFa&list=PLC674CDB4CEA5A4B9\n地藏菩薩的大願法門- 3/11\nhttp://www.youtube.com/watch?v=8nunNufZtfg&feature=BFa&list=PLC674CDB4CEA5A4B9\n地藏菩薩的大願法門- 4/11\nhttp://www.youtube.com/watch?v=yrTlnkwjv_8&feature=BFa&list=PLC674CDB4CEA5A4B9\n地藏菩薩的大願法門- 5/11\nhttp://www.youtube.com/watch?v=d0DD_VLP0lU&feature=BFa&list=PLC674CDB4CEA5A4B9\n地藏菩薩的大願法門- 6/11\nhttp://www.youtube.com/watch?v=xqod6cy0DOg&feature=BFa&list=PLC674CDB4CEA5A4B9\n地藏菩薩的大願法門- 7/11\nhttp://www.youtube.com/watch?v=xjRSnptQzcM&feature=BFa&list=PLC674CDB4CEA5A4B9\n地藏菩薩的大願法門- 9/11\nhttp://www.youtube.com/watch?v=fsJInMt7vfo&feature=BFa&list=PLC674CDB4CEA5A4B9\n地藏菩薩的大願法門- 10/11:http://www.youtube.com/watch?v=-c0Dw9X77o4&feature=BFa&list=PLC674CDB4CEA5A4B9\n地藏菩薩的大願法門- 11/11\nhttp://www.youtube.com/watch?v=469leSPOTBk&feature=BFa&list=PLC674CDB4CEA5A4B9');
INSERT INTO videos(vid, pid, title, description) VALUES('fsJInMt7vfo', 'PLC674CDB4CEA5A4B9', '地藏菩薩的大願法門- 《地藏菩薩本願經》地藏誓願與稱名功德 9/11', '地藏菩薩是中國人所熟悉的偉大菩薩，聖嚴法師在本講座中講述了「地藏三經」的大悲願意涵，教我們以地藏菩薩的弘深誓願為楷模，廣發大願來修行。更將行持的方法，彙整為信、願、行，對於地藏菩薩法門，不但因此有了更正確、有系統的認識。 經由聖嚴法師親切生動，殷切的叮嚀講述，讓人如同沐浴在菩薩的大悲願中，更加勇於發願，樂於實踐。\n\n本講座講於：\n◎  時間：1995年7月9日\n◎  地點：台北農禪寺\n\n聖嚴法師：地藏菩薩的大願法門- 1/11\nhttp://www.youtube.com/watch?v=ySIt1T4pkgg&list=PLC674CDB4CEA5A4B9&index=1\n地藏菩薩的大願法門- 2/11\nhttp://www.youtube.com/watch?v=WxFyhFKUZ8c&feature=BFa&list=PLC674CDB4CEA5A4B9\n地藏菩薩的大願法門- 3/11\nhttp://www.youtube.com/watch?v=8nunNufZtfg&feature=BFa&list=PLC674CDB4CEA5A4B9\n地藏菩薩的大願法門- 4/11\nhttp://www.youtube.com/watch?v=yrTlnkwjv_8&feature=BFa&list=PLC674CDB4CEA5A4B9\n地藏菩薩的大願法門- 5/11\nhttp://www.youtube.com/watch?v=d0DD_VLP0lU&feature=BFa&list=PLC674CDB4CEA5A4B9\n地藏菩薩的大願法門- 6/11\nhttp://www.youtube.com/watch?v=xqod6cy0DOg&feature=BFa&list=PLC674CDB4CEA5A4B9\n地藏菩薩的大願法門- 7/11\nhttp://www.youtube.com/watch?v=xjRSnptQzcM&feature=BFa&list=PLC674CDB4CEA5A4B9\n地藏菩薩的大願法門- 8/11\nhttp://www.youtube.com/watch?v=iM0DXufhLxU&feature=BFa&list=PLC674CDB4CEA5A4B9\n地藏菩薩的大願法門- 10/11:http://www.youtube.com/watch?v=-c0Dw9X77o4&feature=BFa&list=PLC674CDB4CEA5A4B9\n地藏菩薩的大願法門- 11/11\nhttp://www.youtube.com/watch?v=469leSPOTBk&feature=BFa&list=PLC674CDB4CEA5A4B9');
INSERT INTO videos(vid, pid, title, description) VALUES('-c0Dw9X77o4', 'PLC674CDB4CEA5A4B9', '地藏菩薩的大願法門- 《地藏菩薩本願經》度盡眾生方成佛道 10/11', '地藏菩薩是中國人所熟悉的偉大菩薩，聖嚴法師在本講座中講述了「地藏三經」的大悲願意涵，教我們以地藏菩薩的弘深誓願為楷模，廣發大願來修行。更將行持的方法，彙整為信、願、行，對於地藏菩薩法門，不但因此有了更正確、有系統的認識。 經由聖嚴法師親切生動，殷切的叮嚀講述，讓人如同沐浴在菩薩的大悲願中，更加勇於發願，樂於實踐。\n\n本講座講於：\n◎  時間：1995年7月9日\n◎  地點：台北農禪寺\n\n聖嚴法師：地藏菩薩的大願法門- 1/11\nhttp://www.youtube.com/watch?v=ySIt1T4pkgg&list=PLC674CDB4CEA5A4B9&index=1\n地藏菩薩的大願法門- 2/11\nhttp://www.youtube.com/watch?v=WxFyhFKUZ8c&feature=BFa&list=PLC674CDB4CEA5A4B9\n地藏菩薩的大願法門- 3/11\nhttp://www.youtube.com/watch?v=8nunNufZtfg&feature=BFa&list=PLC674CDB4CEA5A4B9\n地藏菩薩的大願法門- 4/11\nhttp://www.youtube.com/watch?v=yrTlnkwjv_8&feature=BFa&list=PLC674CDB4CEA5A4B9\n地藏菩薩的大願法門- 5/11\nhttp://www.youtube.com/watch?v=d0DD_VLP0lU&feature=BFa&list=PLC674CDB4CEA5A4B9\n地藏菩薩的大願法門- 6/11\nhttp://www.youtube.com/watch?v=xqod6cy0DOg&feature=BFa&list=PLC674CDB4CEA5A4B9\n地藏菩薩的大願法門- 7/11\nhttp://www.youtube.com/watch?v=xjRSnptQzcM&feature=BFa&list=PLC674CDB4CEA5A4B9\n地藏菩薩的大願法門- 8/11\nhttp://www.youtube.com/watch?v=iM0DXufhLxU&feature=BFa&list=PLC674CDB4CEA5A4B9\n地藏菩薩的大願法門- 9/11\nhttp://www.youtube.com/watch?v=fsJInMt7vfo&feature=BFa&list=PLC674CDB4CEA5A4B9\n地藏菩薩的大願法門- 11/11\nhttp://www.youtube.com/watch?v=469leSPOTBk&feature=BFa&list=PLC674CDB4CEA5A4B9');
INSERT INTO videos(vid, pid, title, description) VALUES('469leSPOTBk', 'PLC674CDB4CEA5A4B9', '地藏菩薩的大願法門- 《地藏菩薩本願經》孝女度母因緣 11/11', '地藏菩薩是中國人所熟悉的偉大菩薩，聖嚴法師在本講座中講述了「地藏三經」的大悲願意涵，教我們以地藏菩薩的弘深誓願為楷模，廣發大願來修行。更將行持的方法，彙整為信、願、行，對於地藏菩薩法門，不但因此有了更正確、有系統的認識。 經由聖嚴法師親切生動，殷切的叮嚀講述，讓人如同沐浴在菩薩的大悲願中，更加勇於發願，樂於實踐。\n\n本講座講於：\n◎  時間：1995年7月9日\n◎  地點：台北農禪寺\n\n聖嚴法師：地藏菩薩的大願法門- 1/11\nhttp://www.youtube.com/watch?v=ySIt1T4pkgg&list=PLC674CDB4CEA5A4B9&index=1\n地藏菩薩的大願法門- 2/11\nhttp://www.youtube.com/watch?v=WxFyhFKUZ8c&feature=BFa&list=PLC674CDB4CEA5A4B9\n地藏菩薩的大願法門- 3/11\nhttp://www.youtube.com/watch?v=8nunNufZtfg&feature=BFa&list=PLC674CDB4CEA5A4B9\n地藏菩薩的大願法門- 4/11\nhttp://www.youtube.com/watch?v=yrTlnkwjv_8&feature=BFa&list=PLC674CDB4CEA5A4B9\n地藏菩薩的大願法門- 5/11\nhttp://www.youtube.com/watch?v=d0DD_VLP0lU&feature=BFa&list=PLC674CDB4CEA5A4B9\n地藏菩薩的大願法門- 6/11\nhttp://www.youtube.com/watch?v=xqod6cy0DOg&feature=BFa&list=PLC674CDB4CEA5A4B9\n地藏菩薩的大願法門- 7/11\nhttp://www.youtube.com/watch?v=xjRSnptQzcM&feature=BFa&list=PLC674CDB4CEA5A4B9\n地藏菩薩的大願法門- 8/11\nhttp://www.youtube.com/watch?v=iM0DXufhLxU&feature=BFa&list=PLC674CDB4CEA5A4B9\n地藏菩薩的大願法門- 9/11\nhttp://www.youtube.com/watch?v=fsJInMt7vfo&feature=BFa&list=PLC674CDB4CEA5A4B9\n地藏菩薩的大願法門- 10/11:http://www.youtube.com/watch?v=-c0Dw9X77o4&feature=BFa&list=PLC674CDB4CEA5A4B9');
INSERT INTO channels(cid, type, title, description) VALUES('UCwDBO96zk6pgXsRjpRv--uw', 'youtube', '法鼓山經典講座', '');
INSERT INTO playlist(pid, cid, title, description) VALUES('PL5UAW47GPT354W4686FqFHZLujqFxbqlb','UCwDBO96zk6pgXsRjpRv--uw', '中國佛教史', '在什麼契機之下，佛教從印度傳入了漢地？當時已是高度文明的中國，身為外來宗教的「佛教」，如何讓儒、道思想的中國人接受呢？第一講「佛教的東傳」帶您回顧漢傳佛教的起源。現存的佛教經典中，漢譯經典保存得最完整，遠赴印度取經之路艱辛，無數大德捨身於西行之途，透過最具代表性的三位高僧故事：法顯、玄奘、義淨大師。讓我們跟隨祖師大德的足跡，踏上這感恩、感動的旅程。');
INSERT INTO videos(vid, pid, title, description) VALUES('cZJOo1j2WhQ', 'PL5UAW47GPT354W4686FqFHZLujqFxbqlb', '中國佛教史-第一講-佛教的東傳與高僧的西行求法-1/3', '在什麼契機之下，佛教從印度傳入了漢地？當時已是高度文明的中國，身為外來宗教的「佛教」，如何讓儒、道思想的中國人接受呢？第一講「佛教的東傳」帶您回顧漢傳佛教的起源。現存的佛教經典中，漢譯經典保存得最完整，遠赴印度取經之路艱辛，無數大德捨身於西行之途，透過最具代表性的三位高僧故事：法顯、玄奘、義淨大師。讓我們跟隨祖師大德的足跡，踏上這感恩、感動的旅程。');
INSERT INTO videos(vid, pid, title, description) VALUES('xhL-E8lHhwM', 'PL5UAW47GPT354W4686FqFHZLujqFxbqlb', '中國佛教史-第一講-佛教的東傳與高僧的西行求法-2/3', '在什麼契機之下，佛教從印度傳入了漢地？當時已是高度文明的中國，身為外來宗教的「佛教」，如何讓儒、道思想的中國人接受呢？第一講「佛教的東傳」帶您回顧漢傳佛教的起源。現存的佛教經典中，漢譯經典保存得最完整，遠赴印度取經之路艱辛，無數大德捨身於西行之途，透過最具代表性的三位高僧故事：法顯、玄奘、義淨大師。讓我們跟隨祖師大德的足跡，踏上這感恩、感動的旅程。');
INSERT INTO videos(vid, pid, title, description) VALUES('c2FDbkrJaXU', 'PL5UAW47GPT354W4686FqFHZLujqFxbqlb', '中國佛教史-第一講-佛教的東傳與高僧的西行求法-3/3', '在什麼契機之下，佛教從印度傳入了漢地？當時已是高度文明的中國，身為外來宗教的「佛教」，如何讓儒、道思想的中國人接受呢？第一講「佛教的東傳」帶您回顧漢傳佛教的起源。現存的佛教經典中，漢譯經典保存得最完整，遠赴印度取經之路艱辛，無數大德捨身於西行之途，透過最具代表性的三位高僧故事：法顯、玄奘、義淨大師。讓我們跟隨祖師大德的足跡，踏上這感恩、感動的旅程。');
INSERT INTO videos(vid, pid, title, description) VALUES('9pR7On55eHw', 'PL5UAW47GPT354W4686FqFHZLujqFxbqlb', '中國佛教史-第二講-中國佛教與政治-1/2', '從東晉慧遠大師著《沙門不敬亡者論》開始，尊崇宗教修行的佛教，與君主至上的皇朝政治，產生了悲壯的對話。王朝更迭中，歷經三武一宗滅佛法難、到近代太平天國之亂，命如懸絲的漢傳佛教，若無歷代先賢從事如此堅貞的護法運動，佛教真的會滅亡。透過精彩的課程鑑古知今，進一步反思漢傳佛教的永續傳承。');
INSERT INTO videos(vid, pid, title, description) VALUES('3WTkMp6DdwU', 'PL5UAW47GPT354W4686FqFHZLujqFxbqlb', '中國佛教史-第二講-中國佛教與政治-2/2', '從東晉慧遠大師著《沙門不敬亡者論》開始，尊崇宗教修行的佛教，與君主至上的皇朝政治，產生了悲壯的對話。王朝更迭中，歷經三武一宗滅佛法難、到近代太平天國之亂，命如懸絲的漢傳佛教，若無歷代先賢從事如此堅貞的護法運動，佛教真的會滅亡。透過精彩的課程鑑古知今，進一步反思漢傳佛教的永續傳承。');
INSERT INTO videos(vid, pid, title, description) VALUES('eWwYckfpzfU', 'PL5UAW47GPT354W4686FqFHZLujqFxbqlb', '中國佛教史-第三講-中國禪宗略史-1/3', '在中國佛教史上，「禪宗史」有著重要光輝的篇章。禪修與漢文化融合的演化歷程中，不拘泥於經句，活潑地把捉住佛的精神所在，開演出「一花五葉」多采多姿的景象，因而得以綿延承遠，歷時迄今。\r\n本講次細述禪門祖師的不凡事蹟，從初祖菩提達摩、二祖慧可、三祖僧燦、四祖道信、五祖弘忍、到開創禪法新頁的的六祖慧能，以及百丈懷海、馬祖道一、大慧宗杲、宏智正覺等各家不同的禪風與歷史源流，領略漢傳禪佛教特有的生活化、人間性的風貌。');
INSERT INTO videos(vid, pid, title, description) VALUES('4GJHhblChME', 'PL5UAW47GPT354W4686FqFHZLujqFxbqlb', '中國佛教史-第三講-中國禪宗略史-2/3', '在中國佛教史上，「禪宗史」有著重要光輝的篇章。禪修與漢文化融合的演化歷程中，不拘泥於經句，活潑地把捉住佛的精神所在，開演出「一花五葉」多采多姿的景象，因而得以綿延承遠，歷時迄今。\r\n本講次細述禪門祖師的不凡事蹟，從初祖菩提達摩、二祖慧可、三祖僧燦、四祖道信、五祖弘忍、到開創禪法新頁的的六祖慧能，以及百丈懷海、馬祖道一、大慧宗杲、宏智正覺等各家不同的禪風與歷史源流，領略漢傳禪佛教特有的生活化、人間性的風貌。');
INSERT INTO videos(vid, pid, title, description) VALUES('YUau788GR80', 'PL5UAW47GPT354W4686FqFHZLujqFxbqlb', '中國佛教史-第三講-中國禪宗略史-3/3', '在中國佛教史上，「禪宗史」有著重要光輝的篇章。禪修與漢文化融合的演化歷程中，不拘泥於經句，活潑地把捉住佛的精神所在，開演出「一花五葉」多采多姿的景象，因而得以綿延承遠，歷時迄今。\r\n本講次細述禪門祖師的不凡事蹟，從初祖菩提達摩、二祖慧可、三祖僧燦、四祖道信、五祖弘忍、到開創禪法新頁的的六祖慧能，以及百丈懷海、馬祖道一、大慧宗杲、宏智正覺等各家不同的禪風與歷史源流，領略漢傳禪佛教特有的生活化、人間性的風貌。');
INSERT INTO videos(vid, pid, title, description) VALUES('WwppXJn_fjw', 'PL5UAW47GPT354W4686FqFHZLujqFxbqlb', '中國佛教史-第四講-中國淨土思想史略-2/2', '念佛法門是中國佛教徒，最為熟悉的修行方法，卻甚少人了解其發源與演變。本講課程帶您一路溯源至印度佛教的淨土思想，依序介紹中國淨土觀發展：彌勒淨土、彌陀淨土、禪宗唯心淨土。並深入講說「禪淨雙修」這個中國佛教獨特的開展，介紹歷代淨土大師，從初祖慧遠、善導、永明延壽、雲棲株宏、到太虛大師。更有當代聖嚴法師殊勝的淨土教學──「建設人間淨土」。詳盡的課程內容，讓您對淨土法門不僅知其然，更知其所以然。');
INSERT INTO videos(vid, pid, title, description) VALUES('Sb96dyhQa_8', 'PL5UAW47GPT354W4686FqFHZLujqFxbqlb', '中國佛教史-第四講-中國淨土思想史略-1/2', '念佛法門是中國佛教徒，最為熟悉的修行方法，卻甚少人了解其發源與演變。本講課程帶您一路溯源至印度佛教的淨土思想，依序介紹中國淨土觀發展：彌勒淨土、彌陀淨土、禪宗唯心淨土。並深入講說「禪淨雙修」這個中國佛教獨特的開展，介紹歷代淨土大師，從初祖慧遠、善導、永明延壽、雲棲株宏、到太虛大師。更有當代聖嚴法師殊勝的淨土教學──「建設人間淨土」。詳盡的課程內容，讓您對淨土法門不僅知其然，更知其所以然。');
INSERT INTO videos(vid, pid, title, description) VALUES('LmiTr1h5QWs', 'PL5UAW47GPT354W4686FqFHZLujqFxbqlb', '中國佛教史-第五講-明末的佛教-1/3', '明末佛教，在中國的佛教思想史上，有其重要的地位，上承宋元，下啟清民，由宗派分張，而匯為全面的統一，禪淨律密不再分割，也對教外的儒道二教，採取融通的疏導態度。本講課程介紹明末佛教的特色、明末四大師、以及居士佛教的興起。了解明末佛教，對於清朝、民國初年、當代，乃至未來佛教的發展傳續，深具啟發性。');
INSERT INTO videos(vid, pid, title, description) VALUES('GuI3upuJS4s', 'PL5UAW47GPT354W4686FqFHZLujqFxbqlb', '中國佛教史-第五講-明末的佛教-2/3', '明末佛教，在中國的佛教思想史上，有其重要的地位，上承宋元，下啟清民，由宗派分張，而匯為全面的統一，禪淨律密不再分割，也對教外的儒道二教，採取融通的疏導態度。本講課程介紹明末佛教的特色、明末四大師、以及居士佛教的興起。了解明末佛教，對於清朝、民國初年、當代，乃至未來佛教的發展傳續，深具啟發性。');
INSERT INTO videos(vid, pid, title, description) VALUES('x80fxH0ROg4', 'PL5UAW47GPT354W4686FqFHZLujqFxbqlb', '中國佛教史-第五講-明末的佛教-3/3', '明末佛教，在中國的佛教思想史上，有其重要的地位，上承宋元，下啟清民，由宗派分張，而匯為全面的統一，禪淨律密不再分割，也對教外的儒道二教，採取融通的疏導態度。本講課程介紹明末佛教的特色、明末四大師、以及居士佛教的興起。了解明末佛教，對於清朝、民國初年、當代，乃至未來佛教的發展傳續，深具啟發性。');
INSERT INTO videos(vid, pid, title, description) VALUES('eoiY41dlK_A', 'PL5UAW47GPT354W4686FqFHZLujqFxbqlb', '中國佛教史-第六講-近代的中國佛教-1/4', '封建時代結束、五四運動興起、國外佛學研究引入，在大時代的推動下，中國佛教也隨之開啟了新頁。本講次介紹近代佛教的特色、帶您認識對現代佛教最具影響的：太虛、虛雲、印光、弘一、印順五位大師。最後以當代聖嚴法師所提倡的「建設人間淨土」、「承先啟後的中華禪法鼓宗」做為總結，勉勵期許漢傳佛教永續在未來的時空中發光發熱。');
INSERT INTO videos(vid, pid, title, description) VALUES('9cBMoJ8IymA', 'PL5UAW47GPT354W4686FqFHZLujqFxbqlb', '中國佛教史-第六講-近代的中國佛教-2/4', '封建時代結束、五四運動興起、國外佛學研究引入，在大時代的推動下，中國佛教也隨之開啟了新頁。本講次介紹近代佛教的特色、帶您認識對現代佛教最具影響的：太虛、虛雲、印光、弘一、印順五位大師。最後以當代聖嚴法師所提倡的「建設人間淨土」、「承先啟後的中華禪法鼓宗」做為總結，勉勵期許漢傳佛教永續在未來的時空中發光發熱。');
INSERT INTO videos(vid, pid, title, description) VALUES('2KPYZdOmE8c', 'PL5UAW47GPT354W4686FqFHZLujqFxbqlb', '中國佛教史-第六講-近代的中國佛教-3/4', '封建時代結束、五四運動興起、國外佛學研究引入，在大時代的推動下，中國佛教也隨之開啟了新頁。本講次介紹近代佛教的特色、帶您認識對現代佛教最具影響的：太虛、虛雲、印光、弘一、印順五位大師。最後以當代聖嚴法師所提倡的「建設人間淨土」、「承先啟後的中華禪法鼓宗」做為總結，勉勵期許漢傳佛教永續在未來的時空中發光發熱。');
INSERT INTO videos(vid, pid, title, description) VALUES('FugT2rTMgog', 'PL5UAW47GPT354W4686FqFHZLujqFxbqlb', '中國佛教史-第六講-近代的中國佛教-4/4', '封建時代結束、五四運動興起、國外佛學研究引入，在大時代的推動下，中國佛教也隨之開啟了新頁。本講次介紹近代佛教的特色、帶您認識對現代佛教最具影響的：太虛、虛雲、印光、弘一、印順五位大師。最後以當代聖嚴法師所提倡的「建設人間淨土」、「承先啟後的中華禪法鼓宗」做為總結，勉勵期許漢傳佛教永續在未來的時空中發光發熱。');
INSERT INTO playlist(pid, cid, title, description) VALUES('PL5UAW47GPT37tx1cFn4qFZt2a3jvqxBeN','UCwDBO96zk6pgXsRjpRv--uw', '從《楞嚴經》談禪的生死觀', '凡夫貪生怕死是因為對生命所知有限，有了正確的生命觀，就能像禪師一般不畏生死，進而以悲心大願自主生死，六度齊修，開啟生命的新視野，永續經營生命的無限價值。');
INSERT INTO videos(vid, pid, title, description) VALUES('5xVgRvEGY6Y', 'PL5UAW47GPT37tx1cFn4qFZt2a3jvqxBeN', '從《楞嚴經》談禪的生死觀（四講之一）1/4', '凡夫貪生怕死是因為對生命所知有限，有了正確的生命觀，就能像禪師一般不畏生死，進而以悲心大願自主生死，六度齊修，開啟生命的新視野，永續經營生命的無限價值。');
INSERT INTO videos(vid, pid, title, description) VALUES('PBBx8GIyDNg', 'PL5UAW47GPT37tx1cFn4qFZt2a3jvqxBeN', '從《楞嚴經》談禪的生死觀（四講之一）2/4', '凡夫貪生怕死是因為對生命所知有限，有了正確的生命觀，就能像禪師一般不畏生死，進而以悲心大願自主生死，六度齊修，開啟生命的新視野，永續經營生命的無限價值。');
INSERT INTO videos(vid, pid, title, description) VALUES('A4MY-9yOBFE', 'PL5UAW47GPT37tx1cFn4qFZt2a3jvqxBeN', '從《楞嚴經》談禪的生死觀（四講之一）3/4', '凡夫貪生怕死是因為對生命所知有限，有了正確的生命觀，就能像禪師一般不畏生死，進而以悲心大願自主生死，六度齊修，開啟生命的新視野，永續經營生命的無限價值。');
INSERT INTO videos(vid, pid, title, description) VALUES('7l9sZQjOr7E', 'PL5UAW47GPT37tx1cFn4qFZt2a3jvqxBeN', '從《楞嚴經》談禪的生死觀（四講之一）4/4', '凡夫貪生怕死是因為對生命所知有限，有了正確的生命觀，就能像禪師一般不畏生死，進而以悲心大願自主生死，六度齊修，開啟生命的新視野，永續經營生命的無限價值。');
INSERT INTO videos(vid, pid, title, description) VALUES('1gAmlRjyweI', 'PL5UAW47GPT37tx1cFn4qFZt2a3jvqxBeN', '從《楞嚴經》談禪的生死觀（四講之二）1/4', '「開悟在愣嚴」《楞嚴經》是一部備受推崇，卻不易理解的經典。本講次講師提綱挈領，以簡明易懂的方式說明十卷經文的要點，引領您進入 《楞嚴經》的世界。');
INSERT INTO videos(vid, pid, title, description) VALUES('UVR5nE_jQNI', 'PL5UAW47GPT37tx1cFn4qFZt2a3jvqxBeN', '從《楞嚴經》談禪的生死觀（四講之二）2/4', '「開悟在愣嚴」《楞嚴經》是一部備受推崇，卻不易理解的經典。本講次講師提綱挈領，以簡明易懂的方式說明十卷經文的要點，引領您進入 《楞嚴經》的世界。');
INSERT INTO videos(vid, pid, title, description) VALUES('T8HDalYd384', 'PL5UAW47GPT37tx1cFn4qFZt2a3jvqxBeN', '從《楞嚴經》談禪的生死觀（四講之二）3/4', '「開悟在愣嚴」《楞嚴經》是一部備受推崇，卻不易理解的經典。本講次講師提綱挈領，以簡明易懂的方式說明十卷經文的要點，引領您進入 《楞嚴經》的世界。');
INSERT INTO videos(vid, pid, title, description) VALUES('uH4CSrnYKAM', 'PL5UAW47GPT37tx1cFn4qFZt2a3jvqxBeN', '從《楞嚴經》談禪的生死觀（四講之二）4/4', '「開悟在愣嚴」《楞嚴經》是一部備受推崇，卻不易理解的經典。本講次講師提綱挈領，以簡明易懂的方式說明十卷經文的要點，引領您進入 《楞嚴經》的世界。');
INSERT INTO videos(vid, pid, title, description) VALUES('p0-al8rF6K0', 'PL5UAW47GPT37tx1cFn4qFZt2a3jvqxBeN', '從《楞嚴經》談禪的生死觀（四講之三）1/4', '《楞嚴經》說：「世界相續因為有三細六粗」。什麼是「三細六粗」？世界又是如何相續呢？本講次說明現象界如何構成，更進一步揭示構成的原因--「心念」，讓我們不再迷惑於紅塵萬像之中，並以禪法轉化外境，作生命的主人。');
INSERT INTO videos(vid, pid, title, description) VALUES('S3NtteQmCI4', 'PL5UAW47GPT37tx1cFn4qFZt2a3jvqxBeN', '從《楞嚴經》談禪的生死觀（四講之三）2/4', '《楞嚴經》說：「世界相續因為有三細六粗」。什麼是「三細六粗」？世界又是如何相續呢？本講次說明現象界如何構成，更進一步揭示構成的原因--「心念」，讓我們不再迷惑於紅塵萬像之中，並以禪法轉化外境，作生命的主人。');
INSERT INTO videos(vid, pid, title, description) VALUES('R6MiBNYqliM', 'PL5UAW47GPT37tx1cFn4qFZt2a3jvqxBeN', '從《楞嚴經》談禪的生死觀（四講之三）3/4', '《楞嚴經》說：「世界相續因為有三細六粗」。什麼是「三細六粗」？世界又是如何相續呢？本講次說明現象界如何構成，更進一步揭示構成的原因--「心念」，讓我們不再迷惑於紅塵萬像之中，並以禪法轉化外境，作生命的主人。');
INSERT INTO videos(vid, pid, title, description) VALUES('KhcdUXgJYo0', 'PL5UAW47GPT37tx1cFn4qFZt2a3jvqxBeN', '從《楞嚴經》談禪的生死觀（四講之三）4/4', '《楞嚴經》說：「世界相續因為有三細六粗」。什麼是「三細六粗」？世界又是如何相續呢？本講次說明現象界如何構成，更進一步揭示構成的原因--「心念」，讓我們不再迷惑於紅塵萬像之中，並以禪法轉化外境，作生命的主人。');
INSERT INTO videos(vid, pid, title, description) VALUES('7JszMcDzdvM', 'PL5UAW47GPT37tx1cFn4qFZt2a3jvqxBeN', '從《楞嚴經》談禪的生死觀（四講之四）1/5', '「漚滅空本無 ，況復諸三有」《楞嚴經》中說生死與現象都是虛幻的，那為什麼我們感覺如此實在，而無法掙脫生死輪迴？本講次將帶領大家領略《楞嚴經》的精義，從而勘破幻像，開發心地本有的清淨光明。');
INSERT INTO videos(vid, pid, title, description) VALUES('EF5lV75i25k', 'PL5UAW47GPT37tx1cFn4qFZt2a3jvqxBeN', '從《楞嚴經》談禪的生死觀（四講之四）2/5', '「漚滅空本無 ，況復諸三有」《楞嚴經》中說生死與現象都是虛幻的，那為什麼我們感覺如此實在，而無法掙脫生死輪迴？本講次將帶領大家領略《楞嚴經》的精義，從而勘破幻像，開發心地本有的清淨光明。');
INSERT INTO videos(vid, pid, title, description) VALUES('8pc4Ie3jWzE', 'PL5UAW47GPT37tx1cFn4qFZt2a3jvqxBeN', '從《楞嚴經》談禪的生死觀（四講之四）3/5', '「漚滅空本無 ，況復諸三有」《楞嚴經》中說生死與現象都是虛幻的，那為什麼我們感覺如此實在，而無法掙脫生死輪迴？本講次將帶領大家領略《楞嚴經》的精義，從而勘破幻像，開發心地本有的清淨光明。');
INSERT INTO videos(vid, pid, title, description) VALUES('UlNDsl7-4JY', 'PL5UAW47GPT37tx1cFn4qFZt2a3jvqxBeN', '從《楞嚴經》談禪的生死觀（四講之四）4/5', '「漚滅空本無 ，況復諸三有」《楞嚴經》中說生死與現象都是虛幻的，那為什麼我們感覺如此實在，而無法掙脫生死輪迴？本講次將帶領大家領略《楞嚴經》的精義，從而勘破幻像，開發心地本有的清淨光明。');
INSERT INTO videos(vid, pid, title, description) VALUES('ByUI399rWXo', 'PL5UAW47GPT37tx1cFn4qFZt2a3jvqxBeN', '從《楞嚴經》談禪的生死觀（四講之四）5/5', '「漚滅空本無 ，況復諸三有」《楞嚴經》中說生死與現象都是虛幻的，那為什麼我們感覺如此實在，而無法掙脫生死輪迴？本講次將帶領大家領略《楞嚴經》的精義，從而勘破幻像，開發心地本有的清淨光明。');
INSERT INTO playlist(pid, cid, title, description) VALUES('PL5UAW47GPT36ES4bqiKnmf0c-B5FiUhUz','UCwDBO96zk6pgXsRjpRv--uw', '生死學初探', '「談生死?! 不嫌太早太沉重了嗎？」\n\n對多數人而言，「生死」二字具有某種內在的觸動，即使不想碰觸，卻仍是生命歷程難以逃避的課題。其實學習生死學並不消極或悲觀，其真正目的是讓人珍惜活著的日子。\n\n本課程是擷自辜琮瑜老師於農禪寺講授關於生死學的精要。其以輕鬆卻不失嚴謹的方式，引領大家來了解自己，思考生命。\n\n請一同與自己內心對話，撥去迷霧，讓生死無憂!');
INSERT INTO videos(vid, pid, title, description) VALUES('jcgv0iNk_rk', 'PL5UAW47GPT36ES4bqiKnmf0c-B5FiUhUz', '生死學初探2-1', '「談生死?! 不嫌太早太沉重了嗎？」\n\n對多數人而言，「生死」二字具有某種內在的觸動，即使不想碰觸，卻仍是生命歷程難以逃避的課題。其實學習生死學並不消極或悲觀，其真正目的是讓人珍惜活著的日子。\n\n本課程是擷自辜琮瑜老師於農禪寺講授關於生死學的精要。其以輕鬆卻不失嚴謹的方式，引領大家來了解自己，思考生命。\n\n請一同與自己內心對話，撥去迷霧，讓生死無憂!');
INSERT INTO videos(vid, pid, title, description) VALUES('XZrAKDQKL7U', 'PL5UAW47GPT36ES4bqiKnmf0c-B5FiUhUz', '生死學初探2-2', '「談生死?! 不嫌太早太沉重了嗎？」\n\n對多數人而言，「生死」二字具有某種內在的觸動，即使不想碰觸，卻仍是生命歷程難以逃避的課題。其實學習生死學並不消極或悲觀，其真正目的是讓人珍惜活著的日子。\n\n本課程是擷自辜琮瑜老師於農禪寺講授關於生死學的精要。其以輕鬆卻不失嚴謹的方式，引領大家來了解自己，思考生命。\n\n請一同與自己內心對話，撥去迷霧，讓生死無憂!');
INSERT INTO playlist(pid, cid, title, description) VALUES('PL5UAW47GPT37twxeX_l-iXZZF8eNR3fpT','UCwDBO96zk6pgXsRjpRv--uw', '人生三大課題--全', '對生命本質的疑惑，是從古至今的人們都不曾停歇的探索。生從何來?死從何去?應作何事? 是值得深思的三個重要問題。\n\n本課程是擷自辜琮瑜老師於農禪寺講授關於人生課題的精要引領大家從不同的面向去了解生死，透析最深層的問題。\n\n問號的解答在哪裡? 請您自己去想一想!');
INSERT INTO videos(vid, pid, title, description) VALUES('07ihj4jC0Zg', 'PL5UAW47GPT37twxeX_l-iXZZF8eNR3fpT', '人生三大課題--全', '對生命本質的疑惑，是從古至今的人們都不曾停歇的探索。生從何來?死從何去?應作何事? 是值得深思的三個重要問題。\n\n本課程是擷自辜琮瑜老師於農禪寺講授關於人生課題的精要引領大家從不同的面向去了解生死，透析最深層的問題。\n\n問號的解答在哪裡? 請您自己去想一想!');
INSERT INTO playlist(pid, cid, title, description) VALUES('PL5UAW47GPT37Bn125nJX7w60Zwy_aNinF','UCwDBO96zk6pgXsRjpRv--uw', '不再逃避', '「從前，有個僕人某天在路上遇見了死神，死神對他說:\"我很早以前就與你約定好要見面了。僕人十分害怕，回到主人家後，便把此事告訴主人。主人為避免僕人被死神找到，便慈悲的叫他回到自己的家鄉去。不久主人在家中遇到死神，便說：＂我已經讓僕人回他的家鄉了，為何還要來這裏找他?\"死神嘆口氣說：我就是跟他約在他的家鄉見面... 」\n這故事說明了一個事實：死亡不是逃避，就可以不必面對。當你願意觸及死亡的终究限制，反而從中開拓出生命的尊嚴與價值。\n\n本課程是擷自辜琮瑜老師於農禪寺講授關於死亡覺察的內容精要。邀請您一同打開心窗，直視死亡，不再逃避！');
INSERT INTO videos(vid, pid, title, description) VALUES('odxzcFOU4zw', 'PL5UAW47GPT37Bn125nJX7w60Zwy_aNinF', '不再逃避_1', '「從前，有個僕人某天在路上遇見了死神，死神對他說:\"我很早以前就與你約定好要見面了。僕人十分害怕，回到主人家後，便把此事告訴主人。主人為避免僕人被死神找到，便慈悲的叫他回到自己的家鄉去。不久主人在家中遇到死神，便說：＂我已經讓僕人回他的家鄉了，為何還要來這裏找他?\"死神嘆口氣說：我就是跟他約在他的家鄉見面... 」\n這故事說明了一個事實：死亡不是逃避，就可以不必面對。當你願意觸及死亡的终究限制，反而從中開拓出生命的尊嚴與價值。\n\n本課程是擷自辜琮瑜老師於農禪寺講授關於死亡覺察的內容精要。邀請您一同打開心窗，直視死亡，不再逃避！');
INSERT INTO videos(vid, pid, title, description) VALUES('fh9plLm03UE', 'PL5UAW47GPT37Bn125nJX7w60Zwy_aNinF', '不再逃避_2', '「從前，有個僕人某天在路上遇見了死神，死神對他說:\"我很早以前就與你約定好要見面了。僕人十分害怕，回到主人家後，便把此事告訴主人。主人為避免僕人被死神找到，便慈悲的叫他回到自己的家鄉去。不久主人在家中遇到死神，便說：＂我已經讓僕人回他的家鄉了，為何還要來這裏找他?\"死神嘆口氣說：我就是跟他約在他的家鄉見面... 」\n這故事說明了一個事實：死亡不是逃避，就可以不必面對。當你願意觸及死亡的终究限制，反而從中開拓出生命的尊嚴與價值。\n\n本課程是擷自辜琮瑜老師於農禪寺講授關於死亡覺察的內容精要。邀請您一同打開心窗，直視死亡，不再逃避！');
INSERT INTO videos(vid, pid, title, description) VALUES('zh2WVs4wxjs', 'PL5UAW47GPT37Bn125nJX7w60Zwy_aNinF', '不再逃避_3', '「從前，有個僕人某天在路上遇見了死神，死神對他說:\"我很早以前就與你約定好要見面了。僕人十分害怕，回到主人家後，便把此事告訴主人。主人為避免僕人被死神找到，便慈悲的叫他回到自己的家鄉去。不久主人在家中遇到死神，便說：＂我已經讓僕人回他的家鄉了，為何還要來這裏找他?\"死神嘆口氣說：我就是跟他約在他的家鄉見面... 」\n這故事說明了一個事實：死亡不是逃避，就可以不必面對。當你願意觸及死亡的终究限制，反而從中開拓出生命的尊嚴與價值。\n\n本課程是擷自辜琮瑜老師於農禪寺講授關於死亡覺察的內容精要。邀請您一同打開心窗，直視死亡，不再逃避！');
INSERT INTO playlist(pid, cid, title, description) VALUES('PL5UAW47GPT353QYwQl9pg8XSiJyxN9I3c','UCwDBO96zk6pgXsRjpRv--uw', '心的詩偈-信心銘(共三集)', '《信心銘》是三祖僧璨從徹悟的觀點來開示尋求真心的修行者，指引修行者如何把凡夫的分別心轉化為佛的無分別心，如何由空入有、轉垢為淨。他告訴我們修行時應如何修持、應抱持何種心態：心無愛憎，既不該否定煩惱，也不該尋求開悟。修行本身就是目的，只要不存其他目的，終能實現平等心—沒有分別，言語道斷，無行可修。\n（摘錄自《心的詩偈：信心銘講錄 》前言）');
INSERT INTO videos(vid, pid, title, description) VALUES('SpUmuq9d8OU', 'PL5UAW47GPT353QYwQl9pg8XSiJyxN9I3c', '心的詩偈-信心銘三講之一', '「什麼叫做信心？」一般人的信心靠外在的東西建立，《信心銘》所說的信心，指的是什麼都不是也什麼都是的那顆心，也就是基本、不動、不變的心，這顆心是人人皆具的佛心，無論落魄或騰達，依然不增不減，若能找到這樣的心，才是真正的信心！透過法師逐句解說，架構起什麼是主、客、能、所、性、相，建立起正確的觀念，並確實照著方法去練習，帶領大眾一起找回不增不減，本自具有的信心。');
INSERT INTO videos(vid, pid, title, description) VALUES('5LLkW9RL3xg', 'PL5UAW47GPT353QYwQl9pg8XSiJyxN9I3c', '心的詩偈-信心銘三講之二', '現實生活中，我們常常以眼見色、耳聞聲、鼻嗅香等的外境做為基礎，合意則喜，不合意則起煩惱。透過果醒法師實際操作＜旋火輪＞的實驗，讓大家真實看到眾生是如何把消失的前念當成存在的外境；把遍滿虛空的真心，切割成局部的境並當成我，經過多方的舉例，反覆地解說，嘗試探明「能、所」的實相。認知一切有為法，皆因緣和合所生，緣盡還無，不再固著地因著妄想心，而將能見、所見執取，認假為真、起惑造業。');
INSERT INTO videos(vid, pid, title, description) VALUES('l9FNWZredIk', 'PL5UAW47GPT353QYwQl9pg8XSiJyxN9I3c', '心的詩偈-信心銘三講之三', '心本無能所，但人卻要去抓住感知的現象來證明「我」的存在，於是與環境切割而形成對立。法師提醒我們在平常生活中練習問自己：「能感知的是誰？所感知的又是誰？」「看到一個人來了，是看到色相來了，還是誰來了？如果有一個人離開，只是消失一個色相，而不是少了一個人。」明白性跟相都不是我，性沒增減，只是相的增減。從練習不喜歡也不討厭，最後連不喜歡也不討厭的念頭都放下，在每個當下，自在喜樂。');
INSERT INTO playlist(pid, cid, title, description) VALUES('PL5UAW47GPT34xN1mSbYNNl2oc95-8R-eE','UCwDBO96zk6pgXsRjpRv--uw', '唯識心理學(下集)共十七集', '唯識學是解析識的變化和修行步驟的佛教心理學。它巧妙實用，具有結構性。因為現代人受科學的薰陶多，生活在資訊社會裡，有較多的分析思考習慣。透過「轉識成智」的歷程，較能契會佛法要義，調理心情，培養法喜，孕育創意和智慧，從而領悟生命的究竟義。\n本系列課程共分兩大部分。第一部份，主要參考資料是唯識心理學系列著作：《換個想法會更好》、《尋找著力點》、《勝任自己》、《精神體操》、《過好每一天》、《生命轉彎處》等讀物。第二部份則是透過唯識心理學，契機解說各修持法門及經典之要義。以《華嚴經》、《法華經》、《六祖壇經》以及淨土諸經為主。');
INSERT INTO videos(vid, pid, title, description) VALUES('tNL886ykXcI', 'PL5UAW47GPT34xN1mSbYNNl2oc95-8R-eE', '唯識心理學(下集) 十七講之一', '唯識心理學(下集)第一講 六度的實踐與超越之四\n「精進」﹕指的是力圖振作，懂得鼓勵自己，勇於面對困難。精進可分為三種，披甲精進、攝善法精進、利樂有情精進。依據《大般若經》解釋，精進含括「為他做饒益事，如己事」、「修學無退轉」、「經一年所做事如一日」、「求大菩提」、「堪忍自在」。唯有生活精進，信仰才會精進，世間法與出世間法是不二的。');
INSERT INTO videos(vid, pid, title, description) VALUES('3B3ca-q-ORc', 'PL5UAW47GPT34xN1mSbYNNl2oc95-8R-eE', '唯識心理學(下集) 十七講之二', '唯識心理學(下集)第二講  六度的實踐與超越之五\n「禪定」﹕指的是安定的心、穩定的情緒，這是身心健康及開展自性智慧的基礎。透過禪定，心容易清淨、安定、自在，思考易清明，覺察力高，則智慧開展，不為情染。');
INSERT INTO videos(vid, pid, title, description) VALUES('8vYVFzx9O5U', 'PL5UAW47GPT34xN1mSbYNNl2oc95-8R-eE', '唯識心理學(下集) 十七講之三', '唯識心理學(下集)第三講  六度的實踐與超越之六\n「智慧」﹕又稱「般若」，唯識學將「智慧」分為生空無分別慧、法空無分別慧、俱空無分別慧；以心理學而言，指的是彈性思考的能力，不以刻板印象或成見看待事情，也就是去我執。');
INSERT INTO videos(vid, pid, title, description) VALUES('5DbXibSSmGI', 'PL5UAW47GPT34xN1mSbYNNl2oc95-8R-eE', '唯識心理學(下集) 十七講之四', '唯識心理學(下集)第四講  煩惱的對治～貪\n煩惱來自無明，源於受根本煩惱及隨煩惱所障礙。所謂根本煩惱指的是貪、瞋、痴、慢、疑及邪見，其中「貪」起因心理上的匱乏感，若能常抱知足感恩之心，將能消融「貪」所帶來的各種煩惱，生活時時充滿歡喜。');
INSERT INTO videos(vid, pid, title, description) VALUES('_FbrazI_Jqo', 'PL5UAW47GPT34xN1mSbYNNl2oc95-8R-eE', '唯識心理學(下集)十七講之五', '第十七講之五    煩惱的對治～瞋\n根本煩惱的「瞋」源於生命受到挫折及對立所引發的情緒反應，瞋毒不僅影響個人健康，也影響家庭及社會和諧。所以，生活中遇到問題不防抱持著「山不轉，路轉；路不轉，人轉；人不轉，心轉」的態度來處理，時刻學習安忍，慢慢培養理性與覺性， 化瞋火的熱惱為清涼。');
INSERT INTO videos(vid, pid, title, description) VALUES('qhwXJz0AZLM', 'PL5UAW47GPT34xN1mSbYNNl2oc95-8R-eE', '唯識心理學(下集)十七講之六', '第十七講之六    煩惱的對治～痴、慢、疑、邪見\n 「痴」源於情染，而少了覺察，以至定慧兩失。多學習、多經驗，適應提升環境適應力，可轉化痴心帶來的煩惱。在信仰層次部分則需要良善的信念，作為生命的指南，如此將可讓自己更通達，心量更開闊。「慢」通常是受到自我中心及自卑心理影響，引發忌妒，影響人際和諧，造成生命困境，當學習《金剛經》無住無相的觀念，去除我執，以此調伏累世累劫帶來的習氣。「疑」若是能常保生活充實、喜悅，人際互動少些批評和比較，可以化解許多無謂的不安與疑慮。');
INSERT INTO videos(vid, pid, title, description) VALUES('pgfAlq24WQI', 'PL5UAW47GPT34xN1mSbYNNl2oc95-8R-eE', '唯識心理學(下集)十七講之七', '第十七講之七    隨煩惱的調理之一\n隨著根本煩惱產生的煩惱稱之為隨煩惱，隨煩惱之中蘊含種種負面情緒，缺乏慚愧心，瀰漫敵意。若能將煩惱轉為菩提，煩惱將可轉為生命動力，使得人際關係和諧，生活處處充滿喜悅。');
INSERT INTO playlist(pid, cid, title, description) VALUES('PL5UAW47GPT34Geg7tFHXPrD7pMMuDPVqK','UCwDBO96zk6pgXsRjpRv--uw', '唯識心理學(上集)共十九集', '本系列課程共十八講。\r\n第一部份，主要參考資料是唯識心理學系列著作：《換個想法會更好》、《尋找著力點》、《勝任自己》、《精神體操》、《過好每一天》、《生命轉彎處》等讀物。\r\n第二部份則是透過唯識心理學，契機解說各修持法門及經典之要義。以《華嚴經》、《法華經》、《六祖壇經》以及淨土諸經為主。');
INSERT INTO videos(vid, pid, title, description) VALUES('l8yIXMAvD5Y', 'PL5UAW47GPT34Geg7tFHXPrD7pMMuDPVqK', '唯識心理學(上集)十九講之一', '唯識心理學(上集)第一講 唯識的生命智慧\n唯識心理學猶如一座橋，藉此契會佛法要義，幫助我們在轉識成智的歷程中兼顧世間的善法與幸福；學習在不同因緣中成就菩薩行，圓滿福慧。');
INSERT INTO videos(vid, pid, title, description) VALUES('4NrVcbba6cU', 'PL5UAW47GPT34Geg7tFHXPrD7pMMuDPVqK', '唯識心理學(上集)十九講之二', '唯識心理學(上集)第二講 心、意、識的運作\n你我都是如來佛子，佛性本具，但煩惱一來心就打結、對境生迷，關鍵就是「第七識」。當我們學習從負向的識轉為正向的識，有了智慧，生命不在得失、好壞、是非之間打轉，生活處處有歡喜，每個人都可以在自己的因緣中開出燦爛的生命之花。');
INSERT INTO videos(vid, pid, title, description) VALUES('OSeDt01RprA', 'PL5UAW47GPT34Geg7tFHXPrD7pMMuDPVqK', '唯識心理學(上集)十九講之三', '唯識心理學(上集)第三講 遍行的妙用\n宇宙世間的一切都是依他起性，是因緣所生法 。只要我們時刻用般若、用佛性去覺察，便能領受到「如所從來、無所從來」的妙喜，真實看待一切，不受任何成見所蒙蔽。');
INSERT INTO videos(vid, pid, title, description) VALUES('00ZmXExaquk', 'PL5UAW47GPT34Geg7tFHXPrD7pMMuDPVqK', '唯識心理學(上集)十九講之四', '唯識心理學(上集)第四講 五遍行的妙用\n唯識重點在於轉「心所」為智慧，其中一個心所就是「遍行」...指的是觸、作意、受、想、思，這也是調心的關鍵之處。倘若我們學習轉個心境，對每一個人事物都有正向美好的想法，帶著欣賞的角度來思維，經常隨喜讚嘆，必定可以看到不一樣的生命風光。');
INSERT INTO videos(vid, pid, title, description) VALUES('gfd67ixgZOg', 'PL5UAW47GPT34Geg7tFHXPrD7pMMuDPVqK', '唯識心理學(上集)十九講之五', '唯識心理學(上集)第五講 別境的實現\n每個人的人生都是一個「別境」，因緣際遇、過去業識都不一樣，但要時時抱持信心，在自己的別境中實現人生、領受圓滿；也在自己的別境中創造悲智雙運的菩薩胸襟。');
INSERT INTO videos(vid, pid, title, description) VALUES('-1x0-Z9yMcM', 'PL5UAW47GPT34Geg7tFHXPrD7pMMuDPVqK', '唯識心理學(上集)十九講之六', '唯識心理學(上集)第六講 別境與生命、生涯的發展之一\n我們時刻都生活在「別境」之中，「別境」蘊含了「欲、勝解、念、定、慧」，這也是個人實現人生的五個重要因素。古德有云「參透為何，才能迎接任何」，有了人生目標，才能迎接任何改變，目標清楚才不會走失，在學佛過程中自然不會因挫折而氣餒、退轉。');
INSERT INTO videos(vid, pid, title, description) VALUES('hbRymQsIn9E', 'PL5UAW47GPT34Geg7tFHXPrD7pMMuDPVqK', '唯識心理學(上集)十九講之七', '唯識心理學(上集)第七講 別境與生命、生涯的發展之二\n我們如何有智慧的面對人生中每一個別境？除了目標清楚〈欲〉、正面思考〈勝解〉、吸收新知〈念〉之外，還需要練習身心安定〈定〉及學習智慧處世〈慧〉。若能如此熏習，那麼，無論經營志業或事業必然能從慈悲喜捨的角度看事情，能將挫折當成生命的突破，身心必然輕安自在。');
INSERT INTO videos(vid, pid, title, description) VALUES('BmHfgWeNjCs', 'PL5UAW47GPT34Geg7tFHXPrD7pMMuDPVqK', '唯識心理學(上集)十九講之八', '唯識心理學(上集)第八講 「慧」以及五別境的結論。\n禪、淨、密、律的修持，乃至天­台、華嚴家的解行都可以透過別境的方法來了解和實踐。不同的環境和時代，在修持時，會­有必要的調適。法門不同，卻殊途同歸。每部經典各是一個別境，領悟後，從中超越和參契­法源，從中領會，就能豁然貫通。');
INSERT INTO videos(vid, pid, title, description) VALUES('x9oeahNvDqo', 'PL5UAW47GPT34Geg7tFHXPrD7pMMuDPVqK', '唯識心理學(上集)十九講之九', '唯識心理學(上集)第九講  唯識學的妙用\n唯識心理學不但對身心健康和宗教修持，有正向的引導，對於生涯和事業發展，乃至管理方面，都有關係。它具體指出修行步驟，並說明行動要素，因此很適合現代人的需要。在這個「轉識成智」的歷程，同時兼顧了世間的善法和幸福，以及出世間的菩提自性和第一義諦。透過唯識學的應用，生活過得幸福，有創意，更能接觸到自己的本來面目。');
INSERT INTO videos(vid, pid, title, description) VALUES('fs9N2ujWtR8', 'PL5UAW47GPT34Geg7tFHXPrD7pMMuDPVqK', '唯識心理學(上集)十九講之十', '唯識心理學(上集)第十講 善行的開展之一\n身處一個快速變遷的社會，競爭和成長給我們壓力。 WHO推估2020年時，心臟病和憂鬱症是十大疾病的第一、二名。在這樣的時代，促進精神成長，學習〈勝任自己〉更顯得重要。而精神成長的因素--發展自尊，從信、慚、愧、三個法門著手。讓我們學習自我肯定，遠離猶豫不決和憂鬱，開顯智慧，走出自己的未來。');
INSERT INTO videos(vid, pid, title, description) VALUES('Vp936yEOsgo', 'PL5UAW47GPT34Geg7tFHXPrD7pMMuDPVqK', '唯識心理學(上集)十九講之十一', '唯識心理學(上集)第十一講 善行的開展之二\n唯識學所謂的善法有十一，分別是信、慚、愧、無貪、無瞋、無癡、精進、輕安、不放逸、行捨、不害，指的就是菩薩性格，是身心健康的因素，是菩薩行願的動力，更是成就正等覺的資糧。其中，信、慚、愧在於培養健康的自尊，良好的自尊不僅可以廣結善緣，亦可開展智慧，讓生活充滿幸福感。');
INSERT INTO videos(vid, pid, title, description) VALUES('dKrr4jSza2k', 'PL5UAW47GPT34Geg7tFHXPrD7pMMuDPVqK', '唯識心理學(上集)十九講之十二', '唯識心理學(上集)第十二講 善行的開展之三\n當我們有了健全的人格，還要學習面對真實的能力，其下手處就是從實踐無貪、無瞋、無癡三個法門著手。上述的善法會讓我們學習不比較，面對真實，接納現實，不被蠱惑，並運用自己的資糧將其發揮到極致，活得歡喜、莊嚴。');
INSERT INTO videos(vid, pid, title, description) VALUES('KhqoMIGgriE', 'PL5UAW47GPT34Geg7tFHXPrD7pMMuDPVqK', '唯識心理學(上集)十九講之十三', '唯識心理學(上集)第十三講 善行的開展之四\n生活是艱辛的歷程，要克服困難最好的工具就是紀律，包括保持精進與主動性，學習放鬆、不焦慮、不放縱自己，並在布施分享中領會生命的美好。只要我們願意修持所有的善法、實踐種種善行，就能實現「十地」，並與十方如來相應。');
INSERT INTO videos(vid, pid, title, description) VALUES('_S7-8io5tHw', 'PL5UAW47GPT34Geg7tFHXPrD7pMMuDPVqK', '唯識心理學(上集)十九講之十四', '唯識心理學(上集)第十四講 善行的開展之五\n修持善法的目的在於轉識成智，是智慧的流露，非道德上的焦慮、懼怕。善行是人格發展的資糧，我們之所以可以超凡入聖，也是從善心、善行所孕育開展出來的。當生活中有了善的修持，就會產生光明，產生人間淨土，也才能成就西方淨土。');
INSERT INTO videos(vid, pid, title, description) VALUES('CHhD0PKzZYk', 'PL5UAW47GPT34Geg7tFHXPrD7pMMuDPVqK', '唯識心理學(上集)十九講之十五', '唯識心理學(上集)第十五講 善行的開展之六＆虛擬人格的對治\n七佛通戒云：「諸惡莫做，眾善奉行，自淨其意，是諸佛教」。身在人間煩惱難免，只要透過善法的修持，學習將生命的遭遇當成歷練，就能看見生命的光明處，轉煩惱為成佛的資糧。當我們能夠理解「眾緣性空唯識現」的道理，體悟「萬古常空、一朝風月」的深意，則無論處於任何時空都能歡喜自在。');
INSERT INTO videos(vid, pid, title, description) VALUES('QdcY88xIqC0', 'PL5UAW47GPT34Geg7tFHXPrD7pMMuDPVqK', '唯識心理學(上集)十九講之十六', '唯識心理學(上集)第十六講  心靈生活的新知\n萬法唯識，心識怎麼想，就怎麼受。若能培養樂觀正向的態度、和諧的人際互動以及虔誠的信仰，即可幫助我們轉動心識為智慧光明，幫助我們從塵勞中解脫出來，看見生命的實相。');
INSERT INTO videos(vid, pid, title, description) VALUES('vutiqrcNSUs', 'PL5UAW47GPT34Geg7tFHXPrD7pMMuDPVqK', '唯識心理學(上集)十九講之十七', '唯識心理學(上集)第十七講  六度的實踐與超越～成功人生的精神體操\n 六波羅蜜是現代人的精神體操，是精神的糧食，也是開啟般若的要津。實踐六波羅蜜不僅讓每個人的世間生活調適的更好，亦可提升精神生活，獲得幸福，最重要的是從中參悟生命的本質，即使身處人世間，「心」也可以與如來法界相應。');
INSERT INTO videos(vid, pid, title, description) VALUES('XkVXbrZrMtU', 'PL5UAW47GPT34Geg7tFHXPrD7pMMuDPVqK', '唯識心理學(上集)十九講之十八', '唯識心理學(上集)第十八講  六度的實踐與超越之二\n 「布施」可以學習延伸自我，克服心靈孤島的狀態，進而從小我、大我到無我。而「持戒」在《大智度論》中云：「大惡病中，戒為良藥。大恐怖中，戒為守護。死暗冥中，戒為明燈。於惡道中，戒為橋樑。死海水中，戒為大船。」透過戒，學會善自調伏業習，幫助自己從煩惱的此岸到自在的彼岸。');
INSERT INTO videos(vid, pid, title, description) VALUES('o2n_NBhlQ6A', 'PL5UAW47GPT34Geg7tFHXPrD7pMMuDPVqK', '唯識心理學(上集)十九講之十九', '唯識心理學(上集)第十九講  六度的實踐與超越之三\n「安忍」﹕《維摩詰經》云﹕「忍辱是菩薩淨土」；安忍的學習可以讓我們生活自在、達觀圓滿，領悟「青青翠竹總是法身；鬱鬱黃花無非般若」的美好。');
INSERT INTO playlist(pid, cid, title, description) VALUES('PL5UAW47GPT34zdK2JT42sOrfADAbT-YK-','UCwDBO96zk6pgXsRjpRv--uw', '法鼓山大悲心水陸法會講座', '水陸法會，又稱為「法界聖凡水陸普度大齋勝會」，是漢傳佛教中最盛大隆重的法會。法鼓山自2007年啟建法會以來，希冀以環保、教育的理念，超脫傳統格局，賦予水陸法會時代新意。本系列講座為2010年，由法鼓山僧團法師主講各壇修行法門，引導大眾深入水陸法會的精神與法義，邀請您一起來開啟自性大悲。');
INSERT INTO videos(vid, pid, title, description) VALUES('Sjx8Di3fWSo', 'PL5UAW47GPT34zdK2JT42sOrfADAbT-YK-', '大悲心水陸法會講座之一 ── 總說', '水陸法會以上供十方諸佛、聖賢，無遮普施齋食為基礎，救拔諸六道眾生，並廣設十一壇，使與會眾生，得以其因緣與根器，至各壇聽經聞法，而發起成佛之心。佛事內容廣攝大乘經典，並集合了「消災、普度、上供、下施」諸多不可思議殊勝功德。');
INSERT INTO videos(vid, pid, title, description) VALUES('SF3MbNbD7LE', 'PL5UAW47GPT34zdK2JT42sOrfADAbT-YK-', '大悲心水陸法會講座之二 ── 總壇', '水陸法會，共有十一壇佛事，而其中位居樞紐，統攝整體法會的道場，即是總壇。內容除了依《水陸儀軌會本》行禮如儀外，還有禮《慈悲三昧水懺》、及設有總壇概說講座。總壇佛事，上則恭敬奉供四聖，下則平等普度六凡，進而祈求現世親屬吉祥安樂，先靈亡眷往生淨土。這場佛事，集祈福、薦亡、財施、法施於一爐，因此功德非常殊勝！總壇的儀軌，組織嚴密，次序井然，透過講座深入「總壇」佛事，體驗精神意含與深妙義理。');
INSERT INTO videos(vid, pid, title, description) VALUES('jFV0hQ8RD_Q', 'PL5UAW47GPT34zdK2JT42sOrfADAbT-YK-', '大悲心水陸法會講座之三 ── 大壇', '大壇佛事有禮拜《梁皇寶懺》、齋天、普佛及晚上瑜伽焰口。「梁皇寶懺」輯錄了許多佛教大乘經典的章句，還從經論中錄出1,275尊諸佛名號，可說是最大的一部懺法，因此素有「懺王」的美譽。 透過真誠懇切的懺悔、皈依、發願、回向，，祝願一切眾生，將來都能夠親聞彌勒佛說法，解脫生死輪迴，究竟成佛，真可說是最慈悲、最徹底的救度。');
INSERT INTO videos(vid, pid, title, description) VALUES('mBJaDHZ6guw', 'PL5UAW47GPT34zdK2JT42sOrfADAbT-YK-', '大悲心水陸法會講座之四 ── 藥師壇', '藥師壇的佛事內容有誦《藥師經》、持誦〈藥師咒〉、以及藥師如來聖號。《藥師經》主要說明藥師佛之名號國土，及其在因地行菩薩道時所發的十二大願。藥師佛的十二大願，不只是關心一切眾生平等，究竟成佛的問題，更注意到殘廢、疾病、醫藥、...等現世的問題，具有建設人間淨土的精神。修持藥師法門，除了至誠懇切地祈求藥師佛的加被護念之更要發起大悲願行，利益一切眾生，如此才能和藥師佛的本願功德相應。');
INSERT INTO videos(vid, pid, title, description) VALUES('eyst2cCp6GE', 'PL5UAW47GPT34zdK2JT42sOrfADAbT-YK-', '大悲心水陸法會講座之五 ── 法華壇', '法華壇的佛事內容為恭誦《大乘妙法蓮華經》，它是漢傳佛教、大乘佛法中最重要的一部經典，包含了所有佛說的道理，回歸到最高法門，就像大海納百川一樣，故稱為「經中之王」。經中常不輕菩薩不輕慢任何人的具體實踐，肯定了一切眾生皆能成佛的理念，充分表現了佛陀化世的本懷。');
INSERT INTO videos(vid, pid, title, description) VALUES('moR8D2ql0qI', 'PL5UAW47GPT34zdK2JT42sOrfADAbT-YK-', '大悲心水陸法會講座之六 ── 祈願壇', '祈願壇佛事內容有恭誦《觀世音菩薩普門品》、禮拜《大悲懺》及持誦〈大悲咒〉。虔心恭誦《普門品》體會觀世音菩薩尋聲救苦，現種種身形，度脫眾生之殊勝功德願力。禮拜《大悲懺》，不但可以仰仗觀世音菩薩的慈悲加持，而消災免難，更重要的是透過懇切地懺悔，而洗滌身心、淨化身心，而祛除業障。');
INSERT INTO videos(vid, pid, title, description) VALUES('9A45k_Hq8iA', 'PL5UAW47GPT34zdK2JT42sOrfADAbT-YK-', '大悲心水陸法會講座之七 ── 淨土壇', '淨土，是大乘佛教的共同目標，尤其彌陀淨土，更是漢傳佛教的廣大信仰。淨土壇佛事內容有恭誦「淨土三經」《無量壽經》、《觀無量壽經》及《阿彌陀經》，並每天念佛、拜佛、繞佛，以及聆聽法師開示淨土修行方法。聖嚴法師鼓勵大眾，淨土法門不但能使我們於臨命終時往生佛國，現世之中也能提昇人品、消業除障、自利利人。');
INSERT INTO videos(vid, pid, title, description) VALUES('d_oQfN7KwOY', 'PL5UAW47GPT34zdK2JT42sOrfADAbT-YK-', '大悲心水陸法會講座之八 ── 地藏壇', '地藏壇佛事內容有恭誦《地藏菩薩本願經》、禮拜《地藏懺》，《地藏經》不但文字優美，並闡明地藏菩薩救度眾生的大悲願力和孝道精神。除了誦經禮懺亦有禪觀活動，現場將帶領大眾修＜大地觀＞，藉由對大地的禮拜，體會大地的功德與恩惠，並從中去體驗生起對大地眾生的慚愧、懺悔與感恩之心。');
INSERT INTO videos(vid, pid, title, description) VALUES('Bj6CCe5voEs', 'PL5UAW47GPT34zdK2JT42sOrfADAbT-YK-', '大悲心水陸法會講座之九 ── 禪壇', '禪壇修持方式以禪修為主，法會期間僅以木魚領眾恭誦經典，現場實際練習禪觀、禪坐、經行、立禪。體驗一切萬法，不離自性，若能體解緣起性空的道理，遠離妄想，去除我執，了知煩惱即菩提，前念迷即凡夫，後念悟即佛；前念著境即煩惱，後念離境即菩提。');
INSERT INTO videos(vid, pid, title, description) VALUES('SwQtMxVq1vg', 'PL5UAW47GPT34zdK2JT42sOrfADAbT-YK-', '大悲心水陸法會講座之十 ── 楞嚴壇', '楞嚴壇恭誦《大佛頂首楞嚴經》、持誦〈楞嚴咒〉，本經內容包括修行心理的分析、修行方法及其條件的介紹、修證現象的指點，並加持〈楞嚴咒〉使身心泰然安隱，不受一切諸魔鬼神、及舊業陳債惱害。每日更有一炷香的時間，修行觀音菩薩耳根圓通法門的「入流亡所」禪觀，體驗經典與禪觀的實踐。');
INSERT INTO videos(vid, pid, title, description) VALUES('wu2Pe7h32yw', 'PL5UAW47GPT34zdK2JT42sOrfADAbT-YK-', '大悲心水陸法會講座之十一 ── 華嚴壇', '華嚴壇佛事內容：在長老的帶領下，以靜閱的方式，恭閱《大方廣佛華嚴經》。《華嚴經》，是一部內容豐富的大乘經典，描述的是佛、菩薩所證的圓融無礙境界，呈現不可思議的廣大圓滿。古德說「不讀《華嚴經》，不知佛家的富貴」，讀誦《華嚴經》，可以開大智慧，透徹通達理事無礙，事事無礙。');
INSERT INTO videos(vid, pid, title, description) VALUES('R9mjiTFzKcE', 'PL5UAW47GPT34zdK2JT42sOrfADAbT-YK-', '大悲心水陸法會講座之十二 ── 萬行壇', '法鼓山水陸法會，除了來參加的信眾、帶領共修的法師之外，還需要眾多的義工菩薩來護持成就，所有的義工都是萬行壇的功德主！「萬行」便是「菩薩行」。法鼓山的「萬行壇」，有規劃其專屬的儀軌，同時有監香法師帶領；由於「萬行壇」遍佈在法鼓山的每一個角落，所以任何地方皆是其修行六度四攝法門的壇場。');
INSERT INTO playlist(pid, cid, title, description) VALUES('PL9B84784D4C1425FC','UCwDBO96zk6pgXsRjpRv--uw', '禪宗祖師語錄(果醒 法師)', '本單元共分為四講，果醒法師將帶領大家遨遊在禪宗祖師語錄的大智慧海。禪宗祖師語錄為祖師們開示之記錄，生活中隨手拈來的法寶，可作為現代人生活解惑之良藥、超越煩惱之指引，更讓我們了知生命本質的觀念與方法。讓我們隨著祖師們的智慧法語，學習過一個自在無礙的人生！');
INSERT INTO videos(vid, pid, title, description) VALUES('uQHceBvQWUI', 'PL9B84784D4C1425FC', '禪宗祖師語錄-四講之一', '本單元的第一講，果醒法師為大家介紹了幾則禪宗祖師坐脫立亡的記錄，以此帶領大家認識生命的本質。在現實生活中，學習不把五蘊當成「我」，終能修得來去自如。');
INSERT INTO videos(vid, pid, title, description) VALUES('4EZiqZxsdms', 'PL9B84784D4C1425FC', '禪宗祖師語錄-四講之二', '本單元的第二講，果醒法師以祖師大德面對病痛的經驗，引領我們透過現象而覺知本體，了知煩惱的當下，即是菩提的顯現。');
INSERT INTO videos(vid, pid, title, description) VALUES('pPTp3NMzz9k', 'PL9B84784D4C1425FC', '禪宗祖師語錄-四講之三', '本單元的第三講，果醒法師進一步解說眾生的佛性何以被遮蔽，以致在苦海中不斷流轉。若能超越「能、所」的對立，即是登上清淨自在的彼岸。');
INSERT INTO videos(vid, pid, title, description) VALUES('89rhFhO1J38', 'PL9B84784D4C1425FC', '禪宗祖師語錄-四講之四', '本單元的第四講，果醒法師說明了放下分別心並不代表消極的放棄，而是能夠隨順因緣、積極地回應。因為無所執著，而讓生命得以發揮最大的功能。');
INSERT INTO playlist(pid, cid, title, description) VALUES('PLDBB3D468D9013BC0','UCwDBO96zk6pgXsRjpRv--uw', '梁皇寶懺講要', '佛經不是僅供信仰持誦的，更當「如說修行」，應用於每一個人的日常生活之中，「《梁皇寶懺》講要」以深入淺出的方式，引導讀者瞭解經文本意與內在精神，提示大眾如何將佛法­的智慧與慈悲，落實在生活之中，進而消解煩惱、淨化心靈。');
INSERT INTO videos(vid, pid, title, description) VALUES('JgReGLStquw', 'PLDBB3D468D9013BC0', '梁皇寶懺講要（十講之一）：總說-1/4', '佛經不是僅供信仰持誦的，更當「如說修行」，應用於每一個人的日常生活之中，「《梁皇寶懺》講要」以深入淺出的方式，引導讀者瞭解經文本意與內在精神，提示大眾如何將佛法的智慧與慈悲，落實在生活之中，進而消解煩惱、淨化心靈。\r\n\r\n課程講義： http://web.ddm.org.tw/main/download.aspx?dlfn=20120219-1.pdf\r\n\r\n更多數位課程：http://www.dharmaschool.com/index.html\r\nDDMTV01：http://www.youtube.com/user/DDMTV01/featured\r\nDDMTV02：http://www.youtube.com/user/DDMTV02/featured\r\nDDMTV03：http://www.youtube.com/user/ddmtv03/featured\r\nDDMTV04：http://www.youtube.com/user/DDMTV04');
INSERT INTO videos(vid, pid, title, description) VALUES('-wtmdKMSdEs', 'PLDBB3D468D9013BC0', '梁皇寶懺講要（十講之一）：總說-2/4', '佛經不是僅供信仰持誦的，更當「如說修行」，應用於每一個人的日常生活之中，「《梁皇寶懺》講要」以深入淺出的方式，引導讀者瞭解經文本意與內在精神，提示大眾如何將佛法的智慧與慈悲，落實在生活之中，進而消解煩惱、淨化心靈。\r\n\r\n課程講義： http://web.ddm.org.tw/main/download.aspx?dlfn=20120219-1.pdf\r\n\r\n更多數位課程：http://www.dharmaschool.com/index.html\r\nDDMTV01：http://www.youtube.com/user/DDMTV01/featured\r\nDDMTV02：http://www.youtube.com/user/DDMTV02/featured\r\nDDMTV03：http://www.youtube.com/user/ddmtv03/featured\r\nDDMTV04：http://www.youtube.com/user/DDMTV04');
INSERT INTO videos(vid, pid, title, description) VALUES('JDjN49Mf6JE', 'PLDBB3D468D9013BC0', '梁皇寶懺講要（十講之一）：總說-3/4', '佛經不是僅供信仰持誦的，更當「如說修行」，應用於每一個人的日常生活之中，「《梁皇寶懺》講要」以深入淺出的方式，引導讀者瞭解經文本意與內在精神，提示大眾如何將佛法的智慧與慈悲，落實在生活之中，進而消解煩惱、淨化心靈。\r\n\r\n課程講義： http://web.ddm.org.tw/main/download.aspx?dlfn=20120219-1.pdf\r\n\r\n\r\n更多數位課程：http://www.dharmaschool.com/index.html\r\nDDMTV01：http://www.youtube.com/user/DDMTV01/featured\r\nDDMTV02：http://www.youtube.com/user/DDMTV02/featured\r\nDDMTV03：http://www.youtube.com/user/ddmtv03/featured\r\nDDMTV04：http://www.youtube.com/user/DDMTV04');
INSERT INTO videos(vid, pid, title, description) VALUES('3n-CQetaHF4', 'PLDBB3D468D9013BC0', '梁皇寶懺講要（十講之一）：總說-4/4', '佛經不是僅供信仰持誦的，更當「如說修行」，應用於每一個人的日常生活之中，「《梁皇寶懺》講要」以深入淺出的方式，引導讀者瞭解經文本意與內在精神，提示大眾如何將佛法的智慧與慈悲，落實在生活之中，進而消解煩惱、淨化心靈。\r\n\r\n課程講義： http://web.ddm.org.tw/main/download.aspx?dlfn=20120219-1.pdf\r\n\r\n\r\n更多數位課程：http://www.dharmaschool.com/index.html\r\nDDMTV01：http://www.youtube.com/user/DDMTV01/featured\r\nDDMTV02：http://www.youtube.com/user/DDMTV02/featured\r\nDDMTV03：http://www.youtube.com/user/ddmtv03/featured\r\nDDMTV04：http://www.youtube.com/user/DDMTV04');
INSERT INTO videos(vid, pid, title, description) VALUES('xDfBiubQqsM', 'PLDBB3D468D9013BC0', '梁皇寶懺講要（十講之二）：卷一-1/4', '佛經不是僅供信仰持誦的，更當「如說修行」，應用於每一個人的日常生活之中，「《梁皇寶懺》講要」以深入淺出的方式，引導讀者瞭解經文本意與內在精神，提示大眾如何將佛法­的智慧與慈悲，落實在生活之中，進而消解煩惱、淨化心靈。\n\n更多數位課程：http://www.dharmaschool.com/index.html\nDDMTV01：http://www.youtube.com/user/DDMTV01/featured\nDDMTV02：http://www.youtube.com/user/DDMTV02/featured\nDDMTV03：http://www.youtube.com/user/ddmtv03/featured\nDDMTV04：http://www.youtube.com/user/DDMTV04');
INSERT INTO videos(vid, pid, title, description) VALUES('TtwNFDkm04I', 'PLDBB3D468D9013BC0', '梁皇寶懺講要（十講之二）：卷一-2/4', '佛經不是僅供信仰持誦的，更當「如說修行」，應用於每一個人的日常生活之中，「《梁皇寶懺》講要」以深入淺出的方式，引導讀者瞭解經文本意與內在精神，提示大眾如何將佛法­的智慧與慈悲，落實在生活之中，進而消解煩惱、淨化心靈。\n\n更多數位課程：http://www.dharmaschool.com/index.html\nDDMTV01：http://www.youtube.com/user/DDMTV01/featured\nDDMTV02：http://www.youtube.com/user/DDMTV02/featured\nDDMTV03：http://www.youtube.com/user/ddmtv03/featured\nDDMTV04：http://www.youtube.com/user/DDMTV04');
INSERT INTO videos(vid, pid, title, description) VALUES('aaohrgfjgYk', 'PLDBB3D468D9013BC0', '梁皇寶懺講要（十講之二）：卷一-3/4', '佛經不是僅供信仰持誦的，更當「如說修行」，應用於每一個人的日常生活之中，「《梁皇寶懺》講要」以深入淺出的方式，引導讀者瞭解經文本意與內在精神，提示大眾如何將佛法­的智慧與慈悲，落實在生活之中，進而消解煩惱、淨化心靈。\n\n更多數位課程：http://www.dharmaschool.com/index.html\nDDMTV01：http://www.youtube.com/user/DDMTV01/featured\nDDMTV02：http://www.youtube.com/user/DDMTV02/featured\nDDMTV03：http://www.youtube.com/user/ddmtv03/featured\nDDMTV04：http://www.youtube.com/user/DDMTV04');
INSERT INTO videos(vid, pid, title, description) VALUES('34S0E8qsfl0', 'PLDBB3D468D9013BC0', '梁皇寶懺講要（十講之二）：卷一-4/4', '佛經不是僅供信仰持誦的，更當「如說修行」，應用於每一個人的日常生活之中，「《梁皇寶懺》講要」以深入淺出的方式，引導讀者瞭解經文本意與內在精神，提示大眾如何將佛法­的智慧與慈悲，落實在生活之中，進而消解煩惱、淨化心靈。\r\n\r\n更多數位課程：http://www.dharmaschool.com/index.html\r\nDDMTV01：http://www.youtube.com/user/DDMTV01/featured\r\nDDMTV02：http://www.youtube.com/user/DDMTV02/featured\r\nDDMTV03：http://www.youtube.com/user/ddmtv03/featured\r\nDDMTV04：http://www.youtube.com/user/DDMTV04');
INSERT INTO videos(vid, pid, title, description) VALUES('NA7YnYm8HgQ', 'PLDBB3D468D9013BC0', '梁皇寶懺講要（十講之三）：卷二', '佛經不是僅供信仰持誦的，更當「如說修行」，應用於每一個人的日常生活之中，「《梁皇寶懺》講要」以深入淺出的方式，引導讀者瞭解經文本意與內在精神，提示大眾如何將佛法­的智慧與慈悲，落實在生活之中，進而消解煩惱、淨化心靈。\r\n\r\n課程講義：http://web.ddm.org.tw/main/download.aspx?dlfn=2012-0311.pdf\r\n\r\n更多數位課程：http://www.dharmaschool.com/index.html\r\nDDMTV01：http://www.youtube.com/user/DDMTV01/featured\r\nDDMTV02：http://www.youtube.com/user/DDMTV02/featured\r\nDDMTV03：http://www.youtube.com/user/ddmtv03/featured\r\nDDMTV04：http://www.youtube.com/user/DDMTV04');
INSERT INTO videos(vid, pid, title, description) VALUES('9xbYQP5jeKs', 'PLDBB3D468D9013BC0', '梁皇寶懺講要（十講之四）：卷三', '佛經不是僅供信仰持誦的，更當「如說修行」，應用於每一個人的日常生活之中，「《梁皇寶懺》講要」以深入淺出的方式，引導讀者瞭解經文本意與內在精神，提示大眾如何將佛法­的智慧與慈悲，落實在生活之中，進而消解煩惱、淨化心靈。\r\n\r\n課程講義：http://web.ddm.org.tw/main/download.aspx?dlfn=2012-0318.pdf\r\n\r\n更多數位課程：http://www.dharmaschool.com/index.html\r\nDDMTV01：http://www.youtube.com/user/DDMTV01/featured\r\nDDMTV02：http://www.youtube.com/user/DDMTV02/featured\r\nDDMTV03：http://www.youtube.com/user/ddmtv03/featured\r\nDDMTV04：http://www.youtube.com/user/DDMTV04');
INSERT INTO videos(vid, pid, title, description) VALUES('gWi41nMaBTw', 'PLDBB3D468D9013BC0', '梁皇寶懺講要（十講之五）：卷四', '佛經不是僅供信仰持誦的，更當「如說修行」，應用於每一個人的日常生活之中，「《梁皇寶懺》講要」以深入淺出的方式，引導讀者瞭解經文本意與內在精神，提示大眾如何將佛法­­的智慧與慈悲，落實在生活之中，進而消解煩惱、淨化心靈。\r\n\r\n課程講義：http://web.ddm.org.tw/main/download.aspx?dlfn=2012-0401.pdf\r\n\r\n更多數位課程：http://www.dharmaschool.com/index.html\r\nDDMTV01：http://www.youtube.com/user/DDMTV01/featured\r\nDDMTV02：http://www.youtube.com/user/DDMTV02/featured\r\nDDMTV03：http://www.youtube.com/user/ddmtv03/featured\r\nDDMTV04：http://www.youtube.com/user/DDMTV04');
INSERT INTO videos(vid, pid, title, description) VALUES('L1weoUHnI3Y', 'PLDBB3D468D9013BC0', '梁皇寶懺講要（十講之六）：卷五', '佛經不是僅供信仰持誦的，更當「如說修行」，應用於每一個人的日常生活之中，「《梁皇寶懺》講要」以深入淺出的方式，引導讀者瞭解經文本意與內在精神，提示大眾如何將佛法­的智慧與慈悲，落實在生活之中，進而消解煩惱、淨化心靈。');
INSERT INTO videos(vid, pid, title, description) VALUES('nxslGDYjvqA', 'PLDBB3D468D9013BC0', '梁皇寶懺講要（十講之七）：卷六', '佛經不是僅供信仰持誦的，更當「如說修行」，應用於每一個人的日常生活之中，「《梁皇寶懺》講要」以深入淺出的方式，引導讀者瞭解經文本意與內在精神，提示大眾如何將佛法­­的智慧與慈悲，落實在生活之中，進而消解煩惱、淨化心靈。\n\n課程講義：http://web.ddm.org.tw/main/download.aspx?dlfn=2012-0422.pdf\n\n更多數位課程：http://www.dharmaschool.com/index.html\nDDMTV01：http://www.youtube.com/user/DDMTV01/featured\nDDMTV02：http://www.youtube.com/user/DDMTV02/featured\nDDMTV03：http://www.youtube.com/user/ddmtv03/featured\nDDMTV04：http://www.youtube.com/user/DDMTV04');
INSERT INTO videos(vid, pid, title, description) VALUES('TQnWf3zvta4', 'PLDBB3D468D9013BC0', '梁皇寶懺講要（十講之八）：卷七', '佛經不是僅供信仰持誦的，更當「如說修行」，應用於每一個人的日常生活之中，「《梁皇寶懺》講要」以深入淺出的方式，引導讀者瞭解經文本意與內在精神，提示大眾如何將佛法­的智慧與慈悲，落實在生活之中，進而消解煩惱、淨化心靈。');
INSERT INTO videos(vid, pid, title, description) VALUES('pUirFeRByMU', 'PLDBB3D468D9013BC0', '梁皇寶懺講要（十講之九）：卷八、卷九', '佛經不是僅供信仰持誦的，更當「如說修行」，應用於每一個人的日常生活之中，「《梁皇寶懺》講要」以深入淺出的方式，引導讀者瞭解經文本意與內在精神，提示大眾如何將佛法­的智慧與慈悲，落實在生活之中，進而消解煩惱、淨化心靈。');
INSERT INTO videos(vid, pid, title, description) VALUES('wW4JGif3RiM', 'PLDBB3D468D9013BC0', '梁皇寶懺講要（十講之十）：卷十', '佛經不是僅供信仰持誦的，更當「如說修行」，應用於每一個人的日常生活之中，「《梁皇寶懺》講要」以深入淺出的方式，引導讀者瞭解經文本意與內在精神，提示大眾如何將佛法­的智慧與慈悲，落實在生活之中，進而消解煩惱、淨化心靈。');
INSERT INTO channels(cid, type, title, description) VALUES('UCMvjjfm8AFBLQvQC9gItWEw', 'youtube', '法鼓講堂', '法鼓山法鼓講堂');
INSERT INTO playlist(pid, cid, title, description) VALUES('PLDuDoO_3m4cayoTOAeB9gTDkH-IWgMvAk','UCMvjjfm8AFBLQvQC9gItWEw', '大悲懺法', '課程講義：\nhttps://drive.google.com/folderview?id=0B2fBOTGh9qaEODNFdEI4bEFWZHc&usp=sharing\n\n懺悔，唯有在真正的虔誠懇切中\n才能發生作用，也才能具體轉變身、心\n而《大悲懺》透過儀軌、梵唄、莊嚴的道場\n凝聚虔敬專注的力量\n滌淨我們內心的垢惡與罪障\n實為世人安頓身心最殊勝、方便的修行法門');
INSERT INTO videos(vid, pid, title, description) VALUES('Vn1MW5JWR2k', 'PLDuDoO_3m4cayoTOAeB9gTDkH-IWgMvAk', '大悲懺法-四講之一', '課程講義：大悲懺法-四講之一-講義\nhttps://drive.google.com/a/ddmf.org.tw/folderview?id=0B2fBOTGh9qaEZ2phTEhIX3ZhbUk&usp=sharing#\n\n懺悔，唯有在真正的虔誠懇切中才能發生作用，也才能具體轉變身、心。而《大悲懺》透過儀軌、梵唄、莊嚴的道場，凝聚與會大眾虔敬專注的力量，滌淨眾人內心的垢惡與罪障，實為世人安頓身心最殊勝、方便的修行法門。2015新的一年開始，邀請您一同來聆聽果慨法師主講的「大悲懺法」，透過觀音菩薩的慈悲與智慧，淨化我們的身心，啟動光明遠大的新一年。');
INSERT INTO videos(vid, pid, title, description) VALUES('BzK2xeGZ6cg', 'PLDuDoO_3m4cayoTOAeB9gTDkH-IWgMvAk', '大悲懺法-四講之二', '課程講義：大悲懺法-四講之二-講義\nhttps://drive.google.com/folderview?id=0B2fBOTGh9qaEQjV2MVRRV2tuUk0&usp=sharing\n\n流傳千古而不墜的《大悲懺》，其內容並不僅止於現世的消災、祈福，它指涉了觀音的慈悲與方便，藉由儀軌的修持，清淨三業、增長善根，逐步斷除煩惱、見罪本源，直至開悟證果，成就佛道。本週法鼓講堂，邀請您繼續深入瞭解「大悲懺法」，一同從禮懺中，堅固道心，滅罪生樂，成就菩提。');
INSERT INTO videos(vid, pid, title, description) VALUES('X9hWN8Ow1uc', 'PLDuDoO_3m4cayoTOAeB9gTDkH-IWgMvAk', '大悲懺法-四講之三', '課程講義：大悲懺法-四講之三-講義：\nhttps://drive.google.com/folderview?id=0B2fBOTGh9qaELXNVMmt0Ti02bms&usp=sharing\n\n法鼓講堂前二週的課程，法師開示了「懺悔」的重要性，並扼要地說明了《法華三昧懺儀》以及《修懺要旨》，讓大眾更清楚了解拜懺的要旨與意義。本週法師將繼續講說「大悲懺法」依據的經典《千手經》，精彩內容，您千萬別錯過囉！');
INSERT INTO videos(vid, pid, title, description) VALUES('-1_5eZscRlI', 'PLDuDoO_3m4cayoTOAeB9gTDkH-IWgMvAk', '大悲懺法-四講之四', '課程講義：大悲懺法-四講之四-講義：\nhttps://drive.google.com/folderview?id=0B2fBOTGh9qaEaHlXYTE0UkFKdHM&usp=sharing\n\n法鼓講堂本週將繼續透過法師深入淺出的講解，引領大眾了解宋代知禮大師編集的《千手千眼大悲心咒行法》。在課程的尾聲，也期許我們自己除了認識經典教導的修行方法，還要一步一步確實的去做，方能得到修行的利益。願大眾都能由念觀音、求觀音，進而學觀音、做觀音，成就無上菩提。​');
INSERT INTO playlist(pid, cid, title, description) VALUES('PLDuDoO_3m4cZ_acBenwEvk6UmEkSC82ho','UCMvjjfm8AFBLQvQC9gItWEw', '聖嚴法師不一樣的旅行觀', '');
INSERT INTO videos(vid, pid, title, description) VALUES('JN55tmRFZic', 'PLDuDoO_3m4cZ_acBenwEvk6UmEkSC82ho', '聖嚴法師不一樣的旅行觀-三講之一', '課程講義：聖嚴法師不一樣的旅行觀-三講之一\nhttps://drive.google.com/a/ddmf.org.tw/folderview?id=0B2fBOTGh9qaEQ1Jpb1JBODJBbDQ&usp=sharing#\n\n聖嚴法師曾說：「我自己不善於寫遊記，只是喜歡讀遊記，尤其是那些具有思想深度、文學修養及史地知識的遊記，最令我心折。透過作者的觀察感受，便能達成淨化、美化、知性化、感性化這個現實世界的目的。」本週起一連三週，邀請國立臺灣師範大學王美秀老師，主講「聖嚴法師不一樣的旅行觀」，帶領大眾以文學視角一窺聖嚴法師行腳弘化的生命旅程。');
INSERT INTO videos(vid, pid, title, description) VALUES('BS20N91rmfA', 'PLDuDoO_3m4cZ_acBenwEvk6UmEkSC82ho', '聖嚴法師不一樣的旅行觀-三講之二', '課程講義：聖嚴法師不一樣的旅行觀-三講之二-講義\nhttps://drive.google.com/a/ddmf.org.tw/file/d/0B2fBOTGh9qaEYXFJNG4tZlVNN1k/view\n\n上週課程「聖嚴法師不一樣的旅行觀」，王美秀老師從古典特質、歷史角度等方面，詮釋聖嚴法師【寰遊自傳】系列書籍，引領大家發掘許多不同面向的閱讀風光與趣味。本週王老師將繼續深入分享法師的弘化遊記，誠摯邀請您一同依著聖嚴法師的旅行文字，感受其生命歷程與苦樂經驗，做法師的知心道侶，擔起學法、護法的如來家業。');
INSERT INTO videos(vid, pid, title, description) VALUES('Ev0nQuvwpnQ', 'PLDuDoO_3m4cZ_acBenwEvk6UmEkSC82ho', '聖嚴法師不一樣的旅行觀-三講之三', '課程講義：https://drive.google.com/a/ddmf.org.tw/folderview?id=0B2fBOTGh9qaEeV9feGNVZGJxTzg&usp=sharing#\n\n聖嚴法師在《空花水月》一書中寫道：「我的任務是弘揚佛法，留下行腳過程的腳印，也是為了弘揚佛法。許多人希望見我一面都難，我的每一本遊記所載，便是以佛法與人接觸的實情，讀我的遊記，所得的訊息，要比僅僅見我一面豐富得多。」本週課程即將進入尾聲，邀請您繼續聆聽美秀老師的精彩分享，跟隨法師周遊各地，聽一場又一場的佛法，共同來與法相會。');
INSERT INTO playlist(pid, cid, title, description) VALUES('PLDuDoO_3m4cawU_aokilBci9AQkgJZHNs','UCMvjjfm8AFBLQvQC9gItWEw', '藥師法門', '《藥師經》闡述藥師如來的十二大願，\n藥師佛以廣大智慧與至深悲心\n令眾生身心安樂、眾苦消除。\n本講座將帶領我們深入瞭解其大悲願心，\n將身心融於藥師如來的祝福中，\n現生必得清涼自在，未來則能光明遠大。');
INSERT INTO videos(vid, pid, title, description) VALUES('YNL31gxj8Zk', 'PLDuDoO_3m4cawU_aokilBci9AQkgJZHNs', '藥師法門-四講之一', '藥師法門-四講之一-講義\nhttps://drive.google.com/folderview?id=0B2fBOTGh9qaEYnZFdnR2Mm4wYnc&usp=sharing\n\n《藥師琉璃光如來本願功德經》記述了藥師如來的莊嚴淨土，也記述了藥師如來希望讓眾生身心安樂，眾苦消除，所求如意的十二大願。十月份，法鼓講堂主題講座將由果祥法師主講，帶領大眾深入瞭解藥師如來的大悲願心，期許眾生能將身心融於藥師如來的祝福中，那麼現生必得清涼自在，未來則能光明遠大。');
INSERT INTO videos(vid, pid, title, description) VALUES('mB2t0T7W320', 'PLDuDoO_3m4cawU_aokilBci9AQkgJZHNs', '藥師法門-四講之二', '藥師法門-四講之二-講義\nhttps://drive.google.com/folderview?id=0B2fBOTGh9qaEdVZ1SWhFSUV3ZmM&usp=sharing\n\n「大醫王佛」藥師如來，於行菩薩道時曾發十二大願，願眾生能遠離病苦，身心安樂如琉璃一般明澈。本週課程，果祥法師將帶領大家進入藥師佛的願行，學習藥師如來的慈悲與智慧，照破內心的無明煩惱，進而能廣修福慧，自利利他，帶給身邊的人溫暖與喜悅。');
INSERT INTO videos(vid, pid, title, description) VALUES('Ae5BY9z229A', 'PLDuDoO_3m4cawU_aokilBci9AQkgJZHNs', '藥師法門-四講之三', '藥師法門-四講之三-講義\nhttps://drive.google.com/folderview?id=0B2fBOTGh9qaEdTFXMVVfWnltM28&usp=sharing\n\n聖嚴法師在〈環保列車〉歌詞中寫道：「心靈環保，提高人生的境界；禮儀環保，增進人間的和諧；生活環保，取得生存的空間；自然環保，能讓大地留下美好的明天。四種環保，讓我們大家福壽綿延。」本週法鼓講堂，果祥法師將結合法鼓山四種環保的概念，為我們繼續講說藥師淨土法門的殊勝，精彩課程，請您別錯過喔！');
INSERT INTO videos(vid, pid, title, description) VALUES('cVbZIQN6OPg', 'PLDuDoO_3m4cawU_aokilBci9AQkgJZHNs', '藥師法門-四講之四', '藥師法門-四講之四-講義：\nhttps://drive.google.com/folderview?id=0B2fBOTGh9qaEWmRfLUtseG02MjQ&usp=sharing\n\n聖嚴法師曾說：「一念心中有慈悲及智慧，就一念見到人間淨土；念念與慈悲及智慧相應，就念念見到人間淨土。」本週法鼓講堂「藥師法門」最後一堂課，果祥法師將講說人間淨土與藥師法門，引導您如何學習藥師如來的十二大願，以佛法來淨化自心、影響他人，將惡濁世界轉成清淨的淨琉璃世界。');
INSERT INTO playlist(pid, cid, title, description) VALUES('PLDuDoO_3m4canZuaWM_yC9Kzp0Ma1Tc5p','UCMvjjfm8AFBLQvQC9gItWEw', '尋訪善知識--善財童子五十三參', '「云何學菩薩行，云何修菩薩道」是每一位初發心菩薩內心深處的問號 ，\n讓我們帶著這個生命的疑問， 隨著善財童子尋師求道的足跡，\n發念念不離菩提之心，廣學多聞增長智慧。');
INSERT INTO videos(vid, pid, title, description) VALUES('k_AKn_PSBxU', 'PLDuDoO_3m4canZuaWM_yC9Kzp0Ma1Tc5p', '善財童子五十三參-四講之一', '課程講義：善財童子五十三參-四講之一-講義\nhttps://drive.google.com/a/ddmf.org.tw/folderview?id=0B2fBOTGh9qaEcmQ4TnZxem80bW8&usp=sharing#\n\n聖嚴法師曾說：「親近善知識，能夠讓你人格成長、智慧增加，也能讓你身心平安、家庭和樂、事業順利。」九月份，法鼓講堂推出新課程，邀請德貴監院常元法師主講「尋訪善知識──善財童子53參」，帶領大眾走進善財童子尋師問道的歷程，學習善財不畏艱辛勤求佛道的精神，而能生起仿效之心，發菩提心，行菩薩道。');
INSERT INTO videos(vid, pid, title, description) VALUES('A2sl0NbitQk', 'PLDuDoO_3m4canZuaWM_yC9Kzp0Ma1Tc5p', '善財童子五十三參-四講之二', '課程講義：善財童子五十三參-四講之二-講義\nhttps://drive.google.com/folderview?id=0B2fBOTGh9qaERTQ4TXU5MWtIUVE&usp=sharing\n\n有「經中之王」譽稱的《華嚴經》，是修學佛法一部非常重要的經典；而善財童子五十三參，更為該經的特色。上週課程介紹了《華嚴經》的流傳、架構等概要，本週法師將帶領大家一探善財童子參訪善知識的世界，精彩內容，您千萬不要錯過囉！');
INSERT INTO videos(vid, pid, title, description) VALUES('wINE58NC5zg', 'PLDuDoO_3m4canZuaWM_yC9Kzp0Ma1Tc5p', '善財童子五十三參--四講之三', '課程講義 :善財童子五十三參-四講之三-講義\nhttps://drive.google.com/a/ddmf.org.tw/folderview?id=0B2fBOTGh9qaERTQ4TXU5MWtIUVE&usp=sharing\n\n聖嚴法師曾說：「在尚未開發自己的智慧之前，應當運用佛及諸善知識智慧的教法，精進修習。」在佛教經典中，亦很強調親近善知識的重要。本週法鼓講堂「尋訪善知識──善財童子五十三參」課程，繼續邀請大家隨著善財童子的足跡，參訪善知識，學習他們的經歷，開發自身的智慧。');
INSERT INTO videos(vid, pid, title, description) VALUES('vSBO9RiN2J4', 'PLDuDoO_3m4canZuaWM_yC9Kzp0Ma1Tc5p', '善財童子五十三參--四講之四', '課程講義：善財童子五十三參-四講之四-講義\nhttps://drive.google.com/folderview?id=0B2fBOTGh9qaEOUVFTnZrYzJoTFU&usp=sharing\n\n善知識，是我們學佛道上的良師益友。《華嚴經》云：「依善知識，學菩薩行，入菩薩行，修菩薩行。」「尋訪善知識：善財童子五十三參」課程，本週將進入尾聲。邀請您繼續跟隨善財童子尋師問道，開啟智慧之眼，修學菩薩道。');
INSERT INTO playlist(pid, cid, title, description) VALUES('PLDuDoO_3m4cbgLji_YwCHRUG5OLwS21vN','UCMvjjfm8AFBLQvQC9gItWEw', '《法鼓全集》導讀系列(6)生活實踐', '面對人生的生、老、病、死，\n一般人最關心的無非是個人、家庭、婚姻、人際與工作等。\n聖嚴師父有相當多的著作，都是在關懷現實的人生。\n透過溫柔幽默的文字，\n以佛法的智慧教大家掌握人生方向，\n並做好情緒管理，放下貪、瞋、痴、慢、疑的執著；\n時時用智慧過生活，開心自在過一生！');
INSERT INTO videos(vid, pid, title, description) VALUES('YH8VxFweh68', 'PLDuDoO_3m4cbgLji_YwCHRUG5OLwS21vN', '《法鼓全集》導讀系列(6)四講之一  自我成長', '課程講義：《法鼓全集》導讀系列(6)四講之一 自我成長-講義\nhttps://drive.google.com/folderview?id=0B2fBOTGh9qaEaFNDcWZUV1ZNdjQ&usp=sharing\n\n法鼓講堂「放假」一個月，本週又將「開講」囉！7/9起每周三，一連四堂課，《法鼓全集》導讀系列將介紹聖嚴法師多本生活類的著作，指引大眾巧妙運用佛法的智慧，坦然面對人生的種種現象。此系列首波主題「自我成長」邀請到常續法師主講，期許大眾一同透過聖嚴法師書中的智慧，認識自我、肯定自我、成長自我、消融自我。精采課程，您千萬別錯過囉。');
INSERT INTO videos(vid, pid, title, description) VALUES('M5PSAbKnIzA', 'PLDuDoO_3m4cbgLji_YwCHRUG5OLwS21vN', '《法鼓全集》導讀系列(6)四講之二  情緒管理', '課程講義：《法鼓全集》導讀系列(6)四講之二 情緒管理-講義\nhttps://drive.google.com/folderview?id=0B2fBOTGh9qaEN1EtMWpneHVrTDg&usp=sharing\n\n高壓、競爭的現今社會，人心浮躁、緊繃，遇事也較為容易情緒起伏。聖嚴法師曾說：「在情緒快爆發的當下要趕緊轉念......山不轉路要轉，路不轉人要轉，人不能轉則心念要轉。」 本週《法鼓全集》導讀講座──「生活實踐系列」，邀請常法法師主講「情緒管理」，透過分享聖嚴法師的書中寶藏，引領大眾在生活中遇境轉念，時時心安平安，處處海闊天空。');
INSERT INTO videos(vid, pid, title, description) VALUES('XtUvMozRTQY', 'PLDuDoO_3m4cbgLji_YwCHRUG5OLwS21vN', '《法鼓全集》導讀系列(6)四講之三  職場智慧', '課程講義：《法鼓全集》導讀系列(6)四講之三 職場智慧-講義\nhttps://drive.google.com/folderview?id=0B2fBOTGh9qaEUW9UNVZfVHk3U0k&usp=sharing\n\n聖嚴法師曾說：「在自己的工作崗位上認真負責，不一邊工作一邊埋怨、發牢騷，或是一邊指桑罵槐很不滿意，這樣就是敬業、就是修行。」本週《法鼓全集》導讀講座－－「生活實踐系列」，邀請安和分院監院果旭法師主講「職場智慧」，分享聖嚴法師有關職場的智慧開示，指引大眾運用佛法於工作中，將職場中遇到的挫折或煩惱，轉化為不斷成長的活力與契機。課程精彩可期，您千萬別錯過囉。');
INSERT INTO videos(vid, pid, title, description) VALUES('kuvxG2-c494', 'PLDuDoO_3m4cbgLji_YwCHRUG5OLwS21vN', '《法鼓全集》導讀系列(6)四講之四  生死自在', '課程講義：《法鼓全集》導讀系列(6)四講之四  生死自在-講義\nhttps://drive.google.com/folderview?id=0B2fBOTGh9qaEZHgtUkhPeTh4QVU&usp=sharing\n\n聖嚴法師曾說：「禪修的目的，在於開悟解脫。一個解脫了的人，視生命為修福慧的工具，既不會貪戀生命，也不會畏懼、逃避死亡，而這也就是所謂的生死自在了。」本週《法鼓全集》導讀講座──「生活實踐系列」，邀請台南分院監院果謙法師主講「生死自在」，分享聖嚴法師看待生死的智慧，學習正確面對生死的態度，珍惜、善用人身，充分發揮生命應有的價值與意義。');
INSERT INTO playlist(pid, cid, title, description) VALUES('PLDuDoO_3m4cZSY9ZGjwwL6L-pdYYe6LoI','UCMvjjfm8AFBLQvQC9gItWEw', '《法鼓全集》導讀系列(5)修行指導', '聖嚴法師同時承繼曹洞與臨濟兩大禪宗法脈\n一生精研默照、話頭兩大法門\n而「禪淨雙修」則是中國佛教歷來的傳統\n再加上法師自幼即深具的觀音信仰\n使得「禪修、念佛、觀音法門」\n成為其一生最主要的三項修持、化眾法門\n引領大眾應機、契理深入大覺智海。');
INSERT INTO videos(vid, pid, title, description) VALUES('O_6aMvGZDKE', 'PLDuDoO_3m4cZSY9ZGjwwL6L-pdYYe6LoI', '《法鼓全集》導讀系列(5)四講之一  觀音法門', '《法鼓全集》導讀系列(5)四講之一 觀音法門-講義\nhttps://drive.google.com/folderview?id=0B2fBOTGh9qaEZ0lIVUhadm5xMXc&usp=sharing\n\n《法鼓全集》導讀講座，五月份進入「修行指導系列」，本週邀請三學院監院果慨法師介紹聖嚴師父兩本有關觀音法門的著作。在《聖嚴法師教觀音法門》一書中提到：「觀音法門涵蓋兩則心要－－自利與利他。往內，圓修智慧、淨覺解脫，即自利；向外，普門示現，悲濟救拔，即利他。」期許人人都能學習觀音菩薩「聞聲救苦」的悲心，以智慧、慈悲心協助自己，也幫助他人。');
INSERT INTO videos(vid, pid, title, description) VALUES('EcN3h_pHmIE', 'PLDuDoO_3m4cZSY9ZGjwwL6L-pdYYe6LoI', '《法鼓全集》導讀系列5四講之二 淨土法門', '課程講議：《法鼓全集》導讀系列(5)四講之二 淨土法門-講義\nhttps://drive.google.com/folderview?id=0B2fBOTGh9qaEMjJhYlYzZjRWN0E&usp=sharing\n\n什麼是淨土？只有念「阿彌陀佛」才能往生西方嗎？淨土與禪是對立的嗎？《法鼓全集》導讀講座－－「修行指導系列」，本週邀請中華佛學研究所所長果鏡法師，介紹聖嚴師父兩本有關淨土法門的著作，帶領大眾認識淨土法門，體認若能「變無明煩惱為智慧之海，化貪欲瞋恚為慈悲之懷」，三界火宅即是清涼世界，娑婆世界便是無垢淨土。');
INSERT INTO videos(vid, pid, title, description) VALUES('oWdclcEdzbk', 'PLDuDoO_3m4cZSY9ZGjwwL6L-pdYYe6LoI', '《法鼓全集》導讀系列(5)四講之三  話頭、默照Ⅰ', '課程講議：《法鼓全集》導讀系列(5)四講之三 話頭、默照Ⅰ-講義\nhttps://drive.google.com/folderview?id=0B2fBOTGh9qaEWFBvOEFhNzNVbE0&usp=sharing\n\n《法鼓全集》導讀講座「修行指導系列」，五月份最後兩堂課，邀請法鼓山僧伽大學講師果徹法師，介紹聖嚴師父默照、話頭的著作，帶領大眾有次第、有方法地進入禪修之門，進而能將禪法的觀念落實到日常生活中，為人生帶來祥和、安定的力量。');
INSERT INTO videos(vid, pid, title, description) VALUES('vqP1O4DA7cs', 'PLDuDoO_3m4cZSY9ZGjwwL6L-pdYYe6LoI', '《法鼓全集》導讀系列(5)四講之四 話頭、默照Ⅱ', '課程講議：《法鼓全集》導讀系列(5)四講之四 話頭、默照Ⅱ-講義\nhttps://drive.google.com/file/d/0B2fBOTGh9qaEZ0ZkWXlTR1dmZ0U/edit?usp=sharing\n\n被喻為「金剛王寶劍」的話頭，能開智慧，除煩惱，去執著。上週「修行指導系列」，果徹法師介紹了聖嚴師父的默照禪法著作，​本週最後一堂課，將繼續導讀師父的話頭禪法著作，帶領大眾掌握話頭的修行要領、功能與方法，從心找回自己的「本來面目」。​');
INSERT INTO playlist(pid, cid, title, description) VALUES('PLDuDoO_3m4cYyRuOGGq4G5u8iImSnwYNa','UCMvjjfm8AFBLQvQC9gItWEw', '《法鼓全集》導讀系列(4)三學精進', '聖嚴法師曾說\n戒律是佛子生活中的防腐劑，是修習一切善法的基礎\n此外尚須理解經教，並在修持實證上下功夫。\n法師畢生博覽群籍深入經藏，\n更是蜚聲國際的知名禪師，\n經過消化、統整，以一貫深入淺出而睿智的筆觸，\n將戒學、定學、慧學做簡明而有系統的介紹，\n讓大家透過閱讀此系列著作，\n在觀念的建立與實踐上，穩健上路。');
INSERT INTO videos(vid, pid, title, description) VALUES('Dp4cSblNOTE', 'PLDuDoO_3m4cYyRuOGGq4G5u8iImSnwYNa', '《法鼓全集》導讀系列(4)五講之一  戒學', '課程講義：《法鼓全集》導讀系列(4)五講之一戒學-講義\nhttps://drive.google.com/folderview?id=0B2fBOTGh9qaEcmxrVXNHcV9jX3c&usp=sharing\n\n聖嚴師父在《戒律學綱要》一書中提到：「戒律的制度，不是佛陀對於佛弟子們的一種束縛，實是佛子的解脫道，也是僧團的防腐劑。」《法鼓全集》導讀系列講座，本週邀請雲來寺監院果會法師，導讀聖嚴師父二本有關戒律的重要著作，使大眾對戒律、持戒有正確的觀念；進而能清淨身、口、意三業，發菩提心，自利利人。');
INSERT INTO videos(vid, pid, title, description) VALUES('79r-z1uHSF8', 'PLDuDoO_3m4cYyRuOGGq4G5u8iImSnwYNa', '《法鼓全集》導讀系列(4)五講之二  慧學Ⅰ', '《法鼓全集》導讀系列(4)五講之二  慧學Ⅰ-講義\nhttps://drive.google.com/folderview?id=0B2fBOTGh9qaEMHpNU3Y3RTRkU1E&usp=sharing\n\n聖嚴師父曾說：「我一向主張『古為今用』，佛經不是僅供信仰持誦的，更當『如說修行』，應用於每一個人的日常生活之中。」《法鼓全集》導讀系列講座，本週起一連兩週，邀請教學經驗豐富的常延法師，導讀聖嚴師父的【經典系列】著作，內容含括了《法華經》、《金剛經》、《心經》等多部重要經論，帶領大眾進入法海，學習佛菩薩的智慧與慈悲。');
INSERT INTO videos(vid, pid, title, description) VALUES('1OSFlOpwWl0', 'PLDuDoO_3m4cYyRuOGGq4G5u8iImSnwYNa', '《法鼓全集》導讀系列(4)五講之三  慧學Ⅱ', '《法鼓全集》導讀系列(4)五講之三  慧學Ⅱ-講義\nhttps://drive.google.com/folderview?id=0B2fBOTGh9qaEeWdVT05pdmRULVk&usp=sharing\n\n聖嚴師父在《戒律學綱要》一書中提到：「佛教的修持方法，是以戒定慧的三學並重，持戒及修定的目的是求慧的產生，慧的功用，是在指導自修戒定並且度人解脫，所以三學之中缺一不可，而以慧為中心。」上週《法鼓全集》導讀系列講座，常延法師介紹了聖嚴師父的經典著作內容、釋經風格等，讓大眾對師父的經典系列著作有整體性的了解。本週將深入介紹此系列書籍的特色、綱要，內容精彩可期，您千萬別錯過囉！');
INSERT INTO videos(vid, pid, title, description) VALUES('c1LTW7CdawE', 'PLDuDoO_3m4cYyRuOGGq4G5u8iImSnwYNa', '《法鼓全集》導讀系列(4)五講之四  禪定學Ⅰ', '《法鼓全集》導讀系列(4)五講之四  禪定學Ⅰ-講義\nhttps://drive.google.com/folderview?id=0B2fBOTGh9qaEX1VzckZzdHMzOGs&usp=sharing\n\n聖嚴師父曾說：「戒、定、慧的三無漏學，是佛法的總綱。戒律為基礎，禪定為方法，慧解為引導，如鼎三足，缺一不可。」 《法鼓全集》導讀講座──「三學精進系列」，已介紹了戒和慧學。本週起一連兩週，邀請常慧法師，導讀分享聖嚴師父的禪修著作，帶領大眾更易於瞭解此系列著作的理路與層次。課程精彩可期，您千萬別錯過喔！');
INSERT INTO videos(vid, pid, title, description) VALUES('bGITlUq8AdI', 'PLDuDoO_3m4cYyRuOGGq4G5u8iImSnwYNa', '《法鼓全集》導讀系列(4)五講之五  禪定學Ⅱ', '《法鼓全集》導讀系列(4)五講之五  禪定學Ⅱ-講義\nhttps://drive.google.com/folderview?id=0B2fBOTGh9qaEOXJEU00yNi1qQU0&usp=sharing\n\n《法鼓全集》導讀講座──「三學精進系列」，本週將進入尾聲。上週課程，常慧法師介紹了聖嚴師父　「禪修系列」著作的特色和內容。本週將深入引領大眾如何跟隨師父提供的這把「禪門之鑰」，有次第地學習閱讀、修學，以禪法安頓身心。\n精彩課程，千萬別錯過喔！');
INSERT INTO playlist(pid, cid, title, description) VALUES('PLDuDoO_3m4cai1B2i_lEyStyB5TdeTbyO','UCMvjjfm8AFBLQvQC9gItWEw', '修行在梵唄', '《修行在梵唄》系列課程第一講：成佛之事 — 淺談梵唄與修行聖嚴師父說：「不喜歡唱誦，是因為不了解梵唄功用的緣故，透過梵唄可安心、靜心、淨心，提契信念、加重悲心、加深願力。」梵唄與漢傳佛教的修行息息相關，儀軌來自祖師大德，用修行體驗，制定出適合漢文化的儀文、曲調，以課誦貫穿佛門一天的修行生活。並透過梵音宣揚，為六道眾生宣說佛法，體現了大乘佛法的精神。梵唄能讓修行更加得力，定慧雙修、自利利他，邀請您來認識，體驗傳唱千餘年的清淨法音，一同在梵唄中修行。本課程為此系列課程課程中的第一講，果慨法師與各位分享與討論甚麼是梵唄、梵唄的源起、梵唄與修行的關係、梵唄與禪修的關係等等\n\n「法鼓講堂」每周三晚間7：00~9：00\n網路直播：http://www.dharmaschool.com/ddm_max/liveclass/liveclassroom.php');
INSERT INTO videos(vid, pid, title, description) VALUES('ZmnlfzJP7Hg', 'PLDuDoO_3m4cai1B2i_lEyStyB5TdeTbyO', '修行在梵唄-第一堂-1/8', '《修行在梵唄》系列課程第一講：成佛之事 — 淺談梵唄與修行聖嚴師父說：「不喜歡唱誦，是因為不了解梵唄功用的緣故，透過梵唄可安心、靜心、淨心，提契信念、加重悲心、加深願力。」梵唄與漢傳佛教的修行息息相關，儀軌來自祖師大德，用修行體驗，制定出適合漢文化的儀文、曲調，以課誦貫穿佛門一天的修行生活。並透過梵音宣揚，為六道眾生宣說佛法，體現了大乘佛法的精神。梵唄能讓修行更加得力，定慧雙修、自利利他，邀請您來認識，體驗傳唱千餘年的清淨法音，一同在梵唄中修行。本課程為此系列課程課程中的第一講，果慨法師與各位分享與討論甚麼是梵唄、梵唄的源起、梵唄與修行的關係、梵唄與禪修的關係等等\n\n「法鼓講堂」每周三晚間7：00~9：00\n網路直播：http://www.dharmaschool.com/ddm_max/liveclass/liveclassroom.php\n修行在梵唄-第一堂-1/8  \nhttp://www.youtube.com/watch?v=ZmnlfzJP7Hg&list=PL4D61143F41D13BA2&index=1\n修行在梵唄-第一堂-2/8  \nhttp://www.youtube.com/watch?v=wtPg8hrdSoc&list=PL4D61143F41D13BA2&index=2\n修行在梵唄-第一堂-3/8  \nhttp://www.youtube.com/watch?v=G2xAgYQGTU8&list=PL4D61143F41D13BA2&index=3\n修行在梵唄-第一堂-4/8  \nhttp://www.youtube.com/watch?v=BeLPjrCc8VE&list=PL4D61143F41D13BA2&index=4\n修行在梵唄-第一堂-5/8  \nhttp://www.youtube.com/watch?v=-SzL7aSo3xY&list=PL4D61143F41D13BA2&index=5\n修行在梵唄-第一堂-6/8  \nhttp://www.youtube.com/watch?v=hGI3ZBiRVO8&list=PL4D61143F41D13BA2&index=6\n修行在梵唄-第一堂-7/8  \nhttp://www.youtube.com/watch?v=q02d5NpDrrg&list=PL4D61143F41D13BA2&index=7\n修行在梵唄-第一堂-8/8  \nhttp://www.youtube.com/watch?v=N8kj3SOv7Ys&list=PL4D61143F41D13BA2&index=8\n\n修行在梵唄-第二堂-1/8\nhttp://www.youtube.com/watch?v=BEOvwvZSolk&list=PL4F1E52DC3176E06D&index=1\n修行在梵唄-第二堂-2/8\nhttp://www.youtube.com/watch?v=Ody4QG3mqHU&list=PL4F1E52DC3176E06D&index=2\n修行在梵唄-第二堂-3/8\nhttp://www.youtube.com/watch?v=dN5MgG3cFfA&list=PL4F1E52DC3176E06D&index=3\n修行在梵唄-第二堂-4/8\nhttp://www.youtube.com/watch?v=FF_sfEZFUbQ&list=PL4F1E52DC3176E06D&index=4\n修行在梵唄-第二堂-5/8\nhttp://www.youtube.com/watch?v=ifiYcjbcees&list=PL4F1E52DC3176E06D&index=5\n修行在梵唄-第二堂-6/8\nhttp://www.youtube.com/watch?v=cJyKh_RZKhM&list=PL4F1E52DC3176E06D&index=6\n修行在梵唄-第二堂-7/8\nhttp://www.youtube.com/watch?v=nt09_-h_AHU&list=PL4F1E52DC3176E06D&index=7\n修行在梵唄-第二堂-8/8\nhttp://www.youtube.com/watch?v=gfRNO7mF3kE&list=PL4F1E52DC3176E06D&index=8');
INSERT INTO videos(vid, pid, title, description) VALUES('wtPg8hrdSoc', 'PLDuDoO_3m4cai1B2i_lEyStyB5TdeTbyO', '修行在梵唄-第一堂-2/8', '《修行在梵唄》系列課程第一講：成佛之事 — 淺談梵唄與修行聖嚴師父說：「不喜歡唱誦，是因為不了解梵唄功用的緣故，透過梵唄可安心、靜心、淨心，提契信念、加重悲心、加深願力。」梵唄與漢傳佛教的修行息息相關，儀軌來自祖師大德，用修行體驗，制定出適合漢文化的儀文、曲調，以課誦貫穿佛門一天的修行生活。並透過梵音宣揚，為六道眾生宣說佛法，體現了大乘佛法的精神。梵唄能讓修行更加得力，定慧雙修、自利利他，邀請您來認識，體驗傳唱千餘年的清淨法音，一同在梵唄中修行。\n本課程為此系列課程課程中的第一講，果慨法師與各位分享與討論甚麼是梵唄、梵唄的源起、梵唄與修行的關係、梵唄與禪修的關係等等。內容精彩豐富，錯過法鼓講堂線上直播的你，千萬不要再錯過此課程囉~~~\n\n「法鼓講堂」每周三晚間7：00~9：00\n網路直播：http://www.dharmaschool.com/ddm_max/liveclass/liveclassroom.php\n修行在梵唄-第一堂-1/8  \nhttp://www.youtube.com/watch?v=ZmnlfzJP7Hg&list=PL4D61143F41D13BA2&index=1\n修行在梵唄-第一堂-2/8  \nhttp://www.youtube.com/watch?v=wtPg8hrdSoc&list=PL4D61143F41D13BA2&index=2\n修行在梵唄-第一堂-3/8  \nhttp://www.youtube.com/watch?v=G2xAgYQGTU8&list=PL4D61143F41D13BA2&index=3\n修行在梵唄-第一堂-4/8  \nhttp://www.youtube.com/watch?v=BeLPjrCc8VE&list=PL4D61143F41D13BA2&index=4\n修行在梵唄-第一堂-5/8  \nhttp://www.youtube.com/watch?v=-SzL7aSo3xY&list=PL4D61143F41D13BA2&index=5\n修行在梵唄-第一堂-6/8  \nhttp://www.youtube.com/watch?v=hGI3ZBiRVO8&list=PL4D61143F41D13BA2&index=6\n修行在梵唄-第一堂-7/8  \nhttp://www.youtube.com/watch?v=q02d5NpDrrg&list=PL4D61143F41D13BA2&index=7\n修行在梵唄-第一堂-8/8  \nhttp://www.youtube.com/watch?v=N8kj3SOv7Ys&list=PL4D61143F41D13BA2&index=8\n\n修行在梵唄-第二堂-1/8\nhttp://www.youtube.com/watch?v=BEOvwvZSolk&list=PL4F1E52DC3176E06D&index=1\n修行在梵唄-第二堂-2/8\nhttp://www.youtube.com/watch?v=Ody4QG3mqHU&list=PL4F1E52DC3176E06D&index=2\n修行在梵唄-第二堂-3/8\nhttp://www.youtube.com/watch?v=dN5MgG3cFfA&list=PL4F1E52DC3176E06D&index=3\n修行在梵唄-第二堂-4/8\nhttp://www.youtube.com/watch?v=FF_sfEZFUbQ&list=PL4F1E52DC3176E06D&index=4\n修行在梵唄-第二堂-5/8\nhttp://www.youtube.com/watch?v=ifiYcjbcees&list=PL4F1E52DC3176E06D&index=5\n修行在梵唄-第二堂-6/8\nhttp://www.youtube.com/watch?v=cJyKh_RZKhM&list=PL4F1E52DC3176E06D&index=6\n修行在梵唄-第二堂-7/8\nhttp://www.youtube.com/watch?v=nt09_-h_AHU&list=PL4F1E52DC3176E06D&index=7\n修行在梵唄-第二堂-8/8\nhttp://www.youtube.com/watch?v=gfRNO7mF3kE&list=PL4F1E52DC3176E06D&index=8');
INSERT INTO videos(vid, pid, title, description) VALUES('G2xAgYQGTU8', 'PLDuDoO_3m4cai1B2i_lEyStyB5TdeTbyO', '修行在梵唄-第一堂-3/8', '《修行在梵唄》系列課程第一講：成佛之事 — 淺談梵唄與修行聖嚴師父說：「不喜歡唱誦，是因為不了解梵唄功用的緣故，透過梵唄可安心、靜心、淨心，提契信念、加重悲心、加深願力。」梵唄與漢傳佛教的修行息息相關，儀軌來自祖師大德，用修行體驗，制定出適合漢文化的儀文、曲調，以課誦貫穿佛門一天的修行生活。並透過梵音宣揚，為六道眾生宣說佛法，體現了大乘佛法的精神。梵唄能讓修行更加得力，定慧雙修、自利利他，邀請您來認識，體驗傳唱千餘年的清淨法音，一同在梵唄中修行。本課程為此系列課程課程中的第一講，果慨法師與各位分享與討論甚麼是梵唄、梵唄的源起、梵唄與修行的關係、梵唄與禪修的關係等等。內容精彩豐富，錯過法鼓講堂線上直播的你，千萬不要再錯過此課程囉~~~\n\n「法鼓講堂」每周三晚間7：00~9：00\n網路直播：http://www.dharmaschool.com/ddm_max/liveclass/liveclassroom.php\n修行在梵唄-第一堂-1/8  \nhttp://www.youtube.com/watch?v=ZmnlfzJP7Hg&list=PL4D61143F41D13BA2&index=1\n修行在梵唄-第一堂-2/8  \nhttp://www.youtube.com/watch?v=wtPg8hrdSoc&list=PL4D61143F41D13BA2&index=2\n修行在梵唄-第一堂-3/8  \nhttp://www.youtube.com/watch?v=G2xAgYQGTU8&list=PL4D61143F41D13BA2&index=3\n修行在梵唄-第一堂-4/8  \nhttp://www.youtube.com/watch?v=BeLPjrCc8VE&list=PL4D61143F41D13BA2&index=4\n修行在梵唄-第一堂-5/8  \nhttp://www.youtube.com/watch?v=-SzL7aSo3xY&list=PL4D61143F41D13BA2&index=5\n修行在梵唄-第一堂-6/8  \nhttp://www.youtube.com/watch?v=hGI3ZBiRVO8&list=PL4D61143F41D13BA2&index=6\n修行在梵唄-第一堂-7/8  \nhttp://www.youtube.com/watch?v=q02d5NpDrrg&list=PL4D61143F41D13BA2&index=7\n修行在梵唄-第一堂-8/8  \nhttp://www.youtube.com/watch?v=N8kj3SOv7Ys&list=PL4D61143F41D13BA2&index=8\n\n修行在梵唄-第二堂-1/8\nhttp://www.youtube.com/watch?v=BEOvwvZSolk&list=PL4F1E52DC3176E06D&index=1\n修行在梵唄-第二堂-2/8\nhttp://www.youtube.com/watch?v=Ody4QG3mqHU&list=PL4F1E52DC3176E06D&index=2\n修行在梵唄-第二堂-3/8\nhttp://www.youtube.com/watch?v=dN5MgG3cFfA&list=PL4F1E52DC3176E06D&index=3\n修行在梵唄-第二堂-4/8\nhttp://www.youtube.com/watch?v=FF_sfEZFUbQ&list=PL4F1E52DC3176E06D&index=4\n修行在梵唄-第二堂-5/8\nhttp://www.youtube.com/watch?v=ifiYcjbcees&list=PL4F1E52DC3176E06D&index=5\n修行在梵唄-第二堂-6/8\nhttp://www.youtube.com/watch?v=cJyKh_RZKhM&list=PL4F1E52DC3176E06D&index=6\n修行在梵唄-第二堂-7/8\nhttp://www.youtube.com/watch?v=nt09_-h_AHU&list=PL4F1E52DC3176E06D&index=7\n修行在梵唄-第二堂-8/8\nhttp://www.youtube.com/watch?v=gfRNO7mF3kE&list=PL4F1E52DC3176E06D&index=8');
INSERT INTO videos(vid, pid, title, description) VALUES('BeLPjrCc8VE', 'PLDuDoO_3m4cai1B2i_lEyStyB5TdeTbyO', '修行在梵唄-第一堂-4/8', '《修行在梵唄》系列課程第一講：成佛之事 — 淺談梵唄與修行聖嚴師父說：「不喜歡唱誦，是因為不了解梵唄功用的緣故，透過梵唄可安心、靜心、淨心，提契信念、加重悲心、加深願力。」梵唄與漢傳佛教的修行息息相關，儀軌來自祖師大德，用修行體驗，制定出適合漢文化的儀文、曲調，以課誦貫穿佛門一天的修行生活。並透過梵音宣揚，為六道眾生宣說佛法，體現了大乘佛法的精神。梵唄能讓修行更加得力，定慧雙修、自利利他，邀請您來認識，體驗傳唱千餘年的清淨法音，一同在梵唄中修行。本課程為此系列課程課程中的第一講，果慨法師與各位分享與討論甚麼是梵唄、梵唄的源起、梵唄與修行的關係、梵唄與禪修的關係等等。內容精彩豐富，錯過法鼓講堂線上直播的你，千萬不要再錯過此課程囉~~~\n\n「法鼓講堂」每周三晚間7：00~9：00\n網路直播：http://www.dharmaschool.com/ddm_max/liveclass/liveclassroom.php\n修行在梵唄-第一堂-1/8  \nhttp://www.youtube.com/watch?v=ZmnlfzJP7Hg&list=PL4D61143F41D13BA2&index=1\n修行在梵唄-第一堂-2/8  \nhttp://www.youtube.com/watch?v=wtPg8hrdSoc&list=PL4D61143F41D13BA2&index=2\n修行在梵唄-第一堂-3/8  \nhttp://www.youtube.com/watch?v=G2xAgYQGTU8&list=PL4D61143F41D13BA2&index=3\n修行在梵唄-第一堂-4/8  \nhttp://www.youtube.com/watch?v=BeLPjrCc8VE&list=PL4D61143F41D13BA2&index=4\n修行在梵唄-第一堂-5/8  \nhttp://www.youtube.com/watch?v=-SzL7aSo3xY&list=PL4D61143F41D13BA2&index=5\n修行在梵唄-第一堂-6/8  \nhttp://www.youtube.com/watch?v=hGI3ZBiRVO8&list=PL4D61143F41D13BA2&index=6\n修行在梵唄-第一堂-7/8  \nhttp://www.youtube.com/watch?v=q02d5NpDrrg&list=PL4D61143F41D13BA2&index=7\n修行在梵唄-第一堂-8/8  \nhttp://www.youtube.com/watch?v=N8kj3SOv7Ys&list=PL4D61143F41D13BA2&index=8\n\n修行在梵唄-第二堂-1/8\nhttp://www.youtube.com/watch?v=BEOvwvZSolk&list=PL4F1E52DC3176E06D&index=1\n修行在梵唄-第二堂-2/8\nhttp://www.youtube.com/watch?v=Ody4QG3mqHU&list=PL4F1E52DC3176E06D&index=2\n修行在梵唄-第二堂-3/8\nhttp://www.youtube.com/watch?v=dN5MgG3cFfA&list=PL4F1E52DC3176E06D&index=3\n修行在梵唄-第二堂-4/8\nhttp://www.youtube.com/watch?v=FF_sfEZFUbQ&list=PL4F1E52DC3176E06D&index=4\n修行在梵唄-第二堂-5/8\nhttp://www.youtube.com/watch?v=ifiYcjbcees&list=PL4F1E52DC3176E06D&index=5\n修行在梵唄-第二堂-6/8\nhttp://www.youtube.com/watch?v=cJyKh_RZKhM&list=PL4F1E52DC3176E06D&index=6\n修行在梵唄-第二堂-7/8\nhttp://www.youtube.com/watch?v=nt09_-h_AHU&list=PL4F1E52DC3176E06D&index=7\n修行在梵唄-第二堂-8/8\nhttp://www.youtube.com/watch?v=gfRNO7mF3kE&list=PL4F1E52DC3176E06D&index=8');
INSERT INTO videos(vid, pid, title, description) VALUES('-SzL7aSo3xY', 'PLDuDoO_3m4cai1B2i_lEyStyB5TdeTbyO', '修行在梵唄-第一堂-5/8', '《修行在梵唄》系列課程第一講：成佛之事 — 淺談梵唄與修行聖嚴師父說：「不喜歡唱誦，是因為不了解梵唄功用的緣故，透過梵唄可安心、靜心、淨心，提契信念、加重悲心、加深願力。」梵唄與漢傳佛教的修行息息相關，儀軌來自祖師大德，用修行體驗，制定出適合漢文化的儀文、曲調，以課誦貫穿佛門一天的修行生活。並透過梵音宣揚，為六道眾生宣說佛法，體現了大乘佛法的精神。梵唄能讓修行更加得力，定慧雙修、自利利他，邀請您來認識，體驗傳唱千餘年的清淨法音，一同在梵唄中修行。本課程為此系列課程課程中的第一講，果慨法師與各位分享與討論甚麼是梵唄、梵唄的源起、梵唄與修行的關係、梵唄與禪修的關係等等。內容精彩豐富，錯過法鼓講堂線上直播的你，千萬不要再錯過此課程囉~~~\n\n「法鼓講堂」每周三晚間7：00~9：00\n網路直播：http://www.dharmaschool.com/ddm_max/liveclass/liveclassroom.php\n修行在梵唄-第一堂-1/8  \nhttp://www.youtube.com/watch?v=ZmnlfzJP7Hg&list=PL4D61143F41D13BA2&index=1\n修行在梵唄-第一堂-2/8  \nhttp://www.youtube.com/watch?v=wtPg8hrdSoc&list=PL4D61143F41D13BA2&index=2\n修行在梵唄-第一堂-3/8  \nhttp://www.youtube.com/watch?v=G2xAgYQGTU8&list=PL4D61143F41D13BA2&index=3\n修行在梵唄-第一堂-4/8  \nhttp://www.youtube.com/watch?v=BeLPjrCc8VE&list=PL4D61143F41D13BA2&index=4\n修行在梵唄-第一堂-5/8  \nhttp://www.youtube.com/watch?v=-SzL7aSo3xY&list=PL4D61143F41D13BA2&index=5\n修行在梵唄-第一堂-6/8  \nhttp://www.youtube.com/watch?v=hGI3ZBiRVO8&list=PL4D61143F41D13BA2&index=6\n修行在梵唄-第一堂-7/8  \nhttp://www.youtube.com/watch?v=q02d5NpDrrg&list=PL4D61143F41D13BA2&index=7\n修行在梵唄-第一堂-8/8  \nhttp://www.youtube.com/watch?v=N8kj3SOv7Ys&list=PL4D61143F41D13BA2&index=8\n\n修行在梵唄-第二堂-1/8\nhttp://www.youtube.com/watch?v=BEOvwvZSolk&list=PL4F1E52DC3176E06D&index=1\n修行在梵唄-第二堂-2/8\nhttp://www.youtube.com/watch?v=Ody4QG3mqHU&list=PL4F1E52DC3176E06D&index=2\n修行在梵唄-第二堂-3/8\nhttp://www.youtube.com/watch?v=dN5MgG3cFfA&list=PL4F1E52DC3176E06D&index=3\n修行在梵唄-第二堂-4/8\nhttp://www.youtube.com/watch?v=FF_sfEZFUbQ&list=PL4F1E52DC3176E06D&index=4\n修行在梵唄-第二堂-5/8\nhttp://www.youtube.com/watch?v=ifiYcjbcees&list=PL4F1E52DC3176E06D&index=5\n修行在梵唄-第二堂-6/8\nhttp://www.youtube.com/watch?v=cJyKh_RZKhM&list=PL4F1E52DC3176E06D&index=6\n修行在梵唄-第二堂-7/8\nhttp://www.youtube.com/watch?v=nt09_-h_AHU&list=PL4F1E52DC3176E06D&index=7\n修行在梵唄-第二堂-8/8\nhttp://www.youtube.com/watch?v=gfRNO7mF3kE&list=PL4F1E52DC3176E06D&index=8');
INSERT INTO videos(vid, pid, title, description) VALUES('hGI3ZBiRVO8', 'PLDuDoO_3m4cai1B2i_lEyStyB5TdeTbyO', '修行在梵唄-第一堂-6/8', '《修行在梵唄》系列課程第一講：成佛之事 — 淺談梵唄與修行聖嚴師父說：「不喜歡唱誦，是因為不了解梵唄功用的緣故，透過梵唄可安心、靜心、淨心，提契信念、加重悲心、加深願力。」梵唄與漢傳佛教的修行息息相關，儀軌來自祖師大德，用修行體驗，制定出適合漢文化的儀文、曲調，以課誦貫穿佛門一天的修行生活。並透過梵音宣揚，為六道眾生宣說佛法，體現了大乘佛法的精神。梵唄能讓修行更加得力，定慧雙修、自利利他，邀請您來認識，體驗傳唱千餘年的清淨法音，一同在梵唄中修行。本課程為此系列課程課程中的第一講，果慨法師與各位分享與討論甚麼是梵唄、梵唄的源起、梵唄與修行的關係、梵唄與禪修的關係等等。內容精彩豐富，錯過法鼓講堂線上直播的你，千萬不要再錯過此課程囉~~~\n\n「法鼓講堂」每周三晚間7：00~9：00\n網路直播：http://www.dharmaschool.com/ddm_max/liveclass/liveclassroom.php\n修行在梵唄-第一堂-1/8  \nhttp://www.youtube.com/watch?v=ZmnlfzJP7Hg&list=PL4D61143F41D13BA2&index=1\n修行在梵唄-第一堂-2/8  \nhttp://www.youtube.com/watch?v=wtPg8hrdSoc&list=PL4D61143F41D13BA2&index=2\n修行在梵唄-第一堂-3/8  \nhttp://www.youtube.com/watch?v=G2xAgYQGTU8&list=PL4D61143F41D13BA2&index=3\n修行在梵唄-第一堂-4/8  \nhttp://www.youtube.com/watch?v=BeLPjrCc8VE&list=PL4D61143F41D13BA2&index=4\n修行在梵唄-第一堂-5/8  \nhttp://www.youtube.com/watch?v=-SzL7aSo3xY&list=PL4D61143F41D13BA2&index=5\n修行在梵唄-第一堂-6/8  \nhttp://www.youtube.com/watch?v=hGI3ZBiRVO8&list=PL4D61143F41D13BA2&index=6\n修行在梵唄-第一堂-7/8  \nhttp://www.youtube.com/watch?v=q02d5NpDrrg&list=PL4D61143F41D13BA2&index=7\n修行在梵唄-第一堂-8/8  \nhttp://www.youtube.com/watch?v=N8kj3SOv7Ys&list=PL4D61143F41D13BA2&index=8\n\n修行在梵唄-第二堂-1/8\nhttp://www.youtube.com/watch?v=BEOvwvZSolk&list=PL4F1E52DC3176E06D&index=1\n修行在梵唄-第二堂-2/8\nhttp://www.youtube.com/watch?v=Ody4QG3mqHU&list=PL4F1E52DC3176E06D&index=2\n修行在梵唄-第二堂-3/8\nhttp://www.youtube.com/watch?v=dN5MgG3cFfA&list=PL4F1E52DC3176E06D&index=3\n修行在梵唄-第二堂-4/8\nhttp://www.youtube.com/watch?v=FF_sfEZFUbQ&list=PL4F1E52DC3176E06D&index=4\n修行在梵唄-第二堂-5/8\nhttp://www.youtube.com/watch?v=ifiYcjbcees&list=PL4F1E52DC3176E06D&index=5\n修行在梵唄-第二堂-6/8\nhttp://www.youtube.com/watch?v=cJyKh_RZKhM&list=PL4F1E52DC3176E06D&index=6\n修行在梵唄-第二堂-7/8\nhttp://www.youtube.com/watch?v=nt09_-h_AHU&list=PL4F1E52DC3176E06D&index=7\n修行在梵唄-第二堂-8/8\nhttp://www.youtube.com/watch?v=gfRNO7mF3kE&list=PL4F1E52DC3176E06D&index=8');
INSERT INTO videos(vid, pid, title, description) VALUES('q02d5NpDrrg', 'PLDuDoO_3m4cai1B2i_lEyStyB5TdeTbyO', '修行在梵唄-第一堂-7/8', '《修行在梵唄》系列課程第一講：成佛之事 — 淺談梵唄與修行聖嚴師父說：「不喜歡唱誦，是因為不了解梵唄功用的緣故，透過梵唄可安心、靜心、淨心，提契信念、加重悲心、加深願力。」梵唄與漢傳佛教的修行息息相關，儀軌來自祖師大德，用修行體驗，制定出適合漢文化的儀文、曲調，以課誦貫穿佛門一天的修行生活。並透過梵音宣揚，為六道眾生宣說佛法，體現了大乘佛法的精神。梵唄能讓修行更加得力，定慧雙修、自利利他，邀請您來認識，體驗傳唱千餘年的清淨法音，一同在梵唄中修行。本課程為此系列課程課程中的第一講，果慨法師與各位分享與討論甚麼是梵唄、梵唄的源起、梵唄與修行的關係、梵唄與禪修的關係等等。內容精彩豐富，錯過法鼓講堂線上直播的你，千萬不要再錯過此課程囉~~~\n\n「法鼓講堂」每周三晚間7：00~9：00\n網路直播：http://www.dharmaschool.com/ddm_max/liveclass/liveclassroom.php\n修行在梵唄-第一堂-1/8  \nhttp://www.youtube.com/watch?v=ZmnlfzJP7Hg&list=PL4D61143F41D13BA2&index=1\n修行在梵唄-第一堂-2/8  \nhttp://www.youtube.com/watch?v=wtPg8hrdSoc&list=PL4D61143F41D13BA2&index=2\n修行在梵唄-第一堂-3/8  \nhttp://www.youtube.com/watch?v=G2xAgYQGTU8&list=PL4D61143F41D13BA2&index=3\n修行在梵唄-第一堂-4/8  \nhttp://www.youtube.com/watch?v=BeLPjrCc8VE&list=PL4D61143F41D13BA2&index=4\n修行在梵唄-第一堂-5/8  \nhttp://www.youtube.com/watch?v=-SzL7aSo3xY&list=PL4D61143F41D13BA2&index=5\n修行在梵唄-第一堂-6/8  \nhttp://www.youtube.com/watch?v=hGI3ZBiRVO8&list=PL4D61143F41D13BA2&index=6\n修行在梵唄-第一堂-7/8  \nhttp://www.youtube.com/watch?v=q02d5NpDrrg&list=PL4D61143F41D13BA2&index=7\n修行在梵唄-第一堂-8/8  \nhttp://www.youtube.com/watch?v=N8kj3SOv7Ys&list=PL4D61143F41D13BA2&index=8\n\n修行在梵唄-第二堂-1/8\nhttp://www.youtube.com/watch?v=BEOvwvZSolk&list=PL4F1E52DC3176E06D&index=1\n修行在梵唄-第二堂-2/8\nhttp://www.youtube.com/watch?v=Ody4QG3mqHU&list=PL4F1E52DC3176E06D&index=2\n修行在梵唄-第二堂-3/8\nhttp://www.youtube.com/watch?v=dN5MgG3cFfA&list=PL4F1E52DC3176E06D&index=3\n修行在梵唄-第二堂-4/8\nhttp://www.youtube.com/watch?v=FF_sfEZFUbQ&list=PL4F1E52DC3176E06D&index=4\n修行在梵唄-第二堂-5/8\nhttp://www.youtube.com/watch?v=ifiYcjbcees&list=PL4F1E52DC3176E06D&index=5\n修行在梵唄-第二堂-6/8\nhttp://www.youtube.com/watch?v=cJyKh_RZKhM&list=PL4F1E52DC3176E06D&index=6\n修行在梵唄-第二堂-7/8\nhttp://www.youtube.com/watch?v=nt09_-h_AHU&list=PL4F1E52DC3176E06D&index=7\n修行在梵唄-第二堂-8/8\nhttp://www.youtube.com/watch?v=gfRNO7mF3kE&list=PL4F1E52DC3176E06D&index=8');
INSERT INTO videos(vid, pid, title, description) VALUES('N8kj3SOv7Ys', 'PLDuDoO_3m4cai1B2i_lEyStyB5TdeTbyO', '修行在梵唄-第一堂-8/8', '《修行在梵唄》系列課程第一講：成佛之事 — 淺談梵唄與修行聖嚴師父說：「不喜歡唱誦，是因為不了解梵唄功用的緣故，透過梵唄可安心、靜心、淨心，提契信念、加重悲心、加深願力。」梵唄與漢傳佛教的修行息息相關，儀軌來自祖師大德，用修行體驗，制定出適合漢文化的儀文、曲調，以課誦貫穿佛門一天的修行生活。並透過梵音宣揚，為六道眾生宣說佛法，體現了大乘佛法的精神。梵唄能讓修行更加得力，定慧雙修、自利利他，邀請您來認識，體驗傳唱千餘年的清淨法音，一同在梵唄中修行。本課程為此系列課程課程中的第一講，果慨法師與各位分享與討論甚麼是梵唄、梵唄的源起、梵唄與修行的關係、梵唄與禪修的關係等等。內容精彩豐富，錯過法鼓講堂線上直播的你，千萬不要再錯過此課程囉~~~\n\n「法鼓講堂」每周三晚間7：00~9：00\n網路直播：http://www.dharmaschool.com/ddm_max/liveclass/liveclassroom.php\n修行在梵唄-第一堂-1/8  \nhttp://www.youtube.com/watch?v=ZmnlfzJP7Hg&list=PL4D61143F41D13BA2&index=1\n修行在梵唄-第一堂-2/8  \nhttp://www.youtube.com/watch?v=wtPg8hrdSoc&list=PL4D61143F41D13BA2&index=2\n修行在梵唄-第一堂-3/8  \nhttp://www.youtube.com/watch?v=G2xAgYQGTU8&list=PL4D61143F41D13BA2&index=3\n修行在梵唄-第一堂-4/8  \nhttp://www.youtube.com/watch?v=BeLPjrCc8VE&list=PL4D61143F41D13BA2&index=4\n修行在梵唄-第一堂-5/8  \nhttp://www.youtube.com/watch?v=-SzL7aSo3xY&list=PL4D61143F41D13BA2&index=5\n修行在梵唄-第一堂-6/8  \nhttp://www.youtube.com/watch?v=hGI3ZBiRVO8&list=PL4D61143F41D13BA2&index=6\n修行在梵唄-第一堂-7/8  \nhttp://www.youtube.com/watch?v=q02d5NpDrrg&list=PL4D61143F41D13BA2&index=7\n修行在梵唄-第一堂-8/8  \nhttp://www.youtube.com/watch?v=N8kj3SOv7Ys&list=PL4D61143F41D13BA2&index=8\n\n修行在梵唄-第二堂-1/8\nhttp://www.youtube.com/watch?v=BEOvwvZSolk&list=PL4F1E52DC3176E06D&index=1\n修行在梵唄-第二堂-2/8\nhttp://www.youtube.com/watch?v=Ody4QG3mqHU&list=PL4F1E52DC3176E06D&index=2\n修行在梵唄-第二堂-3/8\nhttp://www.youtube.com/watch?v=dN5MgG3cFfA&list=PL4F1E52DC3176E06D&index=3\n修行在梵唄-第二堂-4/8\nhttp://www.youtube.com/watch?v=FF_sfEZFUbQ&list=PL4F1E52DC3176E06D&index=4\n修行在梵唄-第二堂-5/8\nhttp://www.youtube.com/watch?v=ifiYcjbcees&list=PL4F1E52DC3176E06D&index=5\n修行在梵唄-第二堂-6/8\nhttp://www.youtube.com/watch?v=cJyKh_RZKhM&list=PL4F1E52DC3176E06D&index=6\n修行在梵唄-第二堂-7/8\nhttp://www.youtube.com/watch?v=nt09_-h_AHU&list=PL4F1E52DC3176E06D&index=7\n修行在梵唄-第二堂-8/8\nhttp://www.youtube.com/watch?v=gfRNO7mF3kE&list=PL4F1E52DC3176E06D&index=8');
INSERT INTO videos(vid, pid, title, description) VALUES('BEOvwvZSolk', 'PLDuDoO_3m4cai1B2i_lEyStyB5TdeTbyO', '修行在梵唄-第二堂-1/8', '梵唄與漢傳佛教的修行息息相關，儀軌來自祖師大德，用修行體驗，制定出適合漢文化的儀文、曲調，以課誦貫穿佛門一天的修行生活。並透過梵音宣揚，為六道眾生宣說佛法，體現了大乘佛法的精神。本課程為此系列課程中的第二講─《早晚二課》漢傳的寺院，以梵唄儀軌貫穿了一整天的修行生活。暮鼓晨鐘、早晚課、乃至過堂用齋，梵唄與修行是結合在一起的，這稱為「五堂功課」。每堂功課都有其深刻的意涵，這一次果慨法師將帶您領略其中的奧妙。\n\n「法鼓講堂」每周三晚間7：00~9：00\n網路直播：http://www.dharmaschool.com/ddm_max/liveclass/liveclassroom.php\n修行在梵唄-第一堂-1/8  \nhttp://www.youtube.com/watch?v=ZmnlfzJP7Hg&list=PL4D61143F41D13BA2&index=1\n修行在梵唄-第一堂-2/8  \nhttp://www.youtube.com/watch?v=wtPg8hrdSoc&list=PL4D61143F41D13BA2&index=2\n修行在梵唄-第一堂-3/8  \nhttp://www.youtube.com/watch?v=G2xAgYQGTU8&list=PL4D61143F41D13BA2&index=3\n修行在梵唄-第一堂-4/8  \nhttp://www.youtube.com/watch?v=BeLPjrCc8VE&list=PL4D61143F41D13BA2&index=4\n修行在梵唄-第一堂-5/8  \nhttp://www.youtube.com/watch?v=-SzL7aSo3xY&list=PL4D61143F41D13BA2&index=5\n修行在梵唄-第一堂-6/8  \nhttp://www.youtube.com/watch?v=hGI3ZBiRVO8&list=PL4D61143F41D13BA2&index=6\n修行在梵唄-第一堂-7/8  \nhttp://www.youtube.com/watch?v=q02d5NpDrrg&list=PL4D61143F41D13BA2&index=7\n修行在梵唄-第一堂-8/8  \nhttp://www.youtube.com/watch?v=N8kj3SOv7Ys&list=PL4D61143F41D13BA2&index=8\n\n修行在梵唄-第二堂-1/8\nhttp://www.youtube.com/watch?v=BEOvwvZSolk&list=PL4F1E52DC3176E06D&index=1\n修行在梵唄-第二堂-2/8\nhttp://www.youtube.com/watch?v=Ody4QG3mqHU&list=PL4F1E52DC3176E06D&index=2\n修行在梵唄-第二堂-3/8\nhttp://www.youtube.com/watch?v=dN5MgG3cFfA&list=PL4F1E52DC3176E06D&index=3\n修行在梵唄-第二堂-4/8\nhttp://www.youtube.com/watch?v=FF_sfEZFUbQ&list=PL4F1E52DC3176E06D&index=4\n修行在梵唄-第二堂-5/8\nhttp://www.youtube.com/watch?v=ifiYcjbcees&list=PL4F1E52DC3176E06D&index=5\n修行在梵唄-第二堂-6/8\nhttp://www.youtube.com/watch?v=cJyKh_RZKhM&list=PL4F1E52DC3176E06D&index=6\n修行在梵唄-第二堂-7/8\nhttp://www.youtube.com/watch?v=nt09_-h_AHU&list=PL4F1E52DC3176E06D&index=7\n修行在梵唄-第二堂-8/8\nhttp://www.youtube.com/watch?v=gfRNO7mF3kE&list=PL4F1E52DC3176E06D&index=8');
INSERT INTO videos(vid, pid, title, description) VALUES('Ody4QG3mqHU', 'PLDuDoO_3m4cai1B2i_lEyStyB5TdeTbyO', '修行在梵唄-第二堂-2/8', '梵唄與漢傳佛教的修行息息相關，儀軌來自祖師大德，用修行體驗，制定出適合漢文化的儀文、曲調，以課誦貫穿佛門一天的修行生活。並透過梵音宣揚，為六道眾生宣說佛法，體現了大乘佛法的精神。本課程為此系列課程中的第二講─《早晚二課》漢傳的寺院，以梵唄儀軌貫穿了一整天的修行生活。暮鼓晨鐘、早晚課、乃至過堂用齋，梵唄與修行是結合在一起的，這稱為「五堂功課」。每堂功課都有其深刻的意涵，這一次果慨法師將帶您領略其中的奧妙。\n\n「法鼓講堂」每周三晚間7：00~9：00\n網路直播：http://www.dharmaschool.com/ddm_max/liveclass/liveclassroom.php\n修行在梵唄-第一堂-1/8  \nhttp://www.youtube.com/watch?v=ZmnlfzJP7Hg&list=PL4D61143F41D13BA2&index=1\n修行在梵唄-第一堂-2/8  \nhttp://www.youtube.com/watch?v=wtPg8hrdSoc&list=PL4D61143F41D13BA2&index=2\n修行在梵唄-第一堂-3/8  \nhttp://www.youtube.com/watch?v=G2xAgYQGTU8&list=PL4D61143F41D13BA2&index=3\n修行在梵唄-第一堂-4/8  \nhttp://www.youtube.com/watch?v=BeLPjrCc8VE&list=PL4D61143F41D13BA2&index=4\n修行在梵唄-第一堂-5/8  \nhttp://www.youtube.com/watch?v=-SzL7aSo3xY&list=PL4D61143F41D13BA2&index=5\n修行在梵唄-第一堂-6/8  \nhttp://www.youtube.com/watch?v=hGI3ZBiRVO8&list=PL4D61143F41D13BA2&index=6\n修行在梵唄-第一堂-7/8  \nhttp://www.youtube.com/watch?v=q02d5NpDrrg&list=PL4D61143F41D13BA2&index=7\n修行在梵唄-第一堂-8/8  \nhttp://www.youtube.com/watch?v=N8kj3SOv7Ys&list=PL4D61143F41D13BA2&index=8\n\n修行在梵唄-第二堂-1/8\nhttp://www.youtube.com/watch?v=BEOvwvZSolk&list=PL4F1E52DC3176E06D&index=1\n修行在梵唄-第二堂-2/8\nhttp://www.youtube.com/watch?v=Ody4QG3mqHU&list=PL4F1E52DC3176E06D&index=2\n修行在梵唄-第二堂-3/8\nhttp://www.youtube.com/watch?v=dN5MgG3cFfA&list=PL4F1E52DC3176E06D&index=3\n修行在梵唄-第二堂-4/8\nhttp://www.youtube.com/watch?v=FF_sfEZFUbQ&list=PL4F1E52DC3176E06D&index=4\n修行在梵唄-第二堂-5/8\nhttp://www.youtube.com/watch?v=ifiYcjbcees&list=PL4F1E52DC3176E06D&index=5\n修行在梵唄-第二堂-6/8\nhttp://www.youtube.com/watch?v=cJyKh_RZKhM&list=PL4F1E52DC3176E06D&index=6\n修行在梵唄-第二堂-7/8\nhttp://www.youtube.com/watch?v=nt09_-h_AHU&list=PL4F1E52DC3176E06D&index=7\n修行在梵唄-第二堂-8/8\nhttp://www.youtube.com/watch?v=gfRNO7mF3kE&list=PL4F1E52DC3176E06D&index=8');
INSERT INTO videos(vid, pid, title, description) VALUES('dN5MgG3cFfA', 'PLDuDoO_3m4cai1B2i_lEyStyB5TdeTbyO', '修行在梵唄-第二堂-3/8', '梵唄與漢傳佛教的修行息息相關，儀軌來自祖師大德，用修行體驗，制定出適合漢文化的儀文、曲調，以課誦貫穿佛門一天的修行生活。並透過梵音宣揚，為六道眾生宣說佛法，體現了大乘佛法的精神。本課程為此系列課程中的第二講─《早晚二課》漢傳的寺院，以梵唄儀軌貫穿了一整天的修行生活。暮鼓晨鐘、早晚課、乃至過堂用齋，梵唄與修行是結合在一起的，這稱為「五堂功課」。每堂功課都有其深刻的意涵，這一次果慨法師將帶您領略其中的奧妙。\n\n「法鼓講堂」每周三晚間7：00~9：00\n網路直播：http://www.dharmaschool.com/ddm_max/liveclass/liveclassroom.php\n修行在梵唄-第一堂-1/8  \nhttp://www.youtube.com/watch?v=ZmnlfzJP7Hg&list=PL4D61143F41D13BA2&index=1\n修行在梵唄-第一堂-2/8  \nhttp://www.youtube.com/watch?v=wtPg8hrdSoc&list=PL4D61143F41D13BA2&index=2\n修行在梵唄-第一堂-3/8  \nhttp://www.youtube.com/watch?v=G2xAgYQGTU8&list=PL4D61143F41D13BA2&index=3\n修行在梵唄-第一堂-4/8  \nhttp://www.youtube.com/watch?v=BeLPjrCc8VE&list=PL4D61143F41D13BA2&index=4\n修行在梵唄-第一堂-5/8  \nhttp://www.youtube.com/watch?v=-SzL7aSo3xY&list=PL4D61143F41D13BA2&index=5\n修行在梵唄-第一堂-6/8  \nhttp://www.youtube.com/watch?v=hGI3ZBiRVO8&list=PL4D61143F41D13BA2&index=6\n修行在梵唄-第一堂-7/8  \nhttp://www.youtube.com/watch?v=q02d5NpDrrg&list=PL4D61143F41D13BA2&index=7\n修行在梵唄-第一堂-8/8  \nhttp://www.youtube.com/watch?v=N8kj3SOv7Ys&list=PL4D61143F41D13BA2&index=8\n\n修行在梵唄-第二堂-1/8\nhttp://www.youtube.com/watch?v=BEOvwvZSolk&list=PL4F1E52DC3176E06D&index=1\n修行在梵唄-第二堂-2/8\nhttp://www.youtube.com/watch?v=Ody4QG3mqHU&list=PL4F1E52DC3176E06D&index=2\n修行在梵唄-第二堂-3/8\nhttp://www.youtube.com/watch?v=dN5MgG3cFfA&list=PL4F1E52DC3176E06D&index=3\n修行在梵唄-第二堂-4/8\nhttp://www.youtube.com/watch?v=FF_sfEZFUbQ&list=PL4F1E52DC3176E06D&index=4\n修行在梵唄-第二堂-5/8\nhttp://www.youtube.com/watch?v=ifiYcjbcees&list=PL4F1E52DC3176E06D&index=5\n修行在梵唄-第二堂-6/8\nhttp://www.youtube.com/watch?v=cJyKh_RZKhM&list=PL4F1E52DC3176E06D&index=6\n修行在梵唄-第二堂-7/8\nhttp://www.youtube.com/watch?v=nt09_-h_AHU&list=PL4F1E52DC3176E06D&index=7\n修行在梵唄-第二堂-8/8\nhttp://www.youtube.com/watch?v=gfRNO7mF3kE&list=PL4F1E52DC3176E06D&index=8');
INSERT INTO videos(vid, pid, title, description) VALUES('FF_sfEZFUbQ', 'PLDuDoO_3m4cai1B2i_lEyStyB5TdeTbyO', '修行在梵唄-第二堂-4/8', '梵唄與漢傳佛教的修行息息相關，儀軌來自祖師大德，用修行體驗，制定出適合漢文化的儀文、曲調，以課誦貫穿佛門一天的修行生活。並透過梵音宣揚，為六道眾生宣說佛法，體現了大乘佛法的精神。本課程為此系列課程中的第二講─《早晚二課》漢傳的寺院，以梵唄儀軌貫穿了一整天的修行生活。暮鼓晨鐘、早晚課、乃至過堂用齋，梵唄與修行是結合在一起的，這稱為「五堂功課」。每堂功課都有其深刻的意涵，這一次果慨法師將帶您領略其中的奧妙。\n\n「法鼓講堂」每周三晚間7：00~9：00\n網路直播：http://www.dharmaschool.com/ddm_max/liveclass/liveclassroom.php\n修行在梵唄-第一堂-1/8  \nhttp://www.youtube.com/watch?v=ZmnlfzJP7Hg&list=PL4D61143F41D13BA2&index=1\n修行在梵唄-第一堂-2/8  \nhttp://www.youtube.com/watch?v=wtPg8hrdSoc&list=PL4D61143F41D13BA2&index=2\n修行在梵唄-第一堂-3/8  \nhttp://www.youtube.com/watch?v=G2xAgYQGTU8&list=PL4D61143F41D13BA2&index=3\n修行在梵唄-第一堂-4/8  \nhttp://www.youtube.com/watch?v=BeLPjrCc8VE&list=PL4D61143F41D13BA2&index=4\n修行在梵唄-第一堂-5/8  \nhttp://www.youtube.com/watch?v=-SzL7aSo3xY&list=PL4D61143F41D13BA2&index=5\n修行在梵唄-第一堂-6/8  \nhttp://www.youtube.com/watch?v=hGI3ZBiRVO8&list=PL4D61143F41D13BA2&index=6\n修行在梵唄-第一堂-7/8  \nhttp://www.youtube.com/watch?v=q02d5NpDrrg&list=PL4D61143F41D13BA2&index=7\n修行在梵唄-第一堂-8/8  \nhttp://www.youtube.com/watch?v=N8kj3SOv7Ys&list=PL4D61143F41D13BA2&index=8\n\n修行在梵唄-第二堂-1/8\nhttp://www.youtube.com/watch?v=BEOvwvZSolk&list=PL4F1E52DC3176E06D&index=1\n修行在梵唄-第二堂-2/8\nhttp://www.youtube.com/watch?v=Ody4QG3mqHU&list=PL4F1E52DC3176E06D&index=2\n修行在梵唄-第二堂-3/8\nhttp://www.youtube.com/watch?v=dN5MgG3cFfA&list=PL4F1E52DC3176E06D&index=3\n修行在梵唄-第二堂-4/8\nhttp://www.youtube.com/watch?v=FF_sfEZFUbQ&list=PL4F1E52DC3176E06D&index=4\n修行在梵唄-第二堂-5/8\nhttp://www.youtube.com/watch?v=ifiYcjbcees&list=PL4F1E52DC3176E06D&index=5\n修行在梵唄-第二堂-6/8\nhttp://www.youtube.com/watch?v=cJyKh_RZKhM&list=PL4F1E52DC3176E06D&index=6\n修行在梵唄-第二堂-7/8\nhttp://www.youtube.com/watch?v=nt09_-h_AHU&list=PL4F1E52DC3176E06D&index=7\n修行在梵唄-第二堂-8/8\nhttp://www.youtube.com/watch?v=gfRNO7mF3kE&list=PL4F1E52DC3176E06D&index=8');
INSERT INTO videos(vid, pid, title, description) VALUES('ifiYcjbcees', 'PLDuDoO_3m4cai1B2i_lEyStyB5TdeTbyO', '修行在梵唄-第二堂-5/8', '梵唄與漢傳佛教的修行息息相關，儀軌來自祖師大德，用修行體驗，制定出適合漢文化的儀文、曲調，以課誦貫穿佛門一天的修行生活。並透過梵音宣揚，為六道眾生宣說佛法，體現了大乘佛法的精神。本課程為此系列課程中的第二講─《早晚二課》漢傳的寺院，以梵唄儀軌貫穿了一整天的修行生活。暮鼓晨鐘、早晚課、乃至過堂用齋，梵唄與修行是結合在一起的，這稱為「五堂功課」。每堂功課都有其深刻的意涵，這一次果慨法師將帶您領略其中的奧妙。\n\n「法鼓講堂」每周三晚間7：00~9：00\n網路直播：http://www.dharmaschool.com/ddm_max/liveclass/liveclassroom.php\n修行在梵唄-第一堂-1/8  \nhttp://www.youtube.com/watch?v=ZmnlfzJP7Hg&list=PL4D61143F41D13BA2&index=1\n修行在梵唄-第一堂-2/8  \nhttp://www.youtube.com/watch?v=wtPg8hrdSoc&list=PL4D61143F41D13BA2&index=2\n修行在梵唄-第一堂-3/8  \nhttp://www.youtube.com/watch?v=G2xAgYQGTU8&list=PL4D61143F41D13BA2&index=3\n修行在梵唄-第一堂-4/8  \nhttp://www.youtube.com/watch?v=BeLPjrCc8VE&list=PL4D61143F41D13BA2&index=4\n修行在梵唄-第一堂-5/8  \nhttp://www.youtube.com/watch?v=-SzL7aSo3xY&list=PL4D61143F41D13BA2&index=5\n修行在梵唄-第一堂-6/8  \nhttp://www.youtube.com/watch?v=hGI3ZBiRVO8&list=PL4D61143F41D13BA2&index=6\n修行在梵唄-第一堂-7/8  \nhttp://www.youtube.com/watch?v=q02d5NpDrrg&list=PL4D61143F41D13BA2&index=7\n修行在梵唄-第一堂-8/8  \nhttp://www.youtube.com/watch?v=N8kj3SOv7Ys&list=PL4D61143F41D13BA2&index=8\n\n修行在梵唄-第二堂-1/8\nhttp://www.youtube.com/watch?v=BEOvwvZSolk&list=PL4F1E52DC3176E06D&index=1\n修行在梵唄-第二堂-2/8\nhttp://www.youtube.com/watch?v=Ody4QG3mqHU&list=PL4F1E52DC3176E06D&index=2\n修行在梵唄-第二堂-3/8\nhttp://www.youtube.com/watch?v=dN5MgG3cFfA&list=PL4F1E52DC3176E06D&index=3\n修行在梵唄-第二堂-4/8\nhttp://www.youtube.com/watch?v=FF_sfEZFUbQ&list=PL4F1E52DC3176E06D&index=4\n修行在梵唄-第二堂-5/8\nhttp://www.youtube.com/watch?v=ifiYcjbcees&list=PL4F1E52DC3176E06D&index=5\n修行在梵唄-第二堂-6/8\nhttp://www.youtube.com/watch?v=cJyKh_RZKhM&list=PL4F1E52DC3176E06D&index=6\n修行在梵唄-第二堂-7/8\nhttp://www.youtube.com/watch?v=nt09_-h_AHU&list=PL4F1E52DC3176E06D&index=7\n修行在梵唄-第二堂-8/8\nhttp://www.youtube.com/watch?v=gfRNO7mF3kE&list=PL4F1E52DC3176E06D&index=8');
INSERT INTO videos(vid, pid, title, description) VALUES('cJyKh_RZKhM', 'PLDuDoO_3m4cai1B2i_lEyStyB5TdeTbyO', '修行在梵唄-第二堂-6/8', '梵唄與漢傳佛教的修行息息相關，儀軌來自祖師大德，用修行體驗，制定出適合漢文化的儀文、曲調，以課誦貫穿佛門一天的修行生活。並透過梵音宣揚，為六道眾生宣說佛法，體現了大乘佛法的精神。本課程為此系列課程中的第二講─《早晚二課》漢傳的寺院，以梵唄儀軌貫穿了一整天的修行生活。暮鼓晨鐘、早晚課、乃至過堂用齋，梵唄與修行是結合在一起的，這稱為「五堂功課」。每堂功課都有其深刻的意涵，這一次果慨法師將帶您領略其中的奧妙。\n\n「法鼓講堂」每周三晚間7：00~9：00\n網路直播：http://www.dharmaschool.com/ddm_max/liveclass/liveclassroom.php\n修行在梵唄-第一堂-1/8  \nhttp://www.youtube.com/watch?v=ZmnlfzJP7Hg&list=PL4D61143F41D13BA2&index=1\n修行在梵唄-第一堂-2/8  \nhttp://www.youtube.com/watch?v=wtPg8hrdSoc&list=PL4D61143F41D13BA2&index=2\n修行在梵唄-第一堂-3/8  \nhttp://www.youtube.com/watch?v=G2xAgYQGTU8&list=PL4D61143F41D13BA2&index=3\n修行在梵唄-第一堂-4/8  \nhttp://www.youtube.com/watch?v=BeLPjrCc8VE&list=PL4D61143F41D13BA2&index=4\n修行在梵唄-第一堂-5/8  \nhttp://www.youtube.com/watch?v=-SzL7aSo3xY&list=PL4D61143F41D13BA2&index=5\n修行在梵唄-第一堂-6/8  \nhttp://www.youtube.com/watch?v=hGI3ZBiRVO8&list=PL4D61143F41D13BA2&index=6\n修行在梵唄-第一堂-7/8  \nhttp://www.youtube.com/watch?v=q02d5NpDrrg&list=PL4D61143F41D13BA2&index=7\n修行在梵唄-第一堂-8/8  \nhttp://www.youtube.com/watch?v=N8kj3SOv7Ys&list=PL4D61143F41D13BA2&index=8\n\n修行在梵唄-第二堂-1/8\nhttp://www.youtube.com/watch?v=BEOvwvZSolk&list=PL4F1E52DC3176E06D&index=1\n修行在梵唄-第二堂-2/8\nhttp://www.youtube.com/watch?v=Ody4QG3mqHU&list=PL4F1E52DC3176E06D&index=2\n修行在梵唄-第二堂-3/8\nhttp://www.youtube.com/watch?v=dN5MgG3cFfA&list=PL4F1E52DC3176E06D&index=3\n修行在梵唄-第二堂-4/8\nhttp://www.youtube.com/watch?v=FF_sfEZFUbQ&list=PL4F1E52DC3176E06D&index=4\n修行在梵唄-第二堂-5/8\nhttp://www.youtube.com/watch?v=ifiYcjbcees&list=PL4F1E52DC3176E06D&index=5\n修行在梵唄-第二堂-6/8\nhttp://www.youtube.com/watch?v=cJyKh_RZKhM&list=PL4F1E52DC3176E06D&index=6\n修行在梵唄-第二堂-7/8\nhttp://www.youtube.com/watch?v=nt09_-h_AHU&list=PL4F1E52DC3176E06D&index=7\n修行在梵唄-第二堂-8/8\nhttp://www.youtube.com/watch?v=gfRNO7mF3kE&list=PL4F1E52DC3176E06D&index=8');
INSERT INTO videos(vid, pid, title, description) VALUES('nt09_-h_AHU', 'PLDuDoO_3m4cai1B2i_lEyStyB5TdeTbyO', '修行在梵唄-第二堂-7/8', '梵唄與漢傳佛教的修行息息相關，儀軌來自祖師大德，用修行體驗，制定出適合漢文化的儀文、曲調，以課誦貫穿佛門一天的修行生活。並透過梵音宣揚，為六道眾生宣說佛法，體現了大乘佛法的精神。本課程為此系列課程中的第二講─《早晚二課》漢傳的寺院，以梵唄儀軌貫穿了一整天的修行生活。暮鼓晨鐘、早晚課、乃至過堂用齋，梵唄與修行是結合在一起的，這稱為「五堂功課」。每堂功課都有其深刻的意涵，這一次果慨法師將帶您領略其中的奧妙。\n\n「法鼓講堂」每周三晚間7：00~9：00\n網路直播：http://www.dharmaschool.com/ddm_max/liveclass/liveclassroom.php\n修行在梵唄-第一堂-1/8  \nhttp://www.youtube.com/watch?v=ZmnlfzJP7Hg&list=PL4D61143F41D13BA2&index=1\n修行在梵唄-第一堂-2/8  \nhttp://www.youtube.com/watch?v=wtPg8hrdSoc&list=PL4D61143F41D13BA2&index=2\n修行在梵唄-第一堂-3/8  \nhttp://www.youtube.com/watch?v=G2xAgYQGTU8&list=PL4D61143F41D13BA2&index=3\n修行在梵唄-第一堂-4/8  \nhttp://www.youtube.com/watch?v=BeLPjrCc8VE&list=PL4D61143F41D13BA2&index=4\n修行在梵唄-第一堂-5/8  \nhttp://www.youtube.com/watch?v=-SzL7aSo3xY&list=PL4D61143F41D13BA2&index=5\n修行在梵唄-第一堂-6/8  \nhttp://www.youtube.com/watch?v=hGI3ZBiRVO8&list=PL4D61143F41D13BA2&index=6\n修行在梵唄-第一堂-7/8  \nhttp://www.youtube.com/watch?v=q02d5NpDrrg&list=PL4D61143F41D13BA2&index=7\n修行在梵唄-第一堂-8/8  \nhttp://www.youtube.com/watch?v=N8kj3SOv7Ys&list=PL4D61143F41D13BA2&index=8\n\n修行在梵唄-第二堂-1/8\nhttp://www.youtube.com/watch?v=BEOvwvZSolk&list=PL4F1E52DC3176E06D&index=1\n修行在梵唄-第二堂-2/8\nhttp://www.youtube.com/watch?v=Ody4QG3mqHU&list=PL4F1E52DC3176E06D&index=2\n修行在梵唄-第二堂-3/8\nhttp://www.youtube.com/watch?v=dN5MgG3cFfA&list=PL4F1E52DC3176E06D&index=3\n修行在梵唄-第二堂-4/8\nhttp://www.youtube.com/watch?v=FF_sfEZFUbQ&list=PL4F1E52DC3176E06D&index=4\n修行在梵唄-第二堂-5/8\nhttp://www.youtube.com/watch?v=ifiYcjbcees&list=PL4F1E52DC3176E06D&index=5\n修行在梵唄-第二堂-6/8\nhttp://www.youtube.com/watch?v=cJyKh_RZKhM&list=PL4F1E52DC3176E06D&index=6\n修行在梵唄-第二堂-7/8\nhttp://www.youtube.com/watch?v=nt09_-h_AHU&list=PL4F1E52DC3176E06D&index=7\n修行在梵唄-第二堂-8/8\nhttp://www.youtube.com/watch?v=gfRNO7mF3kE&list=PL4F1E52DC3176E06D&index=8');
INSERT INTO videos(vid, pid, title, description) VALUES('gfRNO7mF3kE', 'PLDuDoO_3m4cai1B2i_lEyStyB5TdeTbyO', '修行在梵唄-第二堂-8/8', '梵唄與漢傳佛教的修行息息相關，儀軌來自祖師大德，用修行體驗，制定出適合漢文化的儀文、曲調，以課誦貫穿佛門一天的修行生活。並透過梵音宣揚，為六道眾生宣說佛法，體現了大乘佛法的精神。本課程為此系列課程中的第二講─《早晚二課》漢傳的寺院，以梵唄儀軌貫穿了一整天的修行生活。暮鼓晨鐘、早晚課、乃至過堂用齋，梵唄與修行是結合在一起的，這稱為「五堂功課」。每堂功課都有其深刻的意涵，這一次果慨法師將帶您領略其中的奧妙。\n\n「法鼓講堂」每周三晚間7：00~9：00\n網路直播：http://www.dharmaschool.com/ddm_max/liveclass/liveclassroom.php\n修行在梵唄-第一堂-1/8  \nhttp://www.youtube.com/watch?v=ZmnlfzJP7Hg&list=PL4D61143F41D13BA2&index=1\n修行在梵唄-第一堂-2/8  \nhttp://www.youtube.com/watch?v=wtPg8hrdSoc&list=PL4D61143F41D13BA2&index=2\n修行在梵唄-第一堂-3/8  \nhttp://www.youtube.com/watch?v=G2xAgYQGTU8&list=PL4D61143F41D13BA2&index=3\n修行在梵唄-第一堂-4/8  \nhttp://www.youtube.com/watch?v=BeLPjrCc8VE&list=PL4D61143F41D13BA2&index=4\n修行在梵唄-第一堂-5/8  \nhttp://www.youtube.com/watch?v=-SzL7aSo3xY&list=PL4D61143F41D13BA2&index=5\n修行在梵唄-第一堂-6/8  \nhttp://www.youtube.com/watch?v=hGI3ZBiRVO8&list=PL4D61143F41D13BA2&index=6\n修行在梵唄-第一堂-7/8  \nhttp://www.youtube.com/watch?v=q02d5NpDrrg&list=PL4D61143F41D13BA2&index=7\n修行在梵唄-第一堂-8/8  \nhttp://www.youtube.com/watch?v=N8kj3SOv7Ys&list=PL4D61143F41D13BA2&index=8\n\n修行在梵唄-第二堂-1/8\nhttp://www.youtube.com/watch?v=BEOvwvZSolk&list=PL4F1E52DC3176E06D&index=1\n修行在梵唄-第二堂-2/8\nhttp://www.youtube.com/watch?v=Ody4QG3mqHU&list=PL4F1E52DC3176E06D&index=2\n修行在梵唄-第二堂-3/8\nhttp://www.youtube.com/watch?v=dN5MgG3cFfA&list=PL4F1E52DC3176E06D&index=3\n修行在梵唄-第二堂-4/8\nhttp://www.youtube.com/watch?v=FF_sfEZFUbQ&list=PL4F1E52DC3176E06D&index=4\n修行在梵唄-第二堂-5/8\nhttp://www.youtube.com/watch?v=ifiYcjbcees&list=PL4F1E52DC3176E06D&index=5\n修行在梵唄-第二堂-6/8\nhttp://www.youtube.com/watch?v=cJyKh_RZKhM&list=PL4F1E52DC3176E06D&index=6\n修行在梵唄-第二堂-7/8\nhttp://www.youtube.com/watch?v=nt09_-h_AHU&list=PL4F1E52DC3176E06D&index=7\n修行在梵唄-第二堂-8/8\nhttp://www.youtube.com/watch?v=gfRNO7mF3kE&list=PL4F1E52DC3176E06D&index=8');
INSERT INTO videos(vid, pid, title, description) VALUES('PTId2cFamhs', 'PLDuDoO_3m4cai1B2i_lEyStyB5TdeTbyO', '修行在梵唄-第三堂-1/8', '「法會」給您的感覺為何，是觸動人心的梵唱？還是一般宗教的祈福儀式呢？「法會佛事」是高僧大德們透過儀軌的編排，留下修行的心要。聖嚴師父曾說：「理想的佛事，是修行方法的實踐指導」。本課程果慨法師要向大家介紹法會的起源與演化，還有如何透過法會共修，來達到解行並重、止觀雙運、定慧等持，讓我們一同來領略漢傳佛教法會的莊嚴殊勝。\n\n「法鼓講堂」每周三晚間7：00~9：00\n網路直播：http://www.dharmaschool.com/ddm_max/liveclass/liveclassroom.php\n\n修行在梵唄-第三堂-1/8\nhttp://www.youtube.com/watch?v=PTId2cFamhs&list=PLB7314012EA23C59C&index=1\n修行在梵唄-第三堂-2/8\nhttp://www.youtube.com/watch?v=Cuz-2kCSIYY&list=PLB7314012EA23C59C&index=2\n修行在梵唄-第三堂-3/8\nhttp://www.youtube.com/watch?v=jb9SomSxiwk&list=PLB7314012EA23C59C&index=3\n修行在梵唄-第三堂-4/8\nhttp://www.youtube.com/watch?v=8JiPaDBVgs4&list=PLB7314012EA23C59C&index=4\n修行在梵唄-第三堂-5/8\nhttp://www.youtube.com/watch?v=dDDZpRrTljQ&list=PLB7314012EA23C59C&index=5\n修行在梵唄-第三堂-6/8\nhttp://www.youtube.com/watch?v=q0xcdM7oBqI&list=PLB7314012EA23C59C&index=6\n修行在梵唄-第三堂-7/8\nhttp://www.youtube.com/watch?v=E6IP64EIaCc&list=PLB7314012EA23C59C&index=7\n修行在梵唄-第三堂-8/8\nhttp://www.youtube.com/watch?v=AEdBtQzvlRo&list=PLB7314012EA23C59C&index=8\n\n修行在梵唄-第四堂-1/8\nhttp://www.youtube.com/watch?v=yk2egj1DAEs&list=PL0E3363B988409347&index=1\n修行在梵唄-第四堂-2/8\nhttp://www.youtube.com/watch?v=33iI0_NjfQc&list=PL0E3363B988409347&index=2\n修行在梵唄-第四堂-3/8\nhttp://www.youtube.com/watch?v=hqgkEA57DGQ&list=PL0E3363B988409347&index=3\n修行在梵唄-第四堂-4/8\nhttp://www.youtube.com/watch?v=IHWfn3ie8gg&list=PL0E3363B988409347&index=4\n修行在梵唄-第四堂-5/8\nhttp://www.youtube.com/watch?v=rbJS8euH8O8&list=PL0E3363B988409347&index=5\n修行在梵唄-第四堂-6/8\nhttp://www.youtube.com/watch?v=4OatNroQ5RM&list=PL0E3363B988409347&index=6\n修行在梵唄-第四堂-7/8\nhttp://www.youtube.com/watch?v=DNlca2LmZsI&list=PL0E3363B988409347&index=7\n修行在梵唄-第四堂-8/8\nhttp://www.youtube.com/watch?v=6b0wf-P4mOc&list=PL0E3363B988409347&index=8');
INSERT INTO videos(vid, pid, title, description) VALUES('Cuz-2kCSIYY', 'PLDuDoO_3m4cai1B2i_lEyStyB5TdeTbyO', '修行在梵唄-第三堂-2/8', '「法會」給您的感覺為何，是觸動人心的梵唱？還是一般宗教的祈福儀式呢？「法會佛事」是高僧大德們透過儀軌的編排，留下修行的心要。聖嚴師父曾說：「理想的佛事，是修行方法的實踐指導」。本課程果慨法師要向大家介紹法會的起源與演化，還有如何透過法會共修，來達到解行並重、止觀雙運、定慧等持，讓我們一同來領略漢傳佛教法會的莊嚴殊勝。\n\n「法鼓講堂」每周三晚間7：00~9：00\n網路直播：http://www.dharmaschool.com/ddm_max/liveclass/liveclassroom.php\n\n修行在梵唄-第三堂-1/8\nhttp://www.youtube.com/watch?v=PTId2cFamhs&list=PLB7314012EA23C59C&index=1\n修行在梵唄-第三堂-2/8\nhttp://www.youtube.com/watch?v=Cuz-2kCSIYY&list=PLB7314012EA23C59C&index=2\n修行在梵唄-第三堂-3/8\nhttp://www.youtube.com/watch?v=jb9SomSxiwk&list=PLB7314012EA23C59C&index=3\n修行在梵唄-第三堂-4/8\nhttp://www.youtube.com/watch?v=8JiPaDBVgs4&list=PLB7314012EA23C59C&index=4\n修行在梵唄-第三堂-5/8\nhttp://www.youtube.com/watch?v=dDDZpRrTljQ&list=PLB7314012EA23C59C&index=5\n修行在梵唄-第三堂-6/8\nhttp://www.youtube.com/watch?v=q0xcdM7oBqI&list=PLB7314012EA23C59C&index=6\n修行在梵唄-第三堂-7/8\nhttp://www.youtube.com/watch?v=E6IP64EIaCc&list=PLB7314012EA23C59C&index=7\n修行在梵唄-第三堂-8/8\nhttp://www.youtube.com/watch?v=AEdBtQzvlRo&list=PLB7314012EA23C59C&index=8\n\n修行在梵唄-第四堂-1/8\nhttp://www.youtube.com/watch?v=yk2egj1DAEs&list=PL0E3363B988409347&index=1\n修行在梵唄-第四堂-2/8\nhttp://www.youtube.com/watch?v=33iI0_NjfQc&list=PL0E3363B988409347&index=2\n修行在梵唄-第四堂-3/8\nhttp://www.youtube.com/watch?v=hqgkEA57DGQ&list=PL0E3363B988409347&index=3\n修行在梵唄-第四堂-4/8\nhttp://www.youtube.com/watch?v=IHWfn3ie8gg&list=PL0E3363B988409347&index=4\n修行在梵唄-第四堂-5/8\nhttp://www.youtube.com/watch?v=rbJS8euH8O8&list=PL0E3363B988409347&index=5\n修行在梵唄-第四堂-6/8\nhttp://www.youtube.com/watch?v=4OatNroQ5RM&list=PL0E3363B988409347&index=6\n修行在梵唄-第四堂-7/8\nhttp://www.youtube.com/watch?v=DNlca2LmZsI&list=PL0E3363B988409347&index=7\n修行在梵唄-第四堂-8/8\nhttp://www.youtube.com/watch?v=6b0wf-P4mOc&list=PL0E3363B988409347&index=8');
INSERT INTO videos(vid, pid, title, description) VALUES('jb9SomSxiwk', 'PLDuDoO_3m4cai1B2i_lEyStyB5TdeTbyO', '修行在梵唄-第三堂-3/8', '「法會」給您的感覺為何，是觸動人心的梵唱？還是一般宗教的祈福儀式呢？「法會佛事」是高僧大德們透過儀軌的編排，留下修行的心要。聖嚴師父曾說：「理想的佛事，是修行方法的實踐指導」。本課程果慨法師要向大家介紹法會的起源與演化，還有如何透過法會共修，來達到解行並重、止觀雙運、定慧等持，讓我們一同來領略漢傳佛教法會的莊嚴殊勝。\n\n「法鼓講堂」每周三晚間7：00~9：00\n網路直播：http://www.dharmaschool.com/ddm_max/liveclass/liveclassroom.php\n\n修行在梵唄-第三堂-1/8\nhttp://www.youtube.com/watch?v=PTId2cFamhs&list=PLB7314012EA23C59C&index=1\n修行在梵唄-第三堂-2/8\nhttp://www.youtube.com/watch?v=Cuz-2kCSIYY&list=PLB7314012EA23C59C&index=2\n修行在梵唄-第三堂-3/8\nhttp://www.youtube.com/watch?v=jb9SomSxiwk&list=PLB7314012EA23C59C&index=3\n修行在梵唄-第三堂-4/8\nhttp://www.youtube.com/watch?v=8JiPaDBVgs4&list=PLB7314012EA23C59C&index=4\n修行在梵唄-第三堂-5/8\nhttp://www.youtube.com/watch?v=dDDZpRrTljQ&list=PLB7314012EA23C59C&index=5\n修行在梵唄-第三堂-6/8\nhttp://www.youtube.com/watch?v=q0xcdM7oBqI&list=PLB7314012EA23C59C&index=6\n修行在梵唄-第三堂-7/8\nhttp://www.youtube.com/watch?v=E6IP64EIaCc&list=PLB7314012EA23C59C&index=7\n修行在梵唄-第三堂-8/8\nhttp://www.youtube.com/watch?v=AEdBtQzvlRo&list=PLB7314012EA23C59C&index=8\n\n修行在梵唄-第四堂-1/8\nhttp://www.youtube.com/watch?v=yk2egj1DAEs&list=PL0E3363B988409347&index=1\n修行在梵唄-第四堂-2/8\nhttp://www.youtube.com/watch?v=33iI0_NjfQc&list=PL0E3363B988409347&index=2\n修行在梵唄-第四堂-3/8\nhttp://www.youtube.com/watch?v=hqgkEA57DGQ&list=PL0E3363B988409347&index=3\n修行在梵唄-第四堂-4/8\nhttp://www.youtube.com/watch?v=IHWfn3ie8gg&list=PL0E3363B988409347&index=4\n修行在梵唄-第四堂-5/8\nhttp://www.youtube.com/watch?v=rbJS8euH8O8&list=PL0E3363B988409347&index=5\n修行在梵唄-第四堂-6/8\nhttp://www.youtube.com/watch?v=4OatNroQ5RM&list=PL0E3363B988409347&index=6\n修行在梵唄-第四堂-7/8\nhttp://www.youtube.com/watch?v=DNlca2LmZsI&list=PL0E3363B988409347&index=7\n修行在梵唄-第四堂-8/8\nhttp://www.youtube.com/watch?v=6b0wf-P4mOc&list=PL0E3363B988409347&index=8');
INSERT INTO videos(vid, pid, title, description) VALUES('8JiPaDBVgs4', 'PLDuDoO_3m4cai1B2i_lEyStyB5TdeTbyO', '修行在梵唄-第三堂-4/8', '「法會」給您的感覺為何，是觸動人心的梵唱？還是一般宗教的祈福儀式呢？「法會佛事」是高僧大德們透過儀軌的編排，留下修行的心要。聖嚴師父曾說：「理想的佛事，是修行方法的實踐指導」。本課程果慨法師要向大家介紹法會的起源與演化，還有如何透過法會共修，來達到解行並重、止觀雙運、定慧等持，讓我們一同來領略漢傳佛教法會的莊嚴殊勝。\n\n「法鼓講堂」每周三晚間7：00~9：00\n網路直播：http://www.dharmaschool.com/ddm_max/liveclass/liveclassroom.php\n\n修行在梵唄-第三堂-1/8\nhttp://www.youtube.com/watch?v=PTId2cFamhs&list=PLB7314012EA23C59C&index=1\n修行在梵唄-第三堂-2/8\nhttp://www.youtube.com/watch?v=Cuz-2kCSIYY&list=PLB7314012EA23C59C&index=2\n修行在梵唄-第三堂-3/8\nhttp://www.youtube.com/watch?v=jb9SomSxiwk&list=PLB7314012EA23C59C&index=3\n修行在梵唄-第三堂-4/8\nhttp://www.youtube.com/watch?v=8JiPaDBVgs4&list=PLB7314012EA23C59C&index=4\n修行在梵唄-第三堂-5/8\nhttp://www.youtube.com/watch?v=dDDZpRrTljQ&list=PLB7314012EA23C59C&index=5\n修行在梵唄-第三堂-6/8\nhttp://www.youtube.com/watch?v=q0xcdM7oBqI&list=PLB7314012EA23C59C&index=6\n修行在梵唄-第三堂-7/8\nhttp://www.youtube.com/watch?v=E6IP64EIaCc&list=PLB7314012EA23C59C&index=7\n修行在梵唄-第三堂-8/8\nhttp://www.youtube.com/watch?v=AEdBtQzvlRo&list=PLB7314012EA23C59C&index=8\n\n修行在梵唄-第四堂-1/8\nhttp://www.youtube.com/watch?v=yk2egj1DAEs&list=PL0E3363B988409347&index=1\n修行在梵唄-第四堂-2/8\nhttp://www.youtube.com/watch?v=33iI0_NjfQc&list=PL0E3363B988409347&index=2\n修行在梵唄-第四堂-3/8\nhttp://www.youtube.com/watch?v=hqgkEA57DGQ&list=PL0E3363B988409347&index=3\n修行在梵唄-第四堂-4/8\nhttp://www.youtube.com/watch?v=IHWfn3ie8gg&list=PL0E3363B988409347&index=4\n修行在梵唄-第四堂-5/8\nhttp://www.youtube.com/watch?v=rbJS8euH8O8&list=PL0E3363B988409347&index=5\n修行在梵唄-第四堂-6/8\nhttp://www.youtube.com/watch?v=4OatNroQ5RM&list=PL0E3363B988409347&index=6\n修行在梵唄-第四堂-7/8\nhttp://www.youtube.com/watch?v=DNlca2LmZsI&list=PL0E3363B988409347&index=7\n修行在梵唄-第四堂-8/8\nhttp://www.youtube.com/watch?v=6b0wf-P4mOc&list=PL0E3363B988409347&index=8');
INSERT INTO videos(vid, pid, title, description) VALUES('dDDZpRrTljQ', 'PLDuDoO_3m4cai1B2i_lEyStyB5TdeTbyO', '修行在梵唄-第三堂-5/8', '「法會」給您的感覺為何，是觸動人心的梵唱？還是一般宗教的祈福儀式呢？「法會佛事」是高僧大德們透過儀軌的編排，留下修行的心要。聖嚴師父曾說：「理想的佛事，是修行方法的實踐指導」。本課程果慨法師要向大家介紹法會的起源與演化，還有如何透過法會共修，來達到解行並重、止觀雙運、定慧等持，讓我們一同來領略漢傳佛教法會的莊嚴殊勝。\n\n「法鼓講堂」每周三晚間7：00~9：00\n網路直播：http://www.dharmaschool.com/ddm_max/liveclass/liveclassroom.php\n\n修行在梵唄-第三堂-1/8\nhttp://www.youtube.com/watch?v=PTId2cFamhs&list=PLB7314012EA23C59C&index=1\n修行在梵唄-第三堂-2/8\nhttp://www.youtube.com/watch?v=Cuz-2kCSIYY&list=PLB7314012EA23C59C&index=2\n修行在梵唄-第三堂-3/8\nhttp://www.youtube.com/watch?v=jb9SomSxiwk&list=PLB7314012EA23C59C&index=3\n修行在梵唄-第三堂-4/8\nhttp://www.youtube.com/watch?v=8JiPaDBVgs4&list=PLB7314012EA23C59C&index=4\n修行在梵唄-第三堂-5/8\nhttp://www.youtube.com/watch?v=dDDZpRrTljQ&list=PLB7314012EA23C59C&index=5\n修行在梵唄-第三堂-6/8\nhttp://www.youtube.com/watch?v=q0xcdM7oBqI&list=PLB7314012EA23C59C&index=6\n修行在梵唄-第三堂-7/8\nhttp://www.youtube.com/watch?v=E6IP64EIaCc&list=PLB7314012EA23C59C&index=7\n修行在梵唄-第三堂-8/8\nhttp://www.youtube.com/watch?v=AEdBtQzvlRo&list=PLB7314012EA23C59C&index=8\n\n修行在梵唄-第四堂-1/8\nhttp://www.youtube.com/watch?v=yk2egj1DAEs&list=PL0E3363B988409347&index=1\n修行在梵唄-第四堂-2/8\nhttp://www.youtube.com/watch?v=33iI0_NjfQc&list=PL0E3363B988409347&index=2\n修行在梵唄-第四堂-3/8\nhttp://www.youtube.com/watch?v=hqgkEA57DGQ&list=PL0E3363B988409347&index=3\n修行在梵唄-第四堂-4/8\nhttp://www.youtube.com/watch?v=IHWfn3ie8gg&list=PL0E3363B988409347&index=4\n修行在梵唄-第四堂-5/8\nhttp://www.youtube.com/watch?v=rbJS8euH8O8&list=PL0E3363B988409347&index=5\n修行在梵唄-第四堂-6/8\nhttp://www.youtube.com/watch?v=4OatNroQ5RM&list=PL0E3363B988409347&index=6\n修行在梵唄-第四堂-7/8\nhttp://www.youtube.com/watch?v=DNlca2LmZsI&list=PL0E3363B988409347&index=7\n修行在梵唄-第四堂-8/8\nhttp://www.youtube.com/watch?v=6b0wf-P4mOc&list=PL0E3363B988409347&index=8');
INSERT INTO videos(vid, pid, title, description) VALUES('q0xcdM7oBqI', 'PLDuDoO_3m4cai1B2i_lEyStyB5TdeTbyO', '修行在梵唄-第三堂-6/8', '「法會」給您的感覺為何，是觸動人心的梵唱？還是一般宗教的祈福儀式呢？「法會佛事」是高僧大德們透過儀軌的編排，留下修行的心要。聖嚴師父曾說：「理想的佛事，是修行方法的實踐指導」。本課程果慨法師要向大家介紹法會的起源與演化，還有如何透過法會共修，來達到解行並重、止觀雙運、定慧等持，讓我們一同來領略漢傳佛教法會的莊嚴殊勝。\n\n「法鼓講堂」每周三晚間7：00~9：00\n網路直播：http://www.dharmaschool.com/ddm_max/liveclass/liveclassroom.php\n\n修行在梵唄-第三堂-1/8\nhttp://www.youtube.com/watch?v=PTId2cFamhs&list=PLB7314012EA23C59C&index=1\n修行在梵唄-第三堂-2/8\nhttp://www.youtube.com/watch?v=Cuz-2kCSIYY&list=PLB7314012EA23C59C&index=2\n修行在梵唄-第三堂-3/8\nhttp://www.youtube.com/watch?v=jb9SomSxiwk&list=PLB7314012EA23C59C&index=3\n修行在梵唄-第三堂-4/8\nhttp://www.youtube.com/watch?v=8JiPaDBVgs4&list=PLB7314012EA23C59C&index=4\n修行在梵唄-第三堂-5/8\nhttp://www.youtube.com/watch?v=dDDZpRrTljQ&list=PLB7314012EA23C59C&index=5\n修行在梵唄-第三堂-6/8\nhttp://www.youtube.com/watch?v=q0xcdM7oBqI&list=PLB7314012EA23C59C&index=6\n修行在梵唄-第三堂-7/8\nhttp://www.youtube.com/watch?v=E6IP64EIaCc&list=PLB7314012EA23C59C&index=7\n修行在梵唄-第三堂-8/8\nhttp://www.youtube.com/watch?v=AEdBtQzvlRo&list=PLB7314012EA23C59C&index=8\n\n修行在梵唄-第四堂-1/8\nhttp://www.youtube.com/watch?v=yk2egj1DAEs&list=PL0E3363B988409347&index=1\n修行在梵唄-第四堂-2/8\nhttp://www.youtube.com/watch?v=33iI0_NjfQc&list=PL0E3363B988409347&index=2\n修行在梵唄-第四堂-3/8\nhttp://www.youtube.com/watch?v=hqgkEA57DGQ&list=PL0E3363B988409347&index=3\n修行在梵唄-第四堂-4/8\nhttp://www.youtube.com/watch?v=IHWfn3ie8gg&list=PL0E3363B988409347&index=4\n修行在梵唄-第四堂-5/8\nhttp://www.youtube.com/watch?v=rbJS8euH8O8&list=PL0E3363B988409347&index=5\n修行在梵唄-第四堂-6/8\nhttp://www.youtube.com/watch?v=4OatNroQ5RM&list=PL0E3363B988409347&index=6\n修行在梵唄-第四堂-7/8\nhttp://www.youtube.com/watch?v=DNlca2LmZsI&list=PL0E3363B988409347&index=7\n修行在梵唄-第四堂-8/8\nhttp://www.youtube.com/watch?v=6b0wf-P4mOc&list=PL0E3363B988409347&index=8');
INSERT INTO videos(vid, pid, title, description) VALUES('E6IP64EIaCc', 'PLDuDoO_3m4cai1B2i_lEyStyB5TdeTbyO', '修行在梵唄-第三堂-7/8', '「法會」給您的感覺為何，是觸動人心的梵唱？還是一般宗教的祈福儀式呢？「法會佛事」是高僧大德們透過儀軌的編排，留下修行的心要。聖嚴師父曾說：「理想的佛事，是修行方法的實踐指導」。本課程果慨法師要向大家介紹法會的起源與演化，還有如何透過法會共修，來達到解行並重、止觀雙運、定慧等持，讓我們一同來領略漢傳佛教法會的莊嚴殊勝。\n\n「法鼓講堂」每周三晚間7：00~9：00\n網路直播：http://www.dharmaschool.com/ddm_max/liveclass/liveclassroom.php\n\n修行在梵唄-第三堂-1/8\nhttp://www.youtube.com/watch?v=PTId2cFamhs&list=PLB7314012EA23C59C&index=1\n修行在梵唄-第三堂-2/8\nhttp://www.youtube.com/watch?v=Cuz-2kCSIYY&list=PLB7314012EA23C59C&index=2\n修行在梵唄-第三堂-3/8\nhttp://www.youtube.com/watch?v=jb9SomSxiwk&list=PLB7314012EA23C59C&index=3\n修行在梵唄-第三堂-4/8\nhttp://www.youtube.com/watch?v=8JiPaDBVgs4&list=PLB7314012EA23C59C&index=4\n修行在梵唄-第三堂-5/8\nhttp://www.youtube.com/watch?v=dDDZpRrTljQ&list=PLB7314012EA23C59C&index=5\n修行在梵唄-第三堂-6/8\nhttp://www.youtube.com/watch?v=q0xcdM7oBqI&list=PLB7314012EA23C59C&index=6\n修行在梵唄-第三堂-7/8\nhttp://www.youtube.com/watch?v=E6IP64EIaCc&list=PLB7314012EA23C59C&index=7\n修行在梵唄-第三堂-8/8\nhttp://www.youtube.com/watch?v=AEdBtQzvlRo&list=PLB7314012EA23C59C&index=8\n\n修行在梵唄-第四堂-1/8\nhttp://www.youtube.com/watch?v=yk2egj1DAEs&list=PL0E3363B988409347&index=1\n修行在梵唄-第四堂-2/8\nhttp://www.youtube.com/watch?v=33iI0_NjfQc&list=PL0E3363B988409347&index=2\n修行在梵唄-第四堂-3/8\nhttp://www.youtube.com/watch?v=hqgkEA57DGQ&list=PL0E3363B988409347&index=3\n修行在梵唄-第四堂-4/8\nhttp://www.youtube.com/watch?v=IHWfn3ie8gg&list=PL0E3363B988409347&index=4\n修行在梵唄-第四堂-5/8\nhttp://www.youtube.com/watch?v=rbJS8euH8O8&list=PL0E3363B988409347&index=5\n修行在梵唄-第四堂-6/8\nhttp://www.youtube.com/watch?v=4OatNroQ5RM&list=PL0E3363B988409347&index=6\n修行在梵唄-第四堂-7/8\nhttp://www.youtube.com/watch?v=DNlca2LmZsI&list=PL0E3363B988409347&index=7\n修行在梵唄-第四堂-8/8\nhttp://www.youtube.com/watch?v=6b0wf-P4mOc&list=PL0E3363B988409347&index=8');
INSERT INTO videos(vid, pid, title, description) VALUES('AEdBtQzvlRo', 'PLDuDoO_3m4cai1B2i_lEyStyB5TdeTbyO', '修行在梵唄-第三堂-8/8', '「法會」給您的感覺為何，是觸動人心的梵唱？還是一般宗教的祈福儀式呢？「法會佛事」是高僧大德們透過儀軌的編排，留下修行的心要。聖嚴師父曾說：「理想的佛事，是修行方法的實踐指導」。本課程果慨法師要向大家介紹法會的起源與演化，還有如何透過法會共修，來達到解行並重、止觀雙運、定慧等持，讓我們一同來領略漢傳佛教法會的莊嚴殊勝。\n\n「法鼓講堂」每周三晚間7：00~9：00\n網路直播：http://www.dharmaschool.com/ddm_max/liveclass/liveclassroom.php\n\n修行在梵唄-第三堂-1/8\nhttp://www.youtube.com/watch?v=PTId2cFamhs&list=PLB7314012EA23C59C&index=1\n修行在梵唄-第三堂-2/8\nhttp://www.youtube.com/watch?v=Cuz-2kCSIYY&list=PLB7314012EA23C59C&index=2\n修行在梵唄-第三堂-3/8\nhttp://www.youtube.com/watch?v=jb9SomSxiwk&list=PLB7314012EA23C59C&index=3\n修行在梵唄-第三堂-4/8\nhttp://www.youtube.com/watch?v=8JiPaDBVgs4&list=PLB7314012EA23C59C&index=4\n修行在梵唄-第三堂-5/8\nhttp://www.youtube.com/watch?v=dDDZpRrTljQ&list=PLB7314012EA23C59C&index=5\n修行在梵唄-第三堂-6/8\nhttp://www.youtube.com/watch?v=q0xcdM7oBqI&list=PLB7314012EA23C59C&index=6\n修行在梵唄-第三堂-7/8\nhttp://www.youtube.com/watch?v=E6IP64EIaCc&list=PLB7314012EA23C59C&index=7\n修行在梵唄-第三堂-8/8\nhttp://www.youtube.com/watch?v=AEdBtQzvlRo&list=PLB7314012EA23C59C&index=8\n\n修行在梵唄-第四堂-1/8\nhttp://www.youtube.com/watch?v=yk2egj1DAEs&list=PL0E3363B988409347&index=1\n修行在梵唄-第四堂-2/8\nhttp://www.youtube.com/watch?v=33iI0_NjfQc&list=PL0E3363B988409347&index=2\n修行在梵唄-第四堂-3/8\nhttp://www.youtube.com/watch?v=hqgkEA57DGQ&list=PL0E3363B988409347&index=3\n修行在梵唄-第四堂-4/8\nhttp://www.youtube.com/watch?v=IHWfn3ie8gg&list=PL0E3363B988409347&index=4\n修行在梵唄-第四堂-5/8\nhttp://www.youtube.com/watch?v=rbJS8euH8O8&list=PL0E3363B988409347&index=5\n修行在梵唄-第四堂-6/8\nhttp://www.youtube.com/watch?v=4OatNroQ5RM&list=PL0E3363B988409347&index=6\n修行在梵唄-第四堂-7/8\nhttp://www.youtube.com/watch?v=DNlca2LmZsI&list=PL0E3363B988409347&index=7\n修行在梵唄-第四堂-8/8\nhttp://www.youtube.com/watch?v=6b0wf-P4mOc&list=PL0E3363B988409347&index=8');
INSERT INTO videos(vid, pid, title, description) VALUES('yk2egj1DAEs', 'PLDuDoO_3m4cai1B2i_lEyStyB5TdeTbyO', '修行在梵唄-第四堂-1/8', '聖嚴師父說：「不喜歡唱誦，是因為不了解梵唄功用的緣故，透過梵唄可安心、靜心、淨心，提契信念、加重悲心、加深願力。」梵唄與漢傳佛教的修行息息相關，儀軌來自祖師大德，用修行體驗，制定出適合漢文化的儀文、曲調，以課誦貫穿佛門一天的修行生活。並透過梵音宣揚，為六道眾生宣說佛法，體現了大乘佛法的精神。梵唄能讓修行更加得力，定慧雙修、自利利他，邀請您來認識，體驗傳唱千餘年的清淨法音，一同在梵唄中修行。本課程為此系列課程的第四講。果慨法師將為各位介紹法華三昧水懺、大悲懺儀軌，邀請您一起體驗梵唄的修行法益。\n\n「法鼓講堂」每周三晚間7：00~9：00\n網路直播：http://www.dharmaschool.com/ddm_max/liveclass/liveclassroom.php\n\n修行在梵唄-第三堂-1/8\nhttp://www.youtube.com/watch?v=PTId2cFamhs&list=PLB7314012EA23C59C&index=1\n修行在梵唄-第三堂-2/8\nhttp://www.youtube.com/watch?v=Cuz-2kCSIYY&list=PLB7314012EA23C59C&index=2\n修行在梵唄-第三堂-3/8\nhttp://www.youtube.com/watch?v=jb9SomSxiwk&list=PLB7314012EA23C59C&index=3\n修行在梵唄-第三堂-4/8\nhttp://www.youtube.com/watch?v=8JiPaDBVgs4&list=PLB7314012EA23C59C&index=4\n修行在梵唄-第三堂-5/8\nhttp://www.youtube.com/watch?v=dDDZpRrTljQ&list=PLB7314012EA23C59C&index=5\n修行在梵唄-第三堂-6/8\nhttp://www.youtube.com/watch?v=q0xcdM7oBqI&list=PLB7314012EA23C59C&index=6\n修行在梵唄-第三堂-7/8\nhttp://www.youtube.com/watch?v=E6IP64EIaCc&list=PLB7314012EA23C59C&index=7\n修行在梵唄-第三堂-8/8\nhttp://www.youtube.com/watch?v=AEdBtQzvlRo&list=PLB7314012EA23C59C&index=8\n\n修行在梵唄-第四堂-1/8\nhttp://www.youtube.com/watch?v=yk2egj1DAEs&list=PL0E3363B988409347&index=1\n修行在梵唄-第四堂-2/8\nhttp://www.youtube.com/watch?v=33iI0_NjfQc&list=PL0E3363B988409347&index=2\n修行在梵唄-第四堂-3/8\nhttp://www.youtube.com/watch?v=hqgkEA57DGQ&list=PL0E3363B988409347&index=3\n修行在梵唄-第四堂-4/8\nhttp://www.youtube.com/watch?v=IHWfn3ie8gg&list=PL0E3363B988409347&index=4\n修行在梵唄-第四堂-5/8\nhttp://www.youtube.com/watch?v=rbJS8euH8O8&list=PL0E3363B988409347&index=5\n修行在梵唄-第四堂-6/8\nhttp://www.youtube.com/watch?v=4OatNroQ5RM&list=PL0E3363B988409347&index=6\n修行在梵唄-第四堂-7/8\nhttp://www.youtube.com/watch?v=DNlca2LmZsI&list=PL0E3363B988409347&index=7\n修行在梵唄-第四堂-8/8\nhttp://www.youtube.com/watch?v=6b0wf-P4mOc&list=PL0E3363B988409347&index=8');
INSERT INTO videos(vid, pid, title, description) VALUES('33iI0_NjfQc', 'PLDuDoO_3m4cai1B2i_lEyStyB5TdeTbyO', '修行在梵唄-第四堂-2/8', '聖嚴師父說：「不喜歡唱誦，是因為不了解梵唄功用的緣故，透過梵唄可安心、靜心、淨心，提契信念、加重悲心、加深願力。」梵唄與漢傳佛教的修行息息相關，儀軌來自祖師大德，用修行體驗，制定出適合漢文化的儀文、曲調，以課誦貫穿佛門一天的修行生活。並透過梵音宣揚，為六道眾生宣說佛法，體現了大乘佛法的精神。梵唄能讓修行更加得力，定慧雙修、自利利他，邀請您來認識，體驗傳唱千餘年的清淨法音，一同在梵唄中修行。本課程為此系列課程的第四講。果慨法師將為各位介紹法華三昧水懺、大悲懺儀軌，邀請您一起體驗梵唄的修行法益。\n\n「法鼓講堂」每周三晚間7：00~9：00\n網路直播：http://www.dharmaschool.com/ddm_max/liveclass/liveclassroom.php\n\n修行在梵唄-第三堂-1/8\nhttp://www.youtube.com/watch?v=PTId2cFamhs&list=PLB7314012EA23C59C&index=1\n修行在梵唄-第三堂-2/8\nhttp://www.youtube.com/watch?v=Cuz-2kCSIYY&list=PLB7314012EA23C59C&index=2\n修行在梵唄-第三堂-3/8\nhttp://www.youtube.com/watch?v=jb9SomSxiwk&list=PLB7314012EA23C59C&index=3\n修行在梵唄-第三堂-4/8\nhttp://www.youtube.com/watch?v=8JiPaDBVgs4&list=PLB7314012EA23C59C&index=4\n修行在梵唄-第三堂-5/8\nhttp://www.youtube.com/watch?v=dDDZpRrTljQ&list=PLB7314012EA23C59C&index=5\n修行在梵唄-第三堂-6/8\nhttp://www.youtube.com/watch?v=q0xcdM7oBqI&list=PLB7314012EA23C59C&index=6\n修行在梵唄-第三堂-7/8\nhttp://www.youtube.com/watch?v=E6IP64EIaCc&list=PLB7314012EA23C59C&index=7\n修行在梵唄-第三堂-8/8\nhttp://www.youtube.com/watch?v=AEdBtQzvlRo&list=PLB7314012EA23C59C&index=8\n\n修行在梵唄-第四堂-1/8\nhttp://www.youtube.com/watch?v=yk2egj1DAEs&list=PL0E3363B988409347&index=1\n修行在梵唄-第四堂-2/8\nhttp://www.youtube.com/watch?v=33iI0_NjfQc&list=PL0E3363B988409347&index=2\n修行在梵唄-第四堂-3/8\nhttp://www.youtube.com/watch?v=hqgkEA57DGQ&list=PL0E3363B988409347&index=3\n修行在梵唄-第四堂-4/8\nhttp://www.youtube.com/watch?v=IHWfn3ie8gg&list=PL0E3363B988409347&index=4\n修行在梵唄-第四堂-5/8\nhttp://www.youtube.com/watch?v=rbJS8euH8O8&list=PL0E3363B988409347&index=5\n修行在梵唄-第四堂-6/8\nhttp://www.youtube.com/watch?v=4OatNroQ5RM&list=PL0E3363B988409347&index=6\n修行在梵唄-第四堂-7/8\nhttp://www.youtube.com/watch?v=DNlca2LmZsI&list=PL0E3363B988409347&index=7\n修行在梵唄-第四堂-8/8\nhttp://www.youtube.com/watch?v=6b0wf-P4mOc&list=PL0E3363B988409347&index=8');
INSERT INTO videos(vid, pid, title, description) VALUES('hqgkEA57DGQ', 'PLDuDoO_3m4cai1B2i_lEyStyB5TdeTbyO', '修行在梵唄-第四堂-3/8', '聖嚴師父說：「不喜歡唱誦，是因為不了解梵唄功用的緣故，透過梵唄可安心、靜心、淨心，提契信念、加重悲心、加深願力。」梵唄與漢傳佛教的修行息息相關，儀軌來自祖師大德，用修行體驗，制定出適合漢文化的儀文、曲調，以課誦貫穿佛門一天的修行生活。並透過梵音宣揚，為六道眾生宣說佛法，體現了大乘佛法的精神。梵唄能讓修行更加得力，定慧雙修、自利利他，邀請您來認識，體驗傳唱千餘年的清淨法音，一同在梵唄中修行。本課程為此系列課程的第四講。果慨法師將為各位介紹法華三昧水懺、大悲懺儀軌，邀請您一起體驗梵唄的修行法益。\n\n「法鼓講堂」每周三晚間7：00~9：00\n網路直播：http://www.dharmaschool.com/ddm_max/liveclass/liveclassroom.php\n\n修行在梵唄-第三堂-1/8\nhttp://www.youtube.com/watch?v=PTId2cFamhs&list=PLB7314012EA23C59C&index=1\n修行在梵唄-第三堂-2/8\nhttp://www.youtube.com/watch?v=Cuz-2kCSIYY&list=PLB7314012EA23C59C&index=2\n修行在梵唄-第三堂-3/8\nhttp://www.youtube.com/watch?v=jb9SomSxiwk&list=PLB7314012EA23C59C&index=3\n修行在梵唄-第三堂-4/8\nhttp://www.youtube.com/watch?v=8JiPaDBVgs4&list=PLB7314012EA23C59C&index=4\n修行在梵唄-第三堂-5/8\nhttp://www.youtube.com/watch?v=dDDZpRrTljQ&list=PLB7314012EA23C59C&index=5\n修行在梵唄-第三堂-6/8\nhttp://www.youtube.com/watch?v=q0xcdM7oBqI&list=PLB7314012EA23C59C&index=6\n修行在梵唄-第三堂-7/8\nhttp://www.youtube.com/watch?v=E6IP64EIaCc&list=PLB7314012EA23C59C&index=7\n修行在梵唄-第三堂-8/8\nhttp://www.youtube.com/watch?v=AEdBtQzvlRo&list=PLB7314012EA23C59C&index=8\n\n修行在梵唄-第四堂-1/8\nhttp://www.youtube.com/watch?v=yk2egj1DAEs&list=PL0E3363B988409347&index=1\n修行在梵唄-第四堂-2/8\nhttp://www.youtube.com/watch?v=33iI0_NjfQc&list=PL0E3363B988409347&index=2\n修行在梵唄-第四堂-3/8\nhttp://www.youtube.com/watch?v=hqgkEA57DGQ&list=PL0E3363B988409347&index=3\n修行在梵唄-第四堂-4/8\nhttp://www.youtube.com/watch?v=IHWfn3ie8gg&list=PL0E3363B988409347&index=4\n修行在梵唄-第四堂-5/8\nhttp://www.youtube.com/watch?v=rbJS8euH8O8&list=PL0E3363B988409347&index=5\n修行在梵唄-第四堂-6/8\nhttp://www.youtube.com/watch?v=4OatNroQ5RM&list=PL0E3363B988409347&index=6\n修行在梵唄-第四堂-7/8\nhttp://www.youtube.com/watch?v=DNlca2LmZsI&list=PL0E3363B988409347&index=7\n修行在梵唄-第四堂-8/8\nhttp://www.youtube.com/watch?v=6b0wf-P4mOc&list=PL0E3363B988409347&index=8');
INSERT INTO videos(vid, pid, title, description) VALUES('IHWfn3ie8gg', 'PLDuDoO_3m4cai1B2i_lEyStyB5TdeTbyO', '修行在梵唄-第四堂-4/8', '聖嚴師父說：「不喜歡唱誦，是因為不了解梵唄功用的緣故，透過梵唄可安心、靜心、淨心，提契信念、加重悲心、加深願力。」梵唄與漢傳佛教的修行息息相關，儀軌來自祖師大德，用修行體驗，制定出適合漢文化的儀文、曲調，以課誦貫穿佛門一天的修行生活。並透過梵音宣揚，為六道眾生宣說佛法，體現了大乘佛法的精神。梵唄能讓修行更加得力，定慧雙修、自利利他，邀請您來認識，體驗傳唱千餘年的清淨法音，一同在梵唄中修行。本課程為此系列課程的第四講。果慨法師將為各位介紹法華三昧水懺、大悲懺儀軌，邀請您一起體驗梵唄的修行法益。\n\n「法鼓講堂」每周三晚間7：00~9：00\n網路直播：http://www.dharmaschool.com/ddm_max/liveclass/liveclassroom.php\n\n修行在梵唄-第三堂-1/8\nhttp://www.youtube.com/watch?v=PTId2cFamhs&list=PLB7314012EA23C59C&index=1\n修行在梵唄-第三堂-2/8\nhttp://www.youtube.com/watch?v=Cuz-2kCSIYY&list=PLB7314012EA23C59C&index=2\n修行在梵唄-第三堂-3/8\nhttp://www.youtube.com/watch?v=jb9SomSxiwk&list=PLB7314012EA23C59C&index=3\n修行在梵唄-第三堂-4/8\nhttp://www.youtube.com/watch?v=8JiPaDBVgs4&list=PLB7314012EA23C59C&index=4\n修行在梵唄-第三堂-5/8\nhttp://www.youtube.com/watch?v=dDDZpRrTljQ&list=PLB7314012EA23C59C&index=5\n修行在梵唄-第三堂-6/8\nhttp://www.youtube.com/watch?v=q0xcdM7oBqI&list=PLB7314012EA23C59C&index=6\n修行在梵唄-第三堂-7/8\nhttp://www.youtube.com/watch?v=E6IP64EIaCc&list=PLB7314012EA23C59C&index=7\n修行在梵唄-第三堂-8/8\nhttp://www.youtube.com/watch?v=AEdBtQzvlRo&list=PLB7314012EA23C59C&index=8\n\n修行在梵唄-第四堂-1/8\nhttp://www.youtube.com/watch?v=yk2egj1DAEs&list=PL0E3363B988409347&index=1\n修行在梵唄-第四堂-2/8\nhttp://www.youtube.com/watch?v=33iI0_NjfQc&list=PL0E3363B988409347&index=2\n修行在梵唄-第四堂-3/8\nhttp://www.youtube.com/watch?v=hqgkEA57DGQ&list=PL0E3363B988409347&index=3\n修行在梵唄-第四堂-4/8\nhttp://www.youtube.com/watch?v=IHWfn3ie8gg&list=PL0E3363B988409347&index=4\n修行在梵唄-第四堂-5/8\nhttp://www.youtube.com/watch?v=rbJS8euH8O8&list=PL0E3363B988409347&index=5\n修行在梵唄-第四堂-6/8\nhttp://www.youtube.com/watch?v=4OatNroQ5RM&list=PL0E3363B988409347&index=6\n修行在梵唄-第四堂-7/8\nhttp://www.youtube.com/watch?v=DNlca2LmZsI&list=PL0E3363B988409347&index=7\n修行在梵唄-第四堂-8/8\nhttp://www.youtube.com/watch?v=6b0wf-P4mOc&list=PL0E3363B988409347&index=8');
INSERT INTO videos(vid, pid, title, description) VALUES('rbJS8euH8O8', 'PLDuDoO_3m4cai1B2i_lEyStyB5TdeTbyO', '修行在梵唄-第四堂-5/8', '聖嚴師父說：「不喜歡唱誦，是因為不了解梵唄功用的緣故，透過梵唄可安心、靜心、淨心，提契信念、加重悲心、加深願力。」梵唄與漢傳佛教的修行息息相關，儀軌來自祖師大德，用修行體驗，制定出適合漢文化的儀文、曲調，以課誦貫穿佛門一天的修行生活。並透過梵音宣揚，為六道眾生宣說佛法，體現了大乘佛法的精神。梵唄能讓修行更加得力，定慧雙修、自利利他，邀請您來認識，體驗傳唱千餘年的清淨法音，一同在梵唄中修行。本課程為此系列課程的第四講。果慨法師將為各位介紹法華三昧水懺、大悲懺儀軌，邀請您一起體驗梵唄的修行法益。\n\n「法鼓講堂」每周三晚間7：00~9：00\n網路直播：http://www.dharmaschool.com/ddm_max/liveclass/liveclassroom.php\n\n修行在梵唄-第三堂-1/8\nhttp://www.youtube.com/watch?v=PTId2cFamhs&list=PLB7314012EA23C59C&index=1\n修行在梵唄-第三堂-2/8\nhttp://www.youtube.com/watch?v=Cuz-2kCSIYY&list=PLB7314012EA23C59C&index=2\n修行在梵唄-第三堂-3/8\nhttp://www.youtube.com/watch?v=jb9SomSxiwk&list=PLB7314012EA23C59C&index=3\n修行在梵唄-第三堂-4/8\nhttp://www.youtube.com/watch?v=8JiPaDBVgs4&list=PLB7314012EA23C59C&index=4\n修行在梵唄-第三堂-5/8\nhttp://www.youtube.com/watch?v=dDDZpRrTljQ&list=PLB7314012EA23C59C&index=5\n修行在梵唄-第三堂-6/8\nhttp://www.youtube.com/watch?v=q0xcdM7oBqI&list=PLB7314012EA23C59C&index=6\n修行在梵唄-第三堂-7/8\nhttp://www.youtube.com/watch?v=E6IP64EIaCc&list=PLB7314012EA23C59C&index=7\n修行在梵唄-第三堂-8/8\nhttp://www.youtube.com/watch?v=AEdBtQzvlRo&list=PLB7314012EA23C59C&index=8\n\n修行在梵唄-第四堂-1/8\nhttp://www.youtube.com/watch?v=yk2egj1DAEs&list=PL0E3363B988409347&index=1\n修行在梵唄-第四堂-2/8\nhttp://www.youtube.com/watch?v=33iI0_NjfQc&list=PL0E3363B988409347&index=2\n修行在梵唄-第四堂-3/8\nhttp://www.youtube.com/watch?v=hqgkEA57DGQ&list=PL0E3363B988409347&index=3\n修行在梵唄-第四堂-4/8\nhttp://www.youtube.com/watch?v=IHWfn3ie8gg&list=PL0E3363B988409347&index=4\n修行在梵唄-第四堂-5/8\nhttp://www.youtube.com/watch?v=rbJS8euH8O8&list=PL0E3363B988409347&index=5\n修行在梵唄-第四堂-6/8\nhttp://www.youtube.com/watch?v=4OatNroQ5RM&list=PL0E3363B988409347&index=6\n修行在梵唄-第四堂-7/8\nhttp://www.youtube.com/watch?v=DNlca2LmZsI&list=PL0E3363B988409347&index=7\n修行在梵唄-第四堂-8/8\nhttp://www.youtube.com/watch?v=6b0wf-P4mOc&list=PL0E3363B988409347&index=8');
INSERT INTO videos(vid, pid, title, description) VALUES('4OatNroQ5RM', 'PLDuDoO_3m4cai1B2i_lEyStyB5TdeTbyO', '修行在梵唄-第四堂-6/8', '聖嚴師父說：「不喜歡唱誦，是因為不了解梵唄功用的緣故，透過梵唄可安心、靜心、淨心，提契信念、加重悲心、加深願力。」梵唄與漢傳佛教的修行息息相關，儀軌來自祖師大德，用修行體驗，制定出適合漢文化的儀文、曲調，以課誦貫穿佛門一天的修行生活。並透過梵音宣揚，為六道眾生宣說佛法，體現了大乘佛法的精神。梵唄能讓修行更加得力，定慧雙修、自利利他，邀請您來認識，體驗傳唱千餘年的清淨法音，一同在梵唄中修行。本課程為此系列課程的第四講。果慨法師將為各位介紹法華三昧水懺、大悲懺儀軌，邀請您一起體驗梵唄的修行法益。\n\n「法鼓講堂」每周三晚間7：00~9：00\n網路直播：http://www.dharmaschool.com/ddm_max/liveclass/liveclassroom.php\n\n修行在梵唄-第三堂-1/8\nhttp://www.youtube.com/watch?v=PTId2cFamhs&list=PLB7314012EA23C59C&index=1\n修行在梵唄-第三堂-2/8\nhttp://www.youtube.com/watch?v=Cuz-2kCSIYY&list=PLB7314012EA23C59C&index=2\n修行在梵唄-第三堂-3/8\nhttp://www.youtube.com/watch?v=jb9SomSxiwk&list=PLB7314012EA23C59C&index=3\n修行在梵唄-第三堂-4/8\nhttp://www.youtube.com/watch?v=8JiPaDBVgs4&list=PLB7314012EA23C59C&index=4\n修行在梵唄-第三堂-5/8\nhttp://www.youtube.com/watch?v=dDDZpRrTljQ&list=PLB7314012EA23C59C&index=5\n修行在梵唄-第三堂-6/8\nhttp://www.youtube.com/watch?v=q0xcdM7oBqI&list=PLB7314012EA23C59C&index=6\n修行在梵唄-第三堂-7/8\nhttp://www.youtube.com/watch?v=E6IP64EIaCc&list=PLB7314012EA23C59C&index=7\n修行在梵唄-第三堂-8/8\nhttp://www.youtube.com/watch?v=AEdBtQzvlRo&list=PLB7314012EA23C59C&index=8\n\n修行在梵唄-第四堂-1/8\nhttp://www.youtube.com/watch?v=yk2egj1DAEs&list=PL0E3363B988409347&index=1\n修行在梵唄-第四堂-2/8\nhttp://www.youtube.com/watch?v=33iI0_NjfQc&list=PL0E3363B988409347&index=2\n修行在梵唄-第四堂-3/8\nhttp://www.youtube.com/watch?v=hqgkEA57DGQ&list=PL0E3363B988409347&index=3\n修行在梵唄-第四堂-4/8\nhttp://www.youtube.com/watch?v=IHWfn3ie8gg&list=PL0E3363B988409347&index=4\n修行在梵唄-第四堂-5/8\nhttp://www.youtube.com/watch?v=rbJS8euH8O8&list=PL0E3363B988409347&index=5\n修行在梵唄-第四堂-6/8\nhttp://www.youtube.com/watch?v=4OatNroQ5RM&list=PL0E3363B988409347&index=6\n修行在梵唄-第四堂-7/8\nhttp://www.youtube.com/watch?v=DNlca2LmZsI&list=PL0E3363B988409347&index=7\n修行在梵唄-第四堂-8/8\nhttp://www.youtube.com/watch?v=6b0wf-P4mOc&list=PL0E3363B988409347&index=8');
INSERT INTO videos(vid, pid, title, description) VALUES('DNlca2LmZsI', 'PLDuDoO_3m4cai1B2i_lEyStyB5TdeTbyO', '修行在梵唄-第四堂-7/8', '聖嚴師父說：「不喜歡唱誦，是因為不了解梵唄功用的緣故，透過梵唄可安心、靜心、淨心，提契信念、加重悲心、加深願力。」梵唄與漢傳佛教的修行息息相關，儀軌來自祖師大德，用修行體驗，制定出適合漢文化的儀文、曲調，以課誦貫穿佛門一天的修行生活。並透過梵音宣揚，為六道眾生宣說佛法，體現了大乘佛法的精神。梵唄能讓修行更加得力，定慧雙修、自利利他，邀請您來認識，體驗傳唱千餘年的清淨法音，一同在梵唄中修行。本課程為此系列課程的第四講。果慨法師將為各位介紹法華三昧水懺、大悲懺儀軌，邀請您一起體驗梵唄的修行法益。\n\n「法鼓講堂」每周三晚間7：00~9：00\n網路直播：http://www.dharmaschool.com/ddm_max/liveclass/liveclassroom.php\n\n修行在梵唄-第三堂-1/8\nhttp://www.youtube.com/watch?v=PTId2cFamhs&list=PLB7314012EA23C59C&index=1\n修行在梵唄-第三堂-2/8\nhttp://www.youtube.com/watch?v=Cuz-2kCSIYY&list=PLB7314012EA23C59C&index=2\n修行在梵唄-第三堂-3/8\nhttp://www.youtube.com/watch?v=jb9SomSxiwk&list=PLB7314012EA23C59C&index=3\n修行在梵唄-第三堂-4/8\nhttp://www.youtube.com/watch?v=8JiPaDBVgs4&list=PLB7314012EA23C59C&index=4\n修行在梵唄-第三堂-5/8\nhttp://www.youtube.com/watch?v=dDDZpRrTljQ&list=PLB7314012EA23C59C&index=5\n修行在梵唄-第三堂-6/8\nhttp://www.youtube.com/watch?v=q0xcdM7oBqI&list=PLB7314012EA23C59C&index=6\n修行在梵唄-第三堂-7/8\nhttp://www.youtube.com/watch?v=E6IP64EIaCc&list=PLB7314012EA23C59C&index=7\n修行在梵唄-第三堂-8/8\nhttp://www.youtube.com/watch?v=AEdBtQzvlRo&list=PLB7314012EA23C59C&index=8\n\n修行在梵唄-第四堂-1/8\nhttp://www.youtube.com/watch?v=yk2egj1DAEs&list=PL0E3363B988409347&index=1\n修行在梵唄-第四堂-2/8\nhttp://www.youtube.com/watch?v=33iI0_NjfQc&list=PL0E3363B988409347&index=2\n修行在梵唄-第四堂-3/8\nhttp://www.youtube.com/watch?v=hqgkEA57DGQ&list=PL0E3363B988409347&index=3\n修行在梵唄-第四堂-4/8\nhttp://www.youtube.com/watch?v=IHWfn3ie8gg&list=PL0E3363B988409347&index=4\n修行在梵唄-第四堂-5/8\nhttp://www.youtube.com/watch?v=rbJS8euH8O8&list=PL0E3363B988409347&index=5\n修行在梵唄-第四堂-6/8\nhttp://www.youtube.com/watch?v=4OatNroQ5RM&list=PL0E3363B988409347&index=6\n修行在梵唄-第四堂-7/8\nhttp://www.youtube.com/watch?v=DNlca2LmZsI&list=PL0E3363B988409347&index=7\n修行在梵唄-第四堂-8/8\nhttp://www.youtube.com/watch?v=6b0wf-P4mOc&list=PL0E3363B988409347&index=8');
INSERT INTO videos(vid, pid, title, description) VALUES('6b0wf-P4mOc', 'PLDuDoO_3m4cai1B2i_lEyStyB5TdeTbyO', '修行在梵唄-第四堂-8/8', '聖嚴師父說：「不喜歡唱誦，是因為不了解梵唄功用的緣故，透過梵唄可安心、靜心、淨心，提契信念、加重悲心、加深願力。」梵唄與漢傳佛教的修行息息相關，儀軌來自祖師大德，用修行體驗，制定出適合漢文化的儀文、曲調，以課誦貫穿佛門一天的修行生活。並透過梵音宣揚，為六道眾生宣說佛法，體現了大乘佛法的精神。梵唄能讓修行更加得力，定慧雙修、自利利他，邀請您來認識，體驗傳唱千餘年的清淨法音，一同在梵唄中修行。本課程為此系列課程的第四講。果慨法師將為各位介紹法華三昧水懺、大悲懺儀軌，邀請您一起體驗梵唄的修行法益。\n\n「法鼓講堂」每周三晚間7：00~9：00\n網路直播：http://www.dharmaschool.com/ddm_max/liveclass/liveclassroom.php\n\n修行在梵唄-第三堂-1/8\nhttp://www.youtube.com/watch?v=PTId2cFamhs&list=PLB7314012EA23C59C&index=1\n修行在梵唄-第三堂-2/8\nhttp://www.youtube.com/watch?v=Cuz-2kCSIYY&list=PLB7314012EA23C59C&index=2\n修行在梵唄-第三堂-3/8\nhttp://www.youtube.com/watch?v=jb9SomSxiwk&list=PLB7314012EA23C59C&index=3\n修行在梵唄-第三堂-4/8\nhttp://www.youtube.com/watch?v=8JiPaDBVgs4&list=PLB7314012EA23C59C&index=4\n修行在梵唄-第三堂-5/8\nhttp://www.youtube.com/watch?v=dDDZpRrTljQ&list=PLB7314012EA23C59C&index=5\n修行在梵唄-第三堂-6/8\nhttp://www.youtube.com/watch?v=q0xcdM7oBqI&list=PLB7314012EA23C59C&index=6\n修行在梵唄-第三堂-7/8\nhttp://www.youtube.com/watch?v=E6IP64EIaCc&list=PLB7314012EA23C59C&index=7\n修行在梵唄-第三堂-8/8\nhttp://www.youtube.com/watch?v=AEdBtQzvlRo&list=PLB7314012EA23C59C&index=8\n\n修行在梵唄-第四堂-1/8\nhttp://www.youtube.com/watch?v=yk2egj1DAEs&list=PL0E3363B988409347&index=1\n修行在梵唄-第四堂-2/8\nhttp://www.youtube.com/watch?v=33iI0_NjfQc&list=PL0E3363B988409347&index=2\n修行在梵唄-第四堂-3/8\nhttp://www.youtube.com/watch?v=hqgkEA57DGQ&list=PL0E3363B988409347&index=3\n修行在梵唄-第四堂-4/8\nhttp://www.youtube.com/watch?v=IHWfn3ie8gg&list=PL0E3363B988409347&index=4\n修行在梵唄-第四堂-5/8\nhttp://www.youtube.com/watch?v=rbJS8euH8O8&list=PL0E3363B988409347&index=5\n修行在梵唄-第四堂-6/8\nhttp://www.youtube.com/watch?v=4OatNroQ5RM&list=PL0E3363B988409347&index=6\n修行在梵唄-第四堂-7/8\nhttp://www.youtube.com/watch?v=DNlca2LmZsI&list=PL0E3363B988409347&index=7\n修行在梵唄-第四堂-8/8\nhttp://www.youtube.com/watch?v=6b0wf-P4mOc&list=PL0E3363B988409347&index=8');
INSERT INTO playlist(pid, cid, title, description) VALUES('PLDuDoO_3m4cZ5uJL98FW2DPaWFVgVjTpA','UCMvjjfm8AFBLQvQC9gItWEw', '《法鼓全集》導讀系列(3)建立正信', '課程講義：《法鼓全集》導讀系列(3)-講義\nhttps://drive.google.com/a/ddmf.org.tw/folderview?id=0B2fBOTGh9qaEZ3VrZUxtZlRfVW8&usp=sharing#\n\n聖嚴師父曾說道：「佛教徒的學佛目的，是在以智慧及慈悲來自利利他，而不是以怪力亂神及稱聖稱佛來迷惑眾生。」如何對佛教有正確的認識與了解，而不流於一般世俗的盲目信仰或迷信？《法鼓全集》導讀系列講座，本週邀請傳燈院常啟法師，分享介紹聖嚴師父的三本「學佛入門書」，引領大眾修學正知、正見的佛法，做一名正信的三寶弟子。');
INSERT INTO videos(vid, pid, title, description) VALUES('G3IkSlAIVKE', 'PLDuDoO_3m4cZ5uJL98FW2DPaWFVgVjTpA', '《法鼓全集》導讀系列(3)建立正信', '課程講義：《法鼓全集》導讀系列(3)建立正信 -講義\nhttps://drive.google.com/a/ddmf.org.tw/folderview?id=0B2fBOTGh9qaEZ3VrZUxtZlRfVW8&usp=sharing#\n\n聖嚴師父曾說道：「佛教徒的學佛目的，是在以智慧及慈悲來自利利他，而不是以怪力亂神及稱聖稱佛來迷惑眾生。」如何對佛教有正確的認識與了解，而不流於一般世俗的盲目信仰或迷信？《法鼓全集》導讀系列講座，本週邀請傳燈院常啟法師，分享介紹聖嚴師父的三本「學佛入門書」，引領大眾修學正知、正見的佛法，做一名正信的三寶弟子。');
INSERT INTO playlist(pid, cid, title, description) VALUES('PLDuDoO_3m4cYyN08SM5reIowE1DEVs7jf','UCMvjjfm8AFBLQvQC9gItWEw', '《探索識界》八識規矩頌講記', '');
INSERT INTO videos(vid, pid, title, description) VALUES('fNDOLQ7aJgI', 'PLDuDoO_3m4cYyN08SM5reIowE1DEVs7jf', '《探索識界》八識規矩頌講記-第一堂-1/8', '「唯識學」素有佛教心理學之稱，不僅能了解自我，在精闢的分析之下，使我們真正的看清宇宙萬物。第一堂課將介紹「唯識學」的起源，究竟在何時？哪一些大師，以「萬法唯識」來說明宇宙人生的一切現象，創立了唯識學派。為了使我們易領會，古德更將「萬法」融彙成「百法」，本周精彩課程，帶我們從「百法」，來一窺宇宙生命的真實面貌。\n\n探索識界--「唯識」導讀\n\n「法鼓講堂」網路直播，每周三晚間 \nhttp://www.dharmaschool.com/ddm_max/liveclass/liveclassroom.php\n\n探索識界--「唯識」導讀-第一堂-1/8\nhttp://www.youtube.com/watch?v=fNDOLQ7aJgI&list=PL1763D1FDB69E5CC4&index=1\n探索識界--「唯識」導讀-第一堂-2/8\nhttp://www.youtube.com/watch?v=iTht2CNlBCM&list=PL1763D1FDB69E5CC4&index=2\n探索識界--「唯識」導讀-第一堂-3/8\nhttp://www.youtube.com/watch?v=xaZ9qqS8TNE&list=PL1763D1FDB69E5CC4&index=3\n探索識界--「唯識」導讀-第一堂-4/8\nhttp://www.youtube.com/watch?v=XkFVfAkbepI&list=PL1763D1FDB69E5CC4&index=4\n探索識界--「唯識」導讀-第一堂-5/8\nhttp://www.youtube.com/watch?v=-AIXlRmH5Wk&list=PL1763D1FDB69E5CC4&index=5\n探索識界--「唯識」導讀-第一堂-6/8\nhttp://www.youtube.com/watch?v=EYeA2pRMqGw&list=PL1763D1FDB69E5CC4&index=6\n探索識界--「唯識」導讀-第一堂-7/8\nhttp://www.youtube.com/watch?v=0_WKQ0L3MVQ&list=PL1763D1FDB69E5CC4&index=7\n探索識界--「唯識」導讀-第一堂-8/8\nhttp://www.youtube.com/watch?v=fXQAFy-4kKE&list=PL1763D1FDB69E5CC4&index');
INSERT INTO videos(vid, pid, title, description) VALUES('iTht2CNlBCM', 'PLDuDoO_3m4cYyN08SM5reIowE1DEVs7jf', '《探索識界》八識規矩頌講記-第一堂-2/8', '「唯識學」素有佛教心理學之稱，不僅能了解自我，在精闢的分析之下，使我們真正的看清宇宙萬物。第一堂課將介紹「唯識學」的起源，究竟在何時？哪一些大師，以「萬法唯識」來說明宇宙人生的一切現象，創立了唯識學派。為了使我們易領會，古德更將「萬法」融彙成「百法」，本周精彩課程，帶我們從「百法」，來一窺宇宙生命的真實面貌。\n\n探索識界--「唯識」導讀\n\n「法鼓講堂」網路直播，每周三晚間 \nhttp://www.dharmaschool.com/ddm_max/liveclass/liveclassroom.php\n\n探索識界--「唯識」導讀-第一堂-1/8\nhttp://www.youtube.com/watch?v=fNDOLQ7aJgI&list=PL1763D1FDB69E5CC4&index=1\n探索識界--「唯識」導讀-第一堂-2/8\nhttp://www.youtube.com/watch?v=iTht2CNlBCM&list=PL1763D1FDB69E5CC4&index=2\n探索識界--「唯識」導讀-第一堂-3/8\nhttp://www.youtube.com/watch?v=xaZ9qqS8TNE&list=PL1763D1FDB69E5CC4&index=3\n探索識界--「唯識」導讀-第一堂-4/8\nhttp://www.youtube.com/watch?v=XkFVfAkbepI&list=PL1763D1FDB69E5CC4&index=4\n探索識界--「唯識」導讀-第一堂-5/8\nhttp://www.youtube.com/watch?v=-AIXlRmH5Wk&list=PL1763D1FDB69E5CC4&index=5\n探索識界--「唯識」導讀-第一堂-6/8\nhttp://www.youtube.com/watch?v=EYeA2pRMqGw&list=PL1763D1FDB69E5CC4&index=6\n探索識界--「唯識」導讀-第一堂-7/8\nhttp://www.youtube.com/watch?v=0_WKQ0L3MVQ&list=PL1763D1FDB69E5CC4&index=7\n探索識界--「唯識」導讀-第一堂-8/8\nhttp://www.youtube.com/watch?v=fXQAFy-4kKE&list=PL1763D1FDB69E5CC4&index');
INSERT INTO videos(vid, pid, title, description) VALUES('xaZ9qqS8TNE', 'PLDuDoO_3m4cYyN08SM5reIowE1DEVs7jf', '《探索識界》八識規矩頌講記-第一堂-3/8', '「唯識學」素有佛教心理學之稱，不僅能了解自我，在精闢的分析之下，使我們真正的看清宇宙萬物。第一堂課將介紹「唯識學」的起源，究竟在何時？哪一些大師，以「萬法唯識」來說明宇宙人生的一切現象，創立了唯識學派。為了使我們易領會，古德更將「萬法」融彙成「百法」，本周精彩課程，帶我們從「百法」，來一窺宇宙生命的真實面貌。\n探索識界--「唯識」導讀\n\n「法鼓講堂」網路直播，每周三晚間 \nhttp://www.dharmaschool.com/ddm_max/liveclass/liveclassroom.php\n\n探索識界--「唯識」導讀-第一堂-1/8\nhttp://www.youtube.com/watch?v=fNDOLQ7aJgI&list=PL1763D1FDB69E5CC4&index=1\n探索識界--「唯識」導讀-第一堂-2/8\nhttp://www.youtube.com/watch?v=iTht2CNlBCM&list=PL1763D1FDB69E5CC4&index=2\n探索識界--「唯識」導讀-第一堂-3/8\nhttp://www.youtube.com/watch?v=xaZ9qqS8TNE&list=PL1763D1FDB69E5CC4&index=3\n探索識界--「唯識」導讀-第一堂-4/8\nhttp://www.youtube.com/watch?v=XkFVfAkbepI&list=PL1763D1FDB69E5CC4&index=4\n探索識界--「唯識」導讀-第一堂-5/8\nhttp://www.youtube.com/watch?v=-AIXlRmH5Wk&list=PL1763D1FDB69E5CC4&index=5\n探索識界--「唯識」導讀-第一堂-6/8\nhttp://www.youtube.com/watch?v=EYeA2pRMqGw&list=PL1763D1FDB69E5CC4&index=6\n探索識界--「唯識」導讀-第一堂-7/8\nhttp://www.youtube.com/watch?v=0_WKQ0L3MVQ&list=PL1763D1FDB69E5CC4&index=7\n探索識界--「唯識」導讀-第一堂-8/8\nhttp://www.youtube.com/watch?v=fXQAFy-4kKE&list=PL1763D1FDB69E5CC4&index');
INSERT INTO videos(vid, pid, title, description) VALUES('XkFVfAkbepI', 'PLDuDoO_3m4cYyN08SM5reIowE1DEVs7jf', '《探索識界》八識規矩頌講記-第一堂-4/8', '「唯識學」素有佛教心理學之稱，不僅能了解自我，在精闢的分析之下，使我們真正的看清宇宙萬物。第一堂課將介紹「唯識學」的起源，究竟在何時？哪一些大師，以「萬法唯識」來說明宇宙人生的一切現象，創立了唯識學派。為了使我們易領會，古德更將「萬法」融彙成「百法」，本周精彩課程，帶我們從「百法」，來一窺宇宙生命的真實面貌。\n\n探索識界--「唯識」導讀\n\n「法鼓講堂」網路直播，每周三晚間 \nhttp://www.dharmaschool.com/ddm_max/liveclass/liveclassroom.php\n\n探索識界--「唯識」導讀-第一堂-1/8\nhttp://www.youtube.com/watch?v=fNDOLQ7aJgI&list=PL1763D1FDB69E5CC4&index=1\n探索識界--「唯識」導讀-第一堂-2/8\nhttp://www.youtube.com/watch?v=iTht2CNlBCM&list=PL1763D1FDB69E5CC4&index=2\n探索識界--「唯識」導讀-第一堂-3/8\nhttp://www.youtube.com/watch?v=xaZ9qqS8TNE&list=PL1763D1FDB69E5CC4&index=3\n探索識界--「唯識」導讀-第一堂-4/8\nhttp://www.youtube.com/watch?v=XkFVfAkbepI&list=PL1763D1FDB69E5CC4&index=4\n探索識界--「唯識」導讀-第一堂-5/8\nhttp://www.youtube.com/watch?v=-AIXlRmH5Wk&list=PL1763D1FDB69E5CC4&index=5\n探索識界--「唯識」導讀-第一堂-6/8\nhttp://www.youtube.com/watch?v=EYeA2pRMqGw&list=PL1763D1FDB69E5CC4&index=6\n探索識界--「唯識」導讀-第一堂-7/8\nhttp://www.youtube.com/watch?v=0_WKQ0L3MVQ&list=PL1763D1FDB69E5CC4&index=7\n探索識界--「唯識」導讀-第一堂-8/8\nhttp://www.youtube.com/watch?v=fXQAFy-4kKE&list=PL1763D1FDB69E5CC4&index');
INSERT INTO videos(vid, pid, title, description) VALUES('-AIXlRmH5Wk', 'PLDuDoO_3m4cYyN08SM5reIowE1DEVs7jf', '《探索識界》八識規矩頌講記-第一堂-5/8', '「唯識學」素有佛教心理學之稱，不僅能了解自我，在精闢的分析之下，使我們真正的看清宇宙萬物。第一堂課將介紹「唯識學」的起源，究竟在何時？哪一些大師，以「萬法唯識」來說明宇宙人生的一切現象，創立了唯識學派。為了使我們易領會，古德更將「萬法」融彙成「百法」，本周精彩課程，帶我們從「百法」，來一窺宇宙生命的真實面貌。\n\n探索識界--「唯識」導讀\n\n「法鼓講堂」網路直播，每周三晚間 \nhttp://www.dharmaschool.com/ddm_max/liveclass/liveclassroom.php\n\n探索識界--「唯識」導讀-第一堂-1/8\nhttp://www.youtube.com/watch?v=fNDOLQ7aJgI&list=PL1763D1FDB69E5CC4&index=1\n探索識界--「唯識」導讀-第一堂-2/8\nhttp://www.youtube.com/watch?v=iTht2CNlBCM&list=PL1763D1FDB69E5CC4&index=2\n探索識界--「唯識」導讀-第一堂-3/8\nhttp://www.youtube.com/watch?v=xaZ9qqS8TNE&list=PL1763D1FDB69E5CC4&index=3\n探索識界--「唯識」導讀-第一堂-4/8\nhttp://www.youtube.com/watch?v=XkFVfAkbepI&list=PL1763D1FDB69E5CC4&index=4\n探索識界--「唯識」導讀-第一堂-5/8\nhttp://www.youtube.com/watch?v=-AIXlRmH5Wk&list=PL1763D1FDB69E5CC4&index=5\n探索識界--「唯識」導讀-第一堂-6/8\nhttp://www.youtube.com/watch?v=EYeA2pRMqGw&list=PL1763D1FDB69E5CC4&index=6\n探索識界--「唯識」導讀-第一堂-7/8\nhttp://www.youtube.com/watch?v=0_WKQ0L3MVQ&list=PL1763D1FDB69E5CC4&index=7\n探索識界--「唯識」導讀-第一堂-8/8\nhttp://www.youtube.com/watch?v=fXQAFy-4kKE&list=PL1763D1FDB69E5CC4&index');
INSERT INTO videos(vid, pid, title, description) VALUES('EYeA2pRMqGw', 'PLDuDoO_3m4cYyN08SM5reIowE1DEVs7jf', '《探索識界》八識規矩頌講記-第一堂-6/8', '「唯識學」素有佛教心理學之稱，不僅能了解自我，在精闢的分析之下，使我們真正的看清宇宙萬物。第一堂課將介紹「唯識學」的起源，究竟在何時？哪一些大師，以「萬法唯識」來說明宇宙人生的一切現象，創立了唯識學派。為了使我們易領會，古德更將「萬法」融彙成「百法」，本周精彩課程，帶我們從「百法」，來一窺宇宙生命的真實面貌。\n\n探索識界--「唯識」導讀\n\n「法鼓講堂」網路直播，每周三晚間 \nhttp://www.dharmaschool.com/ddm_max/liveclass/liveclassroom.php\n\n探索識界--「唯識」導讀-第一堂-1/8\nhttp://www.youtube.com/watch?v=fNDOLQ7aJgI&list=PL1763D1FDB69E5CC4&index=1\n探索識界--「唯識」導讀-第一堂-2/8\nhttp://www.youtube.com/watch?v=iTht2CNlBCM&list=PL1763D1FDB69E5CC4&index=2\n探索識界--「唯識」導讀-第一堂-3/8\nhttp://www.youtube.com/watch?v=xaZ9qqS8TNE&list=PL1763D1FDB69E5CC4&index=3\n探索識界--「唯識」導讀-第一堂-4/8\nhttp://www.youtube.com/watch?v=XkFVfAkbepI&list=PL1763D1FDB69E5CC4&index=4\n探索識界--「唯識」導讀-第一堂-5/8\nhttp://www.youtube.com/watch?v=-AIXlRmH5Wk&list=PL1763D1FDB69E5CC4&index=5\n探索識界--「唯識」導讀-第一堂-6/8\nhttp://www.youtube.com/watch?v=EYeA2pRMqGw&list=PL1763D1FDB69E5CC4&index=6\n探索識界--「唯識」導讀-第一堂-7/8\nhttp://www.youtube.com/watch?v=0_WKQ0L3MVQ&list=PL1763D1FDB69E5CC4&index=7\n探索識界--「唯識」導讀-第一堂-8/8\nhttp://www.youtube.com/watch?v=fXQAFy-4kKE&list=PL1763D1FDB69E5CC4&index');
INSERT INTO videos(vid, pid, title, description) VALUES('0_WKQ0L3MVQ', 'PLDuDoO_3m4cYyN08SM5reIowE1DEVs7jf', '《探索識界》八識規矩頌講記-第一堂-7/8', '「唯識學」素有佛教心理學之稱，不僅能了解自我，在精闢的分析之下，使我們真正的看清宇宙萬物。第一堂課將介紹「唯識學」的起源，究竟在何時？哪一些大師，以「萬法唯識」來說明宇宙人生的一切現象，創立了唯識學派。為了使我們易領會，古德更將「萬法」融彙成「百法」，本周精彩課程，帶我們從「百法」，來一窺宇宙生命的真實面貌。\n\n探索識界--「唯識」導讀\n\n「法鼓講堂」網路直播，每周三晚間 \nhttp://www.dharmaschool.com/ddm_max/liveclass/liveclassroom.php\n\n探索識界--「唯識」導讀-第一堂-1/8\nhttp://www.youtube.com/watch?v=fNDOLQ7aJgI&list=PL1763D1FDB69E5CC4&index=1\n探索識界--「唯識」導讀-第一堂-2/8\nhttp://www.youtube.com/watch?v=iTht2CNlBCM&list=PL1763D1FDB69E5CC4&index=2\n探索識界--「唯識」導讀-第一堂-3/8\nhttp://www.youtube.com/watch?v=xaZ9qqS8TNE&list=PL1763D1FDB69E5CC4&index=3\n探索識界--「唯識」導讀-第一堂-4/8\nhttp://www.youtube.com/watch?v=XkFVfAkbepI&list=PL1763D1FDB69E5CC4&index=4\n探索識界--「唯識」導讀-第一堂-5/8\nhttp://www.youtube.com/watch?v=-AIXlRmH5Wk&list=PL1763D1FDB69E5CC4&index=5\n探索識界--「唯識」導讀-第一堂-6/8\nhttp://www.youtube.com/watch?v=EYeA2pRMqGw&list=PL1763D1FDB69E5CC4&index=6\n探索識界--「唯識」導讀-第一堂-7/8\nhttp://www.youtube.com/watch?v=0_WKQ0L3MVQ&list=PL1763D1FDB69E5CC4&index=7\n探索識界--「唯識」導讀-第一堂-8/8\nhttp://www.youtube.com/watch?v=fXQAFy-4kKE&list=PL1763D1FDB69E5CC4&index');
INSERT INTO videos(vid, pid, title, description) VALUES('fXQAFy-4kKE', 'PLDuDoO_3m4cYyN08SM5reIowE1DEVs7jf', '《探索識界》八識規矩頌講記-第一堂-8/8', '「唯識學」素有佛教心理學之稱，不僅能了解自我，在精闢的分析之下，使我們真正的看清宇宙萬物。第一堂課將介紹「唯識學」的起源，究竟在何時？哪一些大師，以「萬法唯識」來說明宇宙人生的一切現象，創立了唯識學派。為了使我們易領會，古德更將「萬法」融彙成「百法」，本周精彩課程，帶我們從「百法」，來一窺宇宙生命的真實面貌。\n\n探索識界--「唯識」導讀\n\n「法鼓講堂」網路直播，每周三晚間 \nhttp://www.dharmaschool.com/ddm_max/liveclass/liveclassroom.php\n\n探索識界--「唯識」導讀-第一堂-1/8\nhttp://www.youtube.com/watch?v=fNDOLQ7aJgI&list=PL1763D1FDB69E5CC4&index=1\n探索識界--「唯識」導讀-第一堂-2/8\nhttp://www.youtube.com/watch?v=iTht2CNlBCM&list=PL1763D1FDB69E5CC4&index=2\n探索識界--「唯識」導讀-第一堂-3/8\nhttp://www.youtube.com/watch?v=xaZ9qqS8TNE&list=PL1763D1FDB69E5CC4&index=3\n探索識界--「唯識」導讀-第一堂-4/8\nhttp://www.youtube.com/watch?v=XkFVfAkbepI&list=PL1763D1FDB69E5CC4&index=4\n探索識界--「唯識」導讀-第一堂-5/8\nhttp://www.youtube.com/watch?v=-AIXlRmH5Wk&list=PL1763D1FDB69E5CC4&index=5\n探索識界--「唯識」導讀-第一堂-6/8\nhttp://www.youtube.com/watch?v=EYeA2pRMqGw&list=PL1763D1FDB69E5CC4&index=6\n探索識界--「唯識」導讀-第一堂-7/8\nhttp://www.youtube.com/watch?v=0_WKQ0L3MVQ&list=PL1763D1FDB69E5CC4&index=7\n探索識界--「唯識」導讀-第一堂-8/8\nhttp://www.youtube.com/watch?v=fXQAFy-4kKE&list=PL1763D1FDB69E5CC4&index');
INSERT INTO videos(vid, pid, title, description) VALUES('vxsSagHCN5s', 'PLDuDoO_3m4cYyN08SM5reIowE1DEVs7jf', '《探索識界》八識規矩頌講記-第二堂-1/8', '您知道人類是如何感知外在的世界，並與環境產生互動嗎？\n本週課程主題是《八識規矩頌》中的「前五識」，即眼、耳、鼻、舌、身五識。各與色、聲、香、味、觸相應，讓我們可以感受外在的一切。五根與五識不僅是我們感知的媒介，若能透徹五識的運作，即是自我提升的工具，就讓我們一起來認識五識、了解五識。\n\n「法鼓講堂」網路直播，每周三晚間 \nhttp://www.dharmaschool.com/ddm_max/liveclass/liveclassroom.php\n\n探索識界--「唯識」導讀-第二堂-1/8\nhttp://www.youtube.com/watch?v=vxsSagHCN5s&list=PLB0C03BDA707806CB&index=1\n探索識界--「唯識」導讀-第二堂-2/8\nhttp://www.youtube.com/watch?v=s2PIo_q4eEM&list=PLB0C03BDA707806CB&index=2\n探索識界--「唯識」導讀-第二堂-3/8\nhttp://www.youtube.com/watch?v=trvrEnh0muk&list=PLB0C03BDA707806CB&index=3\n探索識界--「唯識」導讀-第二堂-4/8\nhttp://www.youtube.com/watch?v=5c0f6QCgj4M&list=PLB0C03BDA707806CB&index=4\n探索識界--「唯識」導讀-第二堂-5/8\nhttp://www.youtube.com/watch?v=FFo2eu5WpHE&list=PLB0C03BDA707806CB&index=5\n探索識界--「唯識」導讀-第二堂-6/8\nhttp://www.youtube.com/watch?v=3uCMl47Bus0&list=PLB0C03BDA707806CB&index=6\n探索識界--「唯識」導讀-第二堂-7/8\nhttp://www.youtube.com/watch?v=ndcunNUacX0&list=PLB0C03BDA707806CB&index=7\n探索識界--「唯識」導讀-第二堂-8/8\nhttp://www.youtube.com/watch?v=Vmfzw4l0-WE&list=PLB0C03BDA707806CB&index=8');
INSERT INTO videos(vid, pid, title, description) VALUES('s2PIo_q4eEM', 'PLDuDoO_3m4cYyN08SM5reIowE1DEVs7jf', '《探索識界》八識規矩頌講記-第二堂-2/8', '您知道人類是如何感知外在的世界，並與環境產生互動嗎？\n本週課程主題是《八識規矩頌》中的「前五識」，即眼、耳、鼻、舌、身五識。各與色、聲、香、味、觸相應，讓我們可以感受外在的一切。五根與五識不僅是我們感知的媒介，若能透徹五識的運作，即是自我提升的工具，就讓我們一起來認識五識、了解五識。\n\n「法鼓講堂」網路直播，每周三晚間 \nhttp://www.dharmaschool.com/ddm_max/liveclass/liveclassroom.php\n\n探索識界--「唯識」導讀-第二堂-1/8\nhttp://www.youtube.com/watch?v=vxsSagHCN5s&list=PLB0C03BDA707806CB&index=1\n探索識界--「唯識」導讀-第二堂-2/8\nhttp://www.youtube.com/watch?v=s2PIo_q4eEM&list=PLB0C03BDA707806CB&index=2\n探索識界--「唯識」導讀-第二堂-3/8\nhttp://www.youtube.com/watch?v=trvrEnh0muk&list=PLB0C03BDA707806CB&index=3\n探索識界--「唯識」導讀-第二堂-4/8\nhttp://www.youtube.com/watch?v=5c0f6QCgj4M&list=PLB0C03BDA707806CB&index=4\n探索識界--「唯識」導讀-第二堂-5/8\nhttp://www.youtube.com/watch?v=FFo2eu5WpHE&list=PLB0C03BDA707806CB&index=5\n探索識界--「唯識」導讀-第二堂-6/8\nhttp://www.youtube.com/watch?v=3uCMl47Bus0&list=PLB0C03BDA707806CB&index=6\n探索識界--「唯識」導讀-第二堂-7/8\nhttp://www.youtube.com/watch?v=ndcunNUacX0&list=PLB0C03BDA707806CB&index=7\n探索識界--「唯識」導讀-第二堂-8/8\nhttp://www.youtube.com/watch?v=Vmfzw4l0-WE&list=PLB0C03BDA707806CB&index=8');
INSERT INTO videos(vid, pid, title, description) VALUES('trvrEnh0muk', 'PLDuDoO_3m4cYyN08SM5reIowE1DEVs7jf', '《探索識界》八識規矩頌講記-第二堂-3/8', '您知道人類是如何感知外在的世界，並與環境產生互動嗎？\n本週課程主題是《八識規矩頌》中的「前五識」，即眼、耳、鼻、舌、身五識。各與色、聲、香、味、觸相應，讓我們可以感受外在的一切。五根與五識不僅是我們感知的媒介，若能透徹五識的運作，即是自我提升的工具，就讓我們一起來認識五識、了解五識。\n\n「法鼓講堂」網路直播，每周三晚間 \nhttp://www.dharmaschool.com/ddm_max/liveclass/liveclassroom.php\n\n探索識界--「唯識」導讀-第二堂-1/8\nhttp://www.youtube.com/watch?v=vxsSagHCN5s&list=PLB0C03BDA707806CB&index=1\n探索識界--「唯識」導讀-第二堂-2/8\nhttp://www.youtube.com/watch?v=s2PIo_q4eEM&list=PLB0C03BDA707806CB&index=2\n探索識界--「唯識」導讀-第二堂-3/8\nhttp://www.youtube.com/watch?v=trvrEnh0muk&list=PLB0C03BDA707806CB&index=3\n探索識界--「唯識」導讀-第二堂-4/8\nhttp://www.youtube.com/watch?v=5c0f6QCgj4M&list=PLB0C03BDA707806CB&index=4\n探索識界--「唯識」導讀-第二堂-5/8\nhttp://www.youtube.com/watch?v=FFo2eu5WpHE&list=PLB0C03BDA707806CB&index=5\n探索識界--「唯識」導讀-第二堂-6/8\nhttp://www.youtube.com/watch?v=3uCMl47Bus0&list=PLB0C03BDA707806CB&index=6\n探索識界--「唯識」導讀-第二堂-7/8\nhttp://www.youtube.com/watch?v=ndcunNUacX0&list=PLB0C03BDA707806CB&index=7\n探索識界--「唯識」導讀-第二堂-8/8\nhttp://www.youtube.com/watch?v=Vmfzw4l0-WE&list=PLB0C03BDA707806CB&index=8');
INSERT INTO videos(vid, pid, title, description) VALUES('5c0f6QCgj4M', 'PLDuDoO_3m4cYyN08SM5reIowE1DEVs7jf', '《探索識界》八識規矩頌講記-第二堂-4/8', '您知道人類是如何感知外在的世界，並與環境產生互動嗎？\n本週課程主題是《八識規矩頌》中的「前五識」，即眼、耳、鼻、舌、身五識。各與色、聲、香、味、觸相應，讓我們可以感受外在的一切。五根與五識不僅是我們感知的媒介，若能­透徹五識的運作，即是自我提升的工具，就讓我們一起來認識五識、了解五識。\n\n「法鼓講堂」網路直播，每周三晚間 \nhttp://www.dharmaschool.com/ddm_max/liveclass/liveclassroom.php\n\n探索識界--「唯識」導讀-第二堂-1/8\nhttp://www.youtube.com/watch?v=vxsSagHCN5s&list=PLB0C03BDA707806CB&index=1\n探索識界--「唯識」導讀-第二堂-2/8\nhttp://www.youtube.com/watch?v=s2PIo_q4eEM&list=PLB0C03BDA707806CB&index=2\n探索識界--「唯識」導讀-第二堂-3/8\nhttp://www.youtube.com/watch?v=trvrEnh0muk&list=PLB0C03BDA707806CB&index=3\n探索識界--「唯識」導讀-第二堂-4/8\nhttp://www.youtube.com/watch?v=5c0f6QCgj4M&list=PLB0C03BDA707806CB&index=4\n探索識界--「唯識」導讀-第二堂-5/8\nhttp://www.youtube.com/watch?v=FFo2eu5WpHE&list=PLB0C03BDA707806CB&index=5\n探索識界--「唯識」導讀-第二堂-6/8\nhttp://www.youtube.com/watch?v=3uCMl47Bus0&list=PLB0C03BDA707806CB&index=6\n探索識界--「唯識」導讀-第二堂-7/8\nhttp://www.youtube.com/watch?v=ndcunNUacX0&list=PLB0C03BDA707806CB&index=7\n探索識界--「唯識」導讀-第二堂-8/8\nhttp://www.youtube.com/watch?v=Vmfzw4l0-WE&list=PLB0C03BDA707806CB&index=8');
INSERT INTO videos(vid, pid, title, description) VALUES('FFo2eu5WpHE', 'PLDuDoO_3m4cYyN08SM5reIowE1DEVs7jf', '《探索識界》八識規矩頌講記-第二堂-5/8', '您知道人類是如何感知外在的世界，並與環境產生互動嗎？\n本週課程主題是《八識規矩頌》中的「前五識」，即眼、耳、鼻、舌、身五識。各與色、聲、香、味、觸相應，讓我們可以感受外在的一切。五根與五識不僅是我們感知的媒介，若能­透徹五識的運作，即是自我提升的工具，就讓我們一起來認識五識、了解五識。\n\n「法鼓講堂」網路直播，每周三晚間 \nhttp://www.dharmaschool.com/ddm_max/liveclass/liveclassroom.php\n\n探索識界--「唯識」導讀-第二堂-1/8\nhttp://www.youtube.com/watch?v=vxsSagHCN5s&list=PLB0C03BDA707806CB&index=1\n探索識界--「唯識」導讀-第二堂-2/8\nhttp://www.youtube.com/watch?v=s2PIo_q4eEM&list=PLB0C03BDA707806CB&index=2\n探索識界--「唯識」導讀-第二堂-3/8\nhttp://www.youtube.com/watch?v=trvrEnh0muk&list=PLB0C03BDA707806CB&index=3\n探索識界--「唯識」導讀-第二堂-4/8\nhttp://www.youtube.com/watch?v=5c0f6QCgj4M&list=PLB0C03BDA707806CB&index=4\n探索識界--「唯識」導讀-第二堂-5/8\nhttp://www.youtube.com/watch?v=FFo2eu5WpHE&list=PLB0C03BDA707806CB&index=5\n探索識界--「唯識」導讀-第二堂-6/8\nhttp://www.youtube.com/watch?v=3uCMl47Bus0&list=PLB0C03BDA707806CB&index=6\n探索識界--「唯識」導讀-第二堂-7/8\nhttp://www.youtube.com/watch?v=ndcunNUacX0&list=PLB0C03BDA707806CB&index=7\n探索識界--「唯識」導讀-第二堂-8/8\nhttp://www.youtube.com/watch?v=Vmfzw4l0-WE&list=PLB0C03BDA707806CB&index=8');
INSERT INTO videos(vid, pid, title, description) VALUES('3uCMl47Bus0', 'PLDuDoO_3m4cYyN08SM5reIowE1DEVs7jf', '《探索識界》八識規矩頌講記-第二堂-6/8', '您知道人類是如何感知外在的世界，並與環境產生互動嗎？\n本週課程主題是《八識規矩頌》中的「前五識」，即眼、耳、鼻、舌、身五識。各與色、聲、香、味、觸相應，讓我們可以感受外在的一切。五根與五識不僅是我們感知的媒介，若能­­透徹五識的運作，即是自我提升的工具，就讓我們一起來認識五識、了解五識。\n\n「法鼓講堂」網路直播，每周三晚間 \nhttp://www.dharmaschool.com/ddm_max/liveclass/liveclassroom.php\n\n探索識界--「唯識」導讀-第二堂-1/8\nhttp://www.youtube.com/watch?v=vxsSagHCN5s&list=PLB0C03BDA707806CB&index=1\n探索識界--「唯識」導讀-第二堂-2/8\nhttp://www.youtube.com/watch?v=s2PIo_q4eEM&list=PLB0C03BDA707806CB&index=2\n探索識界--「唯識」導讀-第二堂-3/8\nhttp://www.youtube.com/watch?v=trvrEnh0muk&list=PLB0C03BDA707806CB&index=3\n探索識界--「唯識」導讀-第二堂-4/8\nhttp://www.youtube.com/watch?v=5c0f6QCgj4M&list=PLB0C03BDA707806CB&index=4\n探索識界--「唯識」導讀-第二堂-5/8\nhttp://www.youtube.com/watch?v=FFo2eu5WpHE&list=PLB0C03BDA707806CB&index=5\n探索識界--「唯識」導讀-第二堂-6/8\nhttp://www.youtube.com/watch?v=3uCMl47Bus0&list=PLB0C03BDA707806CB&index=6\n探索識界--「唯識」導讀-第二堂-7/8\nhttp://www.youtube.com/watch?v=ndcunNUacX0&list=PLB0C03BDA707806CB&index=7\n探索識界--「唯識」導讀-第二堂-8/8\nhttp://www.youtube.com/watch?v=Vmfzw4l0-WE&list=PLB0C03BDA707806CB&index=8');
INSERT INTO videos(vid, pid, title, description) VALUES('ndcunNUacX0', 'PLDuDoO_3m4cYyN08SM5reIowE1DEVs7jf', '《探索識界》八識規矩頌講記-第二堂-7/8', '您知道人類是如何感知外在的世界，並與環境產生互動嗎？\n本週課程主題是《八識規矩頌》中的「前五識」，即眼、耳、鼻、舌、身五識。各與色、聲、香、味、觸相應，讓我們可以感受外在的一切。五根與五識不僅是我們感知的媒介，若能­­透徹五識的運作，即是自我提升的工具，就讓我們一起來認識五識、了解五識。\n\n「法鼓講堂」網路直播，每周三晚間 \nhttp://www.dharmaschool.com/ddm_max/liveclass/liveclassroom.php\n\n探索識界--「唯識」導讀-第二堂-1/8\nhttp://www.youtube.com/watch?v=vxsSagHCN5s&list=PLB0C03BDA707806CB&index=1\n探索識界--「唯識」導讀-第二堂-2/8\nhttp://www.youtube.com/watch?v=s2PIo_q4eEM&list=PLB0C03BDA707806CB&index=2\n探索識界--「唯識」導讀-第二堂-3/8\nhttp://www.youtube.com/watch?v=trvrEnh0muk&list=PLB0C03BDA707806CB&index=3\n探索識界--「唯識」導讀-第二堂-4/8\nhttp://www.youtube.com/watch?v=5c0f6QCgj4M&list=PLB0C03BDA707806CB&index=4\n探索識界--「唯識」導讀-第二堂-5/8\nhttp://www.youtube.com/watch?v=FFo2eu5WpHE&list=PLB0C03BDA707806CB&index=5\n探索識界--「唯識」導讀-第二堂-6/8\nhttp://www.youtube.com/watch?v=3uCMl47Bus0&list=PLB0C03BDA707806CB&index=6\n探索識界--「唯識」導讀-第二堂-7/8\nhttp://www.youtube.com/watch?v=ndcunNUacX0&list=PLB0C03BDA707806CB&index=7\n探索識界--「唯識」導讀-第二堂-8/8\nhttp://www.youtube.com/watch?v=Vmfzw4l0-WE&list=PLB0C03BDA707806CB&index=8');
INSERT INTO videos(vid, pid, title, description) VALUES('Vmfzw4l0-WE', 'PLDuDoO_3m4cYyN08SM5reIowE1DEVs7jf', '《探索識界》八識規矩頌講記-第二堂-8/8', '您知道人類是如何感知外在的世界，並與環境產生互動嗎？\n本週課程主題是《八識規矩頌》中的「前五識」，即眼、耳、鼻、舌、身五識。各與色、聲、香、味、觸相應，讓我們可以感受外在的一切。五根與五識不僅是我們感知的媒介，若能­­透徹五識的運作，即是自我提升的工具，就讓我們一起來認識五識、了解五識。\n\n「法鼓講堂」網路直播，每周三晚間 \nhttp://www.dharmaschool.com/ddm_max/liveclass/liveclassroom.php\n\n探索識界--「唯識」導讀-第二堂-1/8\nhttp://www.youtube.com/watch?v=vxsSagHCN5s&list=PLB0C03BDA707806CB&index=1\n探索識界--「唯識」導讀-第二堂-2/8\nhttp://www.youtube.com/watch?v=s2PIo_q4eEM&list=PLB0C03BDA707806CB&index=2\n探索識界--「唯識」導讀-第二堂-3/8\nhttp://www.youtube.com/watch?v=trvrEnh0muk&list=PLB0C03BDA707806CB&index=3\n探索識界--「唯識」導讀-第二堂-4/8\nhttp://www.youtube.com/watch?v=5c0f6QCgj4M&list=PLB0C03BDA707806CB&index=4\n探索識界--「唯識」導讀-第二堂-5/8\nhttp://www.youtube.com/watch?v=FFo2eu5WpHE&list=PLB0C03BDA707806CB&index=5\n探索識界--「唯識」導讀-第二堂-6/8\nhttp://www.youtube.com/watch?v=3uCMl47Bus0&list=PLB0C03BDA707806CB&index=6\n探索識界--「唯識」導讀-第二堂-7/8\nhttp://www.youtube.com/watch?v=ndcunNUacX0&list=PLB0C03BDA707806CB&index=7\n探索識界--「唯識」導讀-第二堂-8/8\nhttp://www.youtube.com/watch?v=Vmfzw4l0-WE&list=PLB0C03BDA707806CB&index=8');
INSERT INTO videos(vid, pid, title, description) VALUES('bZ6AZ2P5_88', 'PLDuDoO_3m4cYyN08SM5reIowE1DEVs7jf', '《探索識界》八識規矩頌講記-第三堂-1/8', '造種種惡業是由它出頭，造種種善業也是由它出面，墮落以它為禍首，修行也是它的功勞。它就是本周主題：「第六意識」。第六識在八識中表現力最強，可說是人類心理活動的綜合中心。精采課程一同來探索，「地六意識」對我們身心的影響，了解他的功能與特殊之處，將使我們超越煩惱，得到真正的歡­喜自在。\n\n「法鼓講堂」網路直播，每周三晚間 \nhttp://www.dharmaschool.com/ddm_max/liveclass/liveclassroom.php\n\n探索識界--「唯識」導讀-第三堂-1/8\nhttp://www.youtube.com/watch?v=bZ6AZ2P5_88&list=PLC3648DFEB73381CD\n探索識界--「唯識」導讀-第三堂-2/8\nhttp://www.youtube.com/watch?v=WidTusA2n_c&list=PLC3648DFEB73381CD&index=2\n探索識界--「唯識」導讀-第三堂-3/8\nhttp://www.youtube.com/watch?v=2QeQPxzy30c&list=PLC3648DFEB73381CD&index=3\n探索識界--「唯識」導讀-第三堂-4/8\nhttp://www.youtube.com/watch?v=oCRDpXNwCxU&list=PLC3648DFEB73381CD&index=4\n探索識界--「唯識」導讀-第三堂-5/8\nhttp://www.youtube.com/watch?v=esqcSHMlKgs&list=PLC3648DFEB73381CD&index=5\n探索識界--「唯識」導讀-第三堂-6/8\nhttp://www.youtube.com/watch?v=HALosjzAmwg&list=PLC3648DFEB73381CD&index=6\n探索識界--「唯識」導讀-第三堂-7/8\nhttp://www.youtube.com/watch?v=8dZtkwK8wCA&list=PLC3648DFEB73381CD&index=7\n探索識界--「唯識」導讀-第三堂-8/8\nhttp://www.youtube.com/watch?v=WNBFIHfEb1M&list=PLC3648DFEB73381CD&index=8');
INSERT INTO videos(vid, pid, title, description) VALUES('WidTusA2n_c', 'PLDuDoO_3m4cYyN08SM5reIowE1DEVs7jf', '《探索識界》八識規矩頌講記-第三堂-2/8', '造種種惡業是由它出頭，造種種善業也是由它出面，墮落以它為禍首，修行也是它的功勞。它就是本周主題：「第六意識」。第六識在八識中表現力最強，可說是人類心理活動的綜合中心。精采課程一同來探索，「地六意識」對我們身心的影響，了解他的功能與特殊之處，將使我們超越煩惱，得到真正的歡­喜自在。\n\n「法鼓講堂」網路直播，每周三晚間 \nhttp://www.dharmaschool.com/ddm_max/liveclass/liveclassroom.php\n\n探索識界--「唯識」導讀-第三堂-1/8\nhttp://www.youtube.com/watch?v=bZ6AZ2P5_88&list=PLC3648DFEB73381CD\n探索識界--「唯識」導讀-第三堂-2/8\nhttp://www.youtube.com/watch?v=WidTusA2n_c&list=PLC3648DFEB73381CD&index=2\n探索識界--「唯識」導讀-第三堂-3/8\nhttp://www.youtube.com/watch?v=2QeQPxzy30c&list=PLC3648DFEB73381CD&index=3\n探索識界--「唯識」導讀-第三堂-4/8\nhttp://www.youtube.com/watch?v=oCRDpXNwCxU&list=PLC3648DFEB73381CD&index=4\n探索識界--「唯識」導讀-第三堂-5/8\nhttp://www.youtube.com/watch?v=esqcSHMlKgs&list=PLC3648DFEB73381CD&index=5\n探索識界--「唯識」導讀-第三堂-6/8\nhttp://www.youtube.com/watch?v=HALosjzAmwg&list=PLC3648DFEB73381CD&index=6\n探索識界--「唯識」導讀-第三堂-7/8\nhttp://www.youtube.com/watch?v=8dZtkwK8wCA&list=PLC3648DFEB73381CD&index=7\n探索識界--「唯識」導讀-第三堂-8/8\nhttp://www.youtube.com/watch?v=WNBFIHfEb1M&list=PLC3648DFEB73381CD&index=8');
INSERT INTO videos(vid, pid, title, description) VALUES('2QeQPxzy30c', 'PLDuDoO_3m4cYyN08SM5reIowE1DEVs7jf', '《探索識界》八識規矩頌講記-第三堂-3/8', '造種種惡業是由它出頭，造種種善業也是由它出面，墮落以它為禍首，修行也是它的功勞。它就是本周主題：「第六意識」。\n第六識在八識中表現力最強，可說是人類心理活動的綜合中心。精采課程一同來探索，「地六意識」對我們身心的影響，了解他的功能與特殊之處，將使我們超越煩惱，得到真正的歡­喜自在。');
INSERT INTO videos(vid, pid, title, description) VALUES('oCRDpXNwCxU', 'PLDuDoO_3m4cYyN08SM5reIowE1DEVs7jf', '《探索識界》八識規矩頌講記-第三堂-4/8', '造種種惡業是由它出頭，造種種善業也是由它出面，墮落以它為禍首，修行也是它的功勞。它就是本周主題：「第六意識」。第六識在八識中表現力最強，可說是人類心理活動的綜合中心。精采課程一同來探索，「地六意識」對我們身心的影響，了解他的功能與特殊之處，將使我們超越煩惱，得到真正的歡­喜自在。\n\n「法鼓講堂」網路直播，每周三晚間 \nhttp://www.dharmaschool.com/ddm_max/liveclass/liveclassroom.php\n\n探索識界--「唯識」導讀-第三堂-1/8\nhttp://www.youtube.com/watch?v=bZ6AZ2P5_88&list=PLC3648DFEB73381CD\n探索識界--「唯識」導讀-第三堂-2/8\nhttp://www.youtube.com/watch?v=WidTusA2n_c&list=PLC3648DFEB73381CD&index=2\n探索識界--「唯識」導讀-第三堂-3/8\nhttp://www.youtube.com/watch?v=2QeQPxzy30c&list=PLC3648DFEB73381CD&index=3\n探索識界--「唯識」導讀-第三堂-4/8\nhttp://www.youtube.com/watch?v=oCRDpXNwCxU&list=PLC3648DFEB73381CD&index=4\n探索識界--「唯識」導讀-第三堂-5/8\nhttp://www.youtube.com/watch?v=esqcSHMlKgs&list=PLC3648DFEB73381CD&index=5\n探索識界--「唯識」導讀-第三堂-6/8\nhttp://www.youtube.com/watch?v=HALosjzAmwg&list=PLC3648DFEB73381CD&index=6\n探索識界--「唯識」導讀-第三堂-7/8\nhttp://www.youtube.com/watch?v=8dZtkwK8wCA&list=PLC3648DFEB73381CD&index=7\n探索識界--「唯識」導讀-第三堂-8/8\nhttp://www.youtube.com/watch?v=WNBFIHfEb1M&list=PLC3648DFEB73381CD&index=8');
INSERT INTO videos(vid, pid, title, description) VALUES('esqcSHMlKgs', 'PLDuDoO_3m4cYyN08SM5reIowE1DEVs7jf', '《探索識界》八識規矩頌講記-第三堂-5/8', '造種種惡業是由它出頭，造種種善業也是由它出面，墮落以它為禍首，修行也是它的功勞。它就是本周主題：「第六意識」。第六識在八識中表現力最強，可說是人類心理活動的綜合中心。精采課程一同來探索，「地六意識」對我們身心的影響，了解他的功能與特殊之處，將使我們超越煩惱，得到真正的歡­喜自在。\n\n「法鼓講堂」網路直播，每周三晚間 \nhttp://www.dharmaschool.com/ddm_max/liveclass/liveclassroom.php\n\n探索識界--「唯識」導讀-第三堂-1/8\nhttp://www.youtube.com/watch?v=bZ6AZ2P5_88&list=PLC3648DFEB73381CD\n探索識界--「唯識」導讀-第三堂-2/8\nhttp://www.youtube.com/watch?v=WidTusA2n_c&list=PLC3648DFEB73381CD&index=2\n探索識界--「唯識」導讀-第三堂-3/8\nhttp://www.youtube.com/watch?v=2QeQPxzy30c&list=PLC3648DFEB73381CD&index=3\n探索識界--「唯識」導讀-第三堂-4/8\nhttp://www.youtube.com/watch?v=oCRDpXNwCxU&list=PLC3648DFEB73381CD&index=4\n探索識界--「唯識」導讀-第三堂-5/8\nhttp://www.youtube.com/watch?v=esqcSHMlKgs&list=PLC3648DFEB73381CD&index=5\n探索識界--「唯識」導讀-第三堂-6/8\nhttp://www.youtube.com/watch?v=HALosjzAmwg&list=PLC3648DFEB73381CD&index=6\n探索識界--「唯識」導讀-第三堂-7/8\nhttp://www.youtube.com/watch?v=8dZtkwK8wCA&list=PLC3648DFEB73381CD&index=7\n探索識界--「唯識」導讀-第三堂-8/8\nhttp://www.youtube.com/watch?v=WNBFIHfEb1M&list=PLC3648DFEB73381CD&index=8');
INSERT INTO videos(vid, pid, title, description) VALUES('HALosjzAmwg', 'PLDuDoO_3m4cYyN08SM5reIowE1DEVs7jf', '《探索識界》八識規矩頌講記-第三堂-6/8', '造種種惡業是由它出頭，造種種善業也是由它出面，墮落以它為禍首，修行也是它的功勞。它就是本周主題：「第六意識」。第六識在八識中表現力最強，可說是人類心理活動的綜合中心。精采課程一同來探索，「地六意識」對我們身心的影響，了解他的功能與特殊之處，將使我們超越煩惱，得到真正的歡­喜自在。\n\n「法鼓講堂」網路直播，每周三晚間 \nhttp://www.dharmaschool.com/ddm_max/liveclass/liveclassroom.php\n\n探索識界--「唯識」導讀-第三堂-1/8\nhttp://www.youtube.com/watch?v=bZ6AZ2P5_88&list=PLC3648DFEB73381CD\n探索識界--「唯識」導讀-第三堂-2/8\nhttp://www.youtube.com/watch?v=WidTusA2n_c&list=PLC3648DFEB73381CD&index=2\n探索識界--「唯識」導讀-第三堂-3/8\nhttp://www.youtube.com/watch?v=2QeQPxzy30c&list=PLC3648DFEB73381CD&index=3\n探索識界--「唯識」導讀-第三堂-4/8\nhttp://www.youtube.com/watch?v=oCRDpXNwCxU&list=PLC3648DFEB73381CD&index=4\n探索識界--「唯識」導讀-第三堂-5/8\nhttp://www.youtube.com/watch?v=esqcSHMlKgs&list=PLC3648DFEB73381CD&index=5\n探索識界--「唯識」導讀-第三堂-6/8\nhttp://www.youtube.com/watch?v=HALosjzAmwg&list=PLC3648DFEB73381CD&index=6\n探索識界--「唯識」導讀-第三堂-7/8\nhttp://www.youtube.com/watch?v=8dZtkwK8wCA&list=PLC3648DFEB73381CD&index=7\n探索識界--「唯識」導讀-第三堂-8/8\nhttp://www.youtube.com/watch?v=WNBFIHfEb1M&list=PLC3648DFEB73381CD&index=8');
INSERT INTO videos(vid, pid, title, description) VALUES('8dZtkwK8wCA', 'PLDuDoO_3m4cYyN08SM5reIowE1DEVs7jf', '《探索識界》八識規矩頌講記-第三堂-7/8', '造種種惡業是由它出頭，造種種善業也是由它出面，墮落以它為禍首，修行也是它的功勞。它就是本周主題：「第六意識」。第六識在八識中表現力最強，可說是人類心理活動的綜合中心。精采課程一同來探索，「地六意識」對我們身心的影響，了解他的功能與特殊之處，將使我們超越煩惱，得到真正的歡喜自在。\n\n「法鼓講堂」網路直播，每周三晚間 \nhttp://www.dharmaschool.com/ddm_max/liveclass/liveclassroom.php\n\n探索識界--「唯識」導讀-第三堂-1/8\nhttp://www.youtube.com/watch?v=bZ6AZ2P5_88&list=PLC3648DFEB73381CD\n探索識界--「唯識」導讀-第三堂-2/8\nhttp://www.youtube.com/watch?v=WidTusA2n_c&list=PLC3648DFEB73381CD&index=2\n探索識界--「唯識」導讀-第三堂-3/8\nhttp://www.youtube.com/watch?v=2QeQPxzy30c&list=PLC3648DFEB73381CD&index=3\n探索識界--「唯識」導讀-第三堂-4/8\nhttp://www.youtube.com/watch?v=oCRDpXNwCxU&list=PLC3648DFEB73381CD&index=4\n探索識界--「唯識」導讀-第三堂-5/8\nhttp://www.youtube.com/watch?v=esqcSHMlKgs&list=PLC3648DFEB73381CD&index=5\n探索識界--「唯識」導讀-第三堂-6/8\nhttp://www.youtube.com/watch?v=HALosjzAmwg&list=PLC3648DFEB73381CD&index=6\n探索識界--「唯識」導讀-第三堂-7/8\nhttp://www.youtube.com/watch?v=8dZtkwK8wCA&list=PLC3648DFEB73381CD&index=7\n探索識界--「唯識」導讀-第三堂-8/8\nhttp://www.youtube.com/watch?v=WNBFIHfEb1M&list=PLC3648DFEB73381CD&index=8');
INSERT INTO videos(vid, pid, title, description) VALUES('WNBFIHfEb1M', 'PLDuDoO_3m4cYyN08SM5reIowE1DEVs7jf', '《探索識界》八識規矩頌講記-第三堂-8/8', '造種種惡業是由它出頭，造種種善業也是由它出面，墮落以它為禍首，修行也是它的功勞。它就是本周主題：「第六意識」。第六識在八識中表現力最強，可說是人類心理活動的綜合中心。精采課程一同來探索，「地六意識」對我們身心的影響，了解他的功能與特殊之處，將使我們超越煩惱，得到真正的歡­喜自在。\n\n「法鼓講堂」網路直播，每周三晚間 \nhttp://www.dharmaschool.com/ddm_max/liveclass/liveclassroom.php\n\n探索識界--「唯識」導讀-第三堂-1/8\nhttp://www.youtube.com/watch?v=bZ6AZ2P5_88&list=PLC3648DFEB73381CD\n探索識界--「唯識」導讀-第三堂-2/8\nhttp://www.youtube.com/watch?v=WidTusA2n_c&list=PLC3648DFEB73381CD&index=2\n探索識界--「唯識」導讀-第三堂-3/8\nhttp://www.youtube.com/watch?v=2QeQPxzy30c&list=PLC3648DFEB73381CD&index=3\n探索識界--「唯識」導讀-第三堂-4/8\nhttp://www.youtube.com/watch?v=oCRDpXNwCxU&list=PLC3648DFEB73381CD&index=4\n探索識界--「唯識」導讀-第三堂-5/8\nhttp://www.youtube.com/watch?v=esqcSHMlKgs&list=PLC3648DFEB73381CD&index=5\n探索識界--「唯識」導讀-第三堂-6/8\nhttp://www.youtube.com/watch?v=HALosjzAmwg&list=PLC3648DFEB73381CD&index=6\n探索識界--「唯識」導讀-第三堂-7/8\nhttp://www.youtube.com/watch?v=8dZtkwK8wCA&list=PLC3648DFEB73381CD&index=7\n探索識界--「唯識」導讀-第三堂-8/8\nhttp://www.youtube.com/watch?v=WNBFIHfEb1M&list=PLC3648DFEB73381CD&index=8');
INSERT INTO videos(vid, pid, title, description) VALUES('XXFF-jTvJDc', 'PLDuDoO_3m4cYyN08SM5reIowE1DEVs7jf', '《探索識界》八識規矩頌講記-第四堂-1/8', '「第七識」接近於心理學所說的潛意識，它潛伏在深處，使我們幾乎察覺不到它的存在，但它確有著巨大的影響力。第七識的特性，就是宿世習性，總是以過去的經驗，將眼前的事情錯看了。而且頑固的堅持有一個「我」與外境相對，讓我們總是煩惱不已。您想放下煩惱、淨化身心嗎？朱老師將帶您一起來了解「第七識」，邁開改變自己的第一步。\n\n「法鼓講堂」網路直播，每周三晚間 \nhttp://www.dharmaschool.com/ddm_max/liveclass/liveclassroom.php\n\n探索識界--「唯識」導讀-第四堂-1/8\nhttp://www.youtube.com/watch?v=XXFF-jTvJDc&list=PL2D6BE91F19208C97\n探索識界--「唯識」導讀-第四堂-2/8\nhttp://www.youtube.com/watch?v=8jkSrC6oEGE&list=PL2D6BE91F19208C97&index=2\n探索識界--「唯識」導讀-第四堂-3/8\nhttp://www.youtube.com/watch?v=u89bpyRqUH8&list=PL2D6BE91F19208C97&index=3\n探索識界--「唯識」導讀-第四堂-4/8\nhttp://www.youtube.com/watch?v=n96mAV541gk&list=PL2D6BE91F19208C97&index=4\n探索識界--「唯識」導讀-第四堂-5/8\nhttp://www.youtube.com/watch?v=XiXzt6GXuAU&list=PL2D6BE91F19208C97&index=5\n探索識界--「唯識」導讀-第四堂-6/8\nhttp://www.youtube.com/watch?v=dvvWd755GIY&list=PL2D6BE91F19208C97&index=6\n探索識界--「唯識」導讀-第四堂-7/8\nhttp://www.youtube.com/watch?v=AzmFH0M_4gY&list=PL2D6BE91F19208C97&index=7\n探索識界--「唯識」導讀-第四堂-8/8\nhttp://www.youtube.com/watch?v=GjBhr48-d70&list=PL2D6BE91F19208C97&index=8');
INSERT INTO videos(vid, pid, title, description) VALUES('8jkSrC6oEGE', 'PLDuDoO_3m4cYyN08SM5reIowE1DEVs7jf', '《探索識界》八識規矩頌講記-第四堂-2/8', '「第七識」接近於心理學所說的潛意識，它潛伏在深處，使我們幾乎察覺不到它的存在，但它確有著巨大的影響力。第七識的特性，就是宿世習性，總是以過去的經驗，將眼前的事情錯看了。而且頑固的堅持有一個「我」與外境相對，讓我們總是煩惱不已。您想放下煩惱、淨化身心嗎？朱老師將帶您一起來了解「第七識」，邁開改變自己的第一步。\n\n「法鼓講堂」網路直播，每周三晚間 \nhttp://www.dharmaschool.com/ddm_max/liveclass/liveclassroom.php\n\n探索識界--「唯識」導讀-第四堂-1/8\nhttp://www.youtube.com/watch?v=XXFF-jTvJDc&list=PL2D6BE91F19208C97\n探索識界--「唯識」導讀-第四堂-2/8\nhttp://www.youtube.com/watch?v=8jkSrC6oEGE&list=PL2D6BE91F19208C97&index=2\n探索識界--「唯識」導讀-第四堂-3/8\nhttp://www.youtube.com/watch?v=u89bpyRqUH8&list=PL2D6BE91F19208C97&index=3\n探索識界--「唯識」導讀-第四堂-4/8\nhttp://www.youtube.com/watch?v=n96mAV541gk&list=PL2D6BE91F19208C97&index=4\n探索識界--「唯識」導讀-第四堂-5/8\nhttp://www.youtube.com/watch?v=XiXzt6GXuAU&list=PL2D6BE91F19208C97&index=5\n探索識界--「唯識」導讀-第四堂-6/8\nhttp://www.youtube.com/watch?v=dvvWd755GIY&list=PL2D6BE91F19208C97&index=6\n探索識界--「唯識」導讀-第四堂-7/8\nhttp://www.youtube.com/watch?v=AzmFH0M_4gY&list=PL2D6BE91F19208C97&index=7\n探索識界--「唯識」導讀-第四堂-8/8\nhttp://www.youtube.com/watch?v=GjBhr48-d70&list=PL2D6BE91F19208C97&index=8');
INSERT INTO videos(vid, pid, title, description) VALUES('u89bpyRqUH8', 'PLDuDoO_3m4cYyN08SM5reIowE1DEVs7jf', '《探索識界》八識規矩頌講記-第四堂-3/8', '「第七識」接近於心理學所說的潛意識，它潛伏在深處，使我們幾乎察覺不到它的存在，但它確有著巨大的影響力。第七識的特性，就是宿世習性，總是以過去的經驗，將眼前的事情錯看了。而且頑固的堅持有一個「我」與外境相對，讓我們總是煩惱不已。您想放下煩惱、淨化身心嗎？朱老師將帶您一起來了解「第七識」，邁開改變自己的第一步。\n\n「法鼓講堂」網路直播，每周三晚間 \nhttp://www.dharmaschool.com/ddm_max/liveclass/liveclassroom.php\n\n探索識界--「唯識」導讀-第四堂-1/8\nhttp://www.youtube.com/watch?v=XXFF-jTvJDc&list=PL2D6BE91F19208C97\n探索識界--「唯識」導讀-第四堂-2/8\nhttp://www.youtube.com/watch?v=8jkSrC6oEGE&list=PL2D6BE91F19208C97&index=2\n探索識界--「唯識」導讀-第四堂-3/8\nhttp://www.youtube.com/watch?v=u89bpyRqUH8&list=PL2D6BE91F19208C97&index=3\n探索識界--「唯識」導讀-第四堂-4/8\nhttp://www.youtube.com/watch?v=n96mAV541gk&list=PL2D6BE91F19208C97&index=4\n探索識界--「唯識」導讀-第四堂-5/8\nhttp://www.youtube.com/watch?v=XiXzt6GXuAU&list=PL2D6BE91F19208C97&index=5\n探索識界--「唯識」導讀-第四堂-6/8\nhttp://www.youtube.com/watch?v=dvvWd755GIY&list=PL2D6BE91F19208C97&index=6\n探索識界--「唯識」導讀-第四堂-7/8\nhttp://www.youtube.com/watch?v=AzmFH0M_4gY&list=PL2D6BE91F19208C97&index=7\n探索識界--「唯識」導讀-第四堂-8/8\nhttp://www.youtube.com/watch?v=GjBhr48-d70&list=PL2D6BE91F19208C97&index=8');
INSERT INTO videos(vid, pid, title, description) VALUES('n96mAV541gk', 'PLDuDoO_3m4cYyN08SM5reIowE1DEVs7jf', '《探索識界》八識規矩頌講記-第四堂-4/8', '「第七識」接近於心理學所說的潛意識，它潛伏在深處，使我們幾乎察覺不到它的存在，但它確有著巨大的影響力。第七識的特性，就是宿世習性，總是以過去的經驗，將眼前的事情錯看了。而且頑固的堅持有一個「我」與外境相對，讓我們總是煩惱不已。您想放下煩惱、淨化身心嗎？朱老師將帶您一起來了解「第七識」，邁開改變自己的第一步。\n\n「法鼓講堂」網路直播，每周三晚間 \nhttp://www.dharmaschool.com/ddm_max/liveclass/liveclassroom.php\n\n探索識界--「唯識」導讀-第四堂-1/8\nhttp://www.youtube.com/watch?v=XXFF-jTvJDc&list=PL2D6BE91F19208C97\n探索識界--「唯識」導讀-第四堂-2/8\nhttp://www.youtube.com/watch?v=8jkSrC6oEGE&list=PL2D6BE91F19208C97&index=2\n探索識界--「唯識」導讀-第四堂-3/8\nhttp://www.youtube.com/watch?v=u89bpyRqUH8&list=PL2D6BE91F19208C97&index=3\n探索識界--「唯識」導讀-第四堂-4/8\nhttp://www.youtube.com/watch?v=n96mAV541gk&list=PL2D6BE91F19208C97&index=4\n探索識界--「唯識」導讀-第四堂-5/8\nhttp://www.youtube.com/watch?v=XiXzt6GXuAU&list=PL2D6BE91F19208C97&index=5\n探索識界--「唯識」導讀-第四堂-6/8\nhttp://www.youtube.com/watch?v=dvvWd755GIY&list=PL2D6BE91F19208C97&index=6\n探索識界--「唯識」導讀-第四堂-7/8\nhttp://www.youtube.com/watch?v=AzmFH0M_4gY&list=PL2D6BE91F19208C97&index=7\n探索識界--「唯識」導讀-第四堂-8/8\nhttp://www.youtube.com/watch?v=GjBhr48-d70&list=PL2D6BE91F19208C97&index=8');
INSERT INTO videos(vid, pid, title, description) VALUES('XiXzt6GXuAU', 'PLDuDoO_3m4cYyN08SM5reIowE1DEVs7jf', '《探索識界》八識規矩頌講記-第四堂-5/8', '「第七識」接近於心理學所說的潛意識，它潛伏在深處，使我們幾乎察覺不到它的存在，但它確有著巨大的影響力。第七識的特性，就是宿世習性，總是以過去的經驗，將眼前的事情錯看了。而且頑固的堅持有一個「我」與外境相對，讓我們總是煩惱不已。您想放下煩惱、淨化身心嗎？朱老師將帶您一起來了解「第七識」，邁開改變自己的第一步。\n\n「法鼓講堂」網路直播，每周三晚間 \nhttp://www.dharmaschool.com/ddm_max/liveclass/liveclassroom.php\n\n探索識界--「唯識」導讀-第四堂-1/8\nhttp://www.youtube.com/watch?v=XXFF-jTvJDc&list=PL2D6BE91F19208C97\n探索識界--「唯識」導讀-第四堂-2/8\nhttp://www.youtube.com/watch?v=8jkSrC6oEGE&list=PL2D6BE91F19208C97&index=2\n探索識界--「唯識」導讀-第四堂-3/8\nhttp://www.youtube.com/watch?v=u89bpyRqUH8&list=PL2D6BE91F19208C97&index=3\n探索識界--「唯識」導讀-第四堂-4/8\nhttp://www.youtube.com/watch?v=n96mAV541gk&list=PL2D6BE91F19208C97&index=4\n探索識界--「唯識」導讀-第四堂-5/8\nhttp://www.youtube.com/watch?v=XiXzt6GXuAU&list=PL2D6BE91F19208C97&index=5\n探索識界--「唯識」導讀-第四堂-6/8\nhttp://www.youtube.com/watch?v=dvvWd755GIY&list=PL2D6BE91F19208C97&index=6\n探索識界--「唯識」導讀-第四堂-7/8\nhttp://www.youtube.com/watch?v=AzmFH0M_4gY&list=PL2D6BE91F19208C97&index=7\n探索識界--「唯識」導讀-第四堂-8/8\nhttp://www.youtube.com/watch?v=GjBhr48-d70&list=PL2D6BE91F19208C97&index=8');
INSERT INTO videos(vid, pid, title, description) VALUES('dvvWd755GIY', 'PLDuDoO_3m4cYyN08SM5reIowE1DEVs7jf', '《探索識界》八識規矩頌講記-第四堂-6/8', '「第七識」接近於心理學所說的潛意識，它潛伏在深處，使我們幾乎察覺不到它的存在，但它確有著巨大的影響力。第七識的特性，就是宿世習性，總是以過去的經驗，將眼前的事情錯看了。而且頑固的堅持有一個「我」與外境相對，讓我們總是煩惱不已。您想放下煩惱、淨化身心嗎？朱老師將帶您一起來了解「第七識」，邁開改變自己的第一步。\n\n「法鼓講堂」網路直播，每周三晚間 \nhttp://www.dharmaschool.com/ddm_max/liveclass/liveclassroom.php\n\n探索識界--「唯識」導讀-第四堂-1/8\nhttp://www.youtube.com/watch?v=XXFF-jTvJDc&list=PL2D6BE91F19208C97\n探索識界--「唯識」導讀-第四堂-2/8\nhttp://www.youtube.com/watch?v=8jkSrC6oEGE&list=PL2D6BE91F19208C97&index=2\n探索識界--「唯識」導讀-第四堂-3/8\nhttp://www.youtube.com/watch?v=u89bpyRqUH8&list=PL2D6BE91F19208C97&index=3\n探索識界--「唯識」導讀-第四堂-4/8\nhttp://www.youtube.com/watch?v=n96mAV541gk&list=PL2D6BE91F19208C97&index=4\n探索識界--「唯識」導讀-第四堂-5/8\nhttp://www.youtube.com/watch?v=XiXzt6GXuAU&list=PL2D6BE91F19208C97&index=5\n探索識界--「唯識」導讀-第四堂-6/8\nhttp://www.youtube.com/watch?v=dvvWd755GIY&list=PL2D6BE91F19208C97&index=6\n探索識界--「唯識」導讀-第四堂-7/8\nhttp://www.youtube.com/watch?v=AzmFH0M_4gY&list=PL2D6BE91F19208C97&index=7\n探索識界--「唯識」導讀-第四堂-8/8\nhttp://www.youtube.com/watch?v=GjBhr48-d70&list=PL2D6BE91F19208C97&index=8');
INSERT INTO videos(vid, pid, title, description) VALUES('AzmFH0M_4gY', 'PLDuDoO_3m4cYyN08SM5reIowE1DEVs7jf', '《探索識界》八識規矩頌講記-第四堂-7/8', '「第七識」接近於心理學所說的潛意識，它潛伏在深處，使我們幾乎察覺不到它的存在，但它確有著巨大的影響力。第七識的特性，就是宿世習性，總是以過去的經驗，將眼前的事情錯看了。而且頑固的堅持有一個「我」與外境相對，讓我們總是煩惱不已。您想放下煩惱、淨化身心嗎？朱老師將帶­您一起來了解「第七識」，邁開改變自己的第一步。\n\n「法鼓講堂」網路直播，每周三晚間 \nhttp://www.dharmaschool.com/ddm_max/liveclass/liveclassroom.php\n\n探索識界--「唯識」導讀-第四堂-1/8\nhttp://www.youtube.com/watch?v=XXFF-jTvJDc&list=PL2D6BE91F19208C97\n探索識界--「唯識」導讀-第四堂-2/8\nhttp://www.youtube.com/watch?v=8jkSrC6oEGE&list=PL2D6BE91F19208C97&index=2\n探索識界--「唯識」導讀-第四堂-3/8\nhttp://www.youtube.com/watch?v=u89bpyRqUH8&list=PL2D6BE91F19208C97&index=3\n探索識界--「唯識」導讀-第四堂-4/8\nhttp://www.youtube.com/watch?v=n96mAV541gk&list=PL2D6BE91F19208C97&index=4\n探索識界--「唯識」導讀-第四堂-5/8\nhttp://www.youtube.com/watch?v=XiXzt6GXuAU&list=PL2D6BE91F19208C97&index=5\n探索識界--「唯識」導讀-第四堂-6/8\nhttp://www.youtube.com/watch?v=dvvWd755GIY&list=PL2D6BE91F19208C97&index=6\n探索識界--「唯識」導讀-第四堂-7/8\nhttp://www.youtube.com/watch?v=AzmFH0M_4gY&list=PL2D6BE91F19208C97&index=7\n探索識界--「唯識」導讀-第四堂-8/8\nhttp://www.youtube.com/watch?v=GjBhr48-d70&list=PL2D6BE91F19208C97&index=8');
INSERT INTO videos(vid, pid, title, description) VALUES('GjBhr48-d70', 'PLDuDoO_3m4cYyN08SM5reIowE1DEVs7jf', '《探索識界》八識規矩頌講記-第四堂-8/8', '「第七識」接近於心理學所說的潛意識，它潛伏在深處，使我們幾乎察覺不到它的存在，但它確有著巨大的影響力。第七識的特性，就是宿世習性，總是以過去的經驗，將眼前的事情錯看了。而且頑固的堅持有一個「我」與外境相對，讓我們總是煩惱不已。您想放下煩惱、淨化身心嗎？朱老師將帶­您一起來了解「第七識」，邁開改變自己的第一步。\n\n「法鼓講堂」網路直播，每周三晚間 \nhttp://www.dharmaschool.com/ddm_max/liveclass/liveclassroom.php\n\n探索識界--「唯識」導讀-第四堂-1/8\nhttp://www.youtube.com/watch?v=XXFF-jTvJDc&list=PL2D6BE91F19208C97\n探索識界--「唯識」導讀-第四堂-2/8\nhttp://www.youtube.com/watch?v=8jkSrC6oEGE&list=PL2D6BE91F19208C97&index=2\n探索識界--「唯識」導讀-第四堂-3/8\nhttp://www.youtube.com/watch?v=u89bpyRqUH8&list=PL2D6BE91F19208C97&index=3\n探索識界--「唯識」導讀-第四堂-4/8\nhttp://www.youtube.com/watch?v=n96mAV541gk&list=PL2D6BE91F19208C97&index=4\n探索識界--「唯識」導讀-第四堂-5/8\nhttp://www.youtube.com/watch?v=XiXzt6GXuAU&list=PL2D6BE91F19208C97&index=5\n探索識界--「唯識」導讀-第四堂-6/8\nhttp://www.youtube.com/watch?v=dvvWd755GIY&list=PL2D6BE91F19208C97&index=6\n探索識界--「唯識」導讀-第四堂-7/8\nhttp://www.youtube.com/watch?v=AzmFH0M_4gY&list=PL2D6BE91F19208C97&index=7\n探索識界--「唯識」導讀-第四堂-8/8\nhttp://www.youtube.com/watch?v=GjBhr48-d70&list=PL2D6BE91F19208C97&index=8');
INSERT INTO videos(vid, pid, title, description) VALUES('LcA5M-2hLYM', 'PLDuDoO_3m4cYyN08SM5reIowE1DEVs7jf', '《探索識界》八識規矩頌講記-第五堂-1/8', '第八識又稱「阿賴耶識」，是在生死流轉當中的本體，生命的泉源。\n第八識就像是龐大的記憶資料庫，收納所有發生的經驗，將我們善、惡的身口意行為，都儲藏起來，遇緣就升起果報。如同收藏種子，當與陽光、水結合，就會萌芽、生出枝葉，再結果...就這樣不斷循環不已。認識第八識便瞭解一切現象，無非來是自己的行為，我們就能心甘情願地面對過去行為的果報，並且開創更美好的未來。\n\n「法鼓講堂」網路直播，每周三晚間 \nhttp://www.dharmaschool.com/ddm_max/liveclass/liveclassroom.php\n\n探索識界--「唯識」導讀-第五堂-1/8\nhttp://www.youtube.com/watch?v=LcA5M-2hLYM&list=PL2806861FECD8ABF2\n探索識界--「唯識」導讀-第五堂-2/8\nhttp://www.youtube.com/watch?v=OJ321sRq4Ik&list=PL2806861FECD8ABF2&index=2\n探索識界--「唯識」導讀-第五堂-3/8\nhttp://www.youtube.com/watch?v=mOQDURcATqY&list=PL2806861FECD8ABF2&index=3\n探索識界--「唯識」導讀-第五堂-4/8\nhttp://www.youtube.com/watch?v=ewmHHJBwA3k&list=PL2806861FECD8ABF2&index=4\n探索識界--「唯識」導讀-第五堂-5/8\nhttp://www.youtube.com/watch?v=QUjgDB9ILY0&list=PL2806861FECD8ABF2&index=5\n探索識界--「唯識」導讀-第五堂-6/8\nhttp://www.youtube.com/watch?v=LjWeyGQHbbE&list=PL2806861FECD8ABF2&index=6\n探索識界--「唯識」導讀-第五堂-7/8\nhttp://www.youtube.com/watch?v=InlcYVMLc94&list=PL2806861FECD8ABF2&index=7\n探索識界--「唯識」導讀-第五堂-8/8\nhttp://www.youtube.com/watch?v=jcq1Bz8P0f4&list=PL2806861FECD8ABF2&index=8');
INSERT INTO videos(vid, pid, title, description) VALUES('OJ321sRq4Ik', 'PLDuDoO_3m4cYyN08SM5reIowE1DEVs7jf', '《探索識界》八識規矩頌講記-第五堂-2/8', '第八識又稱「阿賴耶識」，是在生死流轉當中的本體，生命的泉源。\n第八識就像是龐大的記憶資料庫，收納所有發生的經驗，將我們善、惡的身口意行為，都儲藏起來，遇緣就升起果報。如同收藏種子，當與陽光、水結合，就會萌芽、生出枝葉，再結果...就這樣不斷循環不已。認識第八識便瞭解一切現象，無非來是自己的行為，我們就能心甘情願地面對過去行為的果報，並且開創更美好的未來。\n\n「法鼓講堂」網路直播，每周三晚間 \nhttp://www.dharmaschool.com/ddm_max/liveclass/liveclassroom.php\n\n探索識界--「唯識」導讀-第五堂-1/8\nhttp://www.youtube.com/watch?v=LcA5M-2hLYM&list=PL2806861FECD8ABF2\n探索識界--「唯識」導讀-第五堂-2/8\nhttp://www.youtube.com/watch?v=OJ321sRq4Ik&list=PL2806861FECD8ABF2&index=2\n探索識界--「唯識」導讀-第五堂-3/8\nhttp://www.youtube.com/watch?v=mOQDURcATqY&list=PL2806861FECD8ABF2&index=3\n探索識界--「唯識」導讀-第五堂-4/8\nhttp://www.youtube.com/watch?v=ewmHHJBwA3k&list=PL2806861FECD8ABF2&index=4\n探索識界--「唯識」導讀-第五堂-5/8\nhttp://www.youtube.com/watch?v=QUjgDB9ILY0&list=PL2806861FECD8ABF2&index=5\n探索識界--「唯識」導讀-第五堂-6/8\nhttp://www.youtube.com/watch?v=LjWeyGQHbbE&list=PL2806861FECD8ABF2&index=6\n探索識界--「唯識」導讀-第五堂-7/8\nhttp://www.youtube.com/watch?v=InlcYVMLc94&list=PL2806861FECD8ABF2&index=7\n探索識界--「唯識」導讀-第五堂-8/8\nhttp://www.youtube.com/watch?v=jcq1Bz8P0f4&list=PL2806861FECD8ABF2&index=8');
INSERT INTO videos(vid, pid, title, description) VALUES('mOQDURcATqY', 'PLDuDoO_3m4cYyN08SM5reIowE1DEVs7jf', '《探索識界》八識規矩頌講記-第五堂-3/8', '第八識又稱「阿賴耶識」，是在生死流轉當中的本體，生命的泉源。\n第八識就像是龐大的記憶資料庫，收納所有發生的經驗，將我們善、惡的身口意行為，都儲藏起來，遇緣就升起果報。如同收藏種子，當與陽光、水結合，就會萌芽、生出枝葉，再結果...就這樣不斷循環不已。認識第八識便瞭解一切現象，無非來是自己的行為，我們就能心甘情願地面對過去行為的果報，並且開創更美好的未來。\n\n「法鼓講堂」網路直播，每周三晚間 \nhttp://www.dharmaschool.com/ddm_max/liveclass/liveclassroom.php\n\n探索識界--「唯識」導讀-第五堂-1/8\nhttp://www.youtube.com/watch?v=LcA5M-2hLYM&list=PL2806861FECD8ABF2\n探索識界--「唯識」導讀-第五堂-2/8\nhttp://www.youtube.com/watch?v=OJ321sRq4Ik&list=PL2806861FECD8ABF2&index=2\n探索識界--「唯識」導讀-第五堂-3/8\nhttp://www.youtube.com/watch?v=mOQDURcATqY&list=PL2806861FECD8ABF2&index=3\n探索識界--「唯識」導讀-第五堂-4/8\nhttp://www.youtube.com/watch?v=ewmHHJBwA3k&list=PL2806861FECD8ABF2&index=4\n探索識界--「唯識」導讀-第五堂-5/8\nhttp://www.youtube.com/watch?v=QUjgDB9ILY0&list=PL2806861FECD8ABF2&index=5\n探索識界--「唯識」導讀-第五堂-6/8\nhttp://www.youtube.com/watch?v=LjWeyGQHbbE&list=PL2806861FECD8ABF2&index=6\n探索識界--「唯識」導讀-第五堂-7/8\nhttp://www.youtube.com/watch?v=InlcYVMLc94&list=PL2806861FECD8ABF2&index=7\n探索識界--「唯識」導讀-第五堂-8/8\nhttp://www.youtube.com/watch?v=jcq1Bz8P0f4&list=PL2806861FECD8ABF2&index=8');
INSERT INTO videos(vid, pid, title, description) VALUES('ewmHHJBwA3k', 'PLDuDoO_3m4cYyN08SM5reIowE1DEVs7jf', '《探索識界》八識規矩頌講記-第五堂-4/8', '第八識又稱「阿賴耶識」，是在生死流轉當中的本體，生命的泉源。\n第八識就像是龐大的記憶資料庫，收納所有發生的經驗，將我們善、惡的身口意行為，都儲藏起來，遇緣就升起果報。如同收藏種子，當與陽光、水結合，就會萌芽、生出枝葉，再結果...就這樣不斷循環不已。認識第八識便瞭解一切現象，無非來是自己的行為，我們就能心甘情願地面對過去行為的果報，並且開創更美好的未來。\n\n「法鼓講堂」網路直播，每周三晚間 \nhttp://www.dharmaschool.com/ddm_max/liveclass/liveclassroom.php\n\n探索識界--「唯識」導讀-第五堂-1/8\nhttp://www.youtube.com/watch?v=LcA5M-2hLYM&list=PL2806861FECD8ABF2\n探索識界--「唯識」導讀-第五堂-2/8\nhttp://www.youtube.com/watch?v=OJ321sRq4Ik&list=PL2806861FECD8ABF2&index=2\n探索識界--「唯識」導讀-第五堂-3/8\nhttp://www.youtube.com/watch?v=mOQDURcATqY&list=PL2806861FECD8ABF2&index=3\n探索識界--「唯識」導讀-第五堂-4/8\nhttp://www.youtube.com/watch?v=ewmHHJBwA3k&list=PL2806861FECD8ABF2&index=4\n探索識界--「唯識」導讀-第五堂-5/8\nhttp://www.youtube.com/watch?v=QUjgDB9ILY0&list=PL2806861FECD8ABF2&index=5\n探索識界--「唯識」導讀-第五堂-6/8\nhttp://www.youtube.com/watch?v=LjWeyGQHbbE&list=PL2806861FECD8ABF2&index=6\n探索識界--「唯識」導讀-第五堂-7/8\nhttp://www.youtube.com/watch?v=InlcYVMLc94&list=PL2806861FECD8ABF2&index=7\n探索識界--「唯識」導讀-第五堂-8/8\nhttp://www.youtube.com/watch?v=jcq1Bz8P0f4&list=PL2806861FECD8ABF2&index=8');
INSERT INTO videos(vid, pid, title, description) VALUES('QUjgDB9ILY0', 'PLDuDoO_3m4cYyN08SM5reIowE1DEVs7jf', '《探索識界》八識規矩頌講記-第五堂-5/8', '第八識又稱「阿賴耶識」，是在生死流轉當中的本體，生命的泉源。\n第八識就像是龐大的記憶資料庫，收納所有發生的經驗，將我們善、惡的身口意行為，都儲藏起來，遇緣就升起果報。如同收藏種子，當與陽光、水結合，就會萌芽、生出枝葉，再結果...就這樣不斷循環不已。認識第八識便瞭解一切現象，無非來是自己的行為，我們就能心甘情願地面對過去行為的果報，並且開創更美好的未來。\n\n「法鼓講堂」網路直播，每周三晚間 \nhttp://www.dharmaschool.com/ddm_max/liveclass/liveclassroom.php\n\n探索識界--「唯識」導讀-第五堂-1/8\nhttp://www.youtube.com/watch?v=LcA5M-2hLYM&list=PL2806861FECD8ABF2\n探索識界--「唯識」導讀-第五堂-2/8\nhttp://www.youtube.com/watch?v=OJ321sRq4Ik&list=PL2806861FECD8ABF2&index=2\n探索識界--「唯識」導讀-第五堂-3/8\nhttp://www.youtube.com/watch?v=mOQDURcATqY&list=PL2806861FECD8ABF2&index=3\n探索識界--「唯識」導讀-第五堂-4/8\nhttp://www.youtube.com/watch?v=ewmHHJBwA3k&list=PL2806861FECD8ABF2&index=4\n探索識界--「唯識」導讀-第五堂-5/8\nhttp://www.youtube.com/watch?v=QUjgDB9ILY0&list=PL2806861FECD8ABF2&index=5\n探索識界--「唯識」導讀-第五堂-6/8\nhttp://www.youtube.com/watch?v=LjWeyGQHbbE&list=PL2806861FECD8ABF2&index=6\n探索識界--「唯識」導讀-第五堂-7/8\nhttp://www.youtube.com/watch?v=InlcYVMLc94&list=PL2806861FECD8ABF2&index=7\n探索識界--「唯識」導讀-第五堂-8/8\nhttp://www.youtube.com/watch?v=jcq1Bz8P0f4&list=PL2806861FECD8ABF2&index=8');
INSERT INTO videos(vid, pid, title, description) VALUES('LjWeyGQHbbE', 'PLDuDoO_3m4cYyN08SM5reIowE1DEVs7jf', '《探索識界》八識規矩頌講記-第五堂-6/8', '第八識又稱「阿賴耶識」，是在生死流轉當中的本體，生命的泉源。\n第八識就像是龐大的記憶資料庫，收納所有發生的經驗，將我們善、惡的身口意行為，都儲藏起來，遇緣就升起果報。如同收藏種子，當與陽光、水結合，就會萌芽、生出枝葉，再結果...就這樣不斷循環不已。認識第八識便瞭解一切現象，無非來是自己的行為，我們就能心甘情願地面對過去行為的果報，並且開創更美好的未來。\n\n「法鼓講堂」網路直播，每周三晚間 \nhttp://www.dharmaschool.com/ddm_max/liveclass/liveclassroom.php\n\n探索識界--「唯識」導讀-第五堂-1/8\nhttp://www.youtube.com/watch?v=LcA5M-2hLYM&list=PL2806861FECD8ABF2\n探索識界--「唯識」導讀-第五堂-2/8\nhttp://www.youtube.com/watch?v=OJ321sRq4Ik&list=PL2806861FECD8ABF2&index=2\n探索識界--「唯識」導讀-第五堂-3/8\nhttp://www.youtube.com/watch?v=mOQDURcATqY&list=PL2806861FECD8ABF2&index=3\n探索識界--「唯識」導讀-第五堂-4/8\nhttp://www.youtube.com/watch?v=ewmHHJBwA3k&list=PL2806861FECD8ABF2&index=4\n探索識界--「唯識」導讀-第五堂-5/8\nhttp://www.youtube.com/watch?v=QUjgDB9ILY0&list=PL2806861FECD8ABF2&index=5\n探索識界--「唯識」導讀-第五堂-6/8\nhttp://www.youtube.com/watch?v=LjWeyGQHbbE&list=PL2806861FECD8ABF2&index=6\n探索識界--「唯識」導讀-第五堂-7/8\nhttp://www.youtube.com/watch?v=InlcYVMLc94&list=PL2806861FECD8ABF2&index=7\n探索識界--「唯識」導讀-第五堂-8/8\nhttp://www.youtube.com/watch?v=jcq1Bz8P0f4&list=PL2806861FECD8ABF2&index=8');
INSERT INTO videos(vid, pid, title, description) VALUES('InlcYVMLc94', 'PLDuDoO_3m4cYyN08SM5reIowE1DEVs7jf', '《探索識界》八識規矩頌講記-第五堂-7/8', '第八識又稱「阿賴耶識」，是在生死流轉當中的本體，生命的泉源。\n第八識就像是龐大的記憶資料庫，收納所有發生的經驗，將我們善、惡的身口意行為，都儲藏起來，遇緣就升起果報。如同收藏種子，當與陽光、水結合，就會萌芽、生出枝葉，再結果...就這樣不斷循環不已。認識第八識便瞭解一切現象，無非來是自己的行為，我們就能心甘情願地面對過去行為的果報，並且開創更美好的未來。\n\n「法鼓講堂」網路直播，每周三晚間 \nhttp://www.dharmaschool.com/ddm_max/liveclass/liveclassroom.php\n\n探索識界--「唯識」導讀-第五堂-1/8\nhttp://www.youtube.com/watch?v=LcA5M-2hLYM&list=PL2806861FECD8ABF2\n探索識界--「唯識」導讀-第五堂-2/8\nhttp://www.youtube.com/watch?v=OJ321sRq4Ik&list=PL2806861FECD8ABF2&index=2\n探索識界--「唯識」導讀-第五堂-3/8\nhttp://www.youtube.com/watch?v=mOQDURcATqY&list=PL2806861FECD8ABF2&index=3\n探索識界--「唯識」導讀-第五堂-4/8\nhttp://www.youtube.com/watch?v=ewmHHJBwA3k&list=PL2806861FECD8ABF2&index=4\n探索識界--「唯識」導讀-第五堂-5/8\nhttp://www.youtube.com/watch?v=QUjgDB9ILY0&list=PL2806861FECD8ABF2&index=5\n探索識界--「唯識」導讀-第五堂-6/8\nhttp://www.youtube.com/watch?v=LjWeyGQHbbE&list=PL2806861FECD8ABF2&index=6\n探索識界--「唯識」導讀-第五堂-7/8\nhttp://www.youtube.com/watch?v=InlcYVMLc94&list=PL2806861FECD8ABF2&index=7\n探索識界--「唯識」導讀-第五堂-8/8\nhttp://www.youtube.com/watch?v=jcq1Bz8P0f4&list=PL2806861FECD8ABF2&index=8');
INSERT INTO videos(vid, pid, title, description) VALUES('jcq1Bz8P0f4', 'PLDuDoO_3m4cYyN08SM5reIowE1DEVs7jf', '《探索識界》八識規矩頌講記-第五堂-8/8', '第八識又稱「阿賴耶識」，是在生死流轉當中的本體，生命的泉源。\n第八識就像是龐大的記憶資料庫，收納所有發生的經驗，將我們善、惡的身口意行為，都儲藏起來，遇緣就升起果報。如同收藏種子，當與陽光、水結合，就會萌芽、生出枝葉，再結果...就這樣不斷循環不已。認識第八識便瞭解一切現象，無非來是自己的行為，我們就能心甘情願地面對過去行為的果報，並且開創更美好的未來。\n\n「法鼓講堂」網路直播，每周三晚間 \nhttp://www.dharmaschool.com/ddm_max/liveclass/liveclassroom.php\n\n探索識界--「唯識」導讀-第五堂-1/8\nhttp://www.youtube.com/watch?v=LcA5M-2hLYM&list=PL2806861FECD8ABF2\n探索識界--「唯識」導讀-第五堂-2/8\nhttp://www.youtube.com/watch?v=OJ321sRq4Ik&list=PL2806861FECD8ABF2&index=2\n探索識界--「唯識」導讀-第五堂-3/8\nhttp://www.youtube.com/watch?v=mOQDURcATqY&list=PL2806861FECD8ABF2&index=3\n探索識界--「唯識」導讀-第五堂-4/8\nhttp://www.youtube.com/watch?v=ewmHHJBwA3k&list=PL2806861FECD8ABF2&index=4\n探索識界--「唯識」導讀-第五堂-5/8\nhttp://www.youtube.com/watch?v=QUjgDB9ILY0&list=PL2806861FECD8ABF2&index=5\n探索識界--「唯識」導讀-第五堂-6/8\nhttp://www.youtube.com/watch?v=LjWeyGQHbbE&list=PL2806861FECD8ABF2&index=6\n探索識界--「唯識」導讀-第五堂-7/8\nhttp://www.youtube.com/watch?v=InlcYVMLc94&list=PL2806861FECD8ABF2&index=7\n探索識界--「唯識」導讀-第五堂-8/8\nhttp://www.youtube.com/watch?v=jcq1Bz8P0f4&list=PL2806861FECD8ABF2&index=8');
INSERT INTO playlist(pid, cid, title, description) VALUES('PLDuDoO_3m4cYb8zEGIY0p6IaEVNaSX25O','UCMvjjfm8AFBLQvQC9gItWEw', '「地藏菩薩的大願法門」', '');
INSERT INTO videos(vid, pid, title, description) VALUES('rfRiPt33Asw', 'PLDuDoO_3m4cYb8zEGIY0p6IaEVNaSX25O', '地藏菩薩的大願法門-第一堂-1/9', '佛教徒修行的第一步即是發願。您知道發願有哪些類別？又要如何發願，才能在無盡的未來生，發揮提昇生命的力量嗎？本課程將介紹地藏菩薩的大願，地藏菩薩依著這樣的願力，成就不思議的慈悲功德。精彩的課程，邀您同來沐浴在菩薩廣大的願海中， 一同發願成為大地眾生的守護者。\n「法鼓講堂」網路直播，每周三晚間 \nhttp://www.dharmaschool.com/ddm_max/liveclass/liveclassroom.php\n\n地藏菩薩的大願法門-第一堂-1/9\nhttp://www.youtube.com/watch?v=rfRiPt33Asw&list=PL3DCA4034F15C4672\n地藏菩薩的大願法門-第一堂-2/9\nhttp://www.youtube.com/watch?v=tSjyjZsJju4&list=PL3DCA4034F15C4672&index=2\n地藏菩薩的大願法門-第一堂-3/9\nhttp://www.youtube.com/watch?v=_ezZAL2uhmo&list=PL3DCA4034F15C4672&index=3\n地藏菩薩的大願法門-第一堂-4/9\nhttp://www.youtube.com/watch?v=-pKGQ4zgIpU&list=PL3DCA4034F15C4672&index=4\n地藏菩薩的大願法門-第一堂-5/9\nhttp://www.youtube.com/watch?v=347AOukf-VI&list=PL3DCA4034F15C4672&index=5\n地藏菩薩的大願法門-第一堂-6/9\nhttp://www.youtube.com/watch?v=6-J8SlXrVT8&list=PL3DCA4034F15C4672&index=6\n地藏菩薩的大願法門-第一堂-7/9\nhttp://www.youtube.com/watch?v=lfkitGUuBsg&list=PL3DCA4034F15C4672&index=7\n地藏菩薩的大願法門-第一堂-8/9\nhttp://www.youtube.com/watch?v=TgkSJTiyCG0&list=PL3DCA4034F15C4672&index=8\n地藏菩薩的大願法門-第一堂-9/9\nhttp://www.youtube.com/watch?v=SiEzWl6i_nI&list=PL3DCA4034F15C4672&index=9');
INSERT INTO videos(vid, pid, title, description) VALUES('tSjyjZsJju4', 'PLDuDoO_3m4cYb8zEGIY0p6IaEVNaSX25O', '地藏菩薩的大願法門-第一堂-2/9', '佛教徒修行的第一步即是發願。您知道發願有哪些類別？又要如何發願，才能在無盡的未來生，發揮提昇生命的力量嗎？本課程將介紹地藏菩薩的大願，地藏菩薩依著這樣的願力，成就不思議的慈悲功德。精彩的課程，邀您同來沐浴在菩薩廣大的願海中， 一同發願成為大地眾生的守護者。\n\n「法鼓講堂」網路直播，每周三晚間 \nhttp://www.dharmaschool.com/ddm_max/liveclass/liveclassroom.php\n\n地藏菩薩的大願法門-第一堂-1/9\nhttp://www.youtube.com/watch?v=rfRiPt33Asw&list=PL3DCA4034F15C4672\n地藏菩薩的大願法門-第一堂-2/9\nhttp://www.youtube.com/watch?v=tSjyjZsJju4&list=PL3DCA4034F15C4672&index=2\n地藏菩薩的大願法門-第一堂-3/9\nhttp://www.youtube.com/watch?v=_ezZAL2uhmo&list=PL3DCA4034F15C4672&index=3\n地藏菩薩的大願法門-第一堂-4/9\nhttp://www.youtube.com/watch?v=-pKGQ4zgIpU&list=PL3DCA4034F15C4672&index=4\n地藏菩薩的大願法門-第一堂-5/9\nhttp://www.youtube.com/watch?v=347AOukf-VI&list=PL3DCA4034F15C4672&index=5\n地藏菩薩的大願法門-第一堂-6/9\nhttp://www.youtube.com/watch?v=6-J8SlXrVT8&list=PL3DCA4034F15C4672&index=6\n地藏菩薩的大願法門-第一堂-7/9\nhttp://www.youtube.com/watch?v=lfkitGUuBsg&list=PL3DCA4034F15C4672&index=7\n地藏菩薩的大願法門-第一堂-8/9\nhttp://www.youtube.com/watch?v=TgkSJTiyCG0&list=PL3DCA4034F15C4672&index=8\n地藏菩薩的大願法門-第一堂-9/9\nhttp://www.youtube.com/watch?v=SiEzWl6i_nI&list=PL3DCA4034F15C4672&index=9');
INSERT INTO videos(vid, pid, title, description) VALUES('_ezZAL2uhmo', 'PLDuDoO_3m4cYb8zEGIY0p6IaEVNaSX25O', '地藏菩薩的大願法門-第一堂-3/9', '佛教徒修行的第一步即是發願。您知道發願有哪些類別？又要如何發願，才能在無盡的未來生，發揮提昇生命的力量嗎？本課程將介紹地藏菩薩的大願，地藏菩薩依著這樣的願力，成就不思議的慈悲功德。精彩的課程，邀您同來沐浴在菩薩廣大的願海中， 一同發願成為大地眾生的守護者。\n\n「法鼓講堂」網路直播，每周三晚間 \nhttp://www.dharmaschool.com/ddm_max/liveclass/liveclassroom.php\n\n地藏菩薩的大願法門-第一堂-1/9\nhttp://www.youtube.com/watch?v=rfRiPt33Asw&list=PL3DCA4034F15C4672\n地藏菩薩的大願法門-第一堂-2/9\nhttp://www.youtube.com/watch?v=tSjyjZsJju4&list=PL3DCA4034F15C4672&index=2\n地藏菩薩的大願法門-第一堂-3/9\nhttp://www.youtube.com/watch?v=_ezZAL2uhmo&list=PL3DCA4034F15C4672&index=3\n地藏菩薩的大願法門-第一堂-4/9\nhttp://www.youtube.com/watch?v=-pKGQ4zgIpU&list=PL3DCA4034F15C4672&index=4\n地藏菩薩的大願法門-第一堂-5/9\nhttp://www.youtube.com/watch?v=347AOukf-VI&list=PL3DCA4034F15C4672&index=5\n地藏菩薩的大願法門-第一堂-6/9\nhttp://www.youtube.com/watch?v=6-J8SlXrVT8&list=PL3DCA4034F15C4672&index=6\n地藏菩薩的大願法門-第一堂-7/9\nhttp://www.youtube.com/watch?v=lfkitGUuBsg&list=PL3DCA4034F15C4672&index=7\n地藏菩薩的大願法門-第一堂-8/9\nhttp://www.youtube.com/watch?v=TgkSJTiyCG0&list=PL3DCA4034F15C4672&index=8\n地藏菩薩的大願法門-第一堂-9/9\nhttp://www.youtube.com/watch?v=SiEzWl6i_nI&list=PL3DCA4034F15C4672&index=9');
INSERT INTO videos(vid, pid, title, description) VALUES('-pKGQ4zgIpU', 'PLDuDoO_3m4cYb8zEGIY0p6IaEVNaSX25O', '地藏菩薩的大願法門-第一堂-4/9', '佛教徒修行的第一步即是發願。您知道發願有哪些類別？又要如何發願，才能在無盡的未來生，發揮提昇生命的力量嗎？本課程將介紹地藏菩薩的大願，地藏菩薩依著這樣的願力，成就不思議的慈悲功德。精彩的課程，邀您同來沐浴在菩薩廣大的願海中， 一同發願成為大地眾生的守護者。\n\n「法鼓講堂」網路直播，每周三晚間 \nhttp://www.dharmaschool.com/ddm_max/liveclass/liveclassroom.php\n\n地藏菩薩的大願法門-第一堂-1/9\nhttp://www.youtube.com/watch?v=rfRiPt33Asw&list=PL3DCA4034F15C4672\n地藏菩薩的大願法門-第一堂-2/9\nhttp://www.youtube.com/watch?v=tSjyjZsJju4&list=PL3DCA4034F15C4672&index=2\n地藏菩薩的大願法門-第一堂-3/9\nhttp://www.youtube.com/watch?v=_ezZAL2uhmo&list=PL3DCA4034F15C4672&index=3\n地藏菩薩的大願法門-第一堂-4/9\nhttp://www.youtube.com/watch?v=-pKGQ4zgIpU&list=PL3DCA4034F15C4672&index=4\n地藏菩薩的大願法門-第一堂-5/9\nhttp://www.youtube.com/watch?v=347AOukf-VI&list=PL3DCA4034F15C4672&index=5\n地藏菩薩的大願法門-第一堂-6/9\nhttp://www.youtube.com/watch?v=6-J8SlXrVT8&list=PL3DCA4034F15C4672&index=6\n地藏菩薩的大願法門-第一堂-7/9\nhttp://www.youtube.com/watch?v=lfkitGUuBsg&list=PL3DCA4034F15C4672&index=7\n地藏菩薩的大願法門-第一堂-8/9\nhttp://www.youtube.com/watch?v=TgkSJTiyCG0&list=PL3DCA4034F15C4672&index=8\n地藏菩薩的大願法門-第一堂-9/9\nhttp://www.youtube.com/watch?v=SiEzWl6i_nI&list=PL3DCA4034F15C4672&index=9');
INSERT INTO videos(vid, pid, title, description) VALUES('347AOukf-VI', 'PLDuDoO_3m4cYb8zEGIY0p6IaEVNaSX25O', '地藏菩薩的大願法門-第一堂-5/9', '佛教徒修行的第一步即是發願。您知道發願有哪些類別？又要如何發願，才能在無盡的未來生，發揮提昇生命的力量嗎？本課程將介紹地藏菩薩的大願，地藏菩薩依著這樣的願力，成就不思議的慈悲功德。精彩的課程，邀您同來沐浴在菩薩廣大的願海中， 一同發願成為大地眾生的守護者。\n\n「法鼓講堂」網路直播，每周三晚間 \nhttp://www.dharmaschool.com/ddm_max/liveclass/liveclassroom.php\n\n地藏菩薩的大願法門-第一堂-1/9\nhttp://www.youtube.com/watch?v=rfRiPt33Asw&list=PL3DCA4034F15C4672\n地藏菩薩的大願法門-第一堂-2/9\nhttp://www.youtube.com/watch?v=tSjyjZsJju4&list=PL3DCA4034F15C4672&index=2\n地藏菩薩的大願法門-第一堂-3/9\nhttp://www.youtube.com/watch?v=_ezZAL2uhmo&list=PL3DCA4034F15C4672&index=3\n地藏菩薩的大願法門-第一堂-4/9\nhttp://www.youtube.com/watch?v=-pKGQ4zgIpU&list=PL3DCA4034F15C4672&index=4\n地藏菩薩的大願法門-第一堂-5/9\nhttp://www.youtube.com/watch?v=347AOukf-VI&list=PL3DCA4034F15C4672&index=5\n地藏菩薩的大願法門-第一堂-6/9\nhttp://www.youtube.com/watch?v=6-J8SlXrVT8&list=PL3DCA4034F15C4672&index=6\n地藏菩薩的大願法門-第一堂-7/9\nhttp://www.youtube.com/watch?v=lfkitGUuBsg&list=PL3DCA4034F15C4672&index=7\n地藏菩薩的大願法門-第一堂-8/9\nhttp://www.youtube.com/watch?v=TgkSJTiyCG0&list=PL3DCA4034F15C4672&index=8\n地藏菩薩的大願法門-第一堂-9/9\nhttp://www.youtube.com/watch?v=SiEzWl6i_nI&list=PL3DCA4034F15C4672&index=9');
INSERT INTO videos(vid, pid, title, description) VALUES('6-J8SlXrVT8', 'PLDuDoO_3m4cYb8zEGIY0p6IaEVNaSX25O', '地藏菩薩的大願法門-第一堂-6/9', '佛教徒修行的第一步即是發願。您知道發願有哪些類別？又要如何發願，才能在無盡的未來生，發揮提昇生命的力量嗎？本課程將介紹地藏菩薩的大願，地藏菩薩依著這樣的願力，成就不思議的慈悲功德。精彩的課程，邀您同來沐浴在菩薩廣大的願海中， 一同發願成為大地眾生的守護者。\n「法鼓講堂」網路直播，每周三晚間 \nhttp://www.dharmaschool.com/ddm_max/liveclass/liveclassroom.php\n\n地藏菩薩的大願法門-第一堂-1/9\nhttp://www.youtube.com/watch?v=rfRiPt33Asw&list=PL3DCA4034F15C4672\n地藏菩薩的大願法門-第一堂-2/9\nhttp://www.youtube.com/watch?v=tSjyjZsJju4&list=PL3DCA4034F15C4672&index=2\n地藏菩薩的大願法門-第一堂-3/9\nhttp://www.youtube.com/watch?v=_ezZAL2uhmo&list=PL3DCA4034F15C4672&index=3\n地藏菩薩的大願法門-第一堂-4/9\nhttp://www.youtube.com/watch?v=-pKGQ4zgIpU&list=PL3DCA4034F15C4672&index=4\n地藏菩薩的大願法門-第一堂-5/9\nhttp://www.youtube.com/watch?v=347AOukf-VI&list=PL3DCA4034F15C4672&index=5\n地藏菩薩的大願法門-第一堂-6/9\nhttp://www.youtube.com/watch?v=6-J8SlXrVT8&list=PL3DCA4034F15C4672&index=6\n地藏菩薩的大願法門-第一堂-7/9\nhttp://www.youtube.com/watch?v=lfkitGUuBsg&list=PL3DCA4034F15C4672&index=7\n地藏菩薩的大願法門-第一堂-8/9\nhttp://www.youtube.com/watch?v=TgkSJTiyCG0&list=PL3DCA4034F15C4672&index=8\n地藏菩薩的大願法門-第一堂-9/9\nhttp://www.youtube.com/watch?v=SiEzWl6i_nI&list=PL3DCA4034F15C4672&index=9');
INSERT INTO videos(vid, pid, title, description) VALUES('lfkitGUuBsg', 'PLDuDoO_3m4cYb8zEGIY0p6IaEVNaSX25O', '地藏菩薩的大願法門-第一堂-7/9', '佛教徒修行的第一步即是發願。您知道發願有哪些類別？又要如何發願，才能在無盡的未來生，發揮提昇生命的力量嗎？本課程將介紹地藏菩薩的大願，地藏菩薩依著這樣的願力，成就不思議的慈悲功德。精彩的課程，邀您同來沐浴在菩薩廣大的願海中， 一同發願成為大地眾生的守護者。\n「法鼓講堂」網路直播，每周三晚間 \nhttp://www.dharmaschool.com/ddm_max/liveclass/liveclassroom.php\n\n地藏菩薩的大願法門-第一堂-1/9\nhttp://www.youtube.com/watch?v=rfRiPt33Asw&list=PL3DCA4034F15C4672\n地藏菩薩的大願法門-第一堂-2/9\nhttp://www.youtube.com/watch?v=tSjyjZsJju4&list=PL3DCA4034F15C4672&index=2\n地藏菩薩的大願法門-第一堂-3/9\nhttp://www.youtube.com/watch?v=_ezZAL2uhmo&list=PL3DCA4034F15C4672&index=3\n地藏菩薩的大願法門-第一堂-4/9\nhttp://www.youtube.com/watch?v=-pKGQ4zgIpU&list=PL3DCA4034F15C4672&index=4\n地藏菩薩的大願法門-第一堂-5/9\nhttp://www.youtube.com/watch?v=347AOukf-VI&list=PL3DCA4034F15C4672&index=5\n地藏菩薩的大願法門-第一堂-6/9\nhttp://www.youtube.com/watch?v=6-J8SlXrVT8&list=PL3DCA4034F15C4672&index=6\n地藏菩薩的大願法門-第一堂-7/9\nhttp://www.youtube.com/watch?v=lfkitGUuBsg&list=PL3DCA4034F15C4672&index=7\n地藏菩薩的大願法門-第一堂-8/9\nhttp://www.youtube.com/watch?v=TgkSJTiyCG0&list=PL3DCA4034F15C4672&index=8\n地藏菩薩的大願法門-第一堂-9/9\nhttp://www.youtube.com/watch?v=SiEzWl6i_nI&list=PL3DCA4034F15C4672&index=9');
INSERT INTO videos(vid, pid, title, description) VALUES('TgkSJTiyCG0', 'PLDuDoO_3m4cYb8zEGIY0p6IaEVNaSX25O', '地藏菩薩的大願法門-第一堂-8/9', '佛教徒修行的第一步即是發願。您知道發願有哪些類別？又要如何發願，才能在無盡的未來生，發揮提昇生\r\n命的力量嗎？\r\n本課程將介紹地藏菩薩的大願，地藏菩薩依著這樣的願力，成就不思議的慈悲功德。精彩的課程，邀您同\r\n來沐浴在菩薩廣大的願海中， 一同發願成為大地眾生的守護者。');
INSERT INTO videos(vid, pid, title, description) VALUES('SiEzWl6i_nI', 'PLDuDoO_3m4cYb8zEGIY0p6IaEVNaSX25O', '地藏菩薩的大願法門-第一堂-9/9', '佛教徒修行的第一步即是發願。您知道發願有哪些類別？又要如何發願，才能在無盡的未來生，發揮提昇生命的力量嗎？本課程將介紹地藏菩薩的大願，地藏菩薩依著這樣的願力，成就不思議的慈悲功德。精彩的課程，邀您同來沐浴在菩薩廣大的願海中， 一同發願成為大地眾生的守護者。\n\n「法鼓講堂」網路直播，每周三晚間 \nhttp://www.dharmaschool.com/ddm_max/liveclass/liveclassroom.php\n\n地藏菩薩的大願法門-第一堂-1/9\nhttp://www.youtube.com/watch?v=rfRiPt33Asw&list=PL3DCA4034F15C4672\n地藏菩薩的大願法門-第一堂-2/9\nhttp://www.youtube.com/watch?v=tSjyjZsJju4&list=PL3DCA4034F15C4672&index=2\n地藏菩薩的大願法門-第一堂-3/9\nhttp://www.youtube.com/watch?v=_ezZAL2uhmo&list=PL3DCA4034F15C4672&index=3\n地藏菩薩的大願法門-第一堂-4/9\nhttp://www.youtube.com/watch?v=-pKGQ4zgIpU&list=PL3DCA4034F15C4672&index=4\n地藏菩薩的大願法門-第一堂-5/9\nhttp://www.youtube.com/watch?v=347AOukf-VI&list=PL3DCA4034F15C4672&index=5\n地藏菩薩的大願法門-第一堂-6/9\nhttp://www.youtube.com/watch?v=6-J8SlXrVT8&list=PL3DCA4034F15C4672&index=6\n地藏菩薩的大願法門-第一堂-7/9\nhttp://www.youtube.com/watch?v=lfkitGUuBsg&list=PL3DCA4034F15C4672&index=7\n地藏菩薩的大願法門-第一堂-8/9\nhttp://www.youtube.com/watch?v=TgkSJTiyCG0&list=PL3DCA4034F15C4672&index=8\n地藏菩薩的大願法門-第一堂-9/9\nhttp://www.youtube.com/watch?v=SiEzWl6i_nI&list=PL3DCA4034F15C4672&index=9');
INSERT INTO videos(vid, pid, title, description) VALUES('fuUxPNmX8ek', 'PLDuDoO_3m4cYb8zEGIY0p6IaEVNaSX25O', '地藏菩薩的大願法門-第二堂-1/8', '本課程為大家介紹--地藏菩薩的精神。地藏菩薩為報父母深恩，而發了「地獄不空誓不成佛」的大願。此願力弘深，在不同的宇宙時空裡，亙古至今，堅定不移，所以稱為「大願地藏王菩薩」。 地藏菩薩除了是孝親與大願的代表，更含有深厚、豐富的意涵，菩薩猶如大地一般，蘊含了種種寶物，能讓眾生受用不盡，所以名為「地藏」。只要我們依著地藏菩薩的指引，就能開發生命中無盡的寶藏。\n\n「法鼓講堂」網路直播，每周三晚間 \nhttp://www.dharmaschool.com/ddm_max/liveclass/liveclassroom.php\n\n地藏菩薩的大願法門-第二堂-1/8\nhttp://www.youtube.com/watch?v=fuUxPNmX8ek&list=PL6200C8C83E7F920B\n地藏菩薩的大願法門-第二堂-2/8\nhttp://www.youtube.com/watch?v=8WhnBjjGrtU&list=PL6200C8C83E7F920B&index=2\n地藏菩薩的大願法門-第二堂-3/8\nhttp://www.youtube.com/watch?v=adou2Z-jvI4&list=PL6200C8C83E7F920B&index=3\n地藏菩薩的大願法門-第二堂-4/8\nhttp://www.youtube.com/watch?v=osKpCbgEhGs&list=PL6200C8C83E7F920B&index=4\n地藏菩薩的大願法門-第二堂-5/8\nhttp://www.youtube.com/watch?v=K8GMxEM7h8I&list=PL6200C8C83E7F920B&index=5\n地藏菩薩的大願法門-第二堂-6/8\nhttp://www.youtube.com/watch?v=xtVQKPo96S0&list=PL6200C8C83E7F920B&index=6\n地藏菩薩的大願法門-第二堂-7/8\nhttp://www.youtube.com/watch?v=cA-Vv6uh8WE&list=PL6200C8C83E7F920B&index=7\n地藏菩薩的大願法門-第二堂-8/8\nhttp://www.youtube.com/watch?v=x8U5bnwyDYE&list=PL6200C8C83E7F920B&index=8');
INSERT INTO videos(vid, pid, title, description) VALUES('8WhnBjjGrtU', 'PLDuDoO_3m4cYb8zEGIY0p6IaEVNaSX25O', '地藏菩薩的大願法門-第二堂-2/8', '本課程為大家介紹--地藏菩薩的精神。地藏菩薩為報父母深恩，而發了「地獄不空誓不成佛」的大願。此願力弘深，在不同的宇宙時空裡，亙古至今，堅定不移，所以稱為「大願地藏王菩薩」。 地藏菩薩除了是孝親與大願的代表，更含有深厚、豐富的意涵，菩薩猶如大地一般，蘊含了種種寶物，能讓眾生受用不盡，所以名為「地藏」。只要我們依著地藏菩薩的指引，就能開發生命中無盡的寶藏。\n\n「法鼓講堂」網路直播，每周三晚間 \nhttp://www.dharmaschool.com/ddm_max/liveclass/liveclassroom.php\n\n地藏菩薩的大願法門-第二堂-1/8\nhttp://www.youtube.com/watch?v=fuUxPNmX8ek&list=PL6200C8C83E7F920B\n地藏菩薩的大願法門-第二堂-2/8\nhttp://www.youtube.com/watch?v=8WhnBjjGrtU&list=PL6200C8C83E7F920B&index=2\n地藏菩薩的大願法門-第二堂-3/8\nhttp://www.youtube.com/watch?v=adou2Z-jvI4&list=PL6200C8C83E7F920B&index=3\n地藏菩薩的大願法門-第二堂-4/8\nhttp://www.youtube.com/watch?v=osKpCbgEhGs&list=PL6200C8C83E7F920B&index=4\n地藏菩薩的大願法門-第二堂-5/8\nhttp://www.youtube.com/watch?v=K8GMxEM7h8I&list=PL6200C8C83E7F920B&index=5\n地藏菩薩的大願法門-第二堂-6/8\nhttp://www.youtube.com/watch?v=xtVQKPo96S0&list=PL6200C8C83E7F920B&index=6\n地藏菩薩的大願法門-第二堂-7/8\nhttp://www.youtube.com/watch?v=cA-Vv6uh8WE&list=PL6200C8C83E7F920B&index=7\n地藏菩薩的大願法門-第二堂-8/8\nhttp://www.youtube.com/watch?v=x8U5bnwyDYE&list=PL6200C8C83E7F920B&index=8');
INSERT INTO videos(vid, pid, title, description) VALUES('adou2Z-jvI4', 'PLDuDoO_3m4cYb8zEGIY0p6IaEVNaSX25O', '地藏菩薩的大願法門-第二堂-3/8', '本課程為大家介紹--地藏菩薩的精神。地藏菩薩為報父母深恩，而發了「地獄不空誓不成佛」的大願。此願力弘深，在不同的宇宙時空裡，亙古至今，堅定不移，所以稱為「大願地藏王菩薩」。 地藏菩薩除了是孝親與大願的代表，更含有深厚、豐富的意涵，菩薩猶如大地一般，蘊含了種種寶物，能讓眾生受用不盡，所以名為「地藏」。只要我們依著地藏菩薩的指引，就能開發生命中無盡的寶藏。\n\n「法鼓講堂」網路直播，每周三晚間 \nhttp://www.dharmaschool.com/ddm_max/liveclass/liveclassroom.php\n\n地藏菩薩的大願法門-第二堂-1/8\nhttp://www.youtube.com/watch?v=fuUxPNmX8ek&list=PL6200C8C83E7F920B\n地藏菩薩的大願法門-第二堂-2/8\nhttp://www.youtube.com/watch?v=8WhnBjjGrtU&list=PL6200C8C83E7F920B&index=2\n地藏菩薩的大願法門-第二堂-3/8\nhttp://www.youtube.com/watch?v=adou2Z-jvI4&list=PL6200C8C83E7F920B&index=3\n地藏菩薩的大願法門-第二堂-4/8\nhttp://www.youtube.com/watch?v=osKpCbgEhGs&list=PL6200C8C83E7F920B&index=4\n地藏菩薩的大願法門-第二堂-5/8\nhttp://www.youtube.com/watch?v=K8GMxEM7h8I&list=PL6200C8C83E7F920B&index=5\n地藏菩薩的大願法門-第二堂-6/8\nhttp://www.youtube.com/watch?v=xtVQKPo96S0&list=PL6200C8C83E7F920B&index=6\n地藏菩薩的大願法門-第二堂-7/8\nhttp://www.youtube.com/watch?v=cA-Vv6uh8WE&list=PL6200C8C83E7F920B&index=7\n地藏菩薩的大願法門-第二堂-8/8\nhttp://www.youtube.com/watch?v=x8U5bnwyDYE&list=PL6200C8C83E7F920B&index=8');
INSERT INTO videos(vid, pid, title, description) VALUES('osKpCbgEhGs', 'PLDuDoO_3m4cYb8zEGIY0p6IaEVNaSX25O', '地藏菩薩的大願法門-第二堂-4/8', '本課程為大家介紹--地藏菩薩的精神。地藏菩薩為報父母深恩，而發了「地獄不空誓不成佛」的大願。此願力弘深，在不同的宇宙時空裡，亙古至今，堅定不移，所以稱為「大願地藏王菩薩」。 地藏菩薩除了是孝親與大願的代表，更含有深厚、豐富的意涵，菩薩猶如大地一般，蘊含了種種寶物，能讓眾生受用不盡，所以名為「地藏」。只要我們依著地藏菩薩的指引，就能開發生命中無盡的寶藏。\n\n「法鼓講堂」網路直播，每周三晚間 \nhttp://www.dharmaschool.com/ddm_max/liveclass/liveclassroom.php\n\n地藏菩薩的大願法門-第二堂-1/8\nhttp://www.youtube.com/watch?v=fuUxPNmX8ek&list=PL6200C8C83E7F920B\n地藏菩薩的大願法門-第二堂-2/8\nhttp://www.youtube.com/watch?v=8WhnBjjGrtU&list=PL6200C8C83E7F920B&index=2\n地藏菩薩的大願法門-第二堂-3/8\nhttp://www.youtube.com/watch?v=adou2Z-jvI4&list=PL6200C8C83E7F920B&index=3\n地藏菩薩的大願法門-第二堂-4/8\nhttp://www.youtube.com/watch?v=osKpCbgEhGs&list=PL6200C8C83E7F920B&index=4\n地藏菩薩的大願法門-第二堂-5/8\nhttp://www.youtube.com/watch?v=K8GMxEM7h8I&list=PL6200C8C83E7F920B&index=5\n地藏菩薩的大願法門-第二堂-6/8\nhttp://www.youtube.com/watch?v=xtVQKPo96S0&list=PL6200C8C83E7F920B&index=6\n地藏菩薩的大願法門-第二堂-7/8\nhttp://www.youtube.com/watch?v=cA-Vv6uh8WE&list=PL6200C8C83E7F920B&index=7\n地藏菩薩的大願法門-第二堂-8/8\nhttp://www.youtube.com/watch?v=x8U5bnwyDYE&list=PL6200C8C83E7F920B&index=8');
INSERT INTO videos(vid, pid, title, description) VALUES('K8GMxEM7h8I', 'PLDuDoO_3m4cYb8zEGIY0p6IaEVNaSX25O', '地藏菩薩的大願法門-第二堂-5/8', '本課程為大家介紹--地藏菩薩的精神。地藏菩薩為報父母深恩，而發了「地獄不空誓不成佛」的大願。此願力弘深，在不同的宇宙時空裡，亙古至今，堅定不移，所以稱為「大願地藏王菩薩」。 地藏菩薩除了是孝親與大願的代表，更含有深厚、豐富的意涵，菩薩猶如大地一般，蘊含了種種寶物，能讓眾生受用不盡，所以名為「地藏」。只要我們依著地藏菩薩的指引，就能開發生命中無盡的寶藏。\n\n「法鼓講堂」網路直播，每周三晚間 \nhttp://www.dharmaschool.com/ddm_max/liveclass/liveclassroom.php\n\n地藏菩薩的大願法門-第二堂-1/8\nhttp://www.youtube.com/watch?v=fuUxPNmX8ek&list=PL6200C8C83E7F920B\n地藏菩薩的大願法門-第二堂-2/8\nhttp://www.youtube.com/watch?v=8WhnBjjGrtU&list=PL6200C8C83E7F920B&index=2\n地藏菩薩的大願法門-第二堂-3/8\nhttp://www.youtube.com/watch?v=adou2Z-jvI4&list=PL6200C8C83E7F920B&index=3\n地藏菩薩的大願法門-第二堂-4/8\nhttp://www.youtube.com/watch?v=osKpCbgEhGs&list=PL6200C8C83E7F920B&index=4\n地藏菩薩的大願法門-第二堂-5/8\nhttp://www.youtube.com/watch?v=K8GMxEM7h8I&list=PL6200C8C83E7F920B&index=5\n地藏菩薩的大願法門-第二堂-6/8\nhttp://www.youtube.com/watch?v=xtVQKPo96S0&list=PL6200C8C83E7F920B&index=6\n地藏菩薩的大願法門-第二堂-7/8\nhttp://www.youtube.com/watch?v=cA-Vv6uh8WE&list=PL6200C8C83E7F920B&index=7\n地藏菩薩的大願法門-第二堂-8/8\nhttp://www.youtube.com/watch?v=x8U5bnwyDYE&list=PL6200C8C83E7F920B&index=8');
INSERT INTO videos(vid, pid, title, description) VALUES('xtVQKPo96S0', 'PLDuDoO_3m4cYb8zEGIY0p6IaEVNaSX25O', '地藏菩薩的大願法門-第二堂-6/8', '本課程為大家介紹--地藏菩薩的精神。地藏菩薩為報父母深恩，而發了「地獄不空誓不成佛」的大願。此願力弘深，在不同的宇宙時空裡，亙古至今，堅定不移，所以稱為「大願地藏王菩薩」。 地藏菩薩除了是孝親與大願的代表，更含有深厚、豐富的意涵，菩薩猶如大地一般，蘊含了種種寶物，能讓眾生受用不盡，所以名為「地藏」。只要我們依著地藏菩薩的指引，就能開發生命中無盡的寶藏。\n\n「法鼓講堂」網路直播，每周三晚間 \nhttp://www.dharmaschool.com/ddm_max/liveclass/liveclassroom.php\n\n地藏菩薩的大願法門-第二堂-1/8\nhttp://www.youtube.com/watch?v=fuUxPNmX8ek&list=PL6200C8C83E7F920B\n地藏菩薩的大願法門-第二堂-2/8\nhttp://www.youtube.com/watch?v=8WhnBjjGrtU&list=PL6200C8C83E7F920B&index=2\n地藏菩薩的大願法門-第二堂-3/8\nhttp://www.youtube.com/watch?v=adou2Z-jvI4&list=PL6200C8C83E7F920B&index=3\n地藏菩薩的大願法門-第二堂-4/8\nhttp://www.youtube.com/watch?v=osKpCbgEhGs&list=PL6200C8C83E7F920B&index=4\n地藏菩薩的大願法門-第二堂-5/8\nhttp://www.youtube.com/watch?v=K8GMxEM7h8I&list=PL6200C8C83E7F920B&index=5\n地藏菩薩的大願法門-第二堂-6/8\nhttp://www.youtube.com/watch?v=xtVQKPo96S0&list=PL6200C8C83E7F920B&index=6\n地藏菩薩的大願法門-第二堂-7/8\nhttp://www.youtube.com/watch?v=cA-Vv6uh8WE&list=PL6200C8C83E7F920B&index=7\n地藏菩薩的大願法門-第二堂-8/8\nhttp://www.youtube.com/watch?v=x8U5bnwyDYE&list=PL6200C8C83E7F920B&index=8');
INSERT INTO videos(vid, pid, title, description) VALUES('cA-Vv6uh8WE', 'PLDuDoO_3m4cYb8zEGIY0p6IaEVNaSX25O', '地藏菩薩的大願法門-第二堂-7/8', '本課程為大家介紹--地藏菩薩的精神。地藏菩薩為報父母深恩，而發了「地獄不空誓不成佛」的大願。此願力弘深，在不同的宇宙時空裡，亙古至今，堅定不移，所以稱為「大願地藏王菩薩」。 地藏菩薩除了是孝親與大願的代表，更含有深厚、豐富的意涵，菩薩猶如大地一般，蘊含了種種寶物，能讓眾生受用不盡，所以名為「地藏」。只要我們依著地藏菩薩的指引，就能開發生命中無盡的寶藏。\n\n「法鼓講堂」網路直播，每周三晚間 \nhttp://www.dharmaschool.com/ddm_max/liveclass/liveclassroom.php\n\n地藏菩薩的大願法門-第二堂-1/8\nhttp://www.youtube.com/watch?v=fuUxPNmX8ek&list=PL6200C8C83E7F920B\n地藏菩薩的大願法門-第二堂-2/8\nhttp://www.youtube.com/watch?v=8WhnBjjGrtU&list=PL6200C8C83E7F920B&index=2\n地藏菩薩的大願法門-第二堂-3/8\nhttp://www.youtube.com/watch?v=adou2Z-jvI4&list=PL6200C8C83E7F920B&index=3\n地藏菩薩的大願法門-第二堂-4/8\nhttp://www.youtube.com/watch?v=osKpCbgEhGs&list=PL6200C8C83E7F920B&index=4\n地藏菩薩的大願法門-第二堂-5/8\nhttp://www.youtube.com/watch?v=K8GMxEM7h8I&list=PL6200C8C83E7F920B&index=5\n地藏菩薩的大願法門-第二堂-6/8\nhttp://www.youtube.com/watch?v=xtVQKPo96S0&list=PL6200C8C83E7F920B&index=6\n地藏菩薩的大願法門-第二堂-7/8\nhttp://www.youtube.com/watch?v=cA-Vv6uh8WE&list=PL6200C8C83E7F920B&index=7\n地藏菩薩的大願法門-第二堂-8/8\nhttp://www.youtube.com/watch?v=x8U5bnwyDYE&list=PL6200C8C83E7F920B&index=8');
INSERT INTO videos(vid, pid, title, description) VALUES('x8U5bnwyDYE', 'PLDuDoO_3m4cYb8zEGIY0p6IaEVNaSX25O', '地藏菩薩的大願法門-第二堂-8/8', '本課程為大家介紹--地藏菩薩的精神。地藏菩薩為報父母深恩，而發了「地獄不空誓不成佛」的大願。此願力弘深，在不同的宇宙時空裡，亙古至今，堅定不移，所以稱為「大願地藏王菩薩」。地藏菩薩除了是孝親與大願的代表，更含有深厚、豐富的意涵，菩薩猶如大地一般，蘊含了種種寶物，能讓眾生受用不盡，所以名為「地藏」。只要我們依著地藏菩薩的指引，就能開發生命中無盡的寶藏。\n\n「法鼓講堂」網路直播，每周三晚間 \nhttp://www.dharmaschool.com/ddm_max/liveclass/liveclassroom.php\n\n地藏菩薩的大願法門-第二堂-1/8\nhttp://www.youtube.com/watch?v=fuUxPNmX8ek&list=PL6200C8C83E7F920B\n地藏菩薩的大願法門-第二堂-2/8\nhttp://www.youtube.com/watch?v=8WhnBjjGrtU&list=PL6200C8C83E7F920B&index=2\n地藏菩薩的大願法門-第二堂-3/8\nhttp://www.youtube.com/watch?v=adou2Z-jvI4&list=PL6200C8C83E7F920B&index=3\n地藏菩薩的大願法門-第二堂-4/8\nhttp://www.youtube.com/watch?v=osKpCbgEhGs&list=PL6200C8C83E7F920B&index=4\n地藏菩薩的大願法門-第二堂-5/8\nhttp://www.youtube.com/watch?v=K8GMxEM7h8I&list=PL6200C8C83E7F920B&index=5\n地藏菩薩的大願法門-第二堂-6/8\nhttp://www.youtube.com/watch?v=xtVQKPo96S0&list=PL6200C8C83E7F920B&index=6\n地藏菩薩的大願法門-第二堂-7/8\nhttp://www.youtube.com/watch?v=cA-Vv6uh8WE&list=PL6200C8C83E7F920B&index=7\n地藏菩薩的大願法門-第二堂-8/8\nhttp://www.youtube.com/watch?v=x8U5bnwyDYE&list=PL6200C8C83E7F920B&index=8');
INSERT INTO videos(vid, pid, title, description) VALUES('8f8XbRVxBQw', 'PLDuDoO_3m4cYb8zEGIY0p6IaEVNaSX25O', '地藏菩薩的大願法門-第三堂-1/8', '本次課程介紹地藏法門的三部經典，首先是《地藏菩薩本願經》，這是一般人最熟悉的一部地藏經典，文字優美、豐富，闡明地藏菩薩救度眾生和孝道精神。接著是《占察善惡業報經》經中說明了地藏菩薩護佑眾生，具足勇氣力求佛道，所以名為善安慰說者。最後是《大乘大集地藏十輪經》，敘述菩薩循聲救苦，分身無量百千億來度脫所有一切眾生。三部經典的重要精神，盡在本次課程，您千萬別錯過了。\n\n「法鼓講堂」網路直播，每周三晚間 \nhttp://www.dharmaschool.com/ddm_max/liveclass/liveclassroom.php\n\n地藏菩薩的大願法門-第三堂-1/8\nhttp://www.youtube.com/watch?v=8f8XbRVxBQw&list=PL3CD7A30025D6BB9D\n地藏菩薩的大願法門-第三堂-2/8\nhttp://www.youtube.com/watch?v=VFYsSXWuO80&list=PL3CD7A30025D6BB9D&index=2\n地藏菩薩的大願法門-第三堂-3/8\nhttp://www.youtube.com/watch?v=r2bOAs8mj0E&list=PL3CD7A30025D6BB9D&index=3\n地藏菩薩的大願法門-第三堂-4/8\nhttp://www.youtube.com/watch?v=UX7rcxuDMhw&list=PL3CD7A30025D6BB9D&index=4\n地藏菩薩的大願法門-第三堂-5/8\nhttp://www.youtube.com/watch?v=j10hmhaQioU&list=PL3CD7A30025D6BB9D&index=5\n地藏菩薩的大願法門-第三堂-6/8\nhttp://www.youtube.com/watch?v=IpEcD3LMxBk&list=PL3CD7A30025D6BB9D&index=6\n地藏菩薩的大願法門-第三堂-7/8\nhttp://www.youtube.com/watch?v=9fVUi9OEy8Y&list=PL3CD7A30025D6BB9D&index=7\n地藏菩薩的大願法門-第三堂-8/8\nhttp://www.youtube.com/watch?v=0t875SODKiY&list=PL3CD7A30025D6BB9D&index=8');
INSERT INTO videos(vid, pid, title, description) VALUES('VFYsSXWuO80', 'PLDuDoO_3m4cYb8zEGIY0p6IaEVNaSX25O', '地藏菩薩的大願法門-第三堂-2/8', '本次課程介紹地藏法門的三部經典，首先是《地藏菩薩本願經》，這是一般人最熟悉的一部地藏經典，文字優美、豐富，闡明地藏菩薩救度眾生和孝道精神。接著是《占察善惡業報經》經中說明了地藏菩薩護佑眾生，具足勇氣力求佛道，所以名為善安慰說者。最後是《大乘大集地藏十輪經》，敘述菩薩循聲救苦，分身無量百千億來度脫所有一切眾生。\n三部經典的重要精神，盡在本次課程，您千萬別錯過了。\n\n「法鼓講堂」網路直播，每周三晚間 \nhttp://www.dharmaschool.com/ddm_max/liveclass/liveclassroom.php\n\n地藏菩薩的大願法門-第三堂-1/8\nhttp://www.youtube.com/watch?v=8f8XbRVxBQw&list=PL3CD7A30025D6BB9D\n地藏菩薩的大願法門-第三堂-2/8\nhttp://www.youtube.com/watch?v=VFYsSXWuO80&list=PL3CD7A30025D6BB9D&index=2\n地藏菩薩的大願法門-第三堂-3/8\nhttp://www.youtube.com/watch?v=r2bOAs8mj0E&list=PL3CD7A30025D6BB9D&index=3\n地藏菩薩的大願法門-第三堂-4/8\nhttp://www.youtube.com/watch?v=UX7rcxuDMhw&list=PL3CD7A30025D6BB9D&index=4\n地藏菩薩的大願法門-第三堂-5/8\nhttp://www.youtube.com/watch?v=j10hmhaQioU&list=PL3CD7A30025D6BB9D&index=5\n地藏菩薩的大願法門-第三堂-6/8\nhttp://www.youtube.com/watch?v=IpEcD3LMxBk&list=PL3CD7A30025D6BB9D&index=6\n地藏菩薩的大願法門-第三堂-7/8\nhttp://www.youtube.com/watch?v=9fVUi9OEy8Y&list=PL3CD7A30025D6BB9D&index=7\n地藏菩薩的大願法門-第三堂-8/8\nhttp://www.youtube.com/watch?v=0t875SODKiY&list=PL3CD7A30025D6BB9D&index=8');
INSERT INTO videos(vid, pid, title, description) VALUES('r2bOAs8mj0E', 'PLDuDoO_3m4cYb8zEGIY0p6IaEVNaSX25O', '地藏菩薩的大願法門-第三堂-3/8', '本次課程介紹地藏法門的三部經典，首先是《地藏菩薩本願經》，這是一般人最熟悉的一部地藏經典，文字優美、豐富，闡明地藏菩薩救度眾生和孝道精神。接著是《占察善惡業報經》經中說明了地藏菩薩護佑眾生，具足勇氣力求佛道，所以名為善安慰說者。最後是《大乘大集地藏十輪經》，敘述菩薩循聲救苦，分身無量百千億來度脫所有一切眾生。\n三部經典的重要精神，盡在本次課程，您千萬別錯過了。\n\n「法鼓講堂」網路直播，每周三晚間 \nhttp://www.dharmaschool.com/ddm_max/liveclass/liveclassroom.php\n\n地藏菩薩的大願法門-第三堂-1/8\nhttp://www.youtube.com/watch?v=8f8XbRVxBQw&list=PL3CD7A30025D6BB9D\n地藏菩薩的大願法門-第三堂-2/8\nhttp://www.youtube.com/watch?v=VFYsSXWuO80&list=PL3CD7A30025D6BB9D&index=2\n地藏菩薩的大願法門-第三堂-3/8\nhttp://www.youtube.com/watch?v=r2bOAs8mj0E&list=PL3CD7A30025D6BB9D&index=3\n地藏菩薩的大願法門-第三堂-4/8\nhttp://www.youtube.com/watch?v=UX7rcxuDMhw&list=PL3CD7A30025D6BB9D&index=4\n地藏菩薩的大願法門-第三堂-5/8\nhttp://www.youtube.com/watch?v=j10hmhaQioU&list=PL3CD7A30025D6BB9D&index=5\n地藏菩薩的大願法門-第三堂-6/8\nhttp://www.youtube.com/watch?v=IpEcD3LMxBk&list=PL3CD7A30025D6BB9D&index=6\n地藏菩薩的大願法門-第三堂-7/8\nhttp://www.youtube.com/watch?v=9fVUi9OEy8Y&list=PL3CD7A30025D6BB9D&index=7\n地藏菩薩的大願法門-第三堂-8/8\nhttp://www.youtube.com/watch?v=0t875SODKiY&list=PL3CD7A30025D6BB9D&index=8');
INSERT INTO videos(vid, pid, title, description) VALUES('UX7rcxuDMhw', 'PLDuDoO_3m4cYb8zEGIY0p6IaEVNaSX25O', '地藏菩薩的大願法門-第三堂-4/8', '本次課程介紹地藏法門的三部經典，首先是《地藏菩薩本願經》，這是一般人最熟悉的一部地藏經典，文字優美、豐富，闡明地藏菩薩救度眾生和孝道精神。接著是《占察善惡業報經》經中說明了地藏菩薩護佑眾生，具足勇氣力求佛道，所以名為善安慰說者。最後是《大乘大集地藏十輪經》，敘述菩薩循聲救苦，分身無量百千億來度脫所有一切眾生。\n三部經典的重要精神，盡在本次課程，您千萬別錯過了。\n\n「法鼓講堂」網路直播，每周三晚間 \nhttp://www.dharmaschool.com/ddm_max/liveclass/liveclassroom.php\n\n地藏菩薩的大願法門-第三堂-1/8\nhttp://www.youtube.com/watch?v=8f8XbRVxBQw&list=PL3CD7A30025D6BB9D\n地藏菩薩的大願法門-第三堂-2/8\nhttp://www.youtube.com/watch?v=VFYsSXWuO80&list=PL3CD7A30025D6BB9D&index=2\n地藏菩薩的大願法門-第三堂-3/8\nhttp://www.youtube.com/watch?v=r2bOAs8mj0E&list=PL3CD7A30025D6BB9D&index=3\n地藏菩薩的大願法門-第三堂-4/8\nhttp://www.youtube.com/watch?v=UX7rcxuDMhw&list=PL3CD7A30025D6BB9D&index=4\n地藏菩薩的大願法門-第三堂-5/8\nhttp://www.youtube.com/watch?v=j10hmhaQioU&list=PL3CD7A30025D6BB9D&index=5\n地藏菩薩的大願法門-第三堂-6/8\nhttp://www.youtube.com/watch?v=IpEcD3LMxBk&list=PL3CD7A30025D6BB9D&index=6\n地藏菩薩的大願法門-第三堂-7/8\nhttp://www.youtube.com/watch?v=9fVUi9OEy8Y&list=PL3CD7A30025D6BB9D&index=7\n地藏菩薩的大願法門-第三堂-8/8\nhttp://www.youtube.com/watch?v=0t875SODKiY&list=PL3CD7A30025D6BB9D&index=8');
INSERT INTO videos(vid, pid, title, description) VALUES('j10hmhaQioU', 'PLDuDoO_3m4cYb8zEGIY0p6IaEVNaSX25O', '地藏菩薩的大願法門-第三堂-5/8', '本次課程介紹地藏法門的三部經典，首先是《地藏菩薩本願經》，這是一般人最熟悉的一部地藏經典，文字優美、豐富，闡明地藏菩薩救度眾生和孝道精神。接著是《占察善惡業報經》經中說明了地藏菩薩護佑眾生，具足勇氣力求佛道，所以名為善安慰說者。最後是《大乘大集地藏十輪經》，敘述菩薩循聲救苦，分身無量百千億來度脫所有一切眾生。\n三部經典的重要精神，盡在本次課程，您千萬別錯過了。\n\n「法鼓講堂」網路直播，每周三晚間 \nhttp://www.dharmaschool.com/ddm_max/liveclass/liveclassroom.php\n\n地藏菩薩的大願法門-第三堂-1/8\nhttp://www.youtube.com/watch?v=8f8XbRVxBQw&list=PL3CD7A30025D6BB9D\n地藏菩薩的大願法門-第三堂-2/8\nhttp://www.youtube.com/watch?v=VFYsSXWuO80&list=PL3CD7A30025D6BB9D&index=2\n地藏菩薩的大願法門-第三堂-3/8\nhttp://www.youtube.com/watch?v=r2bOAs8mj0E&list=PL3CD7A30025D6BB9D&index=3\n地藏菩薩的大願法門-第三堂-4/8\nhttp://www.youtube.com/watch?v=UX7rcxuDMhw&list=PL3CD7A30025D6BB9D&index=4\n地藏菩薩的大願法門-第三堂-5/8\nhttp://www.youtube.com/watch?v=j10hmhaQioU&list=PL3CD7A30025D6BB9D&index=5\n地藏菩薩的大願法門-第三堂-6/8\nhttp://www.youtube.com/watch?v=IpEcD3LMxBk&list=PL3CD7A30025D6BB9D&index=6\n地藏菩薩的大願法門-第三堂-7/8\nhttp://www.youtube.com/watch?v=9fVUi9OEy8Y&list=PL3CD7A30025D6BB9D&index=7\n地藏菩薩的大願法門-第三堂-8/8\nhttp://www.youtube.com/watch?v=0t875SODKiY&list=PL3CD7A30025D6BB9D&index=8');
INSERT INTO videos(vid, pid, title, description) VALUES('IpEcD3LMxBk', 'PLDuDoO_3m4cYb8zEGIY0p6IaEVNaSX25O', '地藏菩薩的大願法門-第三堂-6/8', '本次課程介紹地藏法門的三部經典，首先是《地藏菩薩本願經》，這是一般人最熟悉的一部地藏經典，文字優美、豐富，闡明地藏菩薩救度眾生和孝道精神。接著是《占察善惡業報經》經中說明了地藏菩薩護佑眾生，具足勇氣力求佛道，所以名為善安慰說者。最後是《大乘大集地藏十輪經》，敘述菩薩循聲救苦，分身無量百千億來度脫所有一切眾生。\n三部經典的重要精神，盡在本次課程，您千萬別錯過了。\n\n「法鼓講堂」網路直播，每周三晚間 \nhttp://www.dharmaschool.com/ddm_max/liveclass/liveclassroom.php\n\n地藏菩薩的大願法門-第三堂-1/8\nhttp://www.youtube.com/watch?v=8f8XbRVxBQw&list=PL3CD7A30025D6BB9D\n地藏菩薩的大願法門-第三堂-2/8\nhttp://www.youtube.com/watch?v=VFYsSXWuO80&list=PL3CD7A30025D6BB9D&index=2\n地藏菩薩的大願法門-第三堂-3/8\nhttp://www.youtube.com/watch?v=r2bOAs8mj0E&list=PL3CD7A30025D6BB9D&index=3\n地藏菩薩的大願法門-第三堂-4/8\nhttp://www.youtube.com/watch?v=UX7rcxuDMhw&list=PL3CD7A30025D6BB9D&index=4\n地藏菩薩的大願法門-第三堂-5/8\nhttp://www.youtube.com/watch?v=j10hmhaQioU&list=PL3CD7A30025D6BB9D&index=5\n地藏菩薩的大願法門-第三堂-6/8\nhttp://www.youtube.com/watch?v=IpEcD3LMxBk&list=PL3CD7A30025D6BB9D&index=6\n地藏菩薩的大願法門-第三堂-7/8\nhttp://www.youtube.com/watch?v=9fVUi9OEy8Y&list=PL3CD7A30025D6BB9D&index=7\n地藏菩薩的大願法門-第三堂-8/8\nhttp://www.youtube.com/watch?v=0t875SODKiY&list=PL3CD7A30025D6BB9D&index=8');
INSERT INTO videos(vid, pid, title, description) VALUES('9fVUi9OEy8Y', 'PLDuDoO_3m4cYb8zEGIY0p6IaEVNaSX25O', '地藏菩薩的大願法門-第三堂-7/8', '本次課程介紹地藏法門的三部經典，首先是《地藏菩薩本願經》，這是一般人最熟悉的一部地藏經典，文字優美、豐富，闡明地藏菩薩救度眾生和孝道精神。接著是《占察善惡業報經》經中說明了地藏菩薩護佑眾生，具足勇氣力求佛道，所以名為善安慰說者。最後是《大乘大集地藏十輪經》，敘述菩薩循聲救苦，分身無量百千億來度脫所有一切眾生。\n三部經典的重要精神，盡在本次課程，您千萬別錯過了。\n\n「法鼓講堂」網路直播，每周三晚間 \nhttp://www.dharmaschool.com/ddm_max/liveclass/liveclassroom.php\n\n地藏菩薩的大願法門-第三堂-1/8\nhttp://www.youtube.com/watch?v=8f8XbRVxBQw&list=PL3CD7A30025D6BB9D\n地藏菩薩的大願法門-第三堂-2/8\nhttp://www.youtube.com/watch?v=VFYsSXWuO80&list=PL3CD7A30025D6BB9D&index=2\n地藏菩薩的大願法門-第三堂-3/8\nhttp://www.youtube.com/watch?v=r2bOAs8mj0E&list=PL3CD7A30025D6BB9D&index=3\n地藏菩薩的大願法門-第三堂-4/8\nhttp://www.youtube.com/watch?v=UX7rcxuDMhw&list=PL3CD7A30025D6BB9D&index=4\n地藏菩薩的大願法門-第三堂-5/8\nhttp://www.youtube.com/watch?v=j10hmhaQioU&list=PL3CD7A30025D6BB9D&index=5\n地藏菩薩的大願法門-第三堂-6/8\nhttp://www.youtube.com/watch?v=IpEcD3LMxBk&list=PL3CD7A30025D6BB9D&index=6\n地藏菩薩的大願法門-第三堂-7/8\nhttp://www.youtube.com/watch?v=9fVUi9OEy8Y&list=PL3CD7A30025D6BB9D&index=7\n地藏菩薩的大願法門-第三堂-8/8\nhttp://www.youtube.com/watch?v=0t875SODKiY&list=PL3CD7A30025D6BB9D&index=8');
INSERT INTO videos(vid, pid, title, description) VALUES('0t875SODKiY', 'PLDuDoO_3m4cYb8zEGIY0p6IaEVNaSX25O', '地藏菩薩的大願法門-第三堂-8/8', '本次課程介紹地藏法門的三部經典，首先是《地藏菩薩本願經》，這是一般人最熟悉的一部地藏經典，文字優美、豐富，闡明地藏菩薩救度眾生和孝道精神。接著是《占察善惡業報經》經中說明了地藏菩薩護佑眾生，具足勇氣力求佛道，所以名為善安慰說者。最後是《大乘大集地藏十輪經》，敘述菩薩循聲救苦，分身無量百千億來度脫所有一切眾生。\n三部經典的重要精神，盡在本次課程，您千萬別錯過了。\n\n「法鼓講堂」網路直播，每周三晚間 \nhttp://www.dharmaschool.com/ddm_max/liveclass/liveclassroom.php\n\n地藏菩薩的大願法門-第三堂-1/8\nhttp://www.youtube.com/watch?v=8f8XbRVxBQw&list=PL3CD7A30025D6BB9D\n地藏菩薩的大願法門-第三堂-2/8\nhttp://www.youtube.com/watch?v=VFYsSXWuO80&list=PL3CD7A30025D6BB9D&index=2\n地藏菩薩的大願法門-第三堂-3/8\nhttp://www.youtube.com/watch?v=r2bOAs8mj0E&list=PL3CD7A30025D6BB9D&index=3\n地藏菩薩的大願法門-第三堂-4/8\nhttp://www.youtube.com/watch?v=UX7rcxuDMhw&list=PL3CD7A30025D6BB9D&index=4\n地藏菩薩的大願法門-第三堂-5/8\nhttp://www.youtube.com/watch?v=j10hmhaQioU&list=PL3CD7A30025D6BB9D&index=5\n地藏菩薩的大願法門-第三堂-6/8\nhttp://www.youtube.com/watch?v=IpEcD3LMxBk&list=PL3CD7A30025D6BB9D&index=6\n地藏菩薩的大願法門-第三堂-7/8\nhttp://www.youtube.com/watch?v=9fVUi9OEy8Y&list=PL3CD7A30025D6BB9D&index=7\n地藏菩薩的大願法門-第三堂-8/8\nhttp://www.youtube.com/watch?v=0t875SODKiY&list=PL3CD7A30025D6BB9D&index=8');
INSERT INTO videos(vid, pid, title, description) VALUES('gZYxGQBQfkM', 'PLDuDoO_3m4cYb8zEGIY0p6IaEVNaSX25O', '地藏菩薩的大願法門-第四堂-1/9', '地藏法門修持方法，有持地藏菩薩名號，誦《地藏經》，還有拜地藏懺，或占察懺，也有持咒。當然還有最重要的是在生活中力行「十善法」，廣度眾生。本周課程將告訴您，這些修持的方法出於何處？在生活中要如何運用，透過實踐地藏菩薩的精神，讓我們的身心，時時刻刻沐浴在菩薩的大悲願心中。\n\n「法鼓講堂」網路直播，每周三晚間 \nhttp://www.dharmaschool.com/ddm_max/liveclass/liveclassroom.php\n\n地藏菩薩的大願法門-第四堂-1/9\nhttp://www.youtube.com/watch?v=gZYxGQBQfkM&list=PL5ED46C6BBF7E06B9\n地藏菩薩的大願法門-第四堂-2/9\nhttp://www.youtube.com/watch?v=_fhG8T5e07E&list=PL5ED46C6BBF7E06B9&index=2\n地藏菩薩的大願法門-第四堂-3/9\nhttp://www.youtube.com/watch?v=gqRGTag_Pcw&list=PL5ED46C6BBF7E06B9&index=3\n地藏菩薩的大願法門-第四堂-4/9\nhttp://www.youtube.com/watch?v=QHdCbAa5dwU&list=PL5ED46C6BBF7E06B9&index=4\n地藏菩薩的大願法門-第四堂-5/9\nhttp://www.youtube.com/watch?v=qR3Vl5T659U&list=PL5ED46C6BBF7E06B9&index=5\n地藏菩薩的大願法門-第四堂-6/9\nhttp://www.youtube.com/watch?v=Tt2NDqQvVh4&list=PL5ED46C6BBF7E06B9&index=6\n地藏菩薩的大願法門-第四堂-7/9\nhttp://www.youtube.com/watch?v=kY8YP0MWSDw&list=PL5ED46C6BBF7E06B9&index=7\n地藏菩薩的大願法門-第四堂-8/9\nhttp://www.youtube.com/watch?v=L6KD4N95Zx4&list=PL5ED46C6BBF7E06B9&index=8\n地藏菩薩的大願法門-第四堂-9/9\nhttp://www.youtube.com/watch?v=nyk6UgYXWSk&list=PL5ED46C6BBF7E06B9&index=9');
INSERT INTO videos(vid, pid, title, description) VALUES('_fhG8T5e07E', 'PLDuDoO_3m4cYb8zEGIY0p6IaEVNaSX25O', '地藏菩薩的大願法門-第四堂-2/9', '地藏法門修持方法，有持地藏菩薩名號，誦《地藏經》，還有拜地藏懺，或占察懺，也有持咒。當然還有最重要的是在生活中力行「十善法」，廣度眾生。本周課程將告訴您，這些修持的方法出於何處？在生活中要如何運用，透過實踐地藏菩薩的精神，讓我們的身心，時時刻刻沐浴在菩薩的大悲願心中。\n\n「法鼓講堂」網路直播，每周三晚間 \nhttp://www.dharmaschool.com/ddm_max/liveclass/liveclassroom.php\n\n地藏菩薩的大願法門-第四堂-1/9\nhttp://www.youtube.com/watch?v=gZYxGQBQfkM&list=PL5ED46C6BBF7E06B9\n地藏菩薩的大願法門-第四堂-2/9\nhttp://www.youtube.com/watch?v=_fhG8T5e07E&list=PL5ED46C6BBF7E06B9&index=2\n地藏菩薩的大願法門-第四堂-3/9\nhttp://www.youtube.com/watch?v=gqRGTag_Pcw&list=PL5ED46C6BBF7E06B9&index=3\n地藏菩薩的大願法門-第四堂-4/9\nhttp://www.youtube.com/watch?v=QHdCbAa5dwU&list=PL5ED46C6BBF7E06B9&index=4\n地藏菩薩的大願法門-第四堂-5/9\nhttp://www.youtube.com/watch?v=qR3Vl5T659U&list=PL5ED46C6BBF7E06B9&index=5\n地藏菩薩的大願法門-第四堂-6/9\nhttp://www.youtube.com/watch?v=Tt2NDqQvVh4&list=PL5ED46C6BBF7E06B9&index=6\n地藏菩薩的大願法門-第四堂-7/9\nhttp://www.youtube.com/watch?v=kY8YP0MWSDw&list=PL5ED46C6BBF7E06B9&index=7\n地藏菩薩的大願法門-第四堂-8/9\nhttp://www.youtube.com/watch?v=L6KD4N95Zx4&list=PL5ED46C6BBF7E06B9&index=8\n地藏菩薩的大願法門-第四堂-9/9\nhttp://www.youtube.com/watch?v=nyk6UgYXWSk&list=PL5ED46C6BBF7E06B9&index=9');
INSERT INTO videos(vid, pid, title, description) VALUES('gqRGTag_Pcw', 'PLDuDoO_3m4cYb8zEGIY0p6IaEVNaSX25O', '地藏菩薩的大願法門-第四堂-3/9', '地藏法門修持方法，有持地藏菩薩名號，誦《地藏經》，還有拜地藏懺，或占察懺，也有持咒。當然還有最重要的是在生活中力行「十善法」，廣度眾生。本周課程將告訴您，這些修持的方法出於何處？在生活中要如何運用，透過實踐地藏菩薩的精神，讓我們的身心，時時刻刻沐浴在菩薩的大悲願心中。\n\n「法鼓講堂」網路直播，每周三晚間 \nhttp://www.dharmaschool.com/ddm_max/liveclass/liveclassroom.php\n\n地藏菩薩的大願法門-第四堂-1/9\nhttp://www.youtube.com/watch?v=gZYxGQBQfkM&list=PL5ED46C6BBF7E06B9\n地藏菩薩的大願法門-第四堂-2/9\nhttp://www.youtube.com/watch?v=_fhG8T5e07E&list=PL5ED46C6BBF7E06B9&index=2\n地藏菩薩的大願法門-第四堂-3/9\nhttp://www.youtube.com/watch?v=gqRGTag_Pcw&list=PL5ED46C6BBF7E06B9&index=3\n地藏菩薩的大願法門-第四堂-4/9\nhttp://www.youtube.com/watch?v=QHdCbAa5dwU&list=PL5ED46C6BBF7E06B9&index=4\n地藏菩薩的大願法門-第四堂-5/9\nhttp://www.youtube.com/watch?v=qR3Vl5T659U&list=PL5ED46C6BBF7E06B9&index=5\n地藏菩薩的大願法門-第四堂-6/9\nhttp://www.youtube.com/watch?v=Tt2NDqQvVh4&list=PL5ED46C6BBF7E06B9&index=6\n地藏菩薩的大願法門-第四堂-7/9\nhttp://www.youtube.com/watch?v=kY8YP0MWSDw&list=PL5ED46C6BBF7E06B9&index=7\n地藏菩薩的大願法門-第四堂-8/9\nhttp://www.youtube.com/watch?v=L6KD4N95Zx4&list=PL5ED46C6BBF7E06B9&index=8\n地藏菩薩的大願法門-第四堂-9/9\nhttp://www.youtube.com/watch?v=nyk6UgYXWSk&list=PL5ED46C6BBF7E06B9&index=9');
INSERT INTO videos(vid, pid, title, description) VALUES('QHdCbAa5dwU', 'PLDuDoO_3m4cYb8zEGIY0p6IaEVNaSX25O', '地藏菩薩的大願法門-第四堂-4/9', '地藏法門修持方法，有持地藏菩薩名號，誦《地藏經》，還有拜地藏懺，或占察懺，也有持咒。當然還有最重要的是在生活中力行「十善法」，廣度眾生。本周課程將告訴您，這些修持的方法出於何處？在生活中要如何運用，透過實踐地藏菩薩的精神，讓我們的身心，時時刻刻沐浴在菩薩的大悲願心中。\n\n「法鼓講堂」網路直播，每周三晚間 \nhttp://www.dharmaschool.com/ddm_max/liveclass/liveclassroom.php\n\n地藏菩薩的大願法門-第四堂-1/9\nhttp://www.youtube.com/watch?v=gZYxGQBQfkM&list=PL5ED46C6BBF7E06B9\n地藏菩薩的大願法門-第四堂-2/9\nhttp://www.youtube.com/watch?v=_fhG8T5e07E&list=PL5ED46C6BBF7E06B9&index=2\n地藏菩薩的大願法門-第四堂-3/9\nhttp://www.youtube.com/watch?v=gqRGTag_Pcw&list=PL5ED46C6BBF7E06B9&index=3\n地藏菩薩的大願法門-第四堂-4/9\nhttp://www.youtube.com/watch?v=QHdCbAa5dwU&list=PL5ED46C6BBF7E06B9&index=4\n地藏菩薩的大願法門-第四堂-5/9\nhttp://www.youtube.com/watch?v=qR3Vl5T659U&list=PL5ED46C6BBF7E06B9&index=5\n地藏菩薩的大願法門-第四堂-6/9\nhttp://www.youtube.com/watch?v=Tt2NDqQvVh4&list=PL5ED46C6BBF7E06B9&index=6\n地藏菩薩的大願法門-第四堂-7/9\nhttp://www.youtube.com/watch?v=kY8YP0MWSDw&list=PL5ED46C6BBF7E06B9&index=7\n地藏菩薩的大願法門-第四堂-8/9\nhttp://www.youtube.com/watch?v=L6KD4N95Zx4&list=PL5ED46C6BBF7E06B9&index=8\n地藏菩薩的大願法門-第四堂-9/9\nhttp://www.youtube.com/watch?v=nyk6UgYXWSk&list=PL5ED46C6BBF7E06B9&index=9');
INSERT INTO videos(vid, pid, title, description) VALUES('qR3Vl5T659U', 'PLDuDoO_3m4cYb8zEGIY0p6IaEVNaSX25O', '地藏菩薩的大願法門-第四堂-5/9', '地藏法門修持方法，有持地藏菩薩名號，誦《地藏經》，還有拜地藏懺，或占察懺，也有持咒。當然還有最重要的是在生活中力行「十善法」，廣度眾生。本周課程將告訴您，這些修持的方法出於何處？在生活中要如何運用，透過實踐地藏菩薩的精神，讓我們的身心，時時刻刻沐浴在菩薩的大悲願心中。\n\n「法鼓講堂」網路直播，每周三晚間 \nhttp://www.dharmaschool.com/ddm_max/liveclass/liveclassroom.php\n\n地藏菩薩的大願法門-第四堂-1/9\nhttp://www.youtube.com/watch?v=gZYxGQBQfkM&list=PL5ED46C6BBF7E06B9\n地藏菩薩的大願法門-第四堂-2/9\nhttp://www.youtube.com/watch?v=_fhG8T5e07E&list=PL5ED46C6BBF7E06B9&index=2\n地藏菩薩的大願法門-第四堂-3/9\nhttp://www.youtube.com/watch?v=gqRGTag_Pcw&list=PL5ED46C6BBF7E06B9&index=3\n地藏菩薩的大願法門-第四堂-4/9\nhttp://www.youtube.com/watch?v=QHdCbAa5dwU&list=PL5ED46C6BBF7E06B9&index=4\n地藏菩薩的大願法門-第四堂-5/9\nhttp://www.youtube.com/watch?v=qR3Vl5T659U&list=PL5ED46C6BBF7E06B9&index=5\n地藏菩薩的大願法門-第四堂-6/9\nhttp://www.youtube.com/watch?v=Tt2NDqQvVh4&list=PL5ED46C6BBF7E06B9&index=6\n地藏菩薩的大願法門-第四堂-7/9\nhttp://www.youtube.com/watch?v=kY8YP0MWSDw&list=PL5ED46C6BBF7E06B9&index=7\n地藏菩薩的大願法門-第四堂-8/9\nhttp://www.youtube.com/watch?v=L6KD4N95Zx4&list=PL5ED46C6BBF7E06B9&index=8\n地藏菩薩的大願法門-第四堂-9/9\nhttp://www.youtube.com/watch?v=nyk6UgYXWSk&list=PL5ED46C6BBF7E06B9&index=9');
INSERT INTO videos(vid, pid, title, description) VALUES('Tt2NDqQvVh4', 'PLDuDoO_3m4cYb8zEGIY0p6IaEVNaSX25O', '地藏菩薩的大願法門-第四堂-6/9', '地藏法門修持方法，有持地藏菩薩名號，誦《地藏經》，還有拜地藏懺，或占察懺，也有持咒。當然還有最重要的是在生活中力行「十善法」，廣度眾生。本周課程將告訴您，這些修持的方法出於何處？在生活中要如何運用，透過實踐地藏菩薩的精神，讓我們的身心，時時刻刻沐浴在菩薩的大悲願心中。\n\n「法鼓講堂」網路直播，每周三晚間 \nhttp://www.dharmaschool.com/ddm_max/liveclass/liveclassroom.php\n\n地藏菩薩的大願法門-第四堂-1/9\nhttp://www.youtube.com/watch?v=gZYxGQBQfkM&list=PL5ED46C6BBF7E06B9\n地藏菩薩的大願法門-第四堂-2/9\nhttp://www.youtube.com/watch?v=_fhG8T5e07E&list=PL5ED46C6BBF7E06B9&index=2\n地藏菩薩的大願法門-第四堂-3/9\nhttp://www.youtube.com/watch?v=gqRGTag_Pcw&list=PL5ED46C6BBF7E06B9&index=3\n地藏菩薩的大願法門-第四堂-4/9\nhttp://www.youtube.com/watch?v=QHdCbAa5dwU&list=PL5ED46C6BBF7E06B9&index=4\n地藏菩薩的大願法門-第四堂-5/9\nhttp://www.youtube.com/watch?v=qR3Vl5T659U&list=PL5ED46C6BBF7E06B9&index=5\n地藏菩薩的大願法門-第四堂-6/9\nhttp://www.youtube.com/watch?v=Tt2NDqQvVh4&list=PL5ED46C6BBF7E06B9&index=6\n地藏菩薩的大願法門-第四堂-7/9\nhttp://www.youtube.com/watch?v=kY8YP0MWSDw&list=PL5ED46C6BBF7E06B9&index=7\n地藏菩薩的大願法門-第四堂-8/9\nhttp://www.youtube.com/watch?v=L6KD4N95Zx4&list=PL5ED46C6BBF7E06B9&index=8\n地藏菩薩的大願法門-第四堂-9/9\nhttp://www.youtube.com/watch?v=nyk6UgYXWSk&list=PL5ED46C6BBF7E06B9&index=9');
INSERT INTO videos(vid, pid, title, description) VALUES('kY8YP0MWSDw', 'PLDuDoO_3m4cYb8zEGIY0p6IaEVNaSX25O', '地藏菩薩的大願法門-第四堂-7/9', '地藏法門修持方法，有持地藏菩薩名號，誦《地藏經》，還有拜地藏懺，或占察懺，也有持咒。當然還有最重要的是在生活中力行「十善法」，廣度眾生。本周課程將告訴您，這些修持的方法出於何處？在生活中要如何運用，透過實踐地藏菩薩的精神，讓我們的身心，時時刻刻沐浴在菩薩的大悲願心中。\n\n「法鼓講堂」網路直播，每周三晚間 \nhttp://www.dharmaschool.com/ddm_max/liveclass/liveclassroom.php\n\n地藏菩薩的大願法門-第四堂-1/9\nhttp://www.youtube.com/watch?v=gZYxGQBQfkM&list=PL5ED46C6BBF7E06B9\n地藏菩薩的大願法門-第四堂-2/9\nhttp://www.youtube.com/watch?v=_fhG8T5e07E&list=PL5ED46C6BBF7E06B9&index=2\n地藏菩薩的大願法門-第四堂-3/9\nhttp://www.youtube.com/watch?v=gqRGTag_Pcw&list=PL5ED46C6BBF7E06B9&index=3\n地藏菩薩的大願法門-第四堂-4/9\nhttp://www.youtube.com/watch?v=QHdCbAa5dwU&list=PL5ED46C6BBF7E06B9&index=4\n地藏菩薩的大願法門-第四堂-5/9\nhttp://www.youtube.com/watch?v=qR3Vl5T659U&list=PL5ED46C6BBF7E06B9&index=5\n地藏菩薩的大願法門-第四堂-6/9\nhttp://www.youtube.com/watch?v=Tt2NDqQvVh4&list=PL5ED46C6BBF7E06B9&index=6\n地藏菩薩的大願法門-第四堂-7/9\nhttp://www.youtube.com/watch?v=kY8YP0MWSDw&list=PL5ED46C6BBF7E06B9&index=7\n地藏菩薩的大願法門-第四堂-8/9\nhttp://www.youtube.com/watch?v=L6KD4N95Zx4&list=PL5ED46C6BBF7E06B9&index=8\n地藏菩薩的大願法門-第四堂-9/9\nhttp://www.youtube.com/watch?v=nyk6UgYXWSk&list=PL5ED46C6BBF7E06B9&index=9');
INSERT INTO videos(vid, pid, title, description) VALUES('L6KD4N95Zx4', 'PLDuDoO_3m4cYb8zEGIY0p6IaEVNaSX25O', '地藏菩薩的大願法門-第四堂-8/9', '地藏法門修持方法，有持地藏菩薩名號，誦《地藏經》，還有拜地藏懺，或占察懺，也有持咒。當然還有最重要的是在生活中力行「十善法」，廣度眾生。本周課程將告訴您，這些修持的方法出於何處？在生活中要如何運用，透過實踐地藏菩薩的精神，讓我們的身心，時時刻刻沐浴在菩薩的大悲願心中。\n\n「法鼓講堂」網路直播，每周三晚間 \nhttp://www.dharmaschool.com/ddm_max/liveclass/liveclassroom.php\n\n地藏菩薩的大願法門-第四堂-1/9\nhttp://www.youtube.com/watch?v=gZYxGQBQfkM&list=PL5ED46C6BBF7E06B9\n地藏菩薩的大願法門-第四堂-2/9\nhttp://www.youtube.com/watch?v=_fhG8T5e07E&list=PL5ED46C6BBF7E06B9&index=2\n地藏菩薩的大願法門-第四堂-3/9\nhttp://www.youtube.com/watch?v=gqRGTag_Pcw&list=PL5ED46C6BBF7E06B9&index=3\n地藏菩薩的大願法門-第四堂-4/9\nhttp://www.youtube.com/watch?v=QHdCbAa5dwU&list=PL5ED46C6BBF7E06B9&index=4\n地藏菩薩的大願法門-第四堂-5/9\nhttp://www.youtube.com/watch?v=qR3Vl5T659U&list=PL5ED46C6BBF7E06B9&index=5\n地藏菩薩的大願法門-第四堂-6/9\nhttp://www.youtube.com/watch?v=Tt2NDqQvVh4&list=PL5ED46C6BBF7E06B9&index=6\n地藏菩薩的大願法門-第四堂-7/9\nhttp://www.youtube.com/watch?v=kY8YP0MWSDw&list=PL5ED46C6BBF7E06B9&index=7\n地藏菩薩的大願法門-第四堂-8/9\nhttp://www.youtube.com/watch?v=L6KD4N95Zx4&list=PL5ED46C6BBF7E06B9&index=8\n地藏菩薩的大願法門-第四堂-9/9\nhttp://www.youtube.com/watch?v=nyk6UgYXWSk&list=PL5ED46C6BBF7E06B9&index=9');
INSERT INTO videos(vid, pid, title, description) VALUES('nyk6UgYXWSk', 'PLDuDoO_3m4cYb8zEGIY0p6IaEVNaSX25O', '地藏菩薩的大願法門-第四堂-9/9', '地藏法門修持方法，有持地藏菩薩名號，誦《地藏經》，還有拜地藏懺，或占察懺，也有持咒。當然還有最重要的是在生活中力行「十善法」，廣度眾生。本周課程將告訴您，這些修持的方法出於何處？在生活中要如何運用，透過實踐地藏菩薩的精神，讓我們的身心，時時刻刻沐浴在菩薩的大悲願心中。\n\n「法鼓講堂」網路直播，每周三晚間 \nhttp://www.dharmaschool.com/ddm_max/liveclass/liveclassroom.php\n\n地藏菩薩的大願法門-第四堂-1/9\nhttp://www.youtube.com/watch?v=gZYxGQBQfkM&list=PL5ED46C6BBF7E06B9\n地藏菩薩的大願法門-第四堂-2/9\nhttp://www.youtube.com/watch?v=_fhG8T5e07E&list=PL5ED46C6BBF7E06B9&index=2\n地藏菩薩的大願法門-第四堂-3/9\nhttp://www.youtube.com/watch?v=gqRGTag_Pcw&list=PL5ED46C6BBF7E06B9&index=3\n地藏菩薩的大願法門-第四堂-4/9\nhttp://www.youtube.com/watch?v=QHdCbAa5dwU&list=PL5ED46C6BBF7E06B9&index=4\n地藏菩薩的大願法門-第四堂-5/9\nhttp://www.youtube.com/watch?v=qR3Vl5T659U&list=PL5ED46C6BBF7E06B9&index=5\n地藏菩薩的大願法門-第四堂-6/9\nhttp://www.youtube.com/watch?v=Tt2NDqQvVh4&list=PL5ED46C6BBF7E06B9&index=6\n地藏菩薩的大願法門-第四堂-7/9\nhttp://www.youtube.com/watch?v=kY8YP0MWSDw&list=PL5ED46C6BBF7E06B9&index=7\n地藏菩薩的大願法門-第四堂-8/9\nhttp://www.youtube.com/watch?v=L6KD4N95Zx4&list=PL5ED46C6BBF7E06B9&index=8\n地藏菩薩的大願法門-第四堂-9/9\nhttp://www.youtube.com/watch?v=nyk6UgYXWSk&list=PL5ED46C6BBF7E06B9&index=9');
INSERT INTO playlist(pid, cid, title, description) VALUES('PLDuDoO_3m4cYM6H_NoHOs96cWyM9NBY-W','UCMvjjfm8AFBLQvQC9gItWEw', '《法鼓全集》導讀系列(2)認識聖嚴師父、法鼓山', '聖嚴師父一生弘揚佛法、蓽路藍縷建設法鼓山，開啟當代佛教新的一頁。值此聖嚴師父捨報五週年之際，讓我們一同回顧、重溫其八十載弘化世界的事蹟、行履，\n如何從一個江南窮鄉下的小孩，成為倡導提昇人品，引領建設人間淨土的心靈導師，\n這不可思議的艱辛努力歷程，更是值得我們學習，\n並期許都能以師願為己願，做為對聖嚴師父最深的緬懷與最高的禮敬。');
INSERT INTO videos(vid, pid, title, description) VALUES('XxbwlrT2nDo', 'PLDuDoO_3m4cYM6H_NoHOs96cWyM9NBY-W', '《法鼓全集》導讀系列(2)五講之一認識聖嚴師父', '《法鼓全集》導讀系列(2)五講之一認識聖嚴師父 -講義\nhttps://drive.google.com/folderview?id=0B2fBOTGh9qaEU2NxSkVQeDBQU2M&usp=sharing\n\n值此聖嚴師父捨報五週年之際，《法鼓全集》導讀系列講座，第二個主題單元將帶領大家深入認識聖嚴師父及法鼓山。\n新春後第一堂課，邀請了僧伽大學副院長常寬法師，和大眾分享聖嚴師父一生八十載弘化世界的事蹟、行履，如何從一個農村家貧的小孩，歷經種種艱難，創建法鼓山，成為當代國際知名禪師、心靈導師。 這不可思議的艱辛努力歷程，更是值得我們學習，並期許都能以師願為己願，做為對聖嚴師父最深的緬懷與最高的禮敬。');
INSERT INTO videos(vid, pid, title, description) VALUES('wSdO3k_JmEY', 'PLDuDoO_3m4cYM6H_NoHOs96cWyM9NBY-W', '《法鼓全集》導讀系列(2)五講之二遊記系列介紹Ⅰ', '《法鼓全集》導讀系列(2)五講之二遊記系列介紹Ⅰ-講義：\nhttps://drive.google.com/folderview?id=0B2fBOTGh9qaEU2NxSkVQeDBQU2M&usp=sharing\n\n法鼓講堂從2/19日起，連續兩周邀請到行政中心財會處監院：常炬法師，導讀法鼓全集【遊記系列】，帶領大眾悠遊於聖嚴師父內容豐富且寓意深遠的旅行文學，重溫其八十載弘化世界的事蹟與行履，並從中領略聖嚴師父在旅程中的辛勞與成長，其中包含了師父感恩的汗水與淚水，更有師父對大眾的祝福和期許。內容精彩可期，您千萬別錯過囉！');
INSERT INTO videos(vid, pid, title, description) VALUES('Nr4Mfj4D_7Y', 'PLDuDoO_3m4cYM6H_NoHOs96cWyM9NBY-W', '《法鼓全集》導讀系列(2)五講之三遊記系列介紹Ⅱ', '《法鼓全集》導讀系列(2)五講之三遊記系列介紹ⅠⅠ-講義\nhttps://drive.google.com/folderview?id=0B2fBOTGh9qaERFdZYl83MFpMVVU&usp=sharing\n\n聖嚴師父曾說：「我不像其他作家可以為旅行而旅行。每次遊歷各處的最初動機，是為弘法求法，學習新知，充實自己，奉獻大眾，起初並沒有寫遊記的想法，可是每次遊歷告一段落，多半會寫出一篇文章乃至一本書來。」\n\n本周，導讀法鼓全集【遊記系列】的最後一堂課，常矩法師將繼續帶領大眾跟隨師父一生弘化東西兩半球的行履，進而從中領略聖嚴師父事事以眾生的苦樂為著眼的悲心大願。');
INSERT INTO videos(vid, pid, title, description) VALUES('Ri7AP2fhsuE', 'PLDuDoO_3m4cYM6H_NoHOs96cWyM9NBY-W', '《法鼓全集》導讀系列(2)五講之四僧團歷史、僧教育', '《法鼓全集》導讀系列(2)五講之四僧團歷史、僧教育-講義\nhttps://drive.google.com/folderview?id=0B2fBOTGh9qaEcFZzX29sb3BqLU0&usp=sharing\n\n「人能弘道，非道弘人」，如果只有佛寶和法寶，佛教並不能得到傳持。唯有契合佛陀本懷的僧團才能夠續佛慧命，三寶具足的道場才能夠傳持佛教。《法鼓全集》導讀系列講座，本週邀請僧伽大學副院長果光法師，分享聖嚴法師如何從零開始，建立僧伽大學，培育僧才，從中一窺聖嚴法師為「正法久住」的願心與辛勞。');
INSERT INTO videos(vid, pid, title, description) VALUES('R3HAa1VIeEc', 'PLDuDoO_3m4cYM6H_NoHOs96cWyM9NBY-W', '《法鼓全集》導讀系列(2)五講之五法鼓山歷史、教團發展', '《法鼓全集》導讀系列(2)五講之五法鼓山歷史、教團發展-講義\nhttps://drive.google.com/folderview?id=0B2fBOTGh9qaEby0wQkNWcjFacFk&usp=sharing\n\n聖嚴師父曾說：「法鼓山是屬於整體佛教的，也是屬於全民教育的一個地方。法鼓山不是一座普通的寺院，而是一個學府，是一個提昇人品的修行中心。」《法鼓全集》導讀系列講座，本週邀請文化中心副都監果賢法師，分享法鼓山創建及僧團發展的點滴故事。期許引領大眾更認識法鼓山的理念，進而共同來推廣，讓我們的社會、人間更和諧、美好。');
INSERT INTO playlist(pid, cid, title, description) VALUES('PLDuDoO_3m4cY8JW0zRdWkSndjTfa8Yu_E','UCMvjjfm8AFBLQvQC9gItWEw', '禪門寶典--《六祖壇經》', '');
INSERT INTO videos(vid, pid, title, description) VALUES('sUb5t-lxnI0', 'PLDuDoO_3m4cY8JW0zRdWkSndjTfa8Yu_E', '禪門寶典--《六祖壇經》-第一堂-1/8', '聖嚴法師曾說：「《六祖壇經》是中國人人愛讀也是人人應讀的書。六祖大師的一生，極為奇特，是一位不參自悟的曠世利根。從《六祖壇經》的內容看來，他的確是佛教成為中國化、普及化而又不落世俗化的開創者。」《六祖壇經》代表了真正中華禪法的特色，是禪宗最根本的一部祖師語錄，淺顯易懂而寓意深遠。主張「於一切時中，行住坐臥，常行直心」是將禪法用於日常生活之中，而不僅限於盤腿打坐，將佛法普遍地活用在人間社會之中。雖其內容精深，運用卻極簡單，這也正是各行各業的人，大家樂意接受而又容易實踐的禪法。\n\n「法鼓講堂」每周三晚間7：00~9：00\n網路直播：http://www.dharmaschool.com/ddm_max/liveclass/liveclassroom.php\n禪門寶典--《六祖壇經》-第一堂-1/8\nhttp://www.youtube.com/watch?v=sUb5t-lxnI0&list=PL7F27699858EC824B&index=1\n禪門寶典--《六祖壇經》-第一堂-2/8\nhttp://www.youtube.com/watch?v=gwGO8DaM5MU&list=PL7F27699858EC824B&index=2\n禪門寶典--《六祖壇經》-第一堂-3/8\nhttp://www.youtube.com/watch?v=CZVQ5wRLdUc&list=PL7F27699858EC824B&index=3\n禪門寶典--《六祖壇經》-第一堂-4/8\nhttp://www.youtube.com/watch?v=a7CtyPpVNB4&list=PL7F27699858EC824B&index=4\n禪門寶典--《六祖壇經》-第一堂-5/8\nhttp://www.youtube.com/watch?v=XgvCxVrYxCg&list=PL7F27699858EC824B&index=5\n禪門寶典--《六祖壇經》-第一堂-6/8\nhttp://www.youtube.com/watch?v=q77ebzqeG6Q&list=PL7F27699858EC824B&index=6\n禪門寶典--《六祖壇經》-第一堂-7/8\nhttp://www.youtube.com/watch?v=yGaMwplKeM4&list=PL7F27699858EC824B&index=7\n禪門寶典--《六祖壇經》-第一堂-8/8\nhttp://www.youtube.com/watch?v=ypyteRGBg44&list=PL7F27699858EC824B&index=8\n\n禪門寶典--《六祖壇經》-第二堂-1/8\nhttp://www.youtube.com/watch?v=A3uH5u7NHtg&list=SPB086028647806A36&index=1\n禪門寶典--《六祖壇經》-第二堂-2/8\nhttp://www.youtube.com/watch?v=6uw9YAtoLR8&list=SPB086028647806A36&index=2\n禪門寶典--《六祖壇經》-第二堂-3/8\nhttp://www.youtube.com/watch?v=t2oM0O9TAWs&list=SPB086028647806A36&index=3\n禪門寶典--《六祖壇經》-第二堂-4/8\nhttp://www.youtube.com/watch?v=MLdnsRvVBGI&list=SPB086028647806A36&index=4\n禪門寶典--《六祖壇經》-第二堂-5/8\nhttp://www.youtube.com/watch?v=lmP60d9lAbo&list=SPB086028647806A36&index=5\n禪門寶典--《六祖壇經》-第二堂-6/8\nhttp://www.youtube.com/watch?v=GWiZfplvSDY&list=SPB086028647806A36&index=6\n禪門寶典--《六祖壇經》-第二堂-7/8\nhttp://www.youtube.com/watch?v=opv4DsiuoxQ&list=SPB086028647806A36&index=7\n禪門寶典--《六祖壇經》-第二堂-8/8\nhttp://www.youtube.com/watch?v=r2AxqbM1gEo&list=SPB086028647806A36&index=8');
INSERT INTO videos(vid, pid, title, description) VALUES('gwGO8DaM5MU', 'PLDuDoO_3m4cY8JW0zRdWkSndjTfa8Yu_E', '禪門寶典--《六祖壇經》-第一堂-2/8', '聖嚴法師曾說：「《六祖壇經》是中國人人愛讀也是人人應讀的書。六祖大師的一生，極為奇特，是一位不參自悟的曠世利根。從《六祖壇經》的內容看來，他的確是佛教成為中國化、普及化而又不落世俗化的開創者。」《六祖壇經》代表了真正中華禪法的特色，是禪宗最根本的一部祖師語錄，淺顯易懂而寓意深遠。主張「於一切時中，行住坐臥，常行直心」是將禪法用於日常生活之中，而不僅限於盤腿打坐，將佛法普遍地活用在人間社會之中。雖其內容精深，運用卻極簡單，這也正是各行各業的人，大家樂意接受而又容易實踐的禪法。\n\n「法鼓講堂」每周三晚間7：00~9：00\n網路直播：http://www.dharmaschool.com/ddm_max/liveclass/liveclassroom.php\n禪門寶典--《六祖壇經》-第一堂-1/8\nhttp://www.youtube.com/watch?v=sUb5t-lxnI0&list=PL7F27699858EC824B&index=1\n禪門寶典--《六祖壇經》-第一堂-2/8\nhttp://www.youtube.com/watch?v=gwGO8DaM5MU&list=PL7F27699858EC824B&index=2\n禪門寶典--《六祖壇經》-第一堂-3/8\nhttp://www.youtube.com/watch?v=CZVQ5wRLdUc&list=PL7F27699858EC824B&index=3\n禪門寶典--《六祖壇經》-第一堂-4/8\nhttp://www.youtube.com/watch?v=a7CtyPpVNB4&list=PL7F27699858EC824B&index=4\n禪門寶典--《六祖壇經》-第一堂-5/8\nhttp://www.youtube.com/watch?v=XgvCxVrYxCg&list=PL7F27699858EC824B&index=5\n禪門寶典--《六祖壇經》-第一堂-6/8\nhttp://www.youtube.com/watch?v=q77ebzqeG6Q&list=PL7F27699858EC824B&index=6\n禪門寶典--《六祖壇經》-第一堂-7/8\nhttp://www.youtube.com/watch?v=yGaMwplKeM4&list=PL7F27699858EC824B&index=7\n禪門寶典--《六祖壇經》-第一堂-8/8\nhttp://www.youtube.com/watch?v=ypyteRGBg44&list=PL7F27699858EC824B&index=8\n\n禪門寶典--《六祖壇經》-第二堂-1/8\nhttp://www.youtube.com/watch?v=A3uH5u7NHtg&list=SPB086028647806A36&index=1\n禪門寶典--《六祖壇經》-第二堂-2/8\nhttp://www.youtube.com/watch?v=6uw9YAtoLR8&list=SPB086028647806A36&index=2\n禪門寶典--《六祖壇經》-第二堂-3/8\nhttp://www.youtube.com/watch?v=t2oM0O9TAWs&list=SPB086028647806A36&index=3\n禪門寶典--《六祖壇經》-第二堂-4/8\nhttp://www.youtube.com/watch?v=MLdnsRvVBGI&list=SPB086028647806A36&index=4\n禪門寶典--《六祖壇經》-第二堂-5/8\nhttp://www.youtube.com/watch?v=lmP60d9lAbo&list=SPB086028647806A36&index=5\n禪門寶典--《六祖壇經》-第二堂-6/8\nhttp://www.youtube.com/watch?v=GWiZfplvSDY&list=SPB086028647806A36&index=6\n禪門寶典--《六祖壇經》-第二堂-7/8\nhttp://www.youtube.com/watch?v=opv4DsiuoxQ&list=SPB086028647806A36&index=7\n禪門寶典--《六祖壇經》-第二堂-8/8\nhttp://www.youtube.com/watch?v=r2AxqbM1gEo&list=SPB086028647806A36&index=8');
INSERT INTO videos(vid, pid, title, description) VALUES('CZVQ5wRLdUc', 'PLDuDoO_3m4cY8JW0zRdWkSndjTfa8Yu_E', '禪門寶典--《六祖壇經》-第一堂-3/8', '聖嚴法師曾說：「《六祖壇經》是中國人人愛讀也是人人應讀的書。六祖大師的一生，極為奇特，是一位不參自悟的曠世利根。從《六祖壇經》的內容看來，他的確是佛教成為中國化、普及化而又不落世俗化的開創者。」《六祖壇經》代表了真正中華禪法的特色，是禪宗最根本的一部祖師語錄，淺顯易懂而寓意深遠。主張「於一切時中，行住坐臥，常行直心」是將禪法用於日常生活之中，而不僅限於盤腿打坐，將佛法普遍地活用在人間社會之中。雖其內容精深，運用卻極簡單，這也正是各行各業的人，大家樂意接受而又容易實踐的禪法。\n\n「法鼓講堂」每周三晚間7：00~9：00\n網路直播：http://www.dharmaschool.com/ddm_max/liveclass/liveclassroom.php\n禪門寶典--《六祖壇經》-第一堂-1/8\nhttp://www.youtube.com/watch?v=sUb5t-lxnI0&list=PL7F27699858EC824B&index=1\n禪門寶典--《六祖壇經》-第一堂-2/8\nhttp://www.youtube.com/watch?v=gwGO8DaM5MU&list=PL7F27699858EC824B&index=2\n禪門寶典--《六祖壇經》-第一堂-3/8\nhttp://www.youtube.com/watch?v=CZVQ5wRLdUc&list=PL7F27699858EC824B&index=3\n禪門寶典--《六祖壇經》-第一堂-4/8\nhttp://www.youtube.com/watch?v=a7CtyPpVNB4&list=PL7F27699858EC824B&index=4\n禪門寶典--《六祖壇經》-第一堂-5/8\nhttp://www.youtube.com/watch?v=XgvCxVrYxCg&list=PL7F27699858EC824B&index=5\n禪門寶典--《六祖壇經》-第一堂-6/8\nhttp://www.youtube.com/watch?v=q77ebzqeG6Q&list=PL7F27699858EC824B&index=6\n禪門寶典--《六祖壇經》-第一堂-7/8\nhttp://www.youtube.com/watch?v=yGaMwplKeM4&list=PL7F27699858EC824B&index=7\n禪門寶典--《六祖壇經》-第一堂-8/8\nhttp://www.youtube.com/watch?v=ypyteRGBg44&list=PL7F27699858EC824B&index=8\n\n禪門寶典--《六祖壇經》-第二堂-1/8\nhttp://www.youtube.com/watch?v=A3uH5u7NHtg&list=SPB086028647806A36&index=1\n禪門寶典--《六祖壇經》-第二堂-2/8\nhttp://www.youtube.com/watch?v=6uw9YAtoLR8&list=SPB086028647806A36&index=2\n禪門寶典--《六祖壇經》-第二堂-3/8\nhttp://www.youtube.com/watch?v=t2oM0O9TAWs&list=SPB086028647806A36&index=3\n禪門寶典--《六祖壇經》-第二堂-4/8\nhttp://www.youtube.com/watch?v=MLdnsRvVBGI&list=SPB086028647806A36&index=4\n禪門寶典--《六祖壇經》-第二堂-5/8\nhttp://www.youtube.com/watch?v=lmP60d9lAbo&list=SPB086028647806A36&index=5\n禪門寶典--《六祖壇經》-第二堂-6/8\nhttp://www.youtube.com/watch?v=GWiZfplvSDY&list=SPB086028647806A36&index=6\n禪門寶典--《六祖壇經》-第二堂-7/8\nhttp://www.youtube.com/watch?v=opv4DsiuoxQ&list=SPB086028647806A36&index=7\n禪門寶典--《六祖壇經》-第二堂-8/8\nhttp://www.youtube.com/watch?v=r2AxqbM1gEo&list=SPB086028647806A36&index=8');
INSERT INTO videos(vid, pid, title, description) VALUES('a7CtyPpVNB4', 'PLDuDoO_3m4cY8JW0zRdWkSndjTfa8Yu_E', '禪門寶典--《六祖壇經》-第一堂-4/8', '聖嚴法師曾說：「《六祖壇經》是中國人人愛讀也是人人應讀的書。六祖大師的一生，極為奇特，是一位不參自悟的曠世利根。從《六祖壇經》的內容看來，他的確是佛教成為中國化、普及化而又不落世俗化的開創者。」《六祖壇經》代表了真正中華禪法的特色，是禪宗最根本的一部祖師語錄，淺顯易懂而寓意深遠。主張「於一切時中，行住坐臥，常行直心」是將禪法用於日常生活之中，而不僅限於盤腿打坐，將佛法普遍地活用在人間社會之中。雖其內容精深，運用卻極簡單，這也正是各行各業的人，大家樂意接受而又容易實踐的禪法。\n\n「法鼓講堂」每周三晚間7：00~9：00\n網路直播：http://www.dharmaschool.com/ddm_max/liveclass/liveclassroom.php\n禪門寶典--《六祖壇經》-第一堂-1/8\nhttp://www.youtube.com/watch?v=sUb5t-lxnI0&list=PL7F27699858EC824B&index=1\n禪門寶典--《六祖壇經》-第一堂-2/8\nhttp://www.youtube.com/watch?v=gwGO8DaM5MU&list=PL7F27699858EC824B&index=2\n禪門寶典--《六祖壇經》-第一堂-3/8\nhttp://www.youtube.com/watch?v=CZVQ5wRLdUc&list=PL7F27699858EC824B&index=3\n禪門寶典--《六祖壇經》-第一堂-4/8\nhttp://www.youtube.com/watch?v=a7CtyPpVNB4&list=PL7F27699858EC824B&index=4\n禪門寶典--《六祖壇經》-第一堂-5/8\nhttp://www.youtube.com/watch?v=XgvCxVrYxCg&list=PL7F27699858EC824B&index=5\n禪門寶典--《六祖壇經》-第一堂-6/8\nhttp://www.youtube.com/watch?v=q77ebzqeG6Q&list=PL7F27699858EC824B&index=6\n禪門寶典--《六祖壇經》-第一堂-7/8\nhttp://www.youtube.com/watch?v=yGaMwplKeM4&list=PL7F27699858EC824B&index=7\n禪門寶典--《六祖壇經》-第一堂-8/8\nhttp://www.youtube.com/watch?v=ypyteRGBg44&list=PL7F27699858EC824B&index=8\n\n禪門寶典--《六祖壇經》-第二堂-1/8\nhttp://www.youtube.com/watch?v=A3uH5u7NHtg&list=SPB086028647806A36&index=1\n禪門寶典--《六祖壇經》-第二堂-2/8\nhttp://www.youtube.com/watch?v=6uw9YAtoLR8&list=SPB086028647806A36&index=2\n禪門寶典--《六祖壇經》-第二堂-3/8\nhttp://www.youtube.com/watch?v=t2oM0O9TAWs&list=SPB086028647806A36&index=3\n禪門寶典--《六祖壇經》-第二堂-4/8\nhttp://www.youtube.com/watch?v=MLdnsRvVBGI&list=SPB086028647806A36&index=4\n禪門寶典--《六祖壇經》-第二堂-5/8\nhttp://www.youtube.com/watch?v=lmP60d9lAbo&list=SPB086028647806A36&index=5\n禪門寶典--《六祖壇經》-第二堂-6/8\nhttp://www.youtube.com/watch?v=GWiZfplvSDY&list=SPB086028647806A36&index=6\n禪門寶典--《六祖壇經》-第二堂-7/8\nhttp://www.youtube.com/watch?v=opv4DsiuoxQ&list=SPB086028647806A36&index=7\n禪門寶典--《六祖壇經》-第二堂-8/8\nhttp://www.youtube.com/watch?v=r2AxqbM1gEo&list=SPB086028647806A36&index=8');
INSERT INTO videos(vid, pid, title, description) VALUES('XgvCxVrYxCg', 'PLDuDoO_3m4cY8JW0zRdWkSndjTfa8Yu_E', '禪門寶典--《六祖壇經》-第一堂-5/8', '聖嚴法師曾說：「《六祖壇經》是中國人人愛讀也是人人應讀的書。六祖大師的一生，極為奇特，是一位不參自悟的曠世利根。從《六祖壇經》的內容看來，他的確是佛教成為中國化、普及化而又不落世俗化的開創者。」《六祖壇經》代表了真正中華禪法的特色，是禪宗最根本的一部祖師語錄，淺顯易懂而寓意深遠。主張「於一切時中，行住坐臥，常行直心」是將禪法用於日常生活之中，而不僅限於盤腿打坐，將佛法普遍地活用在人間社會之中。雖其內容精深，運用卻極簡單，這也正是各行各業的人，大家樂意接受而又容易實踐的禪法。\n\n「法鼓講堂」每周三晚間7：00~9：00\n網路直播：http://www.dharmaschool.com/ddm_max/liveclass/liveclassroom.php\n禪門寶典--《六祖壇經》-第一堂-1/8\nhttp://www.youtube.com/watch?v=sUb5t-lxnI0&list=PL7F27699858EC824B&index=1\n禪門寶典--《六祖壇經》-第一堂-2/8\nhttp://www.youtube.com/watch?v=gwGO8DaM5MU&list=PL7F27699858EC824B&index=2\n禪門寶典--《六祖壇經》-第一堂-3/8\nhttp://www.youtube.com/watch?v=CZVQ5wRLdUc&list=PL7F27699858EC824B&index=3\n禪門寶典--《六祖壇經》-第一堂-4/8\nhttp://www.youtube.com/watch?v=a7CtyPpVNB4&list=PL7F27699858EC824B&index=4\n禪門寶典--《六祖壇經》-第一堂-5/8\nhttp://www.youtube.com/watch?v=XgvCxVrYxCg&list=PL7F27699858EC824B&index=5\n禪門寶典--《六祖壇經》-第一堂-6/8\nhttp://www.youtube.com/watch?v=q77ebzqeG6Q&list=PL7F27699858EC824B&index=6\n禪門寶典--《六祖壇經》-第一堂-7/8\nhttp://www.youtube.com/watch?v=yGaMwplKeM4&list=PL7F27699858EC824B&index=7\n禪門寶典--《六祖壇經》-第一堂-8/8\nhttp://www.youtube.com/watch?v=ypyteRGBg44&list=PL7F27699858EC824B&index=8\n\n禪門寶典--《六祖壇經》-第二堂-1/8\nhttp://www.youtube.com/watch?v=A3uH5u7NHtg&list=SPB086028647806A36&index=1\n禪門寶典--《六祖壇經》-第二堂-2/8\nhttp://www.youtube.com/watch?v=6uw9YAtoLR8&list=SPB086028647806A36&index=2\n禪門寶典--《六祖壇經》-第二堂-3/8\nhttp://www.youtube.com/watch?v=t2oM0O9TAWs&list=SPB086028647806A36&index=3\n禪門寶典--《六祖壇經》-第二堂-4/8\nhttp://www.youtube.com/watch?v=MLdnsRvVBGI&list=SPB086028647806A36&index=4\n禪門寶典--《六祖壇經》-第二堂-5/8\nhttp://www.youtube.com/watch?v=lmP60d9lAbo&list=SPB086028647806A36&index=5\n禪門寶典--《六祖壇經》-第二堂-6/8\nhttp://www.youtube.com/watch?v=GWiZfplvSDY&list=SPB086028647806A36&index=6\n禪門寶典--《六祖壇經》-第二堂-7/8\nhttp://www.youtube.com/watch?v=opv4DsiuoxQ&list=SPB086028647806A36&index=7\n禪門寶典--《六祖壇經》-第二堂-8/8\nhttp://www.youtube.com/watch?v=r2AxqbM1gEo&list=SPB086028647806A36&index=8');
INSERT INTO videos(vid, pid, title, description) VALUES('q77ebzqeG6Q', 'PLDuDoO_3m4cY8JW0zRdWkSndjTfa8Yu_E', '禪門寶典--《六祖壇經》-第一堂-6/8', '聖嚴法師曾說：「《六祖壇經》是中國人人愛讀也是人人應讀的書。六祖大師的一生，極為奇特，是一位不參自悟的曠世利根。從《六祖壇經》的內容看來，他的確是佛教成為中國化、普及化而又不落世俗化的開創者。」《六祖壇經》代表了真正中華禪法的特色，是禪宗最根本的一部祖師語錄，淺顯易懂而寓意深遠。主張「於一切時中，行住坐臥，常行直心」是將禪法用於日常生活之中，而不僅限於盤腿打坐，將佛法普遍地活用在人間社會之中。雖其內容精深，運用卻極簡單，這也正是各行各業的人，大家樂意接受而又容易實踐的禪法。\n\n「法鼓講堂」每周三晚間7：00~9：00\n網路直播：http://www.dharmaschool.com/ddm_max/liveclass/liveclassroom.php\n禪門寶典--《六祖壇經》-第一堂-1/8\nhttp://www.youtube.com/watch?v=sUb5t-lxnI0&list=PL7F27699858EC824B&index=1\n禪門寶典--《六祖壇經》-第一堂-2/8\nhttp://www.youtube.com/watch?v=gwGO8DaM5MU&list=PL7F27699858EC824B&index=2\n禪門寶典--《六祖壇經》-第一堂-3/8\nhttp://www.youtube.com/watch?v=CZVQ5wRLdUc&list=PL7F27699858EC824B&index=3\n禪門寶典--《六祖壇經》-第一堂-4/8\nhttp://www.youtube.com/watch?v=a7CtyPpVNB4&list=PL7F27699858EC824B&index=4\n禪門寶典--《六祖壇經》-第一堂-5/8\nhttp://www.youtube.com/watch?v=XgvCxVrYxCg&list=PL7F27699858EC824B&index=5\n禪門寶典--《六祖壇經》-第一堂-6/8\nhttp://www.youtube.com/watch?v=q77ebzqeG6Q&list=PL7F27699858EC824B&index=6\n禪門寶典--《六祖壇經》-第一堂-7/8\nhttp://www.youtube.com/watch?v=yGaMwplKeM4&list=PL7F27699858EC824B&index=7\n禪門寶典--《六祖壇經》-第一堂-8/8\nhttp://www.youtube.com/watch?v=ypyteRGBg44&list=PL7F27699858EC824B&index=8\n\n禪門寶典--《六祖壇經》-第二堂-1/8\nhttp://www.youtube.com/watch?v=A3uH5u7NHtg&list=SPB086028647806A36&index=1\n禪門寶典--《六祖壇經》-第二堂-2/8\nhttp://www.youtube.com/watch?v=6uw9YAtoLR8&list=SPB086028647806A36&index=2\n禪門寶典--《六祖壇經》-第二堂-3/8\nhttp://www.youtube.com/watch?v=t2oM0O9TAWs&list=SPB086028647806A36&index=3\n禪門寶典--《六祖壇經》-第二堂-4/8\nhttp://www.youtube.com/watch?v=MLdnsRvVBGI&list=SPB086028647806A36&index=4\n禪門寶典--《六祖壇經》-第二堂-5/8\nhttp://www.youtube.com/watch?v=lmP60d9lAbo&list=SPB086028647806A36&index=5\n禪門寶典--《六祖壇經》-第二堂-6/8\nhttp://www.youtube.com/watch?v=GWiZfplvSDY&list=SPB086028647806A36&index=6\n禪門寶典--《六祖壇經》-第二堂-7/8\nhttp://www.youtube.com/watch?v=opv4DsiuoxQ&list=SPB086028647806A36&index=7\n禪門寶典--《六祖壇經》-第二堂-8/8\nhttp://www.youtube.com/watch?v=r2AxqbM1gEo&list=SPB086028647806A36&index=8');
INSERT INTO videos(vid, pid, title, description) VALUES('yGaMwplKeM4', 'PLDuDoO_3m4cY8JW0zRdWkSndjTfa8Yu_E', '禪門寶典--《六祖壇經》-第一堂-7/8', '聖嚴法師曾說：「《六祖壇經》是中國人人愛讀也是人人應讀的書。六祖大師的一生，極為奇特，是一位不參自悟的曠世利根。從《六祖壇經》的內容看來，他的確是佛教成為中國化、普及化而又不落世俗化的開創者。」《六祖壇經》代表了真正中華禪法的特色，是禪宗最根本的一部祖師語錄，淺顯易懂而寓意深遠。主張「於一切時中，行住坐臥，常行直心」是將禪法用於日常生活之中，而不僅限於盤腿打坐，將佛法普遍地活用在人間社會之中。雖其內容精深，運用卻極簡單，這也正是各行各業的人，大家樂意接受而又容易實踐的禪法\n「法鼓講堂」每周三晚間7：00~9：00\n網路直播：http://www.dharmaschool.com/ddm_max/liveclass/liveclassroom.php\n禪門寶典--《六祖壇經》-第一堂-1/8\nhttp://www.youtube.com/watch?v=sUb5t-lxnI0&list=PL7F27699858EC824B&index=1\n禪門寶典--《六祖壇經》-第一堂-2/8\nhttp://www.youtube.com/watch?v=gwGO8DaM5MU&list=PL7F27699858EC824B&index=2\n禪門寶典--《六祖壇經》-第一堂-3/8\nhttp://www.youtube.com/watch?v=CZVQ5wRLdUc&list=PL7F27699858EC824B&index=3\n禪門寶典--《六祖壇經》-第一堂-4/8\nhttp://www.youtube.com/watch?v=a7CtyPpVNB4&list=PL7F27699858EC824B&index=4\n禪門寶典--《六祖壇經》-第一堂-5/8\nhttp://www.youtube.com/watch?v=XgvCxVrYxCg&list=PL7F27699858EC824B&index=5\n禪門寶典--《六祖壇經》-第一堂-6/8\nhttp://www.youtube.com/watch?v=q77ebzqeG6Q&list=PL7F27699858EC824B&index=6\n禪門寶典--《六祖壇經》-第一堂-7/8\nhttp://www.youtube.com/watch?v=yGaMwplKeM4&list=PL7F27699858EC824B&index=7\n禪門寶典--《六祖壇經》-第一堂-8/8\nhttp://www.youtube.com/watch?v=ypyteRGBg44&list=PL7F27699858EC824B&index=8\n\n禪門寶典--《六祖壇經》-第二堂-1/8\nhttp://www.youtube.com/watch?v=A3uH5u7NHtg&list=SPB086028647806A36&index=1\n禪門寶典--《六祖壇經》-第二堂-2/8\nhttp://www.youtube.com/watch?v=6uw9YAtoLR8&list=SPB086028647806A36&index=2\n禪門寶典--《六祖壇經》-第二堂-3/8\nhttp://www.youtube.com/watch?v=t2oM0O9TAWs&list=SPB086028647806A36&index=3\n禪門寶典--《六祖壇經》-第二堂-4/8\nhttp://www.youtube.com/watch?v=MLdnsRvVBGI&list=SPB086028647806A36&index=4\n禪門寶典--《六祖壇經》-第二堂-5/8\nhttp://www.youtube.com/watch?v=lmP60d9lAbo&list=SPB086028647806A36&index=5\n禪門寶典--《六祖壇經》-第二堂-6/8\nhttp://www.youtube.com/watch?v=GWiZfplvSDY&list=SPB086028647806A36&index=6\n禪門寶典--《六祖壇經》-第二堂-7/8\nhttp://www.youtube.com/watch?v=opv4DsiuoxQ&list=SPB086028647806A36&index=7\n禪門寶典--《六祖壇經》-第二堂-8/8\nhttp://www.youtube.com/watch?v=r2AxqbM1gEo&list=SPB086028647806A36&index=8');
INSERT INTO videos(vid, pid, title, description) VALUES('ypyteRGBg44', 'PLDuDoO_3m4cY8JW0zRdWkSndjTfa8Yu_E', '禪門寶典--《六祖壇經》-第一堂-8/8', '聖嚴法師曾說：「《六祖壇經》是中國人人愛讀也是人人應讀的書。六祖大師的一生，極為奇特，是一位不參自悟的曠世利根。從《六祖壇經》的內容看來，他的確是佛教成為中國化、普及化而又不落世俗化的開創者。」《六祖壇經》代表了真正中華禪法的特色，是禪宗最根本的一部祖師語錄，淺顯易懂而寓意深遠。主張「於一切時中，行住坐臥，常行直心」是將禪法用於日常生活之中，而不僅限於盤腿打坐，將佛法普遍地活用在人間社會之中。雖其內容精深，運用卻極簡單，這也正是各行各業的人，大家樂意接受而又容易實踐的禪法。\n\n「法鼓講堂」每周三晚間7：00~9：00\n網路直播：http://www.dharmaschool.com/ddm_max/liveclass/liveclassroom.php\n禪門寶典--《六祖壇經》-第一堂-1/8\nhttp://www.youtube.com/watch?v=sUb5t-lxnI0&list=PL7F27699858EC824B&index=1\n禪門寶典--《六祖壇經》-第一堂-2/8\nhttp://www.youtube.com/watch?v=gwGO8DaM5MU&list=PL7F27699858EC824B&index=2\n禪門寶典--《六祖壇經》-第一堂-3/8\nhttp://www.youtube.com/watch?v=CZVQ5wRLdUc&list=PL7F27699858EC824B&index=3\n禪門寶典--《六祖壇經》-第一堂-4/8\nhttp://www.youtube.com/watch?v=a7CtyPpVNB4&list=PL7F27699858EC824B&index=4\n禪門寶典--《六祖壇經》-第一堂-5/8\nhttp://www.youtube.com/watch?v=XgvCxVrYxCg&list=PL7F27699858EC824B&index=5\n禪門寶典--《六祖壇經》-第一堂-6/8\nhttp://www.youtube.com/watch?v=q77ebzqeG6Q&list=PL7F27699858EC824B&index=6\n禪門寶典--《六祖壇經》-第一堂-7/8\nhttp://www.youtube.com/watch?v=yGaMwplKeM4&list=PL7F27699858EC824B&index=7\n禪門寶典--《六祖壇經》-第一堂-8/8\nhttp://www.youtube.com/watch?v=ypyteRGBg44&list=PL7F27699858EC824B&index=8\n\n禪門寶典--《六祖壇經》-第二堂-1/8\nhttp://www.youtube.com/watch?v=A3uH5u7NHtg&list=SPB086028647806A36&index=1\n禪門寶典--《六祖壇經》-第二堂-2/8\nhttp://www.youtube.com/watch?v=6uw9YAtoLR8&list=SPB086028647806A36&index=2\n禪門寶典--《六祖壇經》-第二堂-3/8\nhttp://www.youtube.com/watch?v=t2oM0O9TAWs&list=SPB086028647806A36&index=3\n禪門寶典--《六祖壇經》-第二堂-4/8\nhttp://www.youtube.com/watch?v=MLdnsRvVBGI&list=SPB086028647806A36&index=4\n禪門寶典--《六祖壇經》-第二堂-5/8\nhttp://www.youtube.com/watch?v=lmP60d9lAbo&list=SPB086028647806A36&index=5\n禪門寶典--《六祖壇經》-第二堂-6/8\nhttp://www.youtube.com/watch?v=GWiZfplvSDY&list=SPB086028647806A36&index=6\n禪門寶典--《六祖壇經》-第二堂-7/8\nhttp://www.youtube.com/watch?v=opv4DsiuoxQ&list=SPB086028647806A36&index=7\n禪門寶典--《六祖壇經》-第二堂-8/8\nhttp://www.youtube.com/watch?v=r2AxqbM1gEo&list=SPB086028647806A36&index=8');
INSERT INTO videos(vid, pid, title, description) VALUES('A3uH5u7NHtg', 'PLDuDoO_3m4cY8JW0zRdWkSndjTfa8Yu_E', '禪門寶典--《六祖壇經》-第二堂-1/8', '第二講，將引領我們認識六祖壇經中最重要的〈般若品〉。讓我們學習般若智慧，活出自在寬廣的生命。壇經云：「善知識！摩訶般若波羅蜜，最尊最上最第一，無住無往亦無來，三世諸佛從中出。當用大智慧，打破五蘊煩惱塵勞。如此修行，定成佛道，變三毒為戒定慧。」本週讓我們一同深入「般若智慧」的內涵以及認識「般若行」修習的方法與要領。豐富內容盡在課程之中，您千萬別錯過喔！\n\n「法鼓講堂」每周三晚間7：00~9：00\n網路直播：http://www.dharmaschool.com/ddm_max/liveclass/liveclassroom.php\n禪門寶典--《六祖壇經》-第一堂-1/8\nhttp://www.youtube.com/watch?v=sUb5t-lxnI0&list=PL7F27699858EC824B&index=1\n禪門寶典--《六祖壇經》-第一堂-2/8\nhttp://www.youtube.com/watch?v=gwGO8DaM5MU&list=PL7F27699858EC824B&index=2\n禪門寶典--《六祖壇經》-第一堂-3/8\nhttp://www.youtube.com/watch?v=CZVQ5wRLdUc&list=PL7F27699858EC824B&index=3\n禪門寶典--《六祖壇經》-第一堂-4/8\nhttp://www.youtube.com/watch?v=a7CtyPpVNB4&list=PL7F27699858EC824B&index=4\n禪門寶典--《六祖壇經》-第一堂-5/8\nhttp://www.youtube.com/watch?v=XgvCxVrYxCg&list=PL7F27699858EC824B&index=5\n禪門寶典--《六祖壇經》-第一堂-6/8\nhttp://www.youtube.com/watch?v=q77ebzqeG6Q&list=PL7F27699858EC824B&index=6\n禪門寶典--《六祖壇經》-第一堂-7/8\nhttp://www.youtube.com/watch?v=yGaMwplKeM4&list=PL7F27699858EC824B&index=7\n禪門寶典--《六祖壇經》-第一堂-8/8\nhttp://www.youtube.com/watch?v=ypyteRGBg44&list=PL7F27699858EC824B&index=8\n\n禪門寶典--《六祖壇經》-第二堂-1/8\nhttp://www.youtube.com/watch?v=A3uH5u7NHtg&list=SPB086028647806A36&index=1\n禪門寶典--《六祖壇經》-第二堂-2/8\nhttp://www.youtube.com/watch?v=6uw9YAtoLR8&list=SPB086028647806A36&index=2\n禪門寶典--《六祖壇經》-第二堂-3/8\nhttp://www.youtube.com/watch?v=t2oM0O9TAWs&list=SPB086028647806A36&index=3\n禪門寶典--《六祖壇經》-第二堂-4/8\nhttp://www.youtube.com/watch?v=MLdnsRvVBGI&list=SPB086028647806A36&index=4\n禪門寶典--《六祖壇經》-第二堂-5/8\nhttp://www.youtube.com/watch?v=lmP60d9lAbo&list=SPB086028647806A36&index=5\n禪門寶典--《六祖壇經》-第二堂-6/8\nhttp://www.youtube.com/watch?v=GWiZfplvSDY&list=SPB086028647806A36&index=6\n禪門寶典--《六祖壇經》-第二堂-7/8\nhttp://www.youtube.com/watch?v=opv4DsiuoxQ&list=SPB086028647806A36&index=7\n禪門寶典--《六祖壇經》-第二堂-8/8\nhttp://www.youtube.com/watch?v=r2AxqbM1gEo&list=SPB086028647806A36&index=8');
INSERT INTO videos(vid, pid, title, description) VALUES('6uw9YAtoLR8', 'PLDuDoO_3m4cY8JW0zRdWkSndjTfa8Yu_E', '禪門寶典--《六祖壇經》-第二堂-2/8', '第二講，將引領我們認識六祖壇經中最重要的〈般若品〉。讓我們學習般若智慧，活出自在寬廣的生命。壇經云：「善知識！摩訶般若波羅蜜，最尊最上最第一，無住無往亦無來，三世諸佛從中出。當用大智慧，打破五蘊煩惱塵勞。如此修行，定成佛道，變三毒為戒定慧。」本週讓我們一同深入「般若智慧」的內涵以及認識「般若行」修習的方法與要領。豐富內容盡在課程之中，您千萬別錯過喔！\n\n「法鼓講堂」每周三晚間7：00~9：00\n網路直播：http://www.dharmaschool.com/ddm_max/liveclass/liveclassroom.php\n禪門寶典--《六祖壇經》-第一堂-1/8\nhttp://www.youtube.com/watch?v=sUb5t-lxnI0&list=PL7F27699858EC824B&index=1\n禪門寶典--《六祖壇經》-第一堂-2/8\nhttp://www.youtube.com/watch?v=gwGO8DaM5MU&list=PL7F27699858EC824B&index=2\n禪門寶典--《六祖壇經》-第一堂-3/8\nhttp://www.youtube.com/watch?v=CZVQ5wRLdUc&list=PL7F27699858EC824B&index=3\n禪門寶典--《六祖壇經》-第一堂-4/8\nhttp://www.youtube.com/watch?v=a7CtyPpVNB4&list=PL7F27699858EC824B&index=4\n禪門寶典--《六祖壇經》-第一堂-5/8\nhttp://www.youtube.com/watch?v=XgvCxVrYxCg&list=PL7F27699858EC824B&index=5\n禪門寶典--《六祖壇經》-第一堂-6/8\nhttp://www.youtube.com/watch?v=q77ebzqeG6Q&list=PL7F27699858EC824B&index=6\n禪門寶典--《六祖壇經》-第一堂-7/8\nhttp://www.youtube.com/watch?v=yGaMwplKeM4&list=PL7F27699858EC824B&index=7\n禪門寶典--《六祖壇經》-第一堂-8/8\nhttp://www.youtube.com/watch?v=ypyteRGBg44&list=PL7F27699858EC824B&index=8\n\n禪門寶典--《六祖壇經》-第二堂-1/8\nhttp://www.youtube.com/watch?v=A3uH5u7NHtg&list=SPB086028647806A36&index=1\n禪門寶典--《六祖壇經》-第二堂-2/8\nhttp://www.youtube.com/watch?v=6uw9YAtoLR8&list=SPB086028647806A36&index=2\n禪門寶典--《六祖壇經》-第二堂-3/8\nhttp://www.youtube.com/watch?v=t2oM0O9TAWs&list=SPB086028647806A36&index=3\n禪門寶典--《六祖壇經》-第二堂-4/8\nhttp://www.youtube.com/watch?v=MLdnsRvVBGI&list=SPB086028647806A36&index=4\n禪門寶典--《六祖壇經》-第二堂-5/8\nhttp://www.youtube.com/watch?v=lmP60d9lAbo&list=SPB086028647806A36&index=5\n禪門寶典--《六祖壇經》-第二堂-6/8\nhttp://www.youtube.com/watch?v=GWiZfplvSDY&list=SPB086028647806A36&index=6\n禪門寶典--《六祖壇經》-第二堂-7/8\nhttp://www.youtube.com/watch?v=opv4DsiuoxQ&list=SPB086028647806A36&index=7\n禪門寶典--《六祖壇經》-第二堂-8/8\nhttp://www.youtube.com/watch?v=r2AxqbM1gEo&list=SPB086028647806A36&index=8');
INSERT INTO videos(vid, pid, title, description) VALUES('t2oM0O9TAWs', 'PLDuDoO_3m4cY8JW0zRdWkSndjTfa8Yu_E', '禪門寶典--《六祖壇經》-第二堂-3/8', '第二講，將引領我們認識六祖壇經中最重要的〈般若品〉。讓我們學習般若智慧，活出自在寬廣的生命。壇經云：「善知識！摩訶般若波羅蜜，最尊最上最第一，無住無往亦無來，三世諸佛從中出。當用大智慧，打破五蘊煩惱塵勞。如此修行，定成佛道，變三毒為戒定慧。」本週讓我們一同深入「般若智慧」的內涵以及認識「般若行」修習的方法與要領。豐富內容盡在課程之中，您千萬別錯過喔！\n\n「法鼓講堂」每周三晚間7：00~9：00\n網路直播：http://www.dharmaschool.com/ddm_max/liveclass/liveclassroom.php\n禪門寶典--《六祖壇經》-第一堂-1/8\nhttp://www.youtube.com/watch?v=sUb5t-lxnI0&list=PL7F27699858EC824B&index=1\n禪門寶典--《六祖壇經》-第一堂-2/8\nhttp://www.youtube.com/watch?v=gwGO8DaM5MU&list=PL7F27699858EC824B&index=2\n禪門寶典--《六祖壇經》-第一堂-3/8\nhttp://www.youtube.com/watch?v=CZVQ5wRLdUc&list=PL7F27699858EC824B&index=3\n禪門寶典--《六祖壇經》-第一堂-4/8\nhttp://www.youtube.com/watch?v=a7CtyPpVNB4&list=PL7F27699858EC824B&index=4\n禪門寶典--《六祖壇經》-第一堂-5/8\nhttp://www.youtube.com/watch?v=XgvCxVrYxCg&list=PL7F27699858EC824B&index=5\n禪門寶典--《六祖壇經》-第一堂-6/8\nhttp://www.youtube.com/watch?v=q77ebzqeG6Q&list=PL7F27699858EC824B&index=6\n禪門寶典--《六祖壇經》-第一堂-7/8\nhttp://www.youtube.com/watch?v=yGaMwplKeM4&list=PL7F27699858EC824B&index=7\n禪門寶典--《六祖壇經》-第一堂-8/8\nhttp://www.youtube.com/watch?v=ypyteRGBg44&list=PL7F27699858EC824B&index=8\n\n禪門寶典--《六祖壇經》-第二堂-1/8\nhttp://www.youtube.com/watch?v=A3uH5u7NHtg&list=SPB086028647806A36&index=1\n禪門寶典--《六祖壇經》-第二堂-2/8\nhttp://www.youtube.com/watch?v=6uw9YAtoLR8&list=SPB086028647806A36&index=2\n禪門寶典--《六祖壇經》-第二堂-3/8\nhttp://www.youtube.com/watch?v=t2oM0O9TAWs&list=SPB086028647806A36&index=3\n禪門寶典--《六祖壇經》-第二堂-4/8\nhttp://www.youtube.com/watch?v=MLdnsRvVBGI&list=SPB086028647806A36&index=4\n禪門寶典--《六祖壇經》-第二堂-5/8\nhttp://www.youtube.com/watch?v=lmP60d9lAbo&list=SPB086028647806A36&index=5\n禪門寶典--《六祖壇經》-第二堂-6/8\nhttp://www.youtube.com/watch?v=GWiZfplvSDY&list=SPB086028647806A36&index=6\n禪門寶典--《六祖壇經》-第二堂-7/8\nhttp://www.youtube.com/watch?v=opv4DsiuoxQ&list=SPB086028647806A36&index=7\n禪門寶典--《六祖壇經》-第二堂-8/8\nhttp://www.youtube.com/watch?v=r2AxqbM1gEo&list=SPB086028647806A36&index=8');
INSERT INTO videos(vid, pid, title, description) VALUES('MLdnsRvVBGI', 'PLDuDoO_3m4cY8JW0zRdWkSndjTfa8Yu_E', '禪門寶典--《六祖壇經》-第二堂-4/8', '第二講，將引領我們認識六祖壇經中最重要的〈般若品〉。讓我們學習般若智慧，活出自在寬廣的生命。壇經云：「善知識！摩訶般若波羅蜜，最尊最上最第一，無住無往亦無來，三世諸佛從中出。當用大智慧，打破五蘊煩惱塵勞。如此修行，定成佛道，變三毒為戒定慧。」本週讓我們一同深入「般若智慧」的內涵以及認識「般若行」修習的方法與要領。豐富內容盡在課程之中，您千萬別錯過喔！\n\n「法鼓講堂」每周三晚間7：00~9：00\n網路直播：http://www.dharmaschool.com/ddm_max/liveclass/liveclassroom.php\n禪門寶典--《六祖壇經》-第一堂-1/8\nhttp://www.youtube.com/watch?v=sUb5t-lxnI0&list=PL7F27699858EC824B&index=1\n禪門寶典--《六祖壇經》-第一堂-2/8\nhttp://www.youtube.com/watch?v=gwGO8DaM5MU&list=PL7F27699858EC824B&index=2\n禪門寶典--《六祖壇經》-第一堂-3/8\nhttp://www.youtube.com/watch?v=CZVQ5wRLdUc&list=PL7F27699858EC824B&index=3\n禪門寶典--《六祖壇經》-第一堂-4/8\nhttp://www.youtube.com/watch?v=a7CtyPpVNB4&list=PL7F27699858EC824B&index=4\n禪門寶典--《六祖壇經》-第一堂-5/8\nhttp://www.youtube.com/watch?v=XgvCxVrYxCg&list=PL7F27699858EC824B&index=5\n禪門寶典--《六祖壇經》-第一堂-6/8\nhttp://www.youtube.com/watch?v=q77ebzqeG6Q&list=PL7F27699858EC824B&index=6\n禪門寶典--《六祖壇經》-第一堂-7/8\nhttp://www.youtube.com/watch?v=yGaMwplKeM4&list=PL7F27699858EC824B&index=7\n禪門寶典--《六祖壇經》-第一堂-8/8\nhttp://www.youtube.com/watch?v=ypyteRGBg44&list=PL7F27699858EC824B&index=8\n\n禪門寶典--《六祖壇經》-第二堂-1/8\nhttp://www.youtube.com/watch?v=A3uH5u7NHtg&list=SPB086028647806A36&index=1\n禪門寶典--《六祖壇經》-第二堂-2/8\nhttp://www.youtube.com/watch?v=6uw9YAtoLR8&list=SPB086028647806A36&index=2\n禪門寶典--《六祖壇經》-第二堂-3/8\nhttp://www.youtube.com/watch?v=t2oM0O9TAWs&list=SPB086028647806A36&index=3\n禪門寶典--《六祖壇經》-第二堂-4/8\nhttp://www.youtube.com/watch?v=MLdnsRvVBGI&list=SPB086028647806A36&index=4\n禪門寶典--《六祖壇經》-第二堂-5/8\nhttp://www.youtube.com/watch?v=lmP60d9lAbo&list=SPB086028647806A36&index=5\n禪門寶典--《六祖壇經》-第二堂-6/8\nhttp://www.youtube.com/watch?v=GWiZfplvSDY&list=SPB086028647806A36&index=6\n禪門寶典--《六祖壇經》-第二堂-7/8\nhttp://www.youtube.com/watch?v=opv4DsiuoxQ&list=SPB086028647806A36&index=7\n禪門寶典--《六祖壇經》-第二堂-8/8\nhttp://www.youtube.com/watch?v=r2AxqbM1gEo&list=SPB086028647806A36&index=8');
INSERT INTO videos(vid, pid, title, description) VALUES('lmP60d9lAbo', 'PLDuDoO_3m4cY8JW0zRdWkSndjTfa8Yu_E', '禪門寶典--《六祖壇經》-第二堂-5/8', '第二講，將引領我們認識六祖壇經中最重要的〈般若品〉。讓我們學習般若智慧，活出自在寬廣的生命。壇經云：「善知識！摩訶般若波羅蜜，最尊最上最第一，無住無往亦無來，三世諸佛從中出。當用大智慧，打破五蘊煩惱塵勞。如此修行，定成佛道，變三毒為戒定慧。」本週讓我們一同深入「般若智慧」的內涵以及認識「般若行」修習的方法與要領。豐富內容盡在課程之中，您千萬別錯過喔！\n\n「法鼓講堂」每周三晚間7：00~9：00\n網路直播：http://www.dharmaschool.com/ddm_max/liveclass/liveclassroom.php\n禪門寶典--《六祖壇經》-第一堂-1/8\nhttp://www.youtube.com/watch?v=sUb5t-lxnI0&list=PL7F27699858EC824B&index=1\n禪門寶典--《六祖壇經》-第一堂-2/8\nhttp://www.youtube.com/watch?v=gwGO8DaM5MU&list=PL7F27699858EC824B&index=2\n禪門寶典--《六祖壇經》-第一堂-3/8\nhttp://www.youtube.com/watch?v=CZVQ5wRLdUc&list=PL7F27699858EC824B&index=3\n禪門寶典--《六祖壇經》-第一堂-4/8\nhttp://www.youtube.com/watch?v=a7CtyPpVNB4&list=PL7F27699858EC824B&index=4\n禪門寶典--《六祖壇經》-第一堂-5/8\nhttp://www.youtube.com/watch?v=XgvCxVrYxCg&list=PL7F27699858EC824B&index=5\n禪門寶典--《六祖壇經》-第一堂-6/8\nhttp://www.youtube.com/watch?v=q77ebzqeG6Q&list=PL7F27699858EC824B&index=6\n禪門寶典--《六祖壇經》-第一堂-7/8\nhttp://www.youtube.com/watch?v=yGaMwplKeM4&list=PL7F27699858EC824B&index=7\n禪門寶典--《六祖壇經》-第一堂-8/8\nhttp://www.youtube.com/watch?v=ypyteRGBg44&list=PL7F27699858EC824B&index=8\n\n禪門寶典--《六祖壇經》-第二堂-1/8\nhttp://www.youtube.com/watch?v=A3uH5u7NHtg&list=SPB086028647806A36&index=1\n禪門寶典--《六祖壇經》-第二堂-2/8\nhttp://www.youtube.com/watch?v=6uw9YAtoLR8&list=SPB086028647806A36&index=2\n禪門寶典--《六祖壇經》-第二堂-3/8\nhttp://www.youtube.com/watch?v=t2oM0O9TAWs&list=SPB086028647806A36&index=3\n禪門寶典--《六祖壇經》-第二堂-4/8\nhttp://www.youtube.com/watch?v=MLdnsRvVBGI&list=SPB086028647806A36&index=4\n禪門寶典--《六祖壇經》-第二堂-5/8\nhttp://www.youtube.com/watch?v=lmP60d9lAbo&list=SPB086028647806A36&index=5\n禪門寶典--《六祖壇經》-第二堂-6/8\nhttp://www.youtube.com/watch?v=GWiZfplvSDY&list=SPB086028647806A36&index=6\n禪門寶典--《六祖壇經》-第二堂-7/8\nhttp://www.youtube.com/watch?v=opv4DsiuoxQ&list=SPB086028647806A36&index=7\n禪門寶典--《六祖壇經》-第二堂-8/8\nhttp://www.youtube.com/watch?v=r2AxqbM1gEo&list=SPB086028647806A36&index=8');
INSERT INTO videos(vid, pid, title, description) VALUES('GWiZfplvSDY', 'PLDuDoO_3m4cY8JW0zRdWkSndjTfa8Yu_E', '禪門寶典--《六祖壇經》-第二堂-6/8', '第二講，將引領我們認識六祖壇經中最重要的〈般若品〉。讓我們學習般若智慧，活出自在寬廣的生命。壇經云：「善知識！摩訶般若波羅蜜，最尊最上最第一，無住無往亦無來，三世諸佛從中出。當用大智慧，打破五蘊煩惱塵勞。如此修行，定成佛道，變三毒為戒定慧。」本週讓我們一同深入「般若智慧」的內涵以及認識「般若行」修習的方法與要領。豐富內容盡在課程之中，您千萬別錯過喔！\n\n「法鼓講堂」每周三晚間7：00~9：00\n網路直播：http://www.dharmaschool.com/ddm_max/liveclass/liveclassroom.php\n禪門寶典--《六祖壇經》-第一堂-1/8\nhttp://www.youtube.com/watch?v=sUb5t-lxnI0&list=PL7F27699858EC824B&index=1\n禪門寶典--《六祖壇經》-第一堂-2/8\nhttp://www.youtube.com/watch?v=gwGO8DaM5MU&list=PL7F27699858EC824B&index=2\n禪門寶典--《六祖壇經》-第一堂-3/8\nhttp://www.youtube.com/watch?v=CZVQ5wRLdUc&list=PL7F27699858EC824B&index=3\n禪門寶典--《六祖壇經》-第一堂-4/8\nhttp://www.youtube.com/watch?v=a7CtyPpVNB4&list=PL7F27699858EC824B&index=4\n禪門寶典--《六祖壇經》-第一堂-5/8\nhttp://www.youtube.com/watch?v=XgvCxVrYxCg&list=PL7F27699858EC824B&index=5\n禪門寶典--《六祖壇經》-第一堂-6/8\nhttp://www.youtube.com/watch?v=q77ebzqeG6Q&list=PL7F27699858EC824B&index=6\n禪門寶典--《六祖壇經》-第一堂-7/8\nhttp://www.youtube.com/watch?v=yGaMwplKeM4&list=PL7F27699858EC824B&index=7\n禪門寶典--《六祖壇經》-第一堂-8/8\nhttp://www.youtube.com/watch?v=ypyteRGBg44&list=PL7F27699858EC824B&index=8\n\n禪門寶典--《六祖壇經》-第二堂-1/8\nhttp://www.youtube.com/watch?v=A3uH5u7NHtg&list=SPB086028647806A36&index=1\n禪門寶典--《六祖壇經》-第二堂-2/8\nhttp://www.youtube.com/watch?v=6uw9YAtoLR8&list=SPB086028647806A36&index=2\n禪門寶典--《六祖壇經》-第二堂-3/8\nhttp://www.youtube.com/watch?v=t2oM0O9TAWs&list=SPB086028647806A36&index=3\n禪門寶典--《六祖壇經》-第二堂-4/8\nhttp://www.youtube.com/watch?v=MLdnsRvVBGI&list=SPB086028647806A36&index=4\n禪門寶典--《六祖壇經》-第二堂-5/8\nhttp://www.youtube.com/watch?v=lmP60d9lAbo&list=SPB086028647806A36&index=5\n禪門寶典--《六祖壇經》-第二堂-6/8\nhttp://www.youtube.com/watch?v=GWiZfplvSDY&list=SPB086028647806A36&index=6\n禪門寶典--《六祖壇經》-第二堂-7/8\nhttp://www.youtube.com/watch?v=opv4DsiuoxQ&list=SPB086028647806A36&index=7\n禪門寶典--《六祖壇經》-第二堂-8/8\nhttp://www.youtube.com/watch?v=r2AxqbM1gEo&list=SPB086028647806A36&index=8');
INSERT INTO videos(vid, pid, title, description) VALUES('opv4DsiuoxQ', 'PLDuDoO_3m4cY8JW0zRdWkSndjTfa8Yu_E', '禪門寶典--《六祖壇經》-第二堂-7/8', '第二講，將引領我們認識六祖壇經中最重要的〈般若品〉。讓我們學習般若智慧，活出自在寬廣的生命。壇經云：「善知識！摩訶般若波羅蜜，最尊最上最第一，無住無往亦無來，三世諸佛從中出。當用大智慧，打破五蘊煩惱塵勞。如此修行，定成佛道，變三毒為戒定慧。」本週讓我們一同深入「般若智慧」的內涵以及認識「般若行」修習的方法與要領。豐富內容盡在課程之中，您千萬別錯過喔！\n\n「法鼓講堂」每周三晚間7：00~9：00\n網路直播：http://www.dharmaschool.com/ddm_max/liveclass/liveclassroom.php\n禪門寶典--《六祖壇經》-第一堂-1/8\nhttp://www.youtube.com/watch?v=sUb5t-lxnI0&list=PL7F27699858EC824B&index=1\n禪門寶典--《六祖壇經》-第一堂-2/8\nhttp://www.youtube.com/watch?v=gwGO8DaM5MU&list=PL7F27699858EC824B&index=2\n禪門寶典--《六祖壇經》-第一堂-3/8\nhttp://www.youtube.com/watch?v=CZVQ5wRLdUc&list=PL7F27699858EC824B&index=3\n禪門寶典--《六祖壇經》-第一堂-4/8\nhttp://www.youtube.com/watch?v=a7CtyPpVNB4&list=PL7F27699858EC824B&index=4\n禪門寶典--《六祖壇經》-第一堂-5/8\nhttp://www.youtube.com/watch?v=XgvCxVrYxCg&list=PL7F27699858EC824B&index=5\n禪門寶典--《六祖壇經》-第一堂-6/8\nhttp://www.youtube.com/watch?v=q77ebzqeG6Q&list=PL7F27699858EC824B&index=6\n禪門寶典--《六祖壇經》-第一堂-7/8\nhttp://www.youtube.com/watch?v=yGaMwplKeM4&list=PL7F27699858EC824B&index=7\n禪門寶典--《六祖壇經》-第一堂-8/8\nhttp://www.youtube.com/watch?v=ypyteRGBg44&list=PL7F27699858EC824B&index=8\n\n禪門寶典--《六祖壇經》-第二堂-1/8\nhttp://www.youtube.com/watch?v=A3uH5u7NHtg&list=SPB086028647806A36&index=1\n禪門寶典--《六祖壇經》-第二堂-2/8\nhttp://www.youtube.com/watch?v=6uw9YAtoLR8&list=SPB086028647806A36&index=2\n禪門寶典--《六祖壇經》-第二堂-3/8\nhttp://www.youtube.com/watch?v=t2oM0O9TAWs&list=SPB086028647806A36&index=3\n禪門寶典--《六祖壇經》-第二堂-4/8\nhttp://www.youtube.com/watch?v=MLdnsRvVBGI&list=SPB086028647806A36&index=4\n禪門寶典--《六祖壇經》-第二堂-5/8\nhttp://www.youtube.com/watch?v=lmP60d9lAbo&list=SPB086028647806A36&index=5\n禪門寶典--《六祖壇經》-第二堂-6/8\nhttp://www.youtube.com/watch?v=GWiZfplvSDY&list=SPB086028647806A36&index=6\n禪門寶典--《六祖壇經》-第二堂-7/8\nhttp://www.youtube.com/watch?v=opv4DsiuoxQ&list=SPB086028647806A36&index=7\n禪門寶典--《六祖壇經》-第二堂-8/8\nhttp://www.youtube.com/watch?v=r2AxqbM1gEo&list=SPB086028647806A36&index=8');
INSERT INTO videos(vid, pid, title, description) VALUES('r2AxqbM1gEo', 'PLDuDoO_3m4cY8JW0zRdWkSndjTfa8Yu_E', '禪門寶典--《六祖壇經》-第二堂-8/8', '第二講，將引領我們認識六祖壇經中最重要的〈般若品〉。讓我們學習般若智慧，活出自在寬廣的生命。壇經云：「善知識！摩訶般若波羅蜜，最尊最上最第一，無住無往亦無來，三世諸佛從中出。當用大智慧，打破五蘊煩惱塵勞。如此修行，定成佛道，變三毒為戒定慧。」本週讓我們一同深入「般若智慧」的內涵以及認識「般若行」修習的方法與要領。豐富內容盡在課程之中，您千萬別錯過喔！\n\n「法鼓講堂」每周三晚間7：00~9：00\n網路直播：http://www.dharmaschool.com/ddm_max/liveclass/liveclassroom.php\n禪門寶典--《六祖壇經》-第一堂-1/8\nhttp://www.youtube.com/watch?v=sUb5t-lxnI0&list=PL7F27699858EC824B&index=1\n禪門寶典--《六祖壇經》-第一堂-2/8\nhttp://www.youtube.com/watch?v=gwGO8DaM5MU&list=PL7F27699858EC824B&index=2\n禪門寶典--《六祖壇經》-第一堂-3/8\nhttp://www.youtube.com/watch?v=CZVQ5wRLdUc&list=PL7F27699858EC824B&index=3\n禪門寶典--《六祖壇經》-第一堂-4/8\nhttp://www.youtube.com/watch?v=a7CtyPpVNB4&list=PL7F27699858EC824B&index=4\n禪門寶典--《六祖壇經》-第一堂-5/8\nhttp://www.youtube.com/watch?v=XgvCxVrYxCg&list=PL7F27699858EC824B&index=5\n禪門寶典--《六祖壇經》-第一堂-6/8\nhttp://www.youtube.com/watch?v=q77ebzqeG6Q&list=PL7F27699858EC824B&index=6\n禪門寶典--《六祖壇經》-第一堂-7/8\nhttp://www.youtube.com/watch?v=yGaMwplKeM4&list=PL7F27699858EC824B&index=7\n禪門寶典--《六祖壇經》-第一堂-8/8\nhttp://www.youtube.com/watch?v=ypyteRGBg44&list=PL7F27699858EC824B&index=8\n\n禪門寶典--《六祖壇經》-第二堂-1/8\nhttp://www.youtube.com/watch?v=A3uH5u7NHtg&list=SPB086028647806A36&index=1\n禪門寶典--《六祖壇經》-第二堂-2/8\nhttp://www.youtube.com/watch?v=6uw9YAtoLR8&list=SPB086028647806A36&index=2\n禪門寶典--《六祖壇經》-第二堂-3/8\nhttp://www.youtube.com/watch?v=t2oM0O9TAWs&list=SPB086028647806A36&index=3\n禪門寶典--《六祖壇經》-第二堂-4/8\nhttp://www.youtube.com/watch?v=MLdnsRvVBGI&list=SPB086028647806A36&index=4\n禪門寶典--《六祖壇經》-第二堂-5/8\nhttp://www.youtube.com/watch?v=lmP60d9lAbo&list=SPB086028647806A36&index=5\n禪門寶典--《六祖壇經》-第二堂-6/8\nhttp://www.youtube.com/watch?v=GWiZfplvSDY&list=SPB086028647806A36&index=6\n禪門寶典--《六祖壇經》-第二堂-7/8\nhttp://www.youtube.com/watch?v=opv4DsiuoxQ&list=SPB086028647806A36&index=7\n禪門寶典--《六祖壇經》-第二堂-8/8\nhttp://www.youtube.com/watch?v=r2AxqbM1gEo&list=SPB086028647806A36&index=8');
INSERT INTO videos(vid, pid, title, description) VALUES('SwjGNDqqEZw', 'PLDuDoO_3m4cY8JW0zRdWkSndjTfa8Yu_E', '禪門寶典--《六祖壇經》-第三堂-1/9', '本周第三講，將引領我們了解「漢傳禪法」的智慧與特色，內容包含「無念、無相、無住」的智慧心法，以及在日常生活中實踐禪法的特色，也就是六祖惠能所說之一行三昧，「於一切處，行住坐臥，常行一直心是也」。不論何時何地，只要以豁達的心胸、開闊的眼光、平常的心態來待人接物，即可透過禪的智慧，領略「語默動靜」皆安然的法喜喔。精彩內容，您千萬別錯過！\n\n「法鼓講堂」每周三晚間7：00~9：00\n網路直播：http://www.dharmaschool.com/ddm_max/liveclass/liveclassroom.php\n\n禪門寶典--《六祖壇經》-第三堂-1/9\nhttp://www.youtube.com/watch?v=SwjGNDqqEZw&list=SP6112A8AA5516CC57&index=1\n禪門寶典--《六祖壇經》-第三堂-2/9\nhttp://www.youtube.com/watch?v=5j2E6slNC4g&list=SP6112A8AA5516CC57&index=2\n禪門寶典--《六祖壇經》-第三堂-3/9\nhttp://www.youtube.com/watch?v=4xJ8xuEGD3Q&list=SP6112A8AA5516CC57&index=3\n禪門寶典--《六祖壇經》-第三堂-4/9\nhttp://www.youtube.com/watch?v=NCrtzLtrD-0&list=SP6112A8AA5516CC57&index=4\n禪門寶典--《六祖壇經》-第三堂-5/9\nhttp://www.youtube.com/watch?v=yq9uv_mHflg&list=SP6112A8AA5516CC57&index=5\n禪門寶典--《六祖壇經》-第三堂-6/9\nhttp://www.youtube.com/watch?v=LvCbKuBqb7I&list=SP6112A8AA5516CC57&index=6\n禪門寶典--《六祖壇經》-第三堂-7/9\nhttp://www.youtube.com/watch?v=TJ8BbeL4sy4&list=SP6112A8AA5516CC57&index=7\n禪門寶典--《六祖壇經》-第三堂-8/9\nhttp://www.youtube.com/watch?v=Bi9Iu8slabI&list=SP6112A8AA5516CC57&index=8\n禪門寶典--《六祖壇經》-第三堂-9/9\nhttp://www.youtube.com/watch?v=nFSdroIVGts&list=SP6112A8AA5516CC57&index=9\n\n禪門寶典--《六祖壇經》-第四堂-1/8\nhttp://www.youtube.com/watch?v=uZJI8Di0RSY&list=PL2C98F8E710FE0F1A\n禪門寶典--《六祖壇經》-第四堂-2/8\nhttp://www.youtube.com/watch?v=ybMZEnrYjso&list=PL2C98F8E710FE0F1A&index=2\n禪門寶典--《六祖壇經》-第四堂-3/8\nhttp://www.youtube.com/watch?v=VkWD3ctORLQ&list=PL2C98F8E710FE0F1A&index=3\n禪門寶典--《六祖壇經》-第四堂-4/8\nhttp://www.youtube.com/watch?v=g-49kvjc5F0&list=PL2C98F8E710FE0F1A&index=4\n禪門寶典--《六祖壇經》-第四堂-5/8\nhttp://www.youtube.com/watch?v=MgC7ia5LVXM&list=PL2C98F8E710FE0F1A&index=5\n禪門寶典--《六祖壇經》-第四堂-6/8\nhttp://www.youtube.com/watch?v=LqLdFXJ-GG0&list=PL2C98F8E710FE0F1A&index=6\n禪門寶典--《六祖壇經》-第四堂-7/8\nhttp://www.youtube.com/watch?v=8PFHsnJboSI&list=PL2C98F8E710FE0F1A&index=7\n禪門寶典--《六祖壇經》-第四堂-8/8\nhttp://www.youtube.com/watch?v=93p5948OqlQ&list=PL2C98F8E710FE0F1A&index=8');
INSERT INTO videos(vid, pid, title, description) VALUES('5j2E6slNC4g', 'PLDuDoO_3m4cY8JW0zRdWkSndjTfa8Yu_E', '禪門寶典--《六祖壇經》-第三堂-2/9', '本周第三講，將引領我們了解「漢傳禪法」的智慧與特色，內容包含「無念、無相、無住」的智慧心法，以及在日常生活中實踐禪法的特色，也就是六祖惠能所說之一行三昧，「於一切處，行住坐臥，常行一直心是也」。不論何時何地，只要以豁達的心胸、開闊的眼光、平常的心態來待人接物，即可透過禪的智慧，領略「語默動靜」皆安然的法喜喔。精彩內容，您千萬別錯過！\n\n「法鼓講堂」每周三晚間7：00~9：00\n網路直播：http://www.dharmaschool.com/ddm_max/liveclass/liveclassroom.php\n\n禪門寶典--《六祖壇經》-第三堂-1/9\nhttp://www.youtube.com/watch?v=SwjGNDqqEZw&list=SP6112A8AA5516CC57&index=1\n禪門寶典--《六祖壇經》-第三堂-2/9\nhttp://www.youtube.com/watch?v=5j2E6slNC4g&list=SP6112A8AA5516CC57&index=2\n禪門寶典--《六祖壇經》-第三堂-3/9\nhttp://www.youtube.com/watch?v=4xJ8xuEGD3Q&list=SP6112A8AA5516CC57&index=3\n禪門寶典--《六祖壇經》-第三堂-4/9\nhttp://www.youtube.com/watch?v=NCrtzLtrD-0&list=SP6112A8AA5516CC57&index=4\n禪門寶典--《六祖壇經》-第三堂-5/9\nhttp://www.youtube.com/watch?v=yq9uv_mHflg&list=SP6112A8AA5516CC57&index=5\n禪門寶典--《六祖壇經》-第三堂-6/9\nhttp://www.youtube.com/watch?v=LvCbKuBqb7I&list=SP6112A8AA5516CC57&index=6\n禪門寶典--《六祖壇經》-第三堂-7/9\nhttp://www.youtube.com/watch?v=TJ8BbeL4sy4&list=SP6112A8AA5516CC57&index=7\n禪門寶典--《六祖壇經》-第三堂-8/9\nhttp://www.youtube.com/watch?v=Bi9Iu8slabI&list=SP6112A8AA5516CC57&index=8\n禪門寶典--《六祖壇經》-第三堂-9/9\nhttp://www.youtube.com/watch?v=nFSdroIVGts&list=SP6112A8AA5516CC57&index=9\n\n禪門寶典--《六祖壇經》-第四堂-1/8\nhttp://www.youtube.com/watch?v=uZJI8Di0RSY&list=PL2C98F8E710FE0F1A\n禪門寶典--《六祖壇經》-第四堂-2/8\nhttp://www.youtube.com/watch?v=ybMZEnrYjso&list=PL2C98F8E710FE0F1A&index=2\n禪門寶典--《六祖壇經》-第四堂-3/8\nhttp://www.youtube.com/watch?v=VkWD3ctORLQ&list=PL2C98F8E710FE0F1A&index=3\n禪門寶典--《六祖壇經》-第四堂-4/8\nhttp://www.youtube.com/watch?v=g-49kvjc5F0&list=PL2C98F8E710FE0F1A&index=4\n禪門寶典--《六祖壇經》-第四堂-5/8\nhttp://www.youtube.com/watch?v=MgC7ia5LVXM&list=PL2C98F8E710FE0F1A&index=5\n禪門寶典--《六祖壇經》-第四堂-6/8\nhttp://www.youtube.com/watch?v=LqLdFXJ-GG0&list=PL2C98F8E710FE0F1A&index=6\n禪門寶典--《六祖壇經》-第四堂-7/8\nhttp://www.youtube.com/watch?v=8PFHsnJboSI&list=PL2C98F8E710FE0F1A&index=7\n禪門寶典--《六祖壇經》-第四堂-8/8\nhttp://www.youtube.com/watch?v=93p5948OqlQ&list=PL2C98F8E710FE0F1A&index=8');
INSERT INTO videos(vid, pid, title, description) VALUES('4xJ8xuEGD3Q', 'PLDuDoO_3m4cY8JW0zRdWkSndjTfa8Yu_E', '禪門寶典--《六祖壇經》-第三堂-3/9', '本周第三講，將引領我們了解「漢傳禪法」的智慧與特色，內容包含「無念、無相、無住」的智慧心法，以及在日常生活中實踐禪法的特色，也就是六祖惠能所說之一行三昧，「於一切處，行住坐臥，常行一直心是也」。不論何時何地，只要以豁達的心胸、開闊的眼光、平常的心態來待人接物，即可透過禪的智慧，領略「語默動靜」皆安然的法喜喔。精彩內容，您千萬別錯過！\n\n「法鼓講堂」每周三晚間7：00~9：00\n網路直播：http://www.dharmaschool.com/ddm_max/liveclass/liveclassroom.php\n\n禪門寶典--《六祖壇經》-第三堂-1/9\nhttp://www.youtube.com/watch?v=SwjGNDqqEZw&list=SP6112A8AA5516CC57&index=1\n禪門寶典--《六祖壇經》-第三堂-2/9\nhttp://www.youtube.com/watch?v=5j2E6slNC4g&list=SP6112A8AA5516CC57&index=2\n禪門寶典--《六祖壇經》-第三堂-3/9\nhttp://www.youtube.com/watch?v=4xJ8xuEGD3Q&list=SP6112A8AA5516CC57&index=3\n禪門寶典--《六祖壇經》-第三堂-4/9\nhttp://www.youtube.com/watch?v=NCrtzLtrD-0&list=SP6112A8AA5516CC57&index=4\n禪門寶典--《六祖壇經》-第三堂-5/9\nhttp://www.youtube.com/watch?v=yq9uv_mHflg&list=SP6112A8AA5516CC57&index=5\n禪門寶典--《六祖壇經》-第三堂-6/9\nhttp://www.youtube.com/watch?v=LvCbKuBqb7I&list=SP6112A8AA5516CC57&index=6\n禪門寶典--《六祖壇經》-第三堂-7/9\nhttp://www.youtube.com/watch?v=TJ8BbeL4sy4&list=SP6112A8AA5516CC57&index=7\n禪門寶典--《六祖壇經》-第三堂-8/9\nhttp://www.youtube.com/watch?v=Bi9Iu8slabI&list=SP6112A8AA5516CC57&index=8\n禪門寶典--《六祖壇經》-第三堂-9/9\nhttp://www.youtube.com/watch?v=nFSdroIVGts&list=SP6112A8AA5516CC57&index=9\n\n禪門寶典--《六祖壇經》-第四堂-1/8\nhttp://www.youtube.com/watch?v=uZJI8Di0RSY&list=PL2C98F8E710FE0F1A\n禪門寶典--《六祖壇經》-第四堂-2/8\nhttp://www.youtube.com/watch?v=ybMZEnrYjso&list=PL2C98F8E710FE0F1A&index=2\n禪門寶典--《六祖壇經》-第四堂-3/8\nhttp://www.youtube.com/watch?v=VkWD3ctORLQ&list=PL2C98F8E710FE0F1A&index=3\n禪門寶典--《六祖壇經》-第四堂-4/8\nhttp://www.youtube.com/watch?v=g-49kvjc5F0&list=PL2C98F8E710FE0F1A&index=4\n禪門寶典--《六祖壇經》-第四堂-5/8\nhttp://www.youtube.com/watch?v=MgC7ia5LVXM&list=PL2C98F8E710FE0F1A&index=5\n禪門寶典--《六祖壇經》-第四堂-6/8\nhttp://www.youtube.com/watch?v=LqLdFXJ-GG0&list=PL2C98F8E710FE0F1A&index=6\n禪門寶典--《六祖壇經》-第四堂-7/8\nhttp://www.youtube.com/watch?v=8PFHsnJboSI&list=PL2C98F8E710FE0F1A&index=7\n禪門寶典--《六祖壇經》-第四堂-8/8\nhttp://www.youtube.com/watch?v=93p5948OqlQ&list=PL2C98F8E710FE0F1A&index=8');
INSERT INTO videos(vid, pid, title, description) VALUES('NCrtzLtrD-0', 'PLDuDoO_3m4cY8JW0zRdWkSndjTfa8Yu_E', '禪門寶典--《六祖壇經》-第三堂-4/9', '本周第三講，將引領我們了解「漢傳禪法」的智慧與特色，內容包含「無念、無相、無住」的智慧心法，以及在日常生活中實踐禪法的特色，也就是六祖惠能所說之一行三昧，「於一切處，行住坐臥，常行一直心是也」。不論何時何地，只要以豁達的心胸、開闊的眼光、平常的心態來待人接物，即可透過禪的智慧，領略「語默動靜」皆安然的法喜喔。精彩內容，您千萬別錯過！\n\n「法鼓講堂」每周三晚間7：00~9：00\n網路直播：http://www.dharmaschool.com/ddm_max/liveclass/liveclassroom.php\n\n禪門寶典--《六祖壇經》-第三堂-1/9\nhttp://www.youtube.com/watch?v=SwjGNDqqEZw&list=SP6112A8AA5516CC57&index=1\n禪門寶典--《六祖壇經》-第三堂-2/9\nhttp://www.youtube.com/watch?v=5j2E6slNC4g&list=SP6112A8AA5516CC57&index=2\n禪門寶典--《六祖壇經》-第三堂-3/9\nhttp://www.youtube.com/watch?v=4xJ8xuEGD3Q&list=SP6112A8AA5516CC57&index=3\n禪門寶典--《六祖壇經》-第三堂-4/9\nhttp://www.youtube.com/watch?v=NCrtzLtrD-0&list=SP6112A8AA5516CC57&index=4\n禪門寶典--《六祖壇經》-第三堂-5/9\nhttp://www.youtube.com/watch?v=yq9uv_mHflg&list=SP6112A8AA5516CC57&index=5\n禪門寶典--《六祖壇經》-第三堂-6/9\nhttp://www.youtube.com/watch?v=LvCbKuBqb7I&list=SP6112A8AA5516CC57&index=6\n禪門寶典--《六祖壇經》-第三堂-7/9\nhttp://www.youtube.com/watch?v=TJ8BbeL4sy4&list=SP6112A8AA5516CC57&index=7\n禪門寶典--《六祖壇經》-第三堂-8/9\nhttp://www.youtube.com/watch?v=Bi9Iu8slabI&list=SP6112A8AA5516CC57&index=8\n禪門寶典--《六祖壇經》-第三堂-9/9\nhttp://www.youtube.com/watch?v=nFSdroIVGts&list=SP6112A8AA5516CC57&index=9\n\n禪門寶典--《六祖壇經》-第四堂-1/8\nhttp://www.youtube.com/watch?v=uZJI8Di0RSY&list=PL2C98F8E710FE0F1A\n禪門寶典--《六祖壇經》-第四堂-2/8\nhttp://www.youtube.com/watch?v=ybMZEnrYjso&list=PL2C98F8E710FE0F1A&index=2\n禪門寶典--《六祖壇經》-第四堂-3/8\nhttp://www.youtube.com/watch?v=VkWD3ctORLQ&list=PL2C98F8E710FE0F1A&index=3\n禪門寶典--《六祖壇經》-第四堂-4/8\nhttp://www.youtube.com/watch?v=g-49kvjc5F0&list=PL2C98F8E710FE0F1A&index=4\n禪門寶典--《六祖壇經》-第四堂-5/8\nhttp://www.youtube.com/watch?v=MgC7ia5LVXM&list=PL2C98F8E710FE0F1A&index=5\n禪門寶典--《六祖壇經》-第四堂-6/8\nhttp://www.youtube.com/watch?v=LqLdFXJ-GG0&list=PL2C98F8E710FE0F1A&index=6\n禪門寶典--《六祖壇經》-第四堂-7/8\nhttp://www.youtube.com/watch?v=8PFHsnJboSI&list=PL2C98F8E710FE0F1A&index=7\n禪門寶典--《六祖壇經》-第四堂-8/8\nhttp://www.youtube.com/watch?v=93p5948OqlQ&list=PL2C98F8E710FE0F1A&index=8');
INSERT INTO videos(vid, pid, title, description) VALUES('yq9uv_mHflg', 'PLDuDoO_3m4cY8JW0zRdWkSndjTfa8Yu_E', '禪門寶典--《六祖壇經》-第三堂-5/9', '本周第三講，將引領我們了解「漢傳禪法」的智慧與特色，內容包含「無念、無相、無住」的智慧心法，以及在日常生活中實踐禪法的特色，也就是六祖惠能所說之一行三昧，「於一切處，行住坐臥，常行一直心是也」。不論何時何地，只要以豁達的心胸、開闊的眼光、平常的心態來待人接物，即可透過禪的智慧，領略「語默動靜」皆安然的法喜喔。精彩內容，您千萬別錯過！\n\n「法鼓講堂」每周三晚間7：00~9：00\n網路直播：http://www.dharmaschool.com/ddm_max/liveclass/liveclassroom.php\n\n禪門寶典--《六祖壇經》-第三堂-1/9\nhttp://www.youtube.com/watch?v=SwjGNDqqEZw&list=SP6112A8AA5516CC57&index=1\n禪門寶典--《六祖壇經》-第三堂-2/9\nhttp://www.youtube.com/watch?v=5j2E6slNC4g&list=SP6112A8AA5516CC57&index=2\n禪門寶典--《六祖壇經》-第三堂-3/9\nhttp://www.youtube.com/watch?v=4xJ8xuEGD3Q&list=SP6112A8AA5516CC57&index=3\n禪門寶典--《六祖壇經》-第三堂-4/9\nhttp://www.youtube.com/watch?v=NCrtzLtrD-0&list=SP6112A8AA5516CC57&index=4\n禪門寶典--《六祖壇經》-第三堂-5/9\nhttp://www.youtube.com/watch?v=yq9uv_mHflg&list=SP6112A8AA5516CC57&index=5\n禪門寶典--《六祖壇經》-第三堂-6/9\nhttp://www.youtube.com/watch?v=LvCbKuBqb7I&list=SP6112A8AA5516CC57&index=6\n禪門寶典--《六祖壇經》-第三堂-7/9\nhttp://www.youtube.com/watch?v=TJ8BbeL4sy4&list=SP6112A8AA5516CC57&index=7\n禪門寶典--《六祖壇經》-第三堂-8/9\nhttp://www.youtube.com/watch?v=Bi9Iu8slabI&list=SP6112A8AA5516CC57&index=8\n禪門寶典--《六祖壇經》-第三堂-9/9\nhttp://www.youtube.com/watch?v=nFSdroIVGts&list=SP6112A8AA5516CC57&index=9\n\n禪門寶典--《六祖壇經》-第四堂-1/8\nhttp://www.youtube.com/watch?v=uZJI8Di0RSY&list=PL2C98F8E710FE0F1A\n禪門寶典--《六祖壇經》-第四堂-2/8\nhttp://www.youtube.com/watch?v=ybMZEnrYjso&list=PL2C98F8E710FE0F1A&index=2\n禪門寶典--《六祖壇經》-第四堂-3/8\nhttp://www.youtube.com/watch?v=VkWD3ctORLQ&list=PL2C98F8E710FE0F1A&index=3\n禪門寶典--《六祖壇經》-第四堂-4/8\nhttp://www.youtube.com/watch?v=g-49kvjc5F0&list=PL2C98F8E710FE0F1A&index=4\n禪門寶典--《六祖壇經》-第四堂-5/8\nhttp://www.youtube.com/watch?v=MgC7ia5LVXM&list=PL2C98F8E710FE0F1A&index=5\n禪門寶典--《六祖壇經》-第四堂-6/8\nhttp://www.youtube.com/watch?v=LqLdFXJ-GG0&list=PL2C98F8E710FE0F1A&index=6\n禪門寶典--《六祖壇經》-第四堂-7/8\nhttp://www.youtube.com/watch?v=8PFHsnJboSI&list=PL2C98F8E710FE0F1A&index=7\n禪門寶典--《六祖壇經》-第四堂-8/8\nhttp://www.youtube.com/watch?v=93p5948OqlQ&list=PL2C98F8E710FE0F1A&index=8');
INSERT INTO videos(vid, pid, title, description) VALUES('LvCbKuBqb7I', 'PLDuDoO_3m4cY8JW0zRdWkSndjTfa8Yu_E', '禪門寶典--《六祖壇經》-第三堂-6/9', '本周第三講，將引領我們了解「漢傳禪法」的智慧與特色，內容包含「無念、無相、無住」的智慧心法，以及在日常生活中實踐禪法的特色，也就是六祖惠能所說之一行三昧，「於一切處，行住坐臥，常行一直心是也」。不論何時何地，只要以豁達的心胸、開闊的眼光、平常的心態來待人接物，即可透過禪的智慧，領略「語默動靜」皆安然的法喜喔。精彩內容，您千萬別錯過！\n\n「法鼓講堂」每周三晚間7：00~9：00\n網路直播：http://www.dharmaschool.com/ddm_max/liveclass/liveclassroom.php\n\n禪門寶典--《六祖壇經》-第三堂-1/9\nhttp://www.youtube.com/watch?v=SwjGNDqqEZw&list=SP6112A8AA5516CC57&index=1\n禪門寶典--《六祖壇經》-第三堂-2/9\nhttp://www.youtube.com/watch?v=5j2E6slNC4g&list=SP6112A8AA5516CC57&index=2\n禪門寶典--《六祖壇經》-第三堂-3/9\nhttp://www.youtube.com/watch?v=4xJ8xuEGD3Q&list=SP6112A8AA5516CC57&index=3\n禪門寶典--《六祖壇經》-第三堂-4/9\nhttp://www.youtube.com/watch?v=NCrtzLtrD-0&list=SP6112A8AA5516CC57&index=4\n禪門寶典--《六祖壇經》-第三堂-5/9\nhttp://www.youtube.com/watch?v=yq9uv_mHflg&list=SP6112A8AA5516CC57&index=5\n禪門寶典--《六祖壇經》-第三堂-6/9\nhttp://www.youtube.com/watch?v=LvCbKuBqb7I&list=SP6112A8AA5516CC57&index=6\n禪門寶典--《六祖壇經》-第三堂-7/9\nhttp://www.youtube.com/watch?v=TJ8BbeL4sy4&list=SP6112A8AA5516CC57&index=7\n禪門寶典--《六祖壇經》-第三堂-8/9\nhttp://www.youtube.com/watch?v=Bi9Iu8slabI&list=SP6112A8AA5516CC57&index=8\n禪門寶典--《六祖壇經》-第三堂-9/9\nhttp://www.youtube.com/watch?v=nFSdroIVGts&list=SP6112A8AA5516CC57&index=9\n\n禪門寶典--《六祖壇經》-第四堂-1/8\nhttp://www.youtube.com/watch?v=uZJI8Di0RSY&list=PL2C98F8E710FE0F1A\n禪門寶典--《六祖壇經》-第四堂-2/8\nhttp://www.youtube.com/watch?v=ybMZEnrYjso&list=PL2C98F8E710FE0F1A&index=2\n禪門寶典--《六祖壇經》-第四堂-3/8\nhttp://www.youtube.com/watch?v=VkWD3ctORLQ&list=PL2C98F8E710FE0F1A&index=3\n禪門寶典--《六祖壇經》-第四堂-4/8\nhttp://www.youtube.com/watch?v=g-49kvjc5F0&list=PL2C98F8E710FE0F1A&index=4\n禪門寶典--《六祖壇經》-第四堂-5/8\nhttp://www.youtube.com/watch?v=MgC7ia5LVXM&list=PL2C98F8E710FE0F1A&index=5\n禪門寶典--《六祖壇經》-第四堂-6/8\nhttp://www.youtube.com/watch?v=LqLdFXJ-GG0&list=PL2C98F8E710FE0F1A&index=6\n禪門寶典--《六祖壇經》-第四堂-7/8\nhttp://www.youtube.com/watch?v=8PFHsnJboSI&list=PL2C98F8E710FE0F1A&index=7\n禪門寶典--《六祖壇經》-第四堂-8/8\nhttp://www.youtube.com/watch?v=93p5948OqlQ&list=PL2C98F8E710FE0F1A&index=8');
INSERT INTO videos(vid, pid, title, description) VALUES('TJ8BbeL4sy4', 'PLDuDoO_3m4cY8JW0zRdWkSndjTfa8Yu_E', '禪門寶典--《六祖壇經》-第三堂-7/9', '本周第三講，將引領我們了解「漢傳禪法」的智慧與特色，內容包含「無念、無相、無住」的智慧心法，以及在日常生活中實踐禪法的特色，也就是六祖惠能所說之一行三昧，「於一切處，行住坐臥，常行一直心是也」。不論何時何地，只要以豁達的心胸、開闊的眼光、平常的心態來待人接物，即可透過禪的智慧，領略「語默動靜」皆安然的法喜喔。精彩內容，您千萬別錯過！\n\n「法鼓講堂」每周三晚間7：00~9：00\n網路直播：http://www.dharmaschool.com/ddm_max/liveclass/liveclassroom.php\n\n禪門寶典--《六祖壇經》-第三堂-1/9\nhttp://www.youtube.com/watch?v=SwjGNDqqEZw&list=SP6112A8AA5516CC57&index=1\n禪門寶典--《六祖壇經》-第三堂-2/9\nhttp://www.youtube.com/watch?v=5j2E6slNC4g&list=SP6112A8AA5516CC57&index=2\n禪門寶典--《六祖壇經》-第三堂-3/9\nhttp://www.youtube.com/watch?v=4xJ8xuEGD3Q&list=SP6112A8AA5516CC57&index=3\n禪門寶典--《六祖壇經》-第三堂-4/9\nhttp://www.youtube.com/watch?v=NCrtzLtrD-0&list=SP6112A8AA5516CC57&index=4\n禪門寶典--《六祖壇經》-第三堂-5/9\nhttp://www.youtube.com/watch?v=yq9uv_mHflg&list=SP6112A8AA5516CC57&index=5\n禪門寶典--《六祖壇經》-第三堂-6/9\nhttp://www.youtube.com/watch?v=LvCbKuBqb7I&list=SP6112A8AA5516CC57&index=6\n禪門寶典--《六祖壇經》-第三堂-7/9\nhttp://www.youtube.com/watch?v=TJ8BbeL4sy4&list=SP6112A8AA5516CC57&index=7\n禪門寶典--《六祖壇經》-第三堂-8/9\nhttp://www.youtube.com/watch?v=Bi9Iu8slabI&list=SP6112A8AA5516CC57&index=8\n禪門寶典--《六祖壇經》-第三堂-9/9\nhttp://www.youtube.com/watch?v=nFSdroIVGts&list=SP6112A8AA5516CC57&index=9\n\n禪門寶典--《六祖壇經》-第四堂-1/8\nhttp://www.youtube.com/watch?v=uZJI8Di0RSY&list=PL2C98F8E710FE0F1A\n禪門寶典--《六祖壇經》-第四堂-2/8\nhttp://www.youtube.com/watch?v=ybMZEnrYjso&list=PL2C98F8E710FE0F1A&index=2\n禪門寶典--《六祖壇經》-第四堂-3/8\nhttp://www.youtube.com/watch?v=VkWD3ctORLQ&list=PL2C98F8E710FE0F1A&index=3\n禪門寶典--《六祖壇經》-第四堂-4/8\nhttp://www.youtube.com/watch?v=g-49kvjc5F0&list=PL2C98F8E710FE0F1A&index=4\n禪門寶典--《六祖壇經》-第四堂-5/8\nhttp://www.youtube.com/watch?v=MgC7ia5LVXM&list=PL2C98F8E710FE0F1A&index=5\n禪門寶典--《六祖壇經》-第四堂-6/8\nhttp://www.youtube.com/watch?v=LqLdFXJ-GG0&list=PL2C98F8E710FE0F1A&index=6\n禪門寶典--《六祖壇經》-第四堂-7/8\nhttp://www.youtube.com/watch?v=8PFHsnJboSI&list=PL2C98F8E710FE0F1A&index=7\n禪門寶典--《六祖壇經》-第四堂-8/8\nhttp://www.youtube.com/watch?v=93p5948OqlQ&list=PL2C98F8E710FE0F1A&index=8');
INSERT INTO videos(vid, pid, title, description) VALUES('Bi9Iu8slabI', 'PLDuDoO_3m4cY8JW0zRdWkSndjTfa8Yu_E', '禪門寶典--《六祖壇經》-第三堂-8/9', '本周第三講，將引領我們了解「漢傳禪法」的智慧與特色，內容包含「無念、無相、無住」的智慧心法，以及在日常生活中實踐禪法的特色，也就是六祖惠能所說之一行三昧，「於一切處，行住坐臥，常行一直心是也」。不論何時何地，只要以豁達的心胸、開闊的眼光、平常的心態來待人接物，即可透過禪的智慧，領略「語默動靜」皆安然的法喜喔。精彩內容，您千萬別錯過！\n\n「法鼓講堂」每周三晚間7：00~9：00\n網路直播：http://www.dharmaschool.com/ddm_max/liveclass/liveclassroom.php\n\n禪門寶典--《六祖壇經》-第三堂-1/9\nhttp://www.youtube.com/watch?v=SwjGNDqqEZw&list=SP6112A8AA5516CC57&index=1\n禪門寶典--《六祖壇經》-第三堂-2/9\nhttp://www.youtube.com/watch?v=5j2E6slNC4g&list=SP6112A8AA5516CC57&index=2\n禪門寶典--《六祖壇經》-第三堂-3/9\nhttp://www.youtube.com/watch?v=4xJ8xuEGD3Q&list=SP6112A8AA5516CC57&index=3\n禪門寶典--《六祖壇經》-第三堂-4/9\nhttp://www.youtube.com/watch?v=NCrtzLtrD-0&list=SP6112A8AA5516CC57&index=4\n禪門寶典--《六祖壇經》-第三堂-5/9\nhttp://www.youtube.com/watch?v=yq9uv_mHflg&list=SP6112A8AA5516CC57&index=5\n禪門寶典--《六祖壇經》-第三堂-6/9\nhttp://www.youtube.com/watch?v=LvCbKuBqb7I&list=SP6112A8AA5516CC57&index=6\n禪門寶典--《六祖壇經》-第三堂-7/9\nhttp://www.youtube.com/watch?v=TJ8BbeL4sy4&list=SP6112A8AA5516CC57&index=7\n禪門寶典--《六祖壇經》-第三堂-8/9\nhttp://www.youtube.com/watch?v=Bi9Iu8slabI&list=SP6112A8AA5516CC57&index=8\n禪門寶典--《六祖壇經》-第三堂-9/9\nhttp://www.youtube.com/watch?v=nFSdroIVGts&list=SP6112A8AA5516CC57&index=9\n\n禪門寶典--《六祖壇經》-第四堂-1/8\nhttp://www.youtube.com/watch?v=uZJI8Di0RSY&list=PL2C98F8E710FE0F1A\n禪門寶典--《六祖壇經》-第四堂-2/8\nhttp://www.youtube.com/watch?v=ybMZEnrYjso&list=PL2C98F8E710FE0F1A&index=2\n禪門寶典--《六祖壇經》-第四堂-3/8\nhttp://www.youtube.com/watch?v=VkWD3ctORLQ&list=PL2C98F8E710FE0F1A&index=3\n禪門寶典--《六祖壇經》-第四堂-4/8\nhttp://www.youtube.com/watch?v=g-49kvjc5F0&list=PL2C98F8E710FE0F1A&index=4\n禪門寶典--《六祖壇經》-第四堂-5/8\nhttp://www.youtube.com/watch?v=MgC7ia5LVXM&list=PL2C98F8E710FE0F1A&index=5\n禪門寶典--《六祖壇經》-第四堂-6/8\nhttp://www.youtube.com/watch?v=LqLdFXJ-GG0&list=PL2C98F8E710FE0F1A&index=6\n禪門寶典--《六祖壇經》-第四堂-7/8\nhttp://www.youtube.com/watch?v=8PFHsnJboSI&list=PL2C98F8E710FE0F1A&index=7\n禪門寶典--《六祖壇經》-第四堂-8/8\nhttp://www.youtube.com/watch?v=93p5948OqlQ&list=PL2C98F8E710FE0F1A&index=8');
INSERT INTO videos(vid, pid, title, description) VALUES('nFSdroIVGts', 'PLDuDoO_3m4cY8JW0zRdWkSndjTfa8Yu_E', '禪門寶典--《六祖壇經》-第三堂-9/9', '本周第三講，將引領我們了解「漢傳禪法」的智慧與特色，內容包含「無念、無相、無住」的智慧心法，以及在日常生活中實踐禪法的特色，也就是六祖惠能所說之一行三昧，「於一切處，行住坐臥，常行一直心是也」。不論何時何地，只要以豁達的心胸、開闊的眼光、平常的心態來待人接物，即可透過禪的智慧，領略「語默動靜」皆安然的法喜喔。精彩內容，您千萬別錯過！\n\n「法鼓講堂」每周三晚間7：00~9：00\n網路直播：http://www.dharmaschool.com/ddm_max/liveclass/liveclassroom.php\n\n禪門寶典--《六祖壇經》-第三堂-1/9\nhttp://www.youtube.com/watch?v=SwjGNDqqEZw&list=SP6112A8AA5516CC57&index=1\n禪門寶典--《六祖壇經》-第三堂-2/9\nhttp://www.youtube.com/watch?v=5j2E6slNC4g&list=SP6112A8AA5516CC57&index=2\n禪門寶典--《六祖壇經》-第三堂-3/9\nhttp://www.youtube.com/watch?v=4xJ8xuEGD3Q&list=SP6112A8AA5516CC57&index=3\n禪門寶典--《六祖壇經》-第三堂-4/9\nhttp://www.youtube.com/watch?v=NCrtzLtrD-0&list=SP6112A8AA5516CC57&index=4\n禪門寶典--《六祖壇經》-第三堂-5/9\nhttp://www.youtube.com/watch?v=yq9uv_mHflg&list=SP6112A8AA5516CC57&index=5\n禪門寶典--《六祖壇經》-第三堂-6/9\nhttp://www.youtube.com/watch?v=LvCbKuBqb7I&list=SP6112A8AA5516CC57&index=6\n禪門寶典--《六祖壇經》-第三堂-7/9\nhttp://www.youtube.com/watch?v=TJ8BbeL4sy4&list=SP6112A8AA5516CC57&index=7\n禪門寶典--《六祖壇經》-第三堂-8/9\nhttp://www.youtube.com/watch?v=Bi9Iu8slabI&list=SP6112A8AA5516CC57&index=8\n禪門寶典--《六祖壇經》-第三堂-9/9\nhttp://www.youtube.com/watch?v=nFSdroIVGts&list=SP6112A8AA5516CC57&index=9\n\n禪門寶典--《六祖壇經》-第四堂-1/8\nhttp://www.youtube.com/watch?v=uZJI8Di0RSY&list=PL2C98F8E710FE0F1A\n禪門寶典--《六祖壇經》-第四堂-2/8\nhttp://www.youtube.com/watch?v=ybMZEnrYjso&list=PL2C98F8E710FE0F1A&index=2\n禪門寶典--《六祖壇經》-第四堂-3/8\nhttp://www.youtube.com/watch?v=VkWD3ctORLQ&list=PL2C98F8E710FE0F1A&index=3\n禪門寶典--《六祖壇經》-第四堂-4/8\nhttp://www.youtube.com/watch?v=g-49kvjc5F0&list=PL2C98F8E710FE0F1A&index=4\n禪門寶典--《六祖壇經》-第四堂-5/8\nhttp://www.youtube.com/watch?v=MgC7ia5LVXM&list=PL2C98F8E710FE0F1A&index=5\n禪門寶典--《六祖壇經》-第四堂-6/8\nhttp://www.youtube.com/watch?v=LqLdFXJ-GG0&list=PL2C98F8E710FE0F1A&index=6\n禪門寶典--《六祖壇經》-第四堂-7/8\nhttp://www.youtube.com/watch?v=8PFHsnJboSI&list=PL2C98F8E710FE0F1A&index=7\n禪門寶典--《六祖壇經》-第四堂-8/8\nhttp://www.youtube.com/watch?v=93p5948OqlQ&list=PL2C98F8E710FE0F1A&index=8');
INSERT INTO videos(vid, pid, title, description) VALUES('uZJI8Di0RSY', 'PLDuDoO_3m4cY8JW0zRdWkSndjTfa8Yu_E', '禪門寶典--《六祖壇經》-第四堂-1/8', '壇經云：「但心清淨，即是自性西方。」亦云：「心地無非自性戒。」惠能大師明白指出「心」的清淨與無染無非，為一切萬法變現最主要的重點。而現今法鼓山所提倡的「建設人間淨土」亦是主張若能實踐佛法，體驗佛法，將佛法的利益來淨化「人心」、淨化生活，便能淨化社會、淨化人間。穿越古今的無上智慧，究竟如何運用與實現呢？精彩內容盡在本周課程，您千萬別錯過喔！\n「法鼓講堂」每周三晚間7：00~9：00\n網路直播：http://www.dharmaschool.com/ddm_max/liveclass/liveclassroom.php\n\n禪門寶典--《六祖壇經》-第三堂-1/9\nhttp://www.youtube.com/watch?v=SwjGNDqqEZw&list=SP6112A8AA5516CC57&index=1\n禪門寶典--《六祖壇經》-第三堂-2/9\nhttp://www.youtube.com/watch?v=5j2E6slNC4g&list=SP6112A8AA5516CC57&index=2\n禪門寶典--《六祖壇經》-第三堂-3/9\nhttp://www.youtube.com/watch?v=4xJ8xuEGD3Q&list=SP6112A8AA5516CC57&index=3\n禪門寶典--《六祖壇經》-第三堂-4/9\nhttp://www.youtube.com/watch?v=NCrtzLtrD-0&list=SP6112A8AA5516CC57&index=4\n禪門寶典--《六祖壇經》-第三堂-5/9\nhttp://www.youtube.com/watch?v=yq9uv_mHflg&list=SP6112A8AA5516CC57&index=5\n禪門寶典--《六祖壇經》-第三堂-6/9\nhttp://www.youtube.com/watch?v=LvCbKuBqb7I&list=SP6112A8AA5516CC57&index=6\n禪門寶典--《六祖壇經》-第三堂-7/9\nhttp://www.youtube.com/watch?v=TJ8BbeL4sy4&list=SP6112A8AA5516CC57&index=7\n禪門寶典--《六祖壇經》-第三堂-8/9\nhttp://www.youtube.com/watch?v=Bi9Iu8slabI&list=SP6112A8AA5516CC57&index=8\n禪門寶典--《六祖壇經》-第三堂-9/9\nhttp://www.youtube.com/watch?v=nFSdroIVGts&list=SP6112A8AA5516CC57&index=9\n\n禪門寶典--《六祖壇經》-第四堂-1/8\nhttp://www.youtube.com/watch?v=uZJI8Di0RSY&list=PL2C98F8E710FE0F1A\n禪門寶典--《六祖壇經》-第四堂-2/8\nhttp://www.youtube.com/watch?v=ybMZEnrYjso&list=PL2C98F8E710FE0F1A&index=2\n禪門寶典--《六祖壇經》-第四堂-3/8\nhttp://www.youtube.com/watch?v=VkWD3ctORLQ&list=PL2C98F8E710FE0F1A&index=3\n禪門寶典--《六祖壇經》-第四堂-4/8\nhttp://www.youtube.com/watch?v=g-49kvjc5F0&list=PL2C98F8E710FE0F1A&index=4\n禪門寶典--《六祖壇經》-第四堂-5/8\nhttp://www.youtube.com/watch?v=MgC7ia5LVXM&list=PL2C98F8E710FE0F1A&index=5\n禪門寶典--《六祖壇經》-第四堂-6/8\nhttp://www.youtube.com/watch?v=LqLdFXJ-GG0&list=PL2C98F8E710FE0F1A&index=6\n禪門寶典--《六祖壇經》-第四堂-7/8\nhttp://www.youtube.com/watch?v=8PFHsnJboSI&list=PL2C98F8E710FE0F1A&index=7\n禪門寶典--《六祖壇經》-第四堂-8/8\nhttp://www.youtube.com/watch?v=93p5948OqlQ&list=PL2C98F8E710FE0F1A&index=8');
INSERT INTO videos(vid, pid, title, description) VALUES('ybMZEnrYjso', 'PLDuDoO_3m4cY8JW0zRdWkSndjTfa8Yu_E', '禪門寶典--《六祖壇經》-第四堂-2/8', '壇經云：「但心清淨，即是自性西方。」亦云：「心地無非自性戒。」惠能大師明白指出「心」的清淨與無染無非，為一切萬法變現最主要的重點。而現今法鼓山所提倡的「建設人間淨土」亦是主張若能實踐佛法，體驗佛法，將佛法的利益來淨化「人心」、淨化生活，便能淨化社會、淨化人間。穿越古今的無上智慧，究竟如何運用與實現呢？精彩內容盡在本周課程，您千萬別錯過喔！\n\n「法鼓講堂」每周三晚間7：00~9：00\n網路直播：http://www.dharmaschool.com/ddm_max/liveclass/liveclassroom.php\n\n禪門寶典--《六祖壇經》-第三堂-1/9\nhttp://www.youtube.com/watch?v=SwjGNDqqEZw&list=SP6112A8AA5516CC57&index=1\n禪門寶典--《六祖壇經》-第三堂-2/9\nhttp://www.youtube.com/watch?v=5j2E6slNC4g&list=SP6112A8AA5516CC57&index=2\n禪門寶典--《六祖壇經》-第三堂-3/9\nhttp://www.youtube.com/watch?v=4xJ8xuEGD3Q&list=SP6112A8AA5516CC57&index=3\n禪門寶典--《六祖壇經》-第三堂-4/9\nhttp://www.youtube.com/watch?v=NCrtzLtrD-0&list=SP6112A8AA5516CC57&index=4\n禪門寶典--《六祖壇經》-第三堂-5/9\nhttp://www.youtube.com/watch?v=yq9uv_mHflg&list=SP6112A8AA5516CC57&index=5\n禪門寶典--《六祖壇經》-第三堂-6/9\nhttp://www.youtube.com/watch?v=LvCbKuBqb7I&list=SP6112A8AA5516CC57&index=6\n禪門寶典--《六祖壇經》-第三堂-7/9\nhttp://www.youtube.com/watch?v=TJ8BbeL4sy4&list=SP6112A8AA5516CC57&index=7\n禪門寶典--《六祖壇經》-第三堂-8/9\nhttp://www.youtube.com/watch?v=Bi9Iu8slabI&list=SP6112A8AA5516CC57&index=8\n禪門寶典--《六祖壇經》-第三堂-9/9\nhttp://www.youtube.com/watch?v=nFSdroIVGts&list=SP6112A8AA5516CC57&index=9\n\n禪門寶典--《六祖壇經》-第四堂-1/8\nhttp://www.youtube.com/watch?v=uZJI8Di0RSY&list=PL2C98F8E710FE0F1A\n禪門寶典--《六祖壇經》-第四堂-2/8\nhttp://www.youtube.com/watch?v=ybMZEnrYjso&list=PL2C98F8E710FE0F1A&index=2\n禪門寶典--《六祖壇經》-第四堂-3/8\nhttp://www.youtube.com/watch?v=VkWD3ctORLQ&list=PL2C98F8E710FE0F1A&index=3\n禪門寶典--《六祖壇經》-第四堂-4/8\nhttp://www.youtube.com/watch?v=g-49kvjc5F0&list=PL2C98F8E710FE0F1A&index=4\n禪門寶典--《六祖壇經》-第四堂-5/8\nhttp://www.youtube.com/watch?v=MgC7ia5LVXM&list=PL2C98F8E710FE0F1A&index=5\n禪門寶典--《六祖壇經》-第四堂-6/8\nhttp://www.youtube.com/watch?v=LqLdFXJ-GG0&list=PL2C98F8E710FE0F1A&index=6\n禪門寶典--《六祖壇經》-第四堂-7/8\nhttp://www.youtube.com/watch?v=8PFHsnJboSI&list=PL2C98F8E710FE0F1A&index=7\n禪門寶典--《六祖壇經》-第四堂-8/8\nhttp://www.youtube.com/watch?v=93p5948OqlQ&list=PL2C98F8E710FE0F1A&index=8');
INSERT INTO videos(vid, pid, title, description) VALUES('VkWD3ctORLQ', 'PLDuDoO_3m4cY8JW0zRdWkSndjTfa8Yu_E', '禪門寶典--《六祖壇經》-第四堂-3/8', '壇經云：「但心清淨，即是自性西方。」亦云：「心地無非自性戒。」惠能大師明白指出「心」的清淨與無染無非，為一切萬法變現最主要的重點。而現今法鼓山所提倡的「建設人間淨土」亦是主張若能實踐佛法，體驗佛法，將佛法的利益來淨化「人心」、淨化生活，便能淨化社會、淨化人間。穿越古今的無上智慧，究竟如何運用與實現呢？精彩內容盡在本周課程，您千萬別錯過喔！\n\n「法鼓講堂」每周三晚間7：00~9：00\n網路直播：http://www.dharmaschool.com/ddm_max/liveclass/liveclassroom.php\n\n禪門寶典--《六祖壇經》-第三堂-1/9\nhttp://www.youtube.com/watch?v=SwjGNDqqEZw&list=SP6112A8AA5516CC57&index=1\n禪門寶典--《六祖壇經》-第三堂-2/9\nhttp://www.youtube.com/watch?v=5j2E6slNC4g&list=SP6112A8AA5516CC57&index=2\n禪門寶典--《六祖壇經》-第三堂-3/9\nhttp://www.youtube.com/watch?v=4xJ8xuEGD3Q&list=SP6112A8AA5516CC57&index=3\n禪門寶典--《六祖壇經》-第三堂-4/9\nhttp://www.youtube.com/watch?v=NCrtzLtrD-0&list=SP6112A8AA5516CC57&index=4\n禪門寶典--《六祖壇經》-第三堂-5/9\nhttp://www.youtube.com/watch?v=yq9uv_mHflg&list=SP6112A8AA5516CC57&index=5\n禪門寶典--《六祖壇經》-第三堂-6/9\nhttp://www.youtube.com/watch?v=LvCbKuBqb7I&list=SP6112A8AA5516CC57&index=6\n禪門寶典--《六祖壇經》-第三堂-7/9\nhttp://www.youtube.com/watch?v=TJ8BbeL4sy4&list=SP6112A8AA5516CC57&index=7\n禪門寶典--《六祖壇經》-第三堂-8/9\nhttp://www.youtube.com/watch?v=Bi9Iu8slabI&list=SP6112A8AA5516CC57&index=8\n禪門寶典--《六祖壇經》-第三堂-9/9\nhttp://www.youtube.com/watch?v=nFSdroIVGts&list=SP6112A8AA5516CC57&index=9\n\n禪門寶典--《六祖壇經》-第四堂-1/8\nhttp://www.youtube.com/watch?v=uZJI8Di0RSY&list=PL2C98F8E710FE0F1A\n禪門寶典--《六祖壇經》-第四堂-2/8\nhttp://www.youtube.com/watch?v=ybMZEnrYjso&list=PL2C98F8E710FE0F1A&index=2\n禪門寶典--《六祖壇經》-第四堂-3/8\nhttp://www.youtube.com/watch?v=VkWD3ctORLQ&list=PL2C98F8E710FE0F1A&index=3\n禪門寶典--《六祖壇經》-第四堂-4/8\nhttp://www.youtube.com/watch?v=g-49kvjc5F0&list=PL2C98F8E710FE0F1A&index=4\n禪門寶典--《六祖壇經》-第四堂-5/8\nhttp://www.youtube.com/watch?v=MgC7ia5LVXM&list=PL2C98F8E710FE0F1A&index=5\n禪門寶典--《六祖壇經》-第四堂-6/8\nhttp://www.youtube.com/watch?v=LqLdFXJ-GG0&list=PL2C98F8E710FE0F1A&index=6\n禪門寶典--《六祖壇經》-第四堂-7/8\nhttp://www.youtube.com/watch?v=8PFHsnJboSI&list=PL2C98F8E710FE0F1A&index=7\n禪門寶典--《六祖壇經》-第四堂-8/8\nhttp://www.youtube.com/watch?v=93p5948OqlQ&list=PL2C98F8E710FE0F1A&index=8');
INSERT INTO videos(vid, pid, title, description) VALUES('g-49kvjc5F0', 'PLDuDoO_3m4cY8JW0zRdWkSndjTfa8Yu_E', '禪門寶典--《六祖壇經》-第四堂-4/8', '壇經云：「但心清淨，即是自性西方。」亦云：「心地無非自性戒。」惠能大師明白指出「心」的清淨與無染無非，為一切萬法變現最主要的重點。而現今法鼓山所提倡的「建設人間淨土」亦是主張若能實踐佛法，體驗佛法，將佛法的利益來淨化「人心」、淨化生活，便能淨化社會、淨化人間。穿越古今的無上智慧，究竟如何運用與實現呢？精彩內容盡在本周課程，您千萬別錯過喔！\n\n「法鼓講堂」每周三晚間7：00~9：00\n網路直播：http://www.dharmaschool.com/ddm_max/liveclass/liveclassroom.php\n\n禪門寶典--《六祖壇經》-第三堂-1/9\nhttp://www.youtube.com/watch?v=SwjGNDqqEZw&list=SP6112A8AA5516CC57&index=1\n禪門寶典--《六祖壇經》-第三堂-2/9\nhttp://www.youtube.com/watch?v=5j2E6slNC4g&list=SP6112A8AA5516CC57&index=2\n禪門寶典--《六祖壇經》-第三堂-3/9\nhttp://www.youtube.com/watch?v=4xJ8xuEGD3Q&list=SP6112A8AA5516CC57&index=3\n禪門寶典--《六祖壇經》-第三堂-4/9\nhttp://www.youtube.com/watch?v=NCrtzLtrD-0&list=SP6112A8AA5516CC57&index=4\n禪門寶典--《六祖壇經》-第三堂-5/9\nhttp://www.youtube.com/watch?v=yq9uv_mHflg&list=SP6112A8AA5516CC57&index=5\n禪門寶典--《六祖壇經》-第三堂-6/9\nhttp://www.youtube.com/watch?v=LvCbKuBqb7I&list=SP6112A8AA5516CC57&index=6\n禪門寶典--《六祖壇經》-第三堂-7/9\nhttp://www.youtube.com/watch?v=TJ8BbeL4sy4&list=SP6112A8AA5516CC57&index=7\n禪門寶典--《六祖壇經》-第三堂-8/9\nhttp://www.youtube.com/watch?v=Bi9Iu8slabI&list=SP6112A8AA5516CC57&index=8\n禪門寶典--《六祖壇經》-第三堂-9/9\nhttp://www.youtube.com/watch?v=nFSdroIVGts&list=SP6112A8AA5516CC57&index=9\n\n禪門寶典--《六祖壇經》-第四堂-1/8\nhttp://www.youtube.com/watch?v=uZJI8Di0RSY&list=PL2C98F8E710FE0F1A\n禪門寶典--《六祖壇經》-第四堂-2/8\nhttp://www.youtube.com/watch?v=ybMZEnrYjso&list=PL2C98F8E710FE0F1A&index=2\n禪門寶典--《六祖壇經》-第四堂-3/8\nhttp://www.youtube.com/watch?v=VkWD3ctORLQ&list=PL2C98F8E710FE0F1A&index=3\n禪門寶典--《六祖壇經》-第四堂-4/8\nhttp://www.youtube.com/watch?v=g-49kvjc5F0&list=PL2C98F8E710FE0F1A&index=4\n禪門寶典--《六祖壇經》-第四堂-5/8\nhttp://www.youtube.com/watch?v=MgC7ia5LVXM&list=PL2C98F8E710FE0F1A&index=5\n禪門寶典--《六祖壇經》-第四堂-6/8\nhttp://www.youtube.com/watch?v=LqLdFXJ-GG0&list=PL2C98F8E710FE0F1A&index=6\n禪門寶典--《六祖壇經》-第四堂-7/8\nhttp://www.youtube.com/watch?v=8PFHsnJboSI&list=PL2C98F8E710FE0F1A&index=7\n禪門寶典--《六祖壇經》-第四堂-8/8\nhttp://www.youtube.com/watch?v=93p5948OqlQ&list=PL2C98F8E710FE0F1A&index=8');
INSERT INTO videos(vid, pid, title, description) VALUES('MgC7ia5LVXM', 'PLDuDoO_3m4cY8JW0zRdWkSndjTfa8Yu_E', '禪門寶典--《六祖壇經》-第四堂-5/8', '壇經云：「但心清淨，即是自性西方。」亦云：「心地無非自性戒。」惠能大師明白指出「心」的清淨與無染無非，為一切萬法變現最主要的重點。而現今法鼓山所提倡的「建設人間­淨土」亦是主張若能實踐佛法，體驗佛法，將佛法的利益來淨化「人心」、淨化生活，便能淨化社會、淨化人間。穿越古今的無上智慧，究竟如何運用與實現呢？精彩內容盡在本周課­程，您千萬別錯過喔！\n\n「法鼓講堂」每周三晚間7：00~9：00\n網路直播：http://www.dharmaschool.com/ddm_max/liveclass/liveclassroom.php\n\n禪門寶典--《六祖壇經》-第三堂-1/9\nhttp://www.youtube.com/watch?v=SwjGNDqqEZw&list=SP6112A8AA5516CC57&index=1\n禪門寶典--《六祖壇經》-第三堂-2/9\nhttp://www.youtube.com/watch?v=5j2E6slNC4g&list=SP6112A8AA5516CC57&index=2\n禪門寶典--《六祖壇經》-第三堂-3/9\nhttp://www.youtube.com/watch?v=4xJ8xuEGD3Q&list=SP6112A8AA5516CC57&index=3\n禪門寶典--《六祖壇經》-第三堂-4/9\nhttp://www.youtube.com/watch?v=NCrtzLtrD-0&list=SP6112A8AA5516CC57&index=4\n禪門寶典--《六祖壇經》-第三堂-5/9\nhttp://www.youtube.com/watch?v=yq9uv_mHflg&list=SP6112A8AA5516CC57&index=5\n禪門寶典--《六祖壇經》-第三堂-6/9\nhttp://www.youtube.com/watch?v=LvCbKuBqb7I&list=SP6112A8AA5516CC57&index=6\n禪門寶典--《六祖壇經》-第三堂-7/9\nhttp://www.youtube.com/watch?v=TJ8BbeL4sy4&list=SP6112A8AA5516CC57&index=7\n禪門寶典--《六祖壇經》-第三堂-8/9\nhttp://www.youtube.com/watch?v=Bi9Iu8slabI&list=SP6112A8AA5516CC57&index=8\n禪門寶典--《六祖壇經》-第三堂-9/9\nhttp://www.youtube.com/watch?v=nFSdroIVGts&list=SP6112A8AA5516CC57&index=9\n\n禪門寶典--《六祖壇經》-第四堂-1/8\nhttp://www.youtube.com/watch?v=uZJI8Di0RSY&list=PL2C98F8E710FE0F1A\n禪門寶典--《六祖壇經》-第四堂-2/8\nhttp://www.youtube.com/watch?v=ybMZEnrYjso&list=PL2C98F8E710FE0F1A&index=2\n禪門寶典--《六祖壇經》-第四堂-3/8\nhttp://www.youtube.com/watch?v=VkWD3ctORLQ&list=PL2C98F8E710FE0F1A&index=3\n禪門寶典--《六祖壇經》-第四堂-4/8\nhttp://www.youtube.com/watch?v=g-49kvjc5F0&list=PL2C98F8E710FE0F1A&index=4\n禪門寶典--《六祖壇經》-第四堂-5/8\nhttp://www.youtube.com/watch?v=MgC7ia5LVXM&list=PL2C98F8E710FE0F1A&index=5\n禪門寶典--《六祖壇經》-第四堂-6/8\nhttp://www.youtube.com/watch?v=LqLdFXJ-GG0&list=PL2C98F8E710FE0F1A&index=6\n禪門寶典--《六祖壇經》-第四堂-7/8\nhttp://www.youtube.com/watch?v=8PFHsnJboSI&list=PL2C98F8E710FE0F1A&index=7\n禪門寶典--《六祖壇經》-第四堂-8/8\nhttp://www.youtube.com/watch?v=93p5948OqlQ&list=PL2C98F8E710FE0F1A&index=8');
INSERT INTO videos(vid, pid, title, description) VALUES('LqLdFXJ-GG0', 'PLDuDoO_3m4cY8JW0zRdWkSndjTfa8Yu_E', '禪門寶典--《六祖壇經》-第四堂-6/8', '壇經云：「但心清淨，即是自性西方。」亦云：「心地無非自性戒。」惠能大師明白指出「心」的清淨與無染無非，為一切萬法變現最主要的重點。而現今法鼓山所提倡的「建設人間­淨土」亦是主張若能實踐佛法，體驗佛法，將佛法的利益來淨化「人心」、淨化生活，便能淨化社會、淨化人間。穿越古今的無上智慧，究竟如何運用與實現呢？精彩內容盡在本周課­程，您千萬別錯過喔！\n\n「法鼓講堂」每周三晚間7：00~9：00\n網路直播：http://www.dharmaschool.com/ddm_max/liveclass/liveclassroom.php\n\n禪門寶典--《六祖壇經》-第三堂-1/9\nhttp://www.youtube.com/watch?v=SwjGNDqqEZw&list=SP6112A8AA5516CC57&index=1\n禪門寶典--《六祖壇經》-第三堂-2/9\nhttp://www.youtube.com/watch?v=5j2E6slNC4g&list=SP6112A8AA5516CC57&index=2\n禪門寶典--《六祖壇經》-第三堂-3/9\nhttp://www.youtube.com/watch?v=4xJ8xuEGD3Q&list=SP6112A8AA5516CC57&index=3\n禪門寶典--《六祖壇經》-第三堂-4/9\nhttp://www.youtube.com/watch?v=NCrtzLtrD-0&list=SP6112A8AA5516CC57&index=4\n禪門寶典--《六祖壇經》-第三堂-5/9\nhttp://www.youtube.com/watch?v=yq9uv_mHflg&list=SP6112A8AA5516CC57&index=5\n禪門寶典--《六祖壇經》-第三堂-6/9\nhttp://www.youtube.com/watch?v=LvCbKuBqb7I&list=SP6112A8AA5516CC57&index=6\n禪門寶典--《六祖壇經》-第三堂-7/9\nhttp://www.youtube.com/watch?v=TJ8BbeL4sy4&list=SP6112A8AA5516CC57&index=7\n禪門寶典--《六祖壇經》-第三堂-8/9\nhttp://www.youtube.com/watch?v=Bi9Iu8slabI&list=SP6112A8AA5516CC57&index=8\n禪門寶典--《六祖壇經》-第三堂-9/9\nhttp://www.youtube.com/watch?v=nFSdroIVGts&list=SP6112A8AA5516CC57&index=9\n\n禪門寶典--《六祖壇經》-第四堂-1/8\nhttp://www.youtube.com/watch?v=uZJI8Di0RSY&list=PL2C98F8E710FE0F1A\n禪門寶典--《六祖壇經》-第四堂-2/8\nhttp://www.youtube.com/watch?v=ybMZEnrYjso&list=PL2C98F8E710FE0F1A&index=2\n禪門寶典--《六祖壇經》-第四堂-3/8\nhttp://www.youtube.com/watch?v=VkWD3ctORLQ&list=PL2C98F8E710FE0F1A&index=3\n禪門寶典--《六祖壇經》-第四堂-4/8\nhttp://www.youtube.com/watch?v=g-49kvjc5F0&list=PL2C98F8E710FE0F1A&index=4\n禪門寶典--《六祖壇經》-第四堂-5/8\nhttp://www.youtube.com/watch?v=MgC7ia5LVXM&list=PL2C98F8E710FE0F1A&index=5\n禪門寶典--《六祖壇經》-第四堂-6/8\nhttp://www.youtube.com/watch?v=LqLdFXJ-GG0&list=PL2C98F8E710FE0F1A&index=6\n禪門寶典--《六祖壇經》-第四堂-7/8\nhttp://www.youtube.com/watch?v=8PFHsnJboSI&list=PL2C98F8E710FE0F1A&index=7\n禪門寶典--《六祖壇經》-第四堂-8/8\nhttp://www.youtube.com/watch?v=93p5948OqlQ&list=PL2C98F8E710FE0F1A&index=8');
INSERT INTO videos(vid, pid, title, description) VALUES('8PFHsnJboSI', 'PLDuDoO_3m4cY8JW0zRdWkSndjTfa8Yu_E', '禪門寶典--《六祖壇經》-第四堂-7/8', '壇經云：「但心清淨，即是自性西方。」亦云：「心地無非自性戒。」惠能大師明白指出「心」的清淨與無染無非，為一切萬法變現最主要的重點。而現今法鼓山所提倡的「建設人間­淨土」亦是主張若能實踐佛法，體驗佛法，將佛法的利益來淨化「人心」、淨化生活，便能淨化社會、淨化人間。穿越古今的無上智慧，究竟如何運用與實現呢？精彩內容盡在本周課­程，您千萬別錯過喔！\n\n「法鼓講堂」每周三晚間7：00~9：00\n網路直播：http://www.dharmaschool.com/ddm_max/liveclass/liveclassroom.php\n\n禪門寶典--《六祖壇經》-第三堂-1/9\nhttp://www.youtube.com/watch?v=SwjGNDqqEZw&list=SP6112A8AA5516CC57&index=1\n禪門寶典--《六祖壇經》-第三堂-2/9\nhttp://www.youtube.com/watch?v=5j2E6slNC4g&list=SP6112A8AA5516CC57&index=2\n禪門寶典--《六祖壇經》-第三堂-3/9\nhttp://www.youtube.com/watch?v=4xJ8xuEGD3Q&list=SP6112A8AA5516CC57&index=3\n禪門寶典--《六祖壇經》-第三堂-4/9\nhttp://www.youtube.com/watch?v=NCrtzLtrD-0&list=SP6112A8AA5516CC57&index=4\n禪門寶典--《六祖壇經》-第三堂-5/9\nhttp://www.youtube.com/watch?v=yq9uv_mHflg&list=SP6112A8AA5516CC57&index=5\n禪門寶典--《六祖壇經》-第三堂-6/9\nhttp://www.youtube.com/watch?v=LvCbKuBqb7I&list=SP6112A8AA5516CC57&index=6\n禪門寶典--《六祖壇經》-第三堂-7/9\nhttp://www.youtube.com/watch?v=TJ8BbeL4sy4&list=SP6112A8AA5516CC57&index=7\n禪門寶典--《六祖壇經》-第三堂-8/9\nhttp://www.youtube.com/watch?v=Bi9Iu8slabI&list=SP6112A8AA5516CC57&index=8\n禪門寶典--《六祖壇經》-第三堂-9/9\nhttp://www.youtube.com/watch?v=nFSdroIVGts&list=SP6112A8AA5516CC57&index=9\n\n禪門寶典--《六祖壇經》-第四堂-1/8\nhttp://www.youtube.com/watch?v=uZJI8Di0RSY&list=PL2C98F8E710FE0F1A\n禪門寶典--《六祖壇經》-第四堂-2/8\nhttp://www.youtube.com/watch?v=ybMZEnrYjso&list=PL2C98F8E710FE0F1A&index=2\n禪門寶典--《六祖壇經》-第四堂-3/8\nhttp://www.youtube.com/watch?v=VkWD3ctORLQ&list=PL2C98F8E710FE0F1A&index=3\n禪門寶典--《六祖壇經》-第四堂-4/8\nhttp://www.youtube.com/watch?v=g-49kvjc5F0&list=PL2C98F8E710FE0F1A&index=4\n禪門寶典--《六祖壇經》-第四堂-5/8\nhttp://www.youtube.com/watch?v=MgC7ia5LVXM&list=PL2C98F8E710FE0F1A&index=5\n禪門寶典--《六祖壇經》-第四堂-6/8\nhttp://www.youtube.com/watch?v=LqLdFXJ-GG0&list=PL2C98F8E710FE0F1A&index=6\n禪門寶典--《六祖壇經》-第四堂-7/8\nhttp://www.youtube.com/watch?v=8PFHsnJboSI&list=PL2C98F8E710FE0F1A&index=7\n禪門寶典--《六祖壇經》-第四堂-8/8\nhttp://www.youtube.com/watch?v=93p5948OqlQ&list=PL2C98F8E710FE0F1A&index=8');
INSERT INTO videos(vid, pid, title, description) VALUES('93p5948OqlQ', 'PLDuDoO_3m4cY8JW0zRdWkSndjTfa8Yu_E', '禪門寶典--《六祖壇經》-第四堂-8/8', '壇經云：「但心清淨，即是自性西方。」亦云：「心地無非自性戒。」惠能大師明白指出「心」的清淨與無染無非，為一切萬法變現最主要的重點。而現今法鼓山所提倡的「建設人間­淨土」亦是主張若能實踐佛法，體驗佛法，將佛法的利益來淨化「人心」、淨化生活，便能淨化社會、淨化人間。穿越古今的無上智慧，究竟如何運用與實現呢？精彩內容盡在本周課­程，您千萬別錯過喔！\n\n「法鼓講堂」每周三晚間7：00~9：00\n網路直播：http://www.dharmaschool.com/ddm_max/liveclass/liveclassroom.php\n\n禪門寶典--《六祖壇經》-第三堂-1/9\nhttp://www.youtube.com/watch?v=SwjGNDqqEZw&list=SP6112A8AA5516CC57&index=1\n禪門寶典--《六祖壇經》-第三堂-2/9\nhttp://www.youtube.com/watch?v=5j2E6slNC4g&list=SP6112A8AA5516CC57&index=2\n禪門寶典--《六祖壇經》-第三堂-3/9\nhttp://www.youtube.com/watch?v=4xJ8xuEGD3Q&list=SP6112A8AA5516CC57&index=3\n禪門寶典--《六祖壇經》-第三堂-4/9\nhttp://www.youtube.com/watch?v=NCrtzLtrD-0&list=SP6112A8AA5516CC57&index=4\n禪門寶典--《六祖壇經》-第三堂-5/9\nhttp://www.youtube.com/watch?v=yq9uv_mHflg&list=SP6112A8AA5516CC57&index=5\n禪門寶典--《六祖壇經》-第三堂-6/9\nhttp://www.youtube.com/watch?v=LvCbKuBqb7I&list=SP6112A8AA5516CC57&index=6\n禪門寶典--《六祖壇經》-第三堂-7/9\nhttp://www.youtube.com/watch?v=TJ8BbeL4sy4&list=SP6112A8AA5516CC57&index=7\n禪門寶典--《六祖壇經》-第三堂-8/9\nhttp://www.youtube.com/watch?v=Bi9Iu8slabI&list=SP6112A8AA5516CC57&index=8\n禪門寶典--《六祖壇經》-第三堂-9/9\nhttp://www.youtube.com/watch?v=nFSdroIVGts&list=SP6112A8AA5516CC57&index=9\n\n禪門寶典--《六祖壇經》-第四堂-1/8\nhttp://www.youtube.com/watch?v=uZJI8Di0RSY&list=PL2C98F8E710FE0F1A\n禪門寶典--《六祖壇經》-第四堂-2/8\nhttp://www.youtube.com/watch?v=ybMZEnrYjso&list=PL2C98F8E710FE0F1A&index=2\n禪門寶典--《六祖壇經》-第四堂-3/8\nhttp://www.youtube.com/watch?v=VkWD3ctORLQ&list=PL2C98F8E710FE0F1A&index=3\n禪門寶典--《六祖壇經》-第四堂-4/8\nhttp://www.youtube.com/watch?v=g-49kvjc5F0&list=PL2C98F8E710FE0F1A&index=4\n禪門寶典--《六祖壇經》-第四堂-5/8\nhttp://www.youtube.com/watch?v=MgC7ia5LVXM&list=PL2C98F8E710FE0F1A&index=5\n禪門寶典--《六祖壇經》-第四堂-6/8\nhttp://www.youtube.com/watch?v=LqLdFXJ-GG0&list=PL2C98F8E710FE0F1A&index=6\n禪門寶典--《六祖壇經》-第四堂-7/8\nhttp://www.youtube.com/watch?v=8PFHsnJboSI&list=PL2C98F8E710FE0F1A&index=7\n禪門寶典--《六祖壇經》-第四堂-8/8\nhttp://www.youtube.com/watch?v=93p5948OqlQ&list=PL2C98F8E710FE0F1A&index=8');
INSERT INTO playlist(pid, cid, title, description) VALUES('PLDuDoO_3m4caKNE7wSbEiy7mRptIu07Oe','UCMvjjfm8AFBLQvQC9gItWEw', '慈悲三昧水懺的修持意涵', '');
INSERT INTO videos(vid, pid, title, description) VALUES('VkBNLnTu7rU', 'PLDuDoO_3m4caKNE7wSbEiy7mRptIu07Oe', '慈悲三昧水懺的修持意涵-第一堂-1/8', '您知道三昧水懺是誰制定的嗎？為什麼這部懺法名為「慈悲三昧水懺」呢？「懺如浣滌，以水為名」慈悲三昧之水真的能夠洗滌業障嗎？本講次將告訴您一段動人的因果故事，故事敘說水懺的由來與意義。還有如何透過誠心的懺悔，洗除煩惱，潔淨身心。\n\n「法鼓講堂」每周三晚間7：00~9：00\n網路直播：http://www.dharmaschool.com/ddm_max/liveclass/liveclassroom.php\n慈悲三昧水懺的意涵-第一堂-1/8\nhttp://www.youtube.com/watch?v=VkBNLnTu7rU&list=PLB0B9F976D44AB7C0&index=1\n慈悲三昧水懺的意涵-第一堂-2/8\nhttp://www.youtube.com/watch?v=0O_RqbrLE9A&list=PLB0B9F976D44AB7C0&index=2\n慈悲三昧水懺的意涵-第一堂-3/8\nhttp://www.youtube.com/watch?v=5HIDMKoHYWk&list=PLB0B9F976D44AB7C0&index=3\n慈悲三昧水懺的意涵-第一堂-4/8\nhttp://www.youtube.com/watch?v=QWuKJq1mxiE&list=PLB0B9F976D44AB7C0&index=4\n慈悲三昧水懺的意涵-第一堂-5/8\nhttp://www.youtube.com/watch?v=CVUVRBkhKws&list=PLB0B9F976D44AB7C0&index=5\n慈悲三昧水懺的意涵-第一堂-6/8\nhttp://www.youtube.com/watch?v=is4q-WvbTqg&list=PLB0B9F976D44AB7C0&index=6\n慈悲三昧水懺的意涵-第一堂-7/8\nhttp://www.youtube.com/watch?v=2R_3kkCwR-M&list=PLB0B9F976D44AB7C0&index=7\n慈悲三昧水懺的意涵-第一堂-8/8\nhttp://www.youtube.com/watch?v=W0_sLzmM1po&list=PLB0B9F976D44AB7C0&index=8\n\n慈悲三昧水懺的意涵-第二堂-1/8\nhttp://www.youtube.com/watch?v=dMRFxIwW40E&list=PL0712285295DA6473&index=1\n慈悲三昧水懺的意涵-第二堂-2/8\nhttp://www.youtube.com/watch?v=3AdLJAdywZc&list=PL0712285295DA6473&index=2\n慈悲三昧水懺的意涵-第二堂-3/8\nhttp://www.youtube.com/watch?v=Lxyxt4tEG_Q&list=PL0712285295DA6473&index=3\n慈悲三昧水懺的意涵-第二堂-4/8\nhttp://www.youtube.com/watch?v=8cQg_JF6YL0&list=PL0712285295DA6473&index=4\n慈悲三昧水懺的意涵-第二堂-5/8\nhttp://www.youtube.com/watch?v=SG-eaHddBgs&list=PL0712285295DA6473&index=5\n慈悲三昧水懺的意涵-第二堂-6/8\nhttp://www.youtube.com/watch?v=N0-sIRGfIfc&list=PL0712285295DA6473&index=6\n慈悲三昧水懺的意涵-第二堂-7/8\nhttp://www.youtube.com/watch?v=YPI-MXcgFpI&list=PL0712285295DA6473&index=7\n慈悲三昧水懺的意涵-第二堂-8/8\nhttp://www.youtube.com/watch?v=pVMepRSo5Oo&list=PL0712285295DA6473&index=8');
INSERT INTO videos(vid, pid, title, description) VALUES('0O_RqbrLE9A', 'PLDuDoO_3m4caKNE7wSbEiy7mRptIu07Oe', '慈悲三昧水懺的修持意涵-第一堂-2/8', '您知道三昧水懺是誰制定的嗎？為什麼這部懺法名為「慈悲三昧水懺」呢？「懺如浣滌，以水為名」慈悲三昧之水真的能夠洗滌業障嗎？本講次將告訴您一段動人的因果故事，故事敘說水懺的由來與意義。還有如何透過誠心的懺悔，洗除煩惱，潔淨身心。\n\n「法鼓講堂」每周三晚間7：00~9：00\n網路直播：http://www.dharmaschool.com/ddm_max/liveclass/liveclassroom.php\n慈悲三昧水懺的意涵-第一堂-1/8\nhttp://www.youtube.com/watch?v=VkBNLnTu7rU&list=PLB0B9F976D44AB7C0&index=1\n慈悲三昧水懺的意涵-第一堂-2/8\nhttp://www.youtube.com/watch?v=0O_RqbrLE9A&list=PLB0B9F976D44AB7C0&index=2\n慈悲三昧水懺的意涵-第一堂-3/8\nhttp://www.youtube.com/watch?v=5HIDMKoHYWk&list=PLB0B9F976D44AB7C0&index=3\n慈悲三昧水懺的意涵-第一堂-4/8\nhttp://www.youtube.com/watch?v=QWuKJq1mxiE&list=PLB0B9F976D44AB7C0&index=4\n慈悲三昧水懺的意涵-第一堂-5/8\nhttp://www.youtube.com/watch?v=CVUVRBkhKws&list=PLB0B9F976D44AB7C0&index=5\n慈悲三昧水懺的意涵-第一堂-6/8\nhttp://www.youtube.com/watch?v=is4q-WvbTqg&list=PLB0B9F976D44AB7C0&index=6\n慈悲三昧水懺的意涵-第一堂-7/8\nhttp://www.youtube.com/watch?v=2R_3kkCwR-M&list=PLB0B9F976D44AB7C0&index=7\n慈悲三昧水懺的意涵-第一堂-8/8\nhttp://www.youtube.com/watch?v=W0_sLzmM1po&list=PLB0B9F976D44AB7C0&index=8\n\n慈悲三昧水懺的意涵-第二堂-1/8\nhttp://www.youtube.com/watch?v=dMRFxIwW40E&list=PL0712285295DA6473&index=1\n慈悲三昧水懺的意涵-第二堂-2/8\nhttp://www.youtube.com/watch?v=3AdLJAdywZc&list=PL0712285295DA6473&index=2\n慈悲三昧水懺的意涵-第二堂-3/8\nhttp://www.youtube.com/watch?v=Lxyxt4tEG_Q&list=PL0712285295DA6473&index=3\n慈悲三昧水懺的意涵-第二堂-4/8\nhttp://www.youtube.com/watch?v=8cQg_JF6YL0&list=PL0712285295DA6473&index=4\n慈悲三昧水懺的意涵-第二堂-5/8\nhttp://www.youtube.com/watch?v=SG-eaHddBgs&list=PL0712285295DA6473&index=5\n慈悲三昧水懺的意涵-第二堂-6/8\nhttp://www.youtube.com/watch?v=N0-sIRGfIfc&list=PL0712285295DA6473&index=6\n慈悲三昧水懺的意涵-第二堂-7/8\nhttp://www.youtube.com/watch?v=YPI-MXcgFpI&list=PL0712285295DA6473&index=7\n慈悲三昧水懺的意涵-第二堂-8/8\nhttp://www.youtube.com/watch?v=pVMepRSo5Oo&list=PL0712285295DA6473&index=8');
INSERT INTO videos(vid, pid, title, description) VALUES('5HIDMKoHYWk', 'PLDuDoO_3m4caKNE7wSbEiy7mRptIu07Oe', '慈悲三昧水懺的修持意涵-第一堂-3/8', '您知道三昧水懺是誰制定的嗎？為什麼這部懺法名為「慈悲三昧水懺」呢？「懺如浣滌，以水為名」慈悲三昧之水真的能夠洗滌業障嗎？本講次將告訴您一段動人的因果故事，故事敘說水懺的由來與意義。還有如何透過誠心的懺悔，洗除煩惱，潔淨身心。\n\n「法鼓講堂」每周三晚間7：00~9：00\n網路直播：http://www.dharmaschool.com/ddm_max/liveclass/liveclassroom.php\n慈悲三昧水懺的意涵-第一堂-1/8\nhttp://www.youtube.com/watch?v=VkBNLnTu7rU&list=PLB0B9F976D44AB7C0&index=1\n慈悲三昧水懺的意涵-第一堂-2/8\nhttp://www.youtube.com/watch?v=0O_RqbrLE9A&list=PLB0B9F976D44AB7C0&index=2\n慈悲三昧水懺的意涵-第一堂-3/8\nhttp://www.youtube.com/watch?v=5HIDMKoHYWk&list=PLB0B9F976D44AB7C0&index=3\n慈悲三昧水懺的意涵-第一堂-4/8\nhttp://www.youtube.com/watch?v=QWuKJq1mxiE&list=PLB0B9F976D44AB7C0&index=4\n慈悲三昧水懺的意涵-第一堂-5/8\nhttp://www.youtube.com/watch?v=CVUVRBkhKws&list=PLB0B9F976D44AB7C0&index=5\n慈悲三昧水懺的意涵-第一堂-6/8\nhttp://www.youtube.com/watch?v=is4q-WvbTqg&list=PLB0B9F976D44AB7C0&index=6\n慈悲三昧水懺的意涵-第一堂-7/8\nhttp://www.youtube.com/watch?v=2R_3kkCwR-M&list=PLB0B9F976D44AB7C0&index=7\n慈悲三昧水懺的意涵-第一堂-8/8\nhttp://www.youtube.com/watch?v=W0_sLzmM1po&list=PLB0B9F976D44AB7C0&index=8\n\n慈悲三昧水懺的意涵-第二堂-1/8\nhttp://www.youtube.com/watch?v=dMRFxIwW40E&list=PL0712285295DA6473&index=1\n慈悲三昧水懺的意涵-第二堂-2/8\nhttp://www.youtube.com/watch?v=3AdLJAdywZc&list=PL0712285295DA6473&index=2\n慈悲三昧水懺的意涵-第二堂-3/8\nhttp://www.youtube.com/watch?v=Lxyxt4tEG_Q&list=PL0712285295DA6473&index=3\n慈悲三昧水懺的意涵-第二堂-4/8\nhttp://www.youtube.com/watch?v=8cQg_JF6YL0&list=PL0712285295DA6473&index=4\n慈悲三昧水懺的意涵-第二堂-5/8\nhttp://www.youtube.com/watch?v=SG-eaHddBgs&list=PL0712285295DA6473&index=5\n慈悲三昧水懺的意涵-第二堂-6/8\nhttp://www.youtube.com/watch?v=N0-sIRGfIfc&list=PL0712285295DA6473&index=6\n慈悲三昧水懺的意涵-第二堂-7/8\nhttp://www.youtube.com/watch?v=YPI-MXcgFpI&list=PL0712285295DA6473&index=7\n慈悲三昧水懺的意涵-第二堂-8/8\nhttp://www.youtube.com/watch?v=pVMepRSo5Oo&list=PL0712285295DA6473&index=8');
INSERT INTO videos(vid, pid, title, description) VALUES('QWuKJq1mxiE', 'PLDuDoO_3m4caKNE7wSbEiy7mRptIu07Oe', '慈悲三昧水懺的修持意涵-第一堂-4/8', '您知道三昧水懺是誰制定的嗎？為什麼這部懺法名為「慈悲三昧水懺」呢？「懺如浣滌，以水為名」慈悲三昧之水真的能夠洗滌業障嗎？本講次將告訴您一段動人的因果故事，故事敘說水懺的由來與意義。還有如何透過誠心的懺悔，洗除煩惱，潔淨身心。\n\n「法鼓講堂」每周三晚間7：00~9：00\n網路直播：http://www.dharmaschool.com/ddm_max/liveclass/liveclassroom.php\n慈悲三昧水懺的意涵-第一堂-1/8\nhttp://www.youtube.com/watch?v=VkBNLnTu7rU&list=PLB0B9F976D44AB7C0&index=1\n慈悲三昧水懺的意涵-第一堂-2/8\nhttp://www.youtube.com/watch?v=0O_RqbrLE9A&list=PLB0B9F976D44AB7C0&index=2\n慈悲三昧水懺的意涵-第一堂-3/8\nhttp://www.youtube.com/watch?v=5HIDMKoHYWk&list=PLB0B9F976D44AB7C0&index=3\n慈悲三昧水懺的意涵-第一堂-4/8\nhttp://www.youtube.com/watch?v=QWuKJq1mxiE&list=PLB0B9F976D44AB7C0&index=4\n慈悲三昧水懺的意涵-第一堂-5/8\nhttp://www.youtube.com/watch?v=CVUVRBkhKws&list=PLB0B9F976D44AB7C0&index=5\n慈悲三昧水懺的意涵-第一堂-6/8\nhttp://www.youtube.com/watch?v=is4q-WvbTqg&list=PLB0B9F976D44AB7C0&index=6\n慈悲三昧水懺的意涵-第一堂-7/8\nhttp://www.youtube.com/watch?v=2R_3kkCwR-M&list=PLB0B9F976D44AB7C0&index=7\n慈悲三昧水懺的意涵-第一堂-8/8\nhttp://www.youtube.com/watch?v=W0_sLzmM1po&list=PLB0B9F976D44AB7C0&index=8\n\n慈悲三昧水懺的意涵-第二堂-1/8\nhttp://www.youtube.com/watch?v=dMRFxIwW40E&list=PL0712285295DA6473&index=1\n慈悲三昧水懺的意涵-第二堂-2/8\nhttp://www.youtube.com/watch?v=3AdLJAdywZc&list=PL0712285295DA6473&index=2\n慈悲三昧水懺的意涵-第二堂-3/8\nhttp://www.youtube.com/watch?v=Lxyxt4tEG_Q&list=PL0712285295DA6473&index=3\n慈悲三昧水懺的意涵-第二堂-4/8\nhttp://www.youtube.com/watch?v=8cQg_JF6YL0&list=PL0712285295DA6473&index=4\n慈悲三昧水懺的意涵-第二堂-5/8\nhttp://www.youtube.com/watch?v=SG-eaHddBgs&list=PL0712285295DA6473&index=5\n慈悲三昧水懺的意涵-第二堂-6/8\nhttp://www.youtube.com/watch?v=N0-sIRGfIfc&list=PL0712285295DA6473&index=6\n慈悲三昧水懺的意涵-第二堂-7/8\nhttp://www.youtube.com/watch?v=YPI-MXcgFpI&list=PL0712285295DA6473&index=7\n慈悲三昧水懺的意涵-第二堂-8/8\nhttp://www.youtube.com/watch?v=pVMepRSo5Oo&list=PL0712285295DA6473&index=8');
INSERT INTO videos(vid, pid, title, description) VALUES('CVUVRBkhKws', 'PLDuDoO_3m4caKNE7wSbEiy7mRptIu07Oe', '慈悲三昧水懺的修持意涵-第一堂-5/8', '您知道三昧水懺是誰制定的嗎？為什麼這部懺法名為「慈悲三昧水懺」呢？「懺如浣滌，以水為名」慈悲三昧之水真的能夠洗滌業障嗎？本講次將告訴您一段動人的因果故事，故事敘說水懺的由來與意義。還有如何透過誠心的懺悔，洗除煩惱，潔淨身心。\n\n「法鼓講堂」每周三晚間7：00~9：00\n網路直播：http://www.dharmaschool.com/ddm_max/liveclass/liveclassroom.php\n慈悲三昧水懺的意涵-第一堂-1/8\nhttp://www.youtube.com/watch?v=VkBNLnTu7rU&list=PLB0B9F976D44AB7C0&index=1\n慈悲三昧水懺的意涵-第一堂-2/8\nhttp://www.youtube.com/watch?v=0O_RqbrLE9A&list=PLB0B9F976D44AB7C0&index=2\n慈悲三昧水懺的意涵-第一堂-3/8\nhttp://www.youtube.com/watch?v=5HIDMKoHYWk&list=PLB0B9F976D44AB7C0&index=3\n慈悲三昧水懺的意涵-第一堂-4/8\nhttp://www.youtube.com/watch?v=QWuKJq1mxiE&list=PLB0B9F976D44AB7C0&index=4\n慈悲三昧水懺的意涵-第一堂-5/8\nhttp://www.youtube.com/watch?v=CVUVRBkhKws&list=PLB0B9F976D44AB7C0&index=5\n慈悲三昧水懺的意涵-第一堂-6/8\nhttp://www.youtube.com/watch?v=is4q-WvbTqg&list=PLB0B9F976D44AB7C0&index=6\n慈悲三昧水懺的意涵-第一堂-7/8\nhttp://www.youtube.com/watch?v=2R_3kkCwR-M&list=PLB0B9F976D44AB7C0&index=7\n慈悲三昧水懺的意涵-第一堂-8/8\nhttp://www.youtube.com/watch?v=W0_sLzmM1po&list=PLB0B9F976D44AB7C0&index=8\n\n慈悲三昧水懺的意涵-第二堂-1/8\nhttp://www.youtube.com/watch?v=dMRFxIwW40E&list=PL0712285295DA6473&index=1\n慈悲三昧水懺的意涵-第二堂-2/8\nhttp://www.youtube.com/watch?v=3AdLJAdywZc&list=PL0712285295DA6473&index=2\n慈悲三昧水懺的意涵-第二堂-3/8\nhttp://www.youtube.com/watch?v=Lxyxt4tEG_Q&list=PL0712285295DA6473&index=3\n慈悲三昧水懺的意涵-第二堂-4/8\nhttp://www.youtube.com/watch?v=8cQg_JF6YL0&list=PL0712285295DA6473&index=4\n慈悲三昧水懺的意涵-第二堂-5/8\nhttp://www.youtube.com/watch?v=SG-eaHddBgs&list=PL0712285295DA6473&index=5\n慈悲三昧水懺的意涵-第二堂-6/8\nhttp://www.youtube.com/watch?v=N0-sIRGfIfc&list=PL0712285295DA6473&index=6\n慈悲三昧水懺的意涵-第二堂-7/8\nhttp://www.youtube.com/watch?v=YPI-MXcgFpI&list=PL0712285295DA6473&index=7\n慈悲三昧水懺的意涵-第二堂-8/8\nhttp://www.youtube.com/watch?v=pVMepRSo5Oo&list=PL0712285295DA6473&index=8');
INSERT INTO videos(vid, pid, title, description) VALUES('is4q-WvbTqg', 'PLDuDoO_3m4caKNE7wSbEiy7mRptIu07Oe', '慈悲三昧水懺的修持意涵-第一堂-6/8', '您知道三昧水懺是誰制定的嗎？為什麼這部懺法名為「慈悲三昧水懺」呢？「懺如浣滌，以水為名」慈悲三昧之水真的能夠洗滌業障嗎？本講次將告訴您一段動人的因果故事，故事敘說水懺的由來與意義。還有如何透過誠心的懺悔，洗除煩惱，潔淨身心。\n\n「法鼓講堂」每周三晚間7：00~9：00\n網路直播：http://www.dharmaschool.com/ddm_max/liveclass/liveclassroom.php\n慈悲三昧水懺的意涵-第一堂-1/8\nhttp://www.youtube.com/watch?v=VkBNLnTu7rU&list=PLB0B9F976D44AB7C0&index=1\n慈悲三昧水懺的意涵-第一堂-2/8\nhttp://www.youtube.com/watch?v=0O_RqbrLE9A&list=PLB0B9F976D44AB7C0&index=2\n慈悲三昧水懺的意涵-第一堂-3/8\nhttp://www.youtube.com/watch?v=5HIDMKoHYWk&list=PLB0B9F976D44AB7C0&index=3\n慈悲三昧水懺的意涵-第一堂-4/8\nhttp://www.youtube.com/watch?v=QWuKJq1mxiE&list=PLB0B9F976D44AB7C0&index=4\n慈悲三昧水懺的意涵-第一堂-5/8\nhttp://www.youtube.com/watch?v=CVUVRBkhKws&list=PLB0B9F976D44AB7C0&index=5\n慈悲三昧水懺的意涵-第一堂-6/8\nhttp://www.youtube.com/watch?v=is4q-WvbTqg&list=PLB0B9F976D44AB7C0&index=6\n慈悲三昧水懺的意涵-第一堂-7/8\nhttp://www.youtube.com/watch?v=2R_3kkCwR-M&list=PLB0B9F976D44AB7C0&index=7\n慈悲三昧水懺的意涵-第一堂-8/8\nhttp://www.youtube.com/watch?v=W0_sLzmM1po&list=PLB0B9F976D44AB7C0&index=8\n\n慈悲三昧水懺的意涵-第二堂-1/8\nhttp://www.youtube.com/watch?v=dMRFxIwW40E&list=PL0712285295DA6473&index=1\n慈悲三昧水懺的意涵-第二堂-2/8\nhttp://www.youtube.com/watch?v=3AdLJAdywZc&list=PL0712285295DA6473&index=2\n慈悲三昧水懺的意涵-第二堂-3/8\nhttp://www.youtube.com/watch?v=Lxyxt4tEG_Q&list=PL0712285295DA6473&index=3\n慈悲三昧水懺的意涵-第二堂-4/8\nhttp://www.youtube.com/watch?v=8cQg_JF6YL0&list=PL0712285295DA6473&index=4\n慈悲三昧水懺的意涵-第二堂-5/8\nhttp://www.youtube.com/watch?v=SG-eaHddBgs&list=PL0712285295DA6473&index=5\n慈悲三昧水懺的意涵-第二堂-6/8\nhttp://www.youtube.com/watch?v=N0-sIRGfIfc&list=PL0712285295DA6473&index=6\n慈悲三昧水懺的意涵-第二堂-7/8\nhttp://www.youtube.com/watch?v=YPI-MXcgFpI&list=PL0712285295DA6473&index=7\n慈悲三昧水懺的意涵-第二堂-8/8\nhttp://www.youtube.com/watch?v=pVMepRSo5Oo&list=PL0712285295DA6473&index=8');
INSERT INTO videos(vid, pid, title, description) VALUES('2R_3kkCwR-M', 'PLDuDoO_3m4caKNE7wSbEiy7mRptIu07Oe', '慈悲三昧水懺的修持意涵-第一堂-7/8', '您知道三昧水懺是誰制定的嗎？為什麼這部懺法名為「慈悲三昧水懺」呢？「懺如浣滌，以水為名」慈悲三昧之水真的能夠洗滌業障嗎？本講次將告訴您一段動人的因果故事，故事敘說水懺的由來與意義。還有如何透過誠心的懺悔，洗除煩惱，潔淨身心。\n\n「法鼓講堂」每周三晚間7：00~9：00\n網路直播：http://www.dharmaschool.com/ddm_max/liveclass/liveclassroom.php\n慈悲三昧水懺的意涵-第一堂-1/8\nhttp://www.youtube.com/watch?v=VkBNLnTu7rU&list=PLB0B9F976D44AB7C0&index=1\n慈悲三昧水懺的意涵-第一堂-2/8\nhttp://www.youtube.com/watch?v=0O_RqbrLE9A&list=PLB0B9F976D44AB7C0&index=2\n慈悲三昧水懺的意涵-第一堂-3/8\nhttp://www.youtube.com/watch?v=5HIDMKoHYWk&list=PLB0B9F976D44AB7C0&index=3\n慈悲三昧水懺的意涵-第一堂-4/8\nhttp://www.youtube.com/watch?v=QWuKJq1mxiE&list=PLB0B9F976D44AB7C0&index=4\n慈悲三昧水懺的意涵-第一堂-5/8\nhttp://www.youtube.com/watch?v=CVUVRBkhKws&list=PLB0B9F976D44AB7C0&index=5\n慈悲三昧水懺的意涵-第一堂-6/8\nhttp://www.youtube.com/watch?v=is4q-WvbTqg&list=PLB0B9F976D44AB7C0&index=6\n慈悲三昧水懺的意涵-第一堂-7/8\nhttp://www.youtube.com/watch?v=2R_3kkCwR-M&list=PLB0B9F976D44AB7C0&index=7\n慈悲三昧水懺的意涵-第一堂-8/8\nhttp://www.youtube.com/watch?v=W0_sLzmM1po&list=PLB0B9F976D44AB7C0&index=8\n\n慈悲三昧水懺的意涵-第二堂-1/8\nhttp://www.youtube.com/watch?v=dMRFxIwW40E&list=PL0712285295DA6473&index=1\n慈悲三昧水懺的意涵-第二堂-2/8\nhttp://www.youtube.com/watch?v=3AdLJAdywZc&list=PL0712285295DA6473&index=2\n慈悲三昧水懺的意涵-第二堂-3/8\nhttp://www.youtube.com/watch?v=Lxyxt4tEG_Q&list=PL0712285295DA6473&index=3\n慈悲三昧水懺的意涵-第二堂-4/8\nhttp://www.youtube.com/watch?v=8cQg_JF6YL0&list=PL0712285295DA6473&index=4\n慈悲三昧水懺的意涵-第二堂-5/8\nhttp://www.youtube.com/watch?v=SG-eaHddBgs&list=PL0712285295DA6473&index=5\n慈悲三昧水懺的意涵-第二堂-6/8\nhttp://www.youtube.com/watch?v=N0-sIRGfIfc&list=PL0712285295DA6473&index=6\n慈悲三昧水懺的意涵-第二堂-7/8\nhttp://www.youtube.com/watch?v=YPI-MXcgFpI&list=PL0712285295DA6473&index=7\n慈悲三昧水懺的意涵-第二堂-8/8\nhttp://www.youtube.com/watch?v=pVMepRSo5Oo&list=PL0712285295DA6473&index=8');
INSERT INTO videos(vid, pid, title, description) VALUES('W0_sLzmM1po', 'PLDuDoO_3m4caKNE7wSbEiy7mRptIu07Oe', '慈悲三昧水懺的修持意涵-第一堂-8/8', '您知道三昧水懺是誰制定的嗎？為什麼這部懺法名為「慈悲三昧水懺」呢？「懺如浣滌，以水為名」慈悲三昧之水真的能夠洗滌業障嗎？本講次將告訴您一段動人的因果故事，故事敘說水懺的由來與意義。還有如何透過誠心的懺悔，洗除煩惱，潔淨身心。\n\n「法鼓講堂」每周三晚間7：00~9：00\n網路直播：http://www.dharmaschool.com/ddm_max/liveclass/liveclassroom.php\n慈悲三昧水懺的意涵-第一堂-1/8\nhttp://www.youtube.com/watch?v=VkBNLnTu7rU&list=PLB0B9F976D44AB7C0&index=1\n慈悲三昧水懺的意涵-第一堂-2/8\nhttp://www.youtube.com/watch?v=0O_RqbrLE9A&list=PLB0B9F976D44AB7C0&index=2\n慈悲三昧水懺的意涵-第一堂-3/8\nhttp://www.youtube.com/watch?v=5HIDMKoHYWk&list=PLB0B9F976D44AB7C0&index=3\n慈悲三昧水懺的意涵-第一堂-4/8\nhttp://www.youtube.com/watch?v=QWuKJq1mxiE&list=PLB0B9F976D44AB7C0&index=4\n慈悲三昧水懺的意涵-第一堂-5/8\nhttp://www.youtube.com/watch?v=CVUVRBkhKws&list=PLB0B9F976D44AB7C0&index=5\n慈悲三昧水懺的意涵-第一堂-6/8\nhttp://www.youtube.com/watch?v=is4q-WvbTqg&list=PLB0B9F976D44AB7C0&index=6\n慈悲三昧水懺的意涵-第一堂-7/8\nhttp://www.youtube.com/watch?v=2R_3kkCwR-M&list=PLB0B9F976D44AB7C0&index=7\n慈悲三昧水懺的意涵-第一堂-8/8\nhttp://www.youtube.com/watch?v=W0_sLzmM1po&list=PLB0B9F976D44AB7C0&index=8\n\n慈悲三昧水懺的意涵-第二堂-1/8\nhttp://www.youtube.com/watch?v=dMRFxIwW40E&list=PL0712285295DA6473&index=1\n慈悲三昧水懺的意涵-第二堂-2/8\nhttp://www.youtube.com/watch?v=3AdLJAdywZc&list=PL0712285295DA6473&index=2\n慈悲三昧水懺的意涵-第二堂-3/8\nhttp://www.youtube.com/watch?v=Lxyxt4tEG_Q&list=PL0712285295DA6473&index=3\n慈悲三昧水懺的意涵-第二堂-4/8\nhttp://www.youtube.com/watch?v=8cQg_JF6YL0&list=PL0712285295DA6473&index=4\n慈悲三昧水懺的意涵-第二堂-5/8\nhttp://www.youtube.com/watch?v=SG-eaHddBgs&list=PL0712285295DA6473&index=5\n慈悲三昧水懺的意涵-第二堂-6/8\nhttp://www.youtube.com/watch?v=N0-sIRGfIfc&list=PL0712285295DA6473&index=6\n慈悲三昧水懺的意涵-第二堂-7/8\nhttp://www.youtube.com/watch?v=YPI-MXcgFpI&list=PL0712285295DA6473&index=7\n慈悲三昧水懺的意涵-第二堂-8/8\nhttp://www.youtube.com/watch?v=pVMepRSo5Oo&list=PL0712285295DA6473&index=8');
INSERT INTO videos(vid, pid, title, description) VALUES('dMRFxIwW40E', 'PLDuDoO_3m4caKNE7wSbEiy7mRptIu07Oe', '慈悲三昧水懺的修持意涵-第二堂-1/8', '您知道如何才能擁有真正的快樂嗎？讓我們身心感到不自在，不快樂的種種言語行為在佛法中稱為「煩惱障」，本講次將介紹水懺卷上，在這一卷懺文中，告訴我們煩惱的起源，以及如何藉由轉化觀念、修正行為來消除煩惱，得到真正的自在安樂。並且教我們在懺悔前要先做好七種準備；1. 慚愧、2. 恐怖、3. 厭離、4. 發菩提心、5. 怨親平等、6. 念報佛恩、7. 觀罪性空。如此方能真正在懺悔中，清淨身心。您準備好了嗎？邀請您用虔敬的身心，一起來領受三昧之水的清涼與法喜。\n\n「法鼓講堂」每周三晚間7：00~9：00\n網路直播：http://www.dharmaschool.com/ddm_max/liveclass/liveclassroom.php\n慈悲三昧水懺的意涵-第一堂-1/8\nhttp://www.youtube.com/watch?v=VkBNLnTu7rU&list=PLB0B9F976D44AB7C0&index=1\n慈悲三昧水懺的意涵-第一堂-2/8\nhttp://www.youtube.com/watch?v=0O_RqbrLE9A&list=PLB0B9F976D44AB7C0&index=2\n慈悲三昧水懺的意涵-第一堂-3/8\nhttp://www.youtube.com/watch?v=5HIDMKoHYWk&list=PLB0B9F976D44AB7C0&index=3\n慈悲三昧水懺的意涵-第一堂-4/8\nhttp://www.youtube.com/watch?v=QWuKJq1mxiE&list=PLB0B9F976D44AB7C0&index=4\n慈悲三昧水懺的意涵-第一堂-5/8\nhttp://www.youtube.com/watch?v=CVUVRBkhKws&list=PLB0B9F976D44AB7C0&index=5\n慈悲三昧水懺的意涵-第一堂-6/8\nhttp://www.youtube.com/watch?v=is4q-WvbTqg&list=PLB0B9F976D44AB7C0&index=6\n慈悲三昧水懺的意涵-第一堂-7/8\nhttp://www.youtube.com/watch?v=2R_3kkCwR-M&list=PLB0B9F976D44AB7C0&index=7\n慈悲三昧水懺的意涵-第一堂-8/8\nhttp://www.youtube.com/watch?v=W0_sLzmM1po&list=PLB0B9F976D44AB7C0&index=8\n\n慈悲三昧水懺的意涵-第二堂-1/8\nhttp://www.youtube.com/watch?v=dMRFxIwW40E&list=PL0712285295DA6473&index=1\n慈悲三昧水懺的意涵-第二堂-2/8\nhttp://www.youtube.com/watch?v=3AdLJAdywZc&list=PL0712285295DA6473&index=2\n慈悲三昧水懺的意涵-第二堂-3/8\nhttp://www.youtube.com/watch?v=Lxyxt4tEG_Q&list=PL0712285295DA6473&index=3\n慈悲三昧水懺的意涵-第二堂-4/8\nhttp://www.youtube.com/watch?v=8cQg_JF6YL0&list=PL0712285295DA6473&index=4\n慈悲三昧水懺的意涵-第二堂-5/8\nhttp://www.youtube.com/watch?v=SG-eaHddBgs&list=PL0712285295DA6473&index=5\n慈悲三昧水懺的意涵-第二堂-6/8\nhttp://www.youtube.com/watch?v=N0-sIRGfIfc&list=PL0712285295DA6473&index=6\n慈悲三昧水懺的意涵-第二堂-7/8\nhttp://www.youtube.com/watch?v=YPI-MXcgFpI&list=PL0712285295DA6473&index=7\n慈悲三昧水懺的意涵-第二堂-8/8\nhttp://www.youtube.com/watch?v=pVMepRSo5Oo&list=PL0712285295DA6473&index=8');
INSERT INTO videos(vid, pid, title, description) VALUES('3AdLJAdywZc', 'PLDuDoO_3m4caKNE7wSbEiy7mRptIu07Oe', '慈悲三昧水懺的修持意涵-第二堂-2/8', '您知道如何才能擁有真正的快樂嗎？讓我們身心感到不自在，不快樂的種種言語行為在佛法中稱為「煩惱障」，本講次將介紹水懺卷上，在這一卷懺文中，告訴我們煩惱的起源，以及如何藉由轉化觀念、修正行為來消除煩惱，得到真正的自在安樂。並且教我們在懺悔前要先做好七種準備；1. 慚愧、2. 恐怖、3. 厭離、4. 發菩提心、5. 怨親平等、6. 念報佛恩、7. 觀罪性空。如此方能真正在懺悔中，清淨身心。您準備好了嗎？邀請您用虔敬的身心，一起來領受三昧之水的清涼與法喜。\n\n「法鼓講堂」每周三晚間7：00~9：00\n網路直播：http://www.dharmaschool.com/ddm_max/liveclass/liveclassroom.php\n慈悲三昧水懺的意涵-第一堂-1/8\nhttp://www.youtube.com/watch?v=VkBNLnTu7rU&list=PLB0B9F976D44AB7C0&index=1\n慈悲三昧水懺的意涵-第一堂-2/8\nhttp://www.youtube.com/watch?v=0O_RqbrLE9A&list=PLB0B9F976D44AB7C0&index=2\n慈悲三昧水懺的意涵-第一堂-3/8\nhttp://www.youtube.com/watch?v=5HIDMKoHYWk&list=PLB0B9F976D44AB7C0&index=3\n慈悲三昧水懺的意涵-第一堂-4/8\nhttp://www.youtube.com/watch?v=QWuKJq1mxiE&list=PLB0B9F976D44AB7C0&index=4\n慈悲三昧水懺的意涵-第一堂-5/8\nhttp://www.youtube.com/watch?v=CVUVRBkhKws&list=PLB0B9F976D44AB7C0&index=5\n慈悲三昧水懺的意涵-第一堂-6/8\nhttp://www.youtube.com/watch?v=is4q-WvbTqg&list=PLB0B9F976D44AB7C0&index=6\n慈悲三昧水懺的意涵-第一堂-7/8\nhttp://www.youtube.com/watch?v=2R_3kkCwR-M&list=PLB0B9F976D44AB7C0&index=7\n慈悲三昧水懺的意涵-第一堂-8/8\nhttp://www.youtube.com/watch?v=W0_sLzmM1po&list=PLB0B9F976D44AB7C0&index=8\n\n慈悲三昧水懺的意涵-第二堂-1/8\nhttp://www.youtube.com/watch?v=dMRFxIwW40E&list=PL0712285295DA6473&index=1\n慈悲三昧水懺的意涵-第二堂-2/8\nhttp://www.youtube.com/watch?v=3AdLJAdywZc&list=PL0712285295DA6473&index=2\n慈悲三昧水懺的意涵-第二堂-3/8\nhttp://www.youtube.com/watch?v=Lxyxt4tEG_Q&list=PL0712285295DA6473&index=3\n慈悲三昧水懺的意涵-第二堂-4/8\nhttp://www.youtube.com/watch?v=8cQg_JF6YL0&list=PL0712285295DA6473&index=4\n慈悲三昧水懺的意涵-第二堂-5/8\nhttp://www.youtube.com/watch?v=SG-eaHddBgs&list=PL0712285295DA6473&index=5\n慈悲三昧水懺的意涵-第二堂-6/8\nhttp://www.youtube.com/watch?v=N0-sIRGfIfc&list=PL0712285295DA6473&index=6\n慈悲三昧水懺的意涵-第二堂-7/8\nhttp://www.youtube.com/watch?v=YPI-MXcgFpI&list=PL0712285295DA6473&index=7\n慈悲三昧水懺的意涵-第二堂-8/8\nhttp://www.youtube.com/watch?v=pVMepRSo5Oo&list=PL0712285295DA6473&index=8');
INSERT INTO videos(vid, pid, title, description) VALUES('Lxyxt4tEG_Q', 'PLDuDoO_3m4caKNE7wSbEiy7mRptIu07Oe', '慈悲三昧水懺的修持意涵-第二堂-3/8', '您知道如何才能擁有真正的快樂嗎？讓我們身心感到不自在，不快樂的種種言語行為在佛法中稱為「煩惱障」，本講次將介紹水懺卷上，在這一卷懺文中，告訴我們煩惱的起源，以及如何藉由轉化觀念、修正行為來消除煩惱，得到真正的自在安樂。並且教我們在懺悔前要先做好七種準備；1. 慚愧、2. 恐怖、3. 厭離、4. 發菩提心、5. 怨親平等、6. 念報佛恩、7. 觀罪性空。如此方能真正在懺悔中，清淨身心。您準備好了嗎？邀請您用虔敬的身心，一起來領受三昧之水的清涼與法喜。\n\n「法鼓講堂」每周三晚間7：00~9：00\n網路直播：http://www.dharmaschool.com/ddm_max/liveclass/liveclassroom.php\n慈悲三昧水懺的意涵-第一堂-1/8\nhttp://www.youtube.com/watch?v=VkBNLnTu7rU&list=PLB0B9F976D44AB7C0&index=1\n慈悲三昧水懺的意涵-第一堂-2/8\nhttp://www.youtube.com/watch?v=0O_RqbrLE9A&list=PLB0B9F976D44AB7C0&index=2\n慈悲三昧水懺的意涵-第一堂-3/8\nhttp://www.youtube.com/watch?v=5HIDMKoHYWk&list=PLB0B9F976D44AB7C0&index=3\n慈悲三昧水懺的意涵-第一堂-4/8\nhttp://www.youtube.com/watch?v=QWuKJq1mxiE&list=PLB0B9F976D44AB7C0&index=4\n慈悲三昧水懺的意涵-第一堂-5/8\nhttp://www.youtube.com/watch?v=CVUVRBkhKws&list=PLB0B9F976D44AB7C0&index=5\n慈悲三昧水懺的意涵-第一堂-6/8\nhttp://www.youtube.com/watch?v=is4q-WvbTqg&list=PLB0B9F976D44AB7C0&index=6\n慈悲三昧水懺的意涵-第一堂-7/8\nhttp://www.youtube.com/watch?v=2R_3kkCwR-M&list=PLB0B9F976D44AB7C0&index=7\n慈悲三昧水懺的意涵-第一堂-8/8\nhttp://www.youtube.com/watch?v=W0_sLzmM1po&list=PLB0B9F976D44AB7C0&index=8\n\n慈悲三昧水懺的意涵-第二堂-1/8\nhttp://www.youtube.com/watch?v=dMRFxIwW40E&list=PL0712285295DA6473&index=1\n慈悲三昧水懺的意涵-第二堂-2/8\nhttp://www.youtube.com/watch?v=3AdLJAdywZc&list=PL0712285295DA6473&index=2\n慈悲三昧水懺的意涵-第二堂-3/8\nhttp://www.youtube.com/watch?v=Lxyxt4tEG_Q&list=PL0712285295DA6473&index=3\n慈悲三昧水懺的意涵-第二堂-4/8\nhttp://www.youtube.com/watch?v=8cQg_JF6YL0&list=PL0712285295DA6473&index=4\n慈悲三昧水懺的意涵-第二堂-5/8\nhttp://www.youtube.com/watch?v=SG-eaHddBgs&list=PL0712285295DA6473&index=5\n慈悲三昧水懺的意涵-第二堂-6/8\nhttp://www.youtube.com/watch?v=N0-sIRGfIfc&list=PL0712285295DA6473&index=6\n慈悲三昧水懺的意涵-第二堂-7/8\nhttp://www.youtube.com/watch?v=YPI-MXcgFpI&list=PL0712285295DA6473&index=7\n慈悲三昧水懺的意涵-第二堂-8/8\nhttp://www.youtube.com/watch?v=pVMepRSo5Oo&list=PL0712285295DA6473&index=8');
INSERT INTO videos(vid, pid, title, description) VALUES('8cQg_JF6YL0', 'PLDuDoO_3m4caKNE7wSbEiy7mRptIu07Oe', '慈悲三昧水懺的修持意涵-第二堂-4/8', '您知道如何才能擁有真正的快樂嗎？讓我們身心感到不自在，不快樂的種種言語行為在佛法中稱為「煩惱障」，本講次將介紹水懺卷上，在這一卷懺文中，告訴我們煩惱的起源，以及如何藉由轉化觀念、修正行為來消除煩惱，得到真正的自在安樂。並且教我們在懺悔前要先做好七種準備；1. 慚愧、2. 恐怖、3. 厭離、4. 發菩提心、5. 怨親平等、6. 念報佛恩、7. 觀罪性空。如此方能真正在懺悔中，清淨身心。您準備好了嗎？邀請您用虔敬的身心，一起來領受三昧之水的清涼與法喜。\n\n「法鼓講堂」每周三晚間7：00~9：00\n網路直播：http://www.dharmaschool.com/ddm_max/liveclass/liveclassroom.php\n慈悲三昧水懺的意涵-第一堂-1/8\nhttp://www.youtube.com/watch?v=VkBNLnTu7rU&list=PLB0B9F976D44AB7C0&index=1\n慈悲三昧水懺的意涵-第一堂-2/8\nhttp://www.youtube.com/watch?v=0O_RqbrLE9A&list=PLB0B9F976D44AB7C0&index=2\n慈悲三昧水懺的意涵-第一堂-3/8\nhttp://www.youtube.com/watch?v=5HIDMKoHYWk&list=PLB0B9F976D44AB7C0&index=3\n慈悲三昧水懺的意涵-第一堂-4/8\nhttp://www.youtube.com/watch?v=QWuKJq1mxiE&list=PLB0B9F976D44AB7C0&index=4\n慈悲三昧水懺的意涵-第一堂-5/8\nhttp://www.youtube.com/watch?v=CVUVRBkhKws&list=PLB0B9F976D44AB7C0&index=5\n慈悲三昧水懺的意涵-第一堂-6/8\nhttp://www.youtube.com/watch?v=is4q-WvbTqg&list=PLB0B9F976D44AB7C0&index=6\n慈悲三昧水懺的意涵-第一堂-7/8\nhttp://www.youtube.com/watch?v=2R_3kkCwR-M&list=PLB0B9F976D44AB7C0&index=7\n慈悲三昧水懺的意涵-第一堂-8/8\nhttp://www.youtube.com/watch?v=W0_sLzmM1po&list=PLB0B9F976D44AB7C0&index=8\n\n慈悲三昧水懺的意涵-第二堂-1/8\nhttp://www.youtube.com/watch?v=dMRFxIwW40E&list=PL0712285295DA6473&index=1\n慈悲三昧水懺的意涵-第二堂-2/8\nhttp://www.youtube.com/watch?v=3AdLJAdywZc&list=PL0712285295DA6473&index=2\n慈悲三昧水懺的意涵-第二堂-3/8\nhttp://www.youtube.com/watch?v=Lxyxt4tEG_Q&list=PL0712285295DA6473&index=3\n慈悲三昧水懺的意涵-第二堂-4/8\nhttp://www.youtube.com/watch?v=8cQg_JF6YL0&list=PL0712285295DA6473&index=4\n慈悲三昧水懺的意涵-第二堂-5/8\nhttp://www.youtube.com/watch?v=SG-eaHddBgs&list=PL0712285295DA6473&index=5\n慈悲三昧水懺的意涵-第二堂-6/8\nhttp://www.youtube.com/watch?v=N0-sIRGfIfc&list=PL0712285295DA6473&index=6\n慈悲三昧水懺的意涵-第二堂-7/8\nhttp://www.youtube.com/watch?v=YPI-MXcgFpI&list=PL0712285295DA6473&index=7\n慈悲三昧水懺的意涵-第二堂-8/8\nhttp://www.youtube.com/watch?v=pVMepRSo5Oo&list=PL0712285295DA6473&index=8');
INSERT INTO videos(vid, pid, title, description) VALUES('SG-eaHddBgs', 'PLDuDoO_3m4caKNE7wSbEiy7mRptIu07Oe', '慈悲三昧水懺的修持意涵-第二堂-5/8', '您知道如何才能擁有真正的快樂嗎？讓我們身心感到不自在，不快樂的種種言語行為在佛法中稱為「煩惱障」，本講次將介紹水懺卷上，在這一卷懺文中，告訴我們煩惱的起源，以及如何藉由轉化觀念、修正行為來消除煩惱，得到真正的自在安樂。並且教我們在懺悔前要先做好七種準備；1. 慚愧、2. 恐怖、3. 厭離、4. 發菩提心、5. 怨親平等、6. 念報佛恩、7. 觀罪性空。如此方能真正在懺悔中，清淨身心。您準備好了嗎？邀請您用虔敬的身心，一起來領受三昧之水的清涼與法喜。\n\n「法鼓講堂」每周三晚間7：00~9：00\n網路直播：http://www.dharmaschool.com/ddm_max/liveclass/liveclassroom.php\n慈悲三昧水懺的意涵-第一堂-1/8\nhttp://www.youtube.com/watch?v=VkBNLnTu7rU&list=PLB0B9F976D44AB7C0&index=1\n慈悲三昧水懺的意涵-第一堂-2/8\nhttp://www.youtube.com/watch?v=0O_RqbrLE9A&list=PLB0B9F976D44AB7C0&index=2\n慈悲三昧水懺的意涵-第一堂-3/8\nhttp://www.youtube.com/watch?v=5HIDMKoHYWk&list=PLB0B9F976D44AB7C0&index=3\n慈悲三昧水懺的意涵-第一堂-4/8\nhttp://www.youtube.com/watch?v=QWuKJq1mxiE&list=PLB0B9F976D44AB7C0&index=4\n慈悲三昧水懺的意涵-第一堂-5/8\nhttp://www.youtube.com/watch?v=CVUVRBkhKws&list=PLB0B9F976D44AB7C0&index=5\n慈悲三昧水懺的意涵-第一堂-6/8\nhttp://www.youtube.com/watch?v=is4q-WvbTqg&list=PLB0B9F976D44AB7C0&index=6\n慈悲三昧水懺的意涵-第一堂-7/8\nhttp://www.youtube.com/watch?v=2R_3kkCwR-M&list=PLB0B9F976D44AB7C0&index=7\n慈悲三昧水懺的意涵-第一堂-8/8\nhttp://www.youtube.com/watch?v=W0_sLzmM1po&list=PLB0B9F976D44AB7C0&index=8\n\n慈悲三昧水懺的意涵-第二堂-1/8\nhttp://www.youtube.com/watch?v=dMRFxIwW40E&list=PL0712285295DA6473&index=1\n慈悲三昧水懺的意涵-第二堂-2/8\nhttp://www.youtube.com/watch?v=3AdLJAdywZc&list=PL0712285295DA6473&index=2\n慈悲三昧水懺的意涵-第二堂-3/8\nhttp://www.youtube.com/watch?v=Lxyxt4tEG_Q&list=PL0712285295DA6473&index=3\n慈悲三昧水懺的意涵-第二堂-4/8\nhttp://www.youtube.com/watch?v=8cQg_JF6YL0&list=PL0712285295DA6473&index=4\n慈悲三昧水懺的意涵-第二堂-5/8\nhttp://www.youtube.com/watch?v=SG-eaHddBgs&list=PL0712285295DA6473&index=5\n慈悲三昧水懺的意涵-第二堂-6/8\nhttp://www.youtube.com/watch?v=N0-sIRGfIfc&list=PL0712285295DA6473&index=6\n慈悲三昧水懺的意涵-第二堂-7/8\nhttp://www.youtube.com/watch?v=YPI-MXcgFpI&list=PL0712285295DA6473&index=7\n慈悲三昧水懺的意涵-第二堂-8/8\nhttp://www.youtube.com/watch?v=pVMepRSo5Oo&list=PL0712285295DA6473&index=8');
INSERT INTO videos(vid, pid, title, description) VALUES('N0-sIRGfIfc', 'PLDuDoO_3m4caKNE7wSbEiy7mRptIu07Oe', '慈悲三昧水懺的修持意涵-第二堂-6/8', '您知道如何才能擁有真正的快樂嗎？讓我們身心感到不自在，不快樂的種種言語行為在佛法中稱為「煩惱障」，本講次將介紹水懺卷上，在這一卷懺文中告訴我們煩惱的起源，以及如何藉由轉化觀念、修正行為來消除煩惱，得到真正的自在安樂。並且教我們在懺悔前要先做好七種準備；1. 慚愧、2. 恐怖、3. 厭離、4. 發菩提心、5. 怨親平等、6. 念報佛恩、7. 觀罪性空。如此方能真正在懺悔中，清淨身心。您準備好了嗎？邀請您用虔敬的身心，一起來領受三昧之水的清涼與法喜。\n\n「法鼓講堂」每周三晚間7：00~9：00\n網路直播：http://www.dharmaschool.com/ddm_max/liveclass/liveclassroom.php\n慈悲三昧水懺的意涵-第一堂-1/8\nhttp://www.youtube.com/watch?v=VkBNLnTu7rU&list=PLB0B9F976D44AB7C0&index=1\n慈悲三昧水懺的意涵-第一堂-2/8\nhttp://www.youtube.com/watch?v=0O_RqbrLE9A&list=PLB0B9F976D44AB7C0&index=2\n慈悲三昧水懺的意涵-第一堂-3/8\nhttp://www.youtube.com/watch?v=5HIDMKoHYWk&list=PLB0B9F976D44AB7C0&index=3\n慈悲三昧水懺的意涵-第一堂-4/8\nhttp://www.youtube.com/watch?v=QWuKJq1mxiE&list=PLB0B9F976D44AB7C0&index=4\n慈悲三昧水懺的意涵-第一堂-5/8\nhttp://www.youtube.com/watch?v=CVUVRBkhKws&list=PLB0B9F976D44AB7C0&index=5\n慈悲三昧水懺的意涵-第一堂-6/8\nhttp://www.youtube.com/watch?v=is4q-WvbTqg&list=PLB0B9F976D44AB7C0&index=6\n慈悲三昧水懺的意涵-第一堂-7/8\nhttp://www.youtube.com/watch?v=2R_3kkCwR-M&list=PLB0B9F976D44AB7C0&index=7\n慈悲三昧水懺的意涵-第一堂-8/8\nhttp://www.youtube.com/watch?v=W0_sLzmM1po&list=PLB0B9F976D44AB7C0&index=8\n\n慈悲三昧水懺的意涵-第二堂-1/8\nhttp://www.youtube.com/watch?v=dMRFxIwW40E&list=PL0712285295DA6473&index=1\n慈悲三昧水懺的意涵-第二堂-2/8\nhttp://www.youtube.com/watch?v=3AdLJAdywZc&list=PL0712285295DA6473&index=2\n慈悲三昧水懺的意涵-第二堂-3/8\nhttp://www.youtube.com/watch?v=Lxyxt4tEG_Q&list=PL0712285295DA6473&index=3\n慈悲三昧水懺的意涵-第二堂-4/8\nhttp://www.youtube.com/watch?v=8cQg_JF6YL0&list=PL0712285295DA6473&index=4\n慈悲三昧水懺的意涵-第二堂-5/8\nhttp://www.youtube.com/watch?v=SG-eaHddBgs&list=PL0712285295DA6473&index=5\n慈悲三昧水懺的意涵-第二堂-6/8\nhttp://www.youtube.com/watch?v=N0-sIRGfIfc&list=PL0712285295DA6473&index=6\n慈悲三昧水懺的意涵-第二堂-7/8\nhttp://www.youtube.com/watch?v=YPI-MXcgFpI&list=PL0712285295DA6473&index=7\n慈悲三昧水懺的意涵-第二堂-8/8\nhttp://www.youtube.com/watch?v=pVMepRSo5Oo&list=PL0712285295DA6473&index=8');
INSERT INTO videos(vid, pid, title, description) VALUES('YPI-MXcgFpI', 'PLDuDoO_3m4caKNE7wSbEiy7mRptIu07Oe', '慈悲三昧水懺的修持意涵-第二堂-7/8', '您知道如何才能擁有真正的快樂嗎？讓我們身心感到不自在，不快樂的種種言語行為在佛法中稱為「煩惱障」，本講次將介紹水懺卷上，在這一卷懺文中，告訴我們煩惱的起源，以及如何藉由轉化觀念、修正行為來消除煩惱，得到真正的自在安樂。並且教我們在懺悔前要先做好七種準備；1. 慚愧、2. 恐怖、3. 厭離、4. 發菩提心、5. 怨親平等、6. 念報佛恩、7. 觀罪性空。如此方能真正在懺悔中，清淨身心。您準備好了嗎？邀請您用虔敬的身心，一起來領受三昧之水的清涼與法喜。\n\n「法鼓講堂」每周三晚間7：00~9：00\n網路直播：http://www.dharmaschool.com/ddm_max/liveclass/liveclassroom.php\n慈悲三昧水懺的意涵-第一堂-1/8\nhttp://www.youtube.com/watch?v=VkBNLnTu7rU&list=PLB0B9F976D44AB7C0&index=1\n慈悲三昧水懺的意涵-第一堂-2/8\nhttp://www.youtube.com/watch?v=0O_RqbrLE9A&list=PLB0B9F976D44AB7C0&index=2\n慈悲三昧水懺的意涵-第一堂-3/8\nhttp://www.youtube.com/watch?v=5HIDMKoHYWk&list=PLB0B9F976D44AB7C0&index=3\n慈悲三昧水懺的意涵-第一堂-4/8\nhttp://www.youtube.com/watch?v=QWuKJq1mxiE&list=PLB0B9F976D44AB7C0&index=4\n慈悲三昧水懺的意涵-第一堂-5/8\nhttp://www.youtube.com/watch?v=CVUVRBkhKws&list=PLB0B9F976D44AB7C0&index=5\n慈悲三昧水懺的意涵-第一堂-6/8\nhttp://www.youtube.com/watch?v=is4q-WvbTqg&list=PLB0B9F976D44AB7C0&index=6\n慈悲三昧水懺的意涵-第一堂-7/8\nhttp://www.youtube.com/watch?v=2R_3kkCwR-M&list=PLB0B9F976D44AB7C0&index=7\n慈悲三昧水懺的意涵-第一堂-8/8\nhttp://www.youtube.com/watch?v=W0_sLzmM1po&list=PLB0B9F976D44AB7C0&index=8\n\n慈悲三昧水懺的意涵-第二堂-1/8\nhttp://www.youtube.com/watch?v=dMRFxIwW40E&list=PL0712285295DA6473&index=1\n慈悲三昧水懺的意涵-第二堂-2/8\nhttp://www.youtube.com/watch?v=3AdLJAdywZc&list=PL0712285295DA6473&index=2\n慈悲三昧水懺的意涵-第二堂-3/8\nhttp://www.youtube.com/watch?v=Lxyxt4tEG_Q&list=PL0712285295DA6473&index=3\n慈悲三昧水懺的意涵-第二堂-4/8\nhttp://www.youtube.com/watch?v=8cQg_JF6YL0&list=PL0712285295DA6473&index=4\n慈悲三昧水懺的意涵-第二堂-5/8\nhttp://www.youtube.com/watch?v=SG-eaHddBgs&list=PL0712285295DA6473&index=5\n慈悲三昧水懺的意涵-第二堂-6/8\nhttp://www.youtube.com/watch?v=N0-sIRGfIfc&list=PL0712285295DA6473&index=6\n慈悲三昧水懺的意涵-第二堂-7/8\nhttp://www.youtube.com/watch?v=YPI-MXcgFpI&list=PL0712285295DA6473&index=7\n慈悲三昧水懺的意涵-第二堂-8/8\nhttp://www.youtube.com/watch?v=pVMepRSo5Oo&list=PL0712285295DA6473&index=8');
INSERT INTO videos(vid, pid, title, description) VALUES('pVMepRSo5Oo', 'PLDuDoO_3m4caKNE7wSbEiy7mRptIu07Oe', '慈悲三昧水懺的修持意涵-第二堂-8/8', '您知道如何才能擁有真正的快樂嗎？讓我們身心感到不自在，不快樂的種種言語行為在佛法中稱為「煩惱障」，本講次將介紹水懺卷上，在這一卷懺文中，告訴我們煩惱的起源，以及如何藉由轉化觀念、修正行為來消除煩惱，得到真正的自在安樂。並且教我們在懺悔前要先做好七種準備；1. 慚愧、2. 恐怖、3. 厭離、4. 發菩提心、5. 怨親平等、6. 念報佛恩、7. 觀罪性空。如此方能真正在懺悔中，清淨身心。您準備好了嗎？邀請您用虔敬的身心，一起來領受三昧之水的清涼與法喜。\n\n「法鼓講堂」每周三晚間7：00~9：00\n網路直播：http://www.dharmaschool.com/ddm_max/liveclass/liveclassroom.php\n慈悲三昧水懺的意涵-第一堂-1/8\nhttp://www.youtube.com/watch?v=VkBNLnTu7rU&list=PLB0B9F976D44AB7C0&index=1\n慈悲三昧水懺的意涵-第一堂-2/8\nhttp://www.youtube.com/watch?v=0O_RqbrLE9A&list=PLB0B9F976D44AB7C0&index=2\n慈悲三昧水懺的意涵-第一堂-3/8\nhttp://www.youtube.com/watch?v=5HIDMKoHYWk&list=PLB0B9F976D44AB7C0&index=3\n慈悲三昧水懺的意涵-第一堂-4/8\nhttp://www.youtube.com/watch?v=QWuKJq1mxiE&list=PLB0B9F976D44AB7C0&index=4\n慈悲三昧水懺的意涵-第一堂-5/8\nhttp://www.youtube.com/watch?v=CVUVRBkhKws&list=PLB0B9F976D44AB7C0&index=5\n慈悲三昧水懺的意涵-第一堂-6/8\nhttp://www.youtube.com/watch?v=is4q-WvbTqg&list=PLB0B9F976D44AB7C0&index=6\n慈悲三昧水懺的意涵-第一堂-7/8\nhttp://www.youtube.com/watch?v=2R_3kkCwR-M&list=PLB0B9F976D44AB7C0&index=7\n慈悲三昧水懺的意涵-第一堂-8/8\nhttp://www.youtube.com/watch?v=W0_sLzmM1po&list=PLB0B9F976D44AB7C0&index=8\n\n慈悲三昧水懺的意涵-第二堂-1/8\nhttp://www.youtube.com/watch?v=dMRFxIwW40E&list=PL0712285295DA6473&index=1\n慈悲三昧水懺的意涵-第二堂-2/8\nhttp://www.youtube.com/watch?v=3AdLJAdywZc&list=PL0712285295DA6473&index=2\n慈悲三昧水懺的意涵-第二堂-3/8\nhttp://www.youtube.com/watch?v=Lxyxt4tEG_Q&list=PL0712285295DA6473&index=3\n慈悲三昧水懺的意涵-第二堂-4/8\nhttp://www.youtube.com/watch?v=8cQg_JF6YL0&list=PL0712285295DA6473&index=4\n慈悲三昧水懺的意涵-第二堂-5/8\nhttp://www.youtube.com/watch?v=SG-eaHddBgs&list=PL0712285295DA6473&index=5\n慈悲三昧水懺的意涵-第二堂-6/8\nhttp://www.youtube.com/watch?v=N0-sIRGfIfc&list=PL0712285295DA6473&index=6\n慈悲三昧水懺的意涵-第二堂-7/8\nhttp://www.youtube.com/watch?v=YPI-MXcgFpI&list=PL0712285295DA6473&index=7\n慈悲三昧水懺的意涵-第二堂-8/8\nhttp://www.youtube.com/watch?v=pVMepRSo5Oo&list=PL0712285295DA6473&index=8');
INSERT INTO videos(vid, pid, title, description) VALUES('YPZ6gUPGhVw', 'PLDuDoO_3m4caKNE7wSbEiy7mRptIu07Oe', '慈悲三昧水懺的修持意涵-第三堂-1/8', '本次課程要跟各位介紹《慈悲三昧水懺》卷中，告訴我們四種消除罪障的妙法：1. 觀於因緣 2. 觀於果報 3. 觀我自身 4. 觀如來身。並隨著懺文的引導，一一檢視我們的行為、言語、心念，是否造成自己與他人困擾，願意坦誠面對，誠心改過，就能夠消除障礙，銷融煩惱。在生活中要 如何觀照、怎麼運用，請看果傳法師為您娓娓道來。\n\n「法鼓講堂」每周三晚間7：00~9：00\n網路直播：http://www.dharmaschool.com/ddm_max/liveclass/liveclassroom.php\n\n慈悲三昧水懺的意涵-第三堂-1/8\nhttp://www.youtube.com/watch?v=YPZ6gUPGhVw&list=PLFB1725FB1CFA399A&index=1\n慈悲三昧水懺的意涵-第三堂-2/8\nhttp://www.youtube.com/watch?v=Ozx6G6THWgs&list=PLFB1725FB1CFA399A&index=2\n慈悲三昧水懺的意涵-第三堂-3/8\nhttp://www.youtube.com/watch?v=fCQs_HlujCQ&list=PLFB1725FB1CFA399A&index=3\n慈悲三昧水懺的意涵-第三堂-4/8\nhttp://www.youtube.com/watch?v=JxMQAuKxVV8&list=PLFB1725FB1CFA399A&index=4\n慈悲三昧水懺的意涵-第三堂-5/8\nhttp://www.youtube.com/watch?v=a7COdWT03uk&list=PLFB1725FB1CFA399A&index=5\n慈悲三昧水懺的意涵-第三堂-6/8\nhttp://www.youtube.com/watch?v=RlUB7k9CvyY&list=PLFB1725FB1CFA399A&index=6\n慈悲三昧水懺的意涵-第三堂-7/8\nhttp://www.youtube.com/watch?v=opt84TcKH6Y&list=PLFB1725FB1CFA399A&index=7\n慈悲三昧水懺的意涵-第三堂-8/8\nhttp://www.youtube.com/watch?v=c6-gMdycywY&list=PLFB1725FB1CFA399A&index=8\n\n慈悲三昧水懺的意涵-第四堂-1/8\nhttp://www.youtube.com/watch?v=4qbALJrqcU8&list=PL446F5C8517D7CB0B&index=1\n慈悲三昧水懺的意涵-第四堂-2/8\nhttp://www.youtube.com/watch?v=vZT0UqlBPuE&list=PL446F5C8517D7CB0B&index=2\n慈悲三昧水懺的意涵-第四堂-3/8\nhttp://www.youtube.com/watch?v=v7Gh4JzcsDk&list=PL446F5C8517D7CB0B&index=3\n慈悲三昧水懺的意涵-第四堂-4/8\nhttp://www.youtube.com/watch?v=SUsNfCOK-6c&list=PL446F5C8517D7CB0B&index=4\n慈悲三昧水懺的意涵-第四堂-5/8\nhttp://www.youtube.com/watch?v=4Bk4MkMEW-k&list=PL446F5C8517D7CB0B&index=5\n慈悲三昧水懺的意涵-第四堂-6/8\nhttp://www.youtube.com/watch?v=-cim5hIgvEA&list=PL446F5C8517D7CB0B&index=6\n慈悲三昧水懺的意涵-第四堂-7/8\nhttp://www.youtube.com/watch?v=JadaV67musY&list=PL446F5C8517D7CB0B&index=7\n慈悲三昧水懺的意涵-第四堂8/8\nhttp://www.youtube.com/watch?v=PzS8pGmzldw&list=PL446F5C8517D7CB0B&index=8');
INSERT INTO videos(vid, pid, title, description) VALUES('Ozx6G6THWgs', 'PLDuDoO_3m4caKNE7wSbEiy7mRptIu07Oe', '慈悲三昧水懺的修持意涵-第三堂-2/8', '本次課程要跟各位介紹《慈悲三昧水懺》卷中，告訴我們四種消除罪障的妙法：1. 觀於因緣 2. 觀於果報 3. 觀我自身 4. 觀如來身。並隨著懺文的引導，一一檢視我們的行為、言語、心念，是否造成自己與他人困擾，願意坦誠面對，誠心改過，就能夠消除障礙，銷融煩惱。在生活中要 如何觀照、怎麼運用，請看果傳法師為您娓娓道來。\n\n「法鼓講堂」每周三晚間7：00~9：00\n網路直播：http://www.dharmaschool.com/ddm_max/liveclass/liveclassroom.php\n\n慈悲三昧水懺的意涵-第三堂-1/8\nhttp://www.youtube.com/watch?v=YPZ6gUPGhVw&list=PLFB1725FB1CFA399A&index=1\n慈悲三昧水懺的意涵-第三堂-2/8\nhttp://www.youtube.com/watch?v=Ozx6G6THWgs&list=PLFB1725FB1CFA399A&index=2\n慈悲三昧水懺的意涵-第三堂-3/8\nhttp://www.youtube.com/watch?v=fCQs_HlujCQ&list=PLFB1725FB1CFA399A&index=3\n慈悲三昧水懺的意涵-第三堂-4/8\nhttp://www.youtube.com/watch?v=JxMQAuKxVV8&list=PLFB1725FB1CFA399A&index=4\n慈悲三昧水懺的意涵-第三堂-5/8\nhttp://www.youtube.com/watch?v=a7COdWT03uk&list=PLFB1725FB1CFA399A&index=5\n慈悲三昧水懺的意涵-第三堂-6/8\nhttp://www.youtube.com/watch?v=RlUB7k9CvyY&list=PLFB1725FB1CFA399A&index=6\n慈悲三昧水懺的意涵-第三堂-7/8\nhttp://www.youtube.com/watch?v=opt84TcKH6Y&list=PLFB1725FB1CFA399A&index=7\n慈悲三昧水懺的意涵-第三堂-8/8\nhttp://www.youtube.com/watch?v=c6-gMdycywY&list=PLFB1725FB1CFA399A&index=8\n\n慈悲三昧水懺的意涵-第四堂-1/8\nhttp://www.youtube.com/watch?v=4qbALJrqcU8&list=PL446F5C8517D7CB0B&index=1\n慈悲三昧水懺的意涵-第四堂-2/8\nhttp://www.youtube.com/watch?v=vZT0UqlBPuE&list=PL446F5C8517D7CB0B&index=2\n慈悲三昧水懺的意涵-第四堂-3/8\nhttp://www.youtube.com/watch?v=v7Gh4JzcsDk&list=PL446F5C8517D7CB0B&index=3\n慈悲三昧水懺的意涵-第四堂-4/8\nhttp://www.youtube.com/watch?v=SUsNfCOK-6c&list=PL446F5C8517D7CB0B&index=4\n慈悲三昧水懺的意涵-第四堂-5/8\nhttp://www.youtube.com/watch?v=4Bk4MkMEW-k&list=PL446F5C8517D7CB0B&index=5\n慈悲三昧水懺的意涵-第四堂-6/8\nhttp://www.youtube.com/watch?v=-cim5hIgvEA&list=PL446F5C8517D7CB0B&index=6\n慈悲三昧水懺的意涵-第四堂-7/8\nhttp://www.youtube.com/watch?v=JadaV67musY&list=PL446F5C8517D7CB0B&index=7\n慈悲三昧水懺的意涵-第四堂8/8\nhttp://www.youtube.com/watch?v=PzS8pGmzldw&list=PL446F5C8517D7CB0B&index=8');
INSERT INTO videos(vid, pid, title, description) VALUES('fCQs_HlujCQ', 'PLDuDoO_3m4caKNE7wSbEiy7mRptIu07Oe', '慈悲三昧水懺的修持意涵-第三堂-3/8', '本次課程要跟各位介紹《慈悲三昧水懺》卷中，告訴我們四種消除罪障的妙法：1. 觀於因緣 2. 觀於果報 3. 觀我自身 4. 觀如來身。並隨著懺文的引導，一一檢視我們的行為、言語、心念，是否造成自己與他人困擾，願意坦誠面對，誠心改過，就能夠消除障礙，銷融煩惱。在生活中要 如何觀照、怎麼運用，請看果傳法師為您娓娓道來。\n\n「法鼓講堂」每周三晚間7：00~9：00\n網路直播：http://www.dharmaschool.com/ddm_max/liveclass/liveclassroom.php\n\n慈悲三昧水懺的意涵-第三堂-1/8\nhttp://www.youtube.com/watch?v=YPZ6gUPGhVw&list=PLFB1725FB1CFA399A&index=1\n慈悲三昧水懺的意涵-第三堂-2/8\nhttp://www.youtube.com/watch?v=Ozx6G6THWgs&list=PLFB1725FB1CFA399A&index=2\n慈悲三昧水懺的意涵-第三堂-3/8\nhttp://www.youtube.com/watch?v=fCQs_HlujCQ&list=PLFB1725FB1CFA399A&index=3\n慈悲三昧水懺的意涵-第三堂-4/8\nhttp://www.youtube.com/watch?v=JxMQAuKxVV8&list=PLFB1725FB1CFA399A&index=4\n慈悲三昧水懺的意涵-第三堂-5/8\nhttp://www.youtube.com/watch?v=a7COdWT03uk&list=PLFB1725FB1CFA399A&index=5\n慈悲三昧水懺的意涵-第三堂-6/8\nhttp://www.youtube.com/watch?v=RlUB7k9CvyY&list=PLFB1725FB1CFA399A&index=6\n慈悲三昧水懺的意涵-第三堂-7/8\nhttp://www.youtube.com/watch?v=opt84TcKH6Y&list=PLFB1725FB1CFA399A&index=7\n慈悲三昧水懺的意涵-第三堂-8/8\nhttp://www.youtube.com/watch?v=c6-gMdycywY&list=PLFB1725FB1CFA399A&index=8\n\n慈悲三昧水懺的意涵-第四堂-1/8\nhttp://www.youtube.com/watch?v=4qbALJrqcU8&list=PL446F5C8517D7CB0B&index=1\n慈悲三昧水懺的意涵-第四堂-2/8\nhttp://www.youtube.com/watch?v=vZT0UqlBPuE&list=PL446F5C8517D7CB0B&index=2\n慈悲三昧水懺的意涵-第四堂-3/8\nhttp://www.youtube.com/watch?v=v7Gh4JzcsDk&list=PL446F5C8517D7CB0B&index=3\n慈悲三昧水懺的意涵-第四堂-4/8\nhttp://www.youtube.com/watch?v=SUsNfCOK-6c&list=PL446F5C8517D7CB0B&index=4\n慈悲三昧水懺的意涵-第四堂-5/8\nhttp://www.youtube.com/watch?v=4Bk4MkMEW-k&list=PL446F5C8517D7CB0B&index=5\n慈悲三昧水懺的意涵-第四堂-6/8\nhttp://www.youtube.com/watch?v=-cim5hIgvEA&list=PL446F5C8517D7CB0B&index=6\n慈悲三昧水懺的意涵-第四堂-7/8\nhttp://www.youtube.com/watch?v=JadaV67musY&list=PL446F5C8517D7CB0B&index=7\n慈悲三昧水懺的意涵-第四堂8/8\nhttp://www.youtube.com/watch?v=PzS8pGmzldw&list=PL446F5C8517D7CB0B&index=8');
INSERT INTO videos(vid, pid, title, description) VALUES('JxMQAuKxVV8', 'PLDuDoO_3m4caKNE7wSbEiy7mRptIu07Oe', '慈悲三昧水懺的修持意涵-第三堂-4/8', '本次課程要跟各位介紹《慈悲三昧水懺》卷中，告訴我們四種消除罪障的妙法：1. 觀於因緣 2. 觀於果報 3. 觀我自身 4. 觀如來身。並隨著懺文的引導，一一檢視我們的行為、言語、心念，是否造成自己與他人困擾，願意坦誠面對，誠心改過，就能夠消除障礙，銷融煩惱。在生活中要 如何觀照、怎麼運用，請看果傳法師為您娓娓道來。\n\n「法鼓講堂」每周三晚間7：00~9：00\n網路直播：http://www.dharmaschool.com/ddm_max/liveclass/liveclassroom.php\n\n慈悲三昧水懺的意涵-第三堂-1/8\nhttp://www.youtube.com/watch?v=YPZ6gUPGhVw&list=PLFB1725FB1CFA399A&index=1\n慈悲三昧水懺的意涵-第三堂-2/8\nhttp://www.youtube.com/watch?v=Ozx6G6THWgs&list=PLFB1725FB1CFA399A&index=2\n慈悲三昧水懺的意涵-第三堂-3/8\nhttp://www.youtube.com/watch?v=fCQs_HlujCQ&list=PLFB1725FB1CFA399A&index=3\n慈悲三昧水懺的意涵-第三堂-4/8\nhttp://www.youtube.com/watch?v=JxMQAuKxVV8&list=PLFB1725FB1CFA399A&index=4\n慈悲三昧水懺的意涵-第三堂-5/8\nhttp://www.youtube.com/watch?v=a7COdWT03uk&list=PLFB1725FB1CFA399A&index=5\n慈悲三昧水懺的意涵-第三堂-6/8\nhttp://www.youtube.com/watch?v=RlUB7k9CvyY&list=PLFB1725FB1CFA399A&index=6\n慈悲三昧水懺的意涵-第三堂-7/8\nhttp://www.youtube.com/watch?v=opt84TcKH6Y&list=PLFB1725FB1CFA399A&index=7\n慈悲三昧水懺的意涵-第三堂-8/8\nhttp://www.youtube.com/watch?v=c6-gMdycywY&list=PLFB1725FB1CFA399A&index=8\n\n慈悲三昧水懺的意涵-第四堂-1/8\nhttp://www.youtube.com/watch?v=4qbALJrqcU8&list=PL446F5C8517D7CB0B&index=1\n慈悲三昧水懺的意涵-第四堂-2/8\nhttp://www.youtube.com/watch?v=vZT0UqlBPuE&list=PL446F5C8517D7CB0B&index=2\n慈悲三昧水懺的意涵-第四堂-3/8\nhttp://www.youtube.com/watch?v=v7Gh4JzcsDk&list=PL446F5C8517D7CB0B&index=3\n慈悲三昧水懺的意涵-第四堂-4/8\nhttp://www.youtube.com/watch?v=SUsNfCOK-6c&list=PL446F5C8517D7CB0B&index=4\n慈悲三昧水懺的意涵-第四堂-5/8\nhttp://www.youtube.com/watch?v=4Bk4MkMEW-k&list=PL446F5C8517D7CB0B&index=5\n慈悲三昧水懺的意涵-第四堂-6/8\nhttp://www.youtube.com/watch?v=-cim5hIgvEA&list=PL446F5C8517D7CB0B&index=6\n慈悲三昧水懺的意涵-第四堂-7/8\nhttp://www.youtube.com/watch?v=JadaV67musY&list=PL446F5C8517D7CB0B&index=7\n慈悲三昧水懺的意涵-第四堂8/8\nhttp://www.youtube.com/watch?v=PzS8pGmzldw&list=PL446F5C8517D7CB0B&index=8');
INSERT INTO videos(vid, pid, title, description) VALUES('a7COdWT03uk', 'PLDuDoO_3m4caKNE7wSbEiy7mRptIu07Oe', '慈悲三昧水懺的修持意涵-第三堂-5/8', '本次課程要跟各位介紹《慈悲三昧水懺》卷中，告訴我們四種消除罪障的妙法：1. 觀於因緣 2. 觀於果報 3. 觀我自身 4. 觀如來身。並隨著懺文的引導，一一檢視我們的行為、言語、心念，是否造成自己與他人困擾，願意坦誠面對，誠心改過，就能夠消除障礙，銷融煩惱。在生活中要 如何觀照、怎麼運用，請看果傳法師為您娓娓道來。\n\n「法鼓講堂」每周三晚間7：00~9：00\n網路直播：http://www.dharmaschool.com/ddm_max/liveclass/liveclassroom.php\n\n慈悲三昧水懺的意涵-第三堂-1/8\nhttp://www.youtube.com/watch?v=YPZ6gUPGhVw&list=PLFB1725FB1CFA399A&index=1\n慈悲三昧水懺的意涵-第三堂-2/8\nhttp://www.youtube.com/watch?v=Ozx6G6THWgs&list=PLFB1725FB1CFA399A&index=2\n慈悲三昧水懺的意涵-第三堂-3/8\nhttp://www.youtube.com/watch?v=fCQs_HlujCQ&list=PLFB1725FB1CFA399A&index=3\n慈悲三昧水懺的意涵-第三堂-4/8\nhttp://www.youtube.com/watch?v=JxMQAuKxVV8&list=PLFB1725FB1CFA399A&index=4\n慈悲三昧水懺的意涵-第三堂-5/8\nhttp://www.youtube.com/watch?v=a7COdWT03uk&list=PLFB1725FB1CFA399A&index=5\n慈悲三昧水懺的意涵-第三堂-6/8\nhttp://www.youtube.com/watch?v=RlUB7k9CvyY&list=PLFB1725FB1CFA399A&index=6\n慈悲三昧水懺的意涵-第三堂-7/8\nhttp://www.youtube.com/watch?v=opt84TcKH6Y&list=PLFB1725FB1CFA399A&index=7\n慈悲三昧水懺的意涵-第三堂-8/8\nhttp://www.youtube.com/watch?v=c6-gMdycywY&list=PLFB1725FB1CFA399A&index=8\n\n慈悲三昧水懺的意涵-第四堂-1/8\nhttp://www.youtube.com/watch?v=4qbALJrqcU8&list=PL446F5C8517D7CB0B&index=1\n慈悲三昧水懺的意涵-第四堂-2/8\nhttp://www.youtube.com/watch?v=vZT0UqlBPuE&list=PL446F5C8517D7CB0B&index=2\n慈悲三昧水懺的意涵-第四堂-3/8\nhttp://www.youtube.com/watch?v=v7Gh4JzcsDk&list=PL446F5C8517D7CB0B&index=3\n慈悲三昧水懺的意涵-第四堂-4/8\nhttp://www.youtube.com/watch?v=SUsNfCOK-6c&list=PL446F5C8517D7CB0B&index=4\n慈悲三昧水懺的意涵-第四堂-5/8\nhttp://www.youtube.com/watch?v=4Bk4MkMEW-k&list=PL446F5C8517D7CB0B&index=5\n慈悲三昧水懺的意涵-第四堂-6/8\nhttp://www.youtube.com/watch?v=-cim5hIgvEA&list=PL446F5C8517D7CB0B&index=6\n慈悲三昧水懺的意涵-第四堂-7/8\nhttp://www.youtube.com/watch?v=JadaV67musY&list=PL446F5C8517D7CB0B&index=7\n慈悲三昧水懺的意涵-第四堂8/8\nhttp://www.youtube.com/watch?v=PzS8pGmzldw&list=PL446F5C8517D7CB0B&index=8');
INSERT INTO videos(vid, pid, title, description) VALUES('RlUB7k9CvyY', 'PLDuDoO_3m4caKNE7wSbEiy7mRptIu07Oe', '慈悲三昧水懺的修持意涵-第三堂-6/8', '本次課程要跟各位介紹《慈悲三昧水懺》卷中，告訴我們四種消除罪障的妙法：1. 觀於因緣 2. 觀於果報 3. 觀我自身 4. 觀如來身。並隨著懺文的引導，一一檢視我們的行為、言語、心念，是否造成自己與他人困擾，願意坦誠面對，誠心改過，就能夠消除障礙，銷融煩惱。在生活中要 如何觀照、怎麼運用，請看果傳法師為您娓娓道來。\n\n「法鼓講堂」每周三晚間7：00~9：00\n網路直播：http://www.dharmaschool.com/ddm_max/liveclass/liveclassroom.php\n\n慈悲三昧水懺的意涵-第三堂-1/8\nhttp://www.youtube.com/watch?v=YPZ6gUPGhVw&list=PLFB1725FB1CFA399A&index=1\n慈悲三昧水懺的意涵-第三堂-2/8\nhttp://www.youtube.com/watch?v=Ozx6G6THWgs&list=PLFB1725FB1CFA399A&index=2\n慈悲三昧水懺的意涵-第三堂-3/8\nhttp://www.youtube.com/watch?v=fCQs_HlujCQ&list=PLFB1725FB1CFA399A&index=3\n慈悲三昧水懺的意涵-第三堂-4/8\nhttp://www.youtube.com/watch?v=JxMQAuKxVV8&list=PLFB1725FB1CFA399A&index=4\n慈悲三昧水懺的意涵-第三堂-5/8\nhttp://www.youtube.com/watch?v=a7COdWT03uk&list=PLFB1725FB1CFA399A&index=5\n慈悲三昧水懺的意涵-第三堂-6/8\nhttp://www.youtube.com/watch?v=RlUB7k9CvyY&list=PLFB1725FB1CFA399A&index=6\n慈悲三昧水懺的意涵-第三堂-7/8\nhttp://www.youtube.com/watch?v=opt84TcKH6Y&list=PLFB1725FB1CFA399A&index=7\n慈悲三昧水懺的意涵-第三堂-8/8\nhttp://www.youtube.com/watch?v=c6-gMdycywY&list=PLFB1725FB1CFA399A&index=8\n\n慈悲三昧水懺的意涵-第四堂-1/8\nhttp://www.youtube.com/watch?v=4qbALJrqcU8&list=PL446F5C8517D7CB0B&index=1\n慈悲三昧水懺的意涵-第四堂-2/8\nhttp://www.youtube.com/watch?v=vZT0UqlBPuE&list=PL446F5C8517D7CB0B&index=2\n慈悲三昧水懺的意涵-第四堂-3/8\nhttp://www.youtube.com/watch?v=v7Gh4JzcsDk&list=PL446F5C8517D7CB0B&index=3\n慈悲三昧水懺的意涵-第四堂-4/8\nhttp://www.youtube.com/watch?v=SUsNfCOK-6c&list=PL446F5C8517D7CB0B&index=4\n慈悲三昧水懺的意涵-第四堂-5/8\nhttp://www.youtube.com/watch?v=4Bk4MkMEW-k&list=PL446F5C8517D7CB0B&index=5\n慈悲三昧水懺的意涵-第四堂-6/8\nhttp://www.youtube.com/watch?v=-cim5hIgvEA&list=PL446F5C8517D7CB0B&index=6\n慈悲三昧水懺的意涵-第四堂-7/8\nhttp://www.youtube.com/watch?v=JadaV67musY&list=PL446F5C8517D7CB0B&index=7\n慈悲三昧水懺的意涵-第四堂8/8\nhttp://www.youtube.com/watch?v=PzS8pGmzldw&list=PL446F5C8517D7CB0B&index=8');
INSERT INTO videos(vid, pid, title, description) VALUES('opt84TcKH6Y', 'PLDuDoO_3m4caKNE7wSbEiy7mRptIu07Oe', '慈悲三昧水懺的修持意涵-第三堂-7/8', '本次課程要跟各位介紹《慈悲三昧水懺》卷中，告訴我們四種消除罪障的妙法：1. 觀於因緣 2. 觀於果報 3. 觀我自身 4. 觀如來身。並隨著懺文的引導，一一檢視我們的行為、言語、心念，是否造成自己與他人困擾，願意坦誠面對，誠心改過，就能夠消除障礙，銷融煩惱。在生活中要 如何觀照、怎麼運用，請看果傳法師為您娓娓道來。\n\n「法鼓講堂」每周三晚間7：00~9：00\n網路直播：http://www.dharmaschool.com/ddm_max/liveclass/liveclassroom.php\n\n慈悲三昧水懺的意涵-第三堂-1/8\nhttp://www.youtube.com/watch?v=YPZ6gUPGhVw&list=PLFB1725FB1CFA399A&index=1\n慈悲三昧水懺的意涵-第三堂-2/8\nhttp://www.youtube.com/watch?v=Ozx6G6THWgs&list=PLFB1725FB1CFA399A&index=2\n慈悲三昧水懺的意涵-第三堂-3/8\nhttp://www.youtube.com/watch?v=fCQs_HlujCQ&list=PLFB1725FB1CFA399A&index=3\n慈悲三昧水懺的意涵-第三堂-4/8\nhttp://www.youtube.com/watch?v=JxMQAuKxVV8&list=PLFB1725FB1CFA399A&index=4\n慈悲三昧水懺的意涵-第三堂-5/8\nhttp://www.youtube.com/watch?v=a7COdWT03uk&list=PLFB1725FB1CFA399A&index=5\n慈悲三昧水懺的意涵-第三堂-6/8\nhttp://www.youtube.com/watch?v=RlUB7k9CvyY&list=PLFB1725FB1CFA399A&index=6\n慈悲三昧水懺的意涵-第三堂-7/8\nhttp://www.youtube.com/watch?v=opt84TcKH6Y&list=PLFB1725FB1CFA399A&index=7\n慈悲三昧水懺的意涵-第三堂-8/8\nhttp://www.youtube.com/watch?v=c6-gMdycywY&list=PLFB1725FB1CFA399A&index=8\n\n慈悲三昧水懺的意涵-第四堂-1/8\nhttp://www.youtube.com/watch?v=4qbALJrqcU8&list=PL446F5C8517D7CB0B&index=1\n慈悲三昧水懺的意涵-第四堂-2/8\nhttp://www.youtube.com/watch?v=vZT0UqlBPuE&list=PL446F5C8517D7CB0B&index=2\n慈悲三昧水懺的意涵-第四堂-3/8\nhttp://www.youtube.com/watch?v=v7Gh4JzcsDk&list=PL446F5C8517D7CB0B&index=3\n慈悲三昧水懺的意涵-第四堂-4/8\nhttp://www.youtube.com/watch?v=SUsNfCOK-6c&list=PL446F5C8517D7CB0B&index=4\n慈悲三昧水懺的意涵-第四堂-5/8\nhttp://www.youtube.com/watch?v=4Bk4MkMEW-k&list=PL446F5C8517D7CB0B&index=5\n慈悲三昧水懺的意涵-第四堂-6/8\nhttp://www.youtube.com/watch?v=-cim5hIgvEA&list=PL446F5C8517D7CB0B&index=6\n慈悲三昧水懺的意涵-第四堂-7/8\nhttp://www.youtube.com/watch?v=JadaV67musY&list=PL446F5C8517D7CB0B&index=7\n慈悲三昧水懺的意涵-第四堂8/8\nhttp://www.youtube.com/watch?v=PzS8pGmzldw&list=PL446F5C8517D7CB0B&index=8');
INSERT INTO videos(vid, pid, title, description) VALUES('c6-gMdycywY', 'PLDuDoO_3m4caKNE7wSbEiy7mRptIu07Oe', '慈悲三昧水懺的修持意涵-第三堂-8/8', '本次課程要跟各位介紹《慈悲三昧水懺》卷中，告訴我們四種消除罪障的妙法：1. 觀於因緣 2. 觀於果報 3. 觀我自身 4. 觀如來身。並隨著懺文的引導，一一檢視我們的行為、言語、心念，是否造成自己與他人困擾，願意坦誠面對，誠心改過，就能夠消除障礙，銷融煩惱。在生活中要 如何觀照、怎麼運用，請看果傳法師為您娓娓道來。\n\n「法鼓講堂」每周三晚間7：00~9：00\n網路直播：http://www.dharmaschool.com/ddm_max/liveclass/liveclassroom.php\n\n慈悲三昧水懺的意涵-第三堂-1/8\nhttp://www.youtube.com/watch?v=YPZ6gUPGhVw&list=PLFB1725FB1CFA399A&index=1\n慈悲三昧水懺的意涵-第三堂-2/8\nhttp://www.youtube.com/watch?v=Ozx6G6THWgs&list=PLFB1725FB1CFA399A&index=2\n慈悲三昧水懺的意涵-第三堂-3/8\nhttp://www.youtube.com/watch?v=fCQs_HlujCQ&list=PLFB1725FB1CFA399A&index=3\n慈悲三昧水懺的意涵-第三堂-4/8\nhttp://www.youtube.com/watch?v=JxMQAuKxVV8&list=PLFB1725FB1CFA399A&index=4\n慈悲三昧水懺的意涵-第三堂-5/8\nhttp://www.youtube.com/watch?v=a7COdWT03uk&list=PLFB1725FB1CFA399A&index=5\n慈悲三昧水懺的意涵-第三堂-6/8\nhttp://www.youtube.com/watch?v=RlUB7k9CvyY&list=PLFB1725FB1CFA399A&index=6\n慈悲三昧水懺的意涵-第三堂-7/8\nhttp://www.youtube.com/watch?v=opt84TcKH6Y&list=PLFB1725FB1CFA399A&index=7\n慈悲三昧水懺的意涵-第三堂-8/8\nhttp://www.youtube.com/watch?v=c6-gMdycywY&list=PLFB1725FB1CFA399A&index=8\n\n慈悲三昧水懺的意涵-第四堂-1/8\nhttp://www.youtube.com/watch?v=4qbALJrqcU8&list=PL446F5C8517D7CB0B&index=1\n慈悲三昧水懺的意涵-第四堂-2/8\nhttp://www.youtube.com/watch?v=vZT0UqlBPuE&list=PL446F5C8517D7CB0B&index=2\n慈悲三昧水懺的意涵-第四堂-3/8\nhttp://www.youtube.com/watch?v=v7Gh4JzcsDk&list=PL446F5C8517D7CB0B&index=3\n慈悲三昧水懺的意涵-第四堂-4/8\nhttp://www.youtube.com/watch?v=SUsNfCOK-6c&list=PL446F5C8517D7CB0B&index=4\n慈悲三昧水懺的意涵-第四堂-5/8\nhttp://www.youtube.com/watch?v=4Bk4MkMEW-k&list=PL446F5C8517D7CB0B&index=5\n慈悲三昧水懺的意涵-第四堂-6/8\nhttp://www.youtube.com/watch?v=-cim5hIgvEA&list=PL446F5C8517D7CB0B&index=6\n慈悲三昧水懺的意涵-第四堂-7/8\nhttp://www.youtube.com/watch?v=JadaV67musY&list=PL446F5C8517D7CB0B&index=7\n慈悲三昧水懺的意涵-第四堂8/8\nhttp://www.youtube.com/watch?v=PzS8pGmzldw&list=PL446F5C8517D7CB0B&index=8');
INSERT INTO videos(vid, pid, title, description) VALUES('4qbALJrqcU8', 'PLDuDoO_3m4caKNE7wSbEiy7mRptIu07Oe', '慈悲三昧水懺的修持意涵-第四堂-1/8', '透過水懺下卷的懺文，必更能珍惜生命，體會佛說：「人身難得，佛法難聞。」這卷懺文主要在懺除「報障」，內容詳述地獄、餓鬼、畜生的種種苦報。除了讓我們生警惕之心，更發起對三惡道眾生的悲憫心，至心為自己及六親眷屬，以及一切眾生禮懺，並發願回向，願自己與所有的眾生，在未來的生生世世都能有因緣，得人身，聞佛法，發菩提心，行菩薩道。經由禮懺除了能洗滌身心，更讓自己的生命不再迷網，立定方向與目標，發揮生命無窮的價值。\n\n「法鼓講堂」每周三晚間7：00~9：00\n網路直播：http://www.dharmaschool.com/ddm_max/liveclass/liveclassroom.php\n\n慈悲三昧水懺的意涵-第三堂-1/8\nhttp://www.youtube.com/watch?v=YPZ6gUPGhVw&list=PLFB1725FB1CFA399A&index=1\n慈悲三昧水懺的意涵-第三堂-2/8\nhttp://www.youtube.com/watch?v=Ozx6G6THWgs&list=PLFB1725FB1CFA399A&index=2\n慈悲三昧水懺的意涵-第三堂-3/8\nhttp://www.youtube.com/watch?v=fCQs_HlujCQ&list=PLFB1725FB1CFA399A&index=3\n慈悲三昧水懺的意涵-第三堂-4/8\nhttp://www.youtube.com/watch?v=JxMQAuKxVV8&list=PLFB1725FB1CFA399A&index=4\n慈悲三昧水懺的意涵-第三堂-5/8\nhttp://www.youtube.com/watch?v=a7COdWT03uk&list=PLFB1725FB1CFA399A&index=5\n慈悲三昧水懺的意涵-第三堂-6/8\nhttp://www.youtube.com/watch?v=RlUB7k9CvyY&list=PLFB1725FB1CFA399A&index=6\n慈悲三昧水懺的意涵-第三堂-7/8\nhttp://www.youtube.com/watch?v=opt84TcKH6Y&list=PLFB1725FB1CFA399A&index=7\n慈悲三昧水懺的意涵-第三堂-8/8\nhttp://www.youtube.com/watch?v=c6-gMdycywY&list=PLFB1725FB1CFA399A&index=8\n\n慈悲三昧水懺的意涵-第四堂-1/8\nhttp://www.youtube.com/watch?v=4qbALJrqcU8&list=PL446F5C8517D7CB0B&index=1\n慈悲三昧水懺的意涵-第四堂-2/8\nhttp://www.youtube.com/watch?v=vZT0UqlBPuE&list=PL446F5C8517D7CB0B&index=2\n慈悲三昧水懺的意涵-第四堂-3/8\nhttp://www.youtube.com/watch?v=v7Gh4JzcsDk&list=PL446F5C8517D7CB0B&index=3\n慈悲三昧水懺的意涵-第四堂-4/8\nhttp://www.youtube.com/watch?v=SUsNfCOK-6c&list=PL446F5C8517D7CB0B&index=4\n慈悲三昧水懺的意涵-第四堂-5/8\nhttp://www.youtube.com/watch?v=4Bk4MkMEW-k&list=PL446F5C8517D7CB0B&index=5\n慈悲三昧水懺的意涵-第四堂-6/8\nhttp://www.youtube.com/watch?v=-cim5hIgvEA&list=PL446F5C8517D7CB0B&index=6\n慈悲三昧水懺的意涵-第四堂-7/8\nhttp://www.youtube.com/watch?v=JadaV67musY&list=PL446F5C8517D7CB0B&index=7\n慈悲三昧水懺的意涵-第四堂8/8\nhttp://www.youtube.com/watch?v=PzS8pGmzldw&list=PL446F5C8517D7CB0B&index=8');
INSERT INTO videos(vid, pid, title, description) VALUES('vZT0UqlBPuE', 'PLDuDoO_3m4caKNE7wSbEiy7mRptIu07Oe', '慈悲三昧水懺的修持意涵-第四堂-2/8', '透過水懺下卷的懺文，必更能珍惜生命，體會佛說：「人身難得，佛法難聞。」這卷懺文主要在懺除「報障」，內容詳述地獄、餓鬼、畜生的種種苦報。除了讓我們生警惕之心，更發起對三惡道眾生的悲憫心，至心為自己及六親眷屬，以及一切眾生禮懺，並發願回向，願自己與所有的眾生，在未來的生生世世都能有因緣，得人身，聞佛法，發菩提心，行菩薩道。經由禮懺除了能洗滌身心，更讓自己的生命不再迷網，立定方向與目標，發揮生命無窮的價值。\n\n「法鼓講堂」每周三晚間7：00~9：00\n網路直播：http://www.dharmaschool.com/ddm_max/liveclass/liveclassroom.php\n\n慈悲三昧水懺的意涵-第三堂-1/8\nhttp://www.youtube.com/watch?v=YPZ6gUPGhVw&list=PLFB1725FB1CFA399A&index=1\n慈悲三昧水懺的意涵-第三堂-2/8\nhttp://www.youtube.com/watch?v=Ozx6G6THWgs&list=PLFB1725FB1CFA399A&index=2\n慈悲三昧水懺的意涵-第三堂-3/8\nhttp://www.youtube.com/watch?v=fCQs_HlujCQ&list=PLFB1725FB1CFA399A&index=3\n慈悲三昧水懺的意涵-第三堂-4/8\nhttp://www.youtube.com/watch?v=JxMQAuKxVV8&list=PLFB1725FB1CFA399A&index=4\n慈悲三昧水懺的意涵-第三堂-5/8\nhttp://www.youtube.com/watch?v=a7COdWT03uk&list=PLFB1725FB1CFA399A&index=5\n慈悲三昧水懺的意涵-第三堂-6/8\nhttp://www.youtube.com/watch?v=RlUB7k9CvyY&list=PLFB1725FB1CFA399A&index=6\n慈悲三昧水懺的意涵-第三堂-7/8\nhttp://www.youtube.com/watch?v=opt84TcKH6Y&list=PLFB1725FB1CFA399A&index=7\n慈悲三昧水懺的意涵-第三堂-8/8\nhttp://www.youtube.com/watch?v=c6-gMdycywY&list=PLFB1725FB1CFA399A&index=8\n\n慈悲三昧水懺的意涵-第四堂-1/8\nhttp://www.youtube.com/watch?v=4qbALJrqcU8&list=PL446F5C8517D7CB0B&index=1\n慈悲三昧水懺的意涵-第四堂-2/8\nhttp://www.youtube.com/watch?v=vZT0UqlBPuE&list=PL446F5C8517D7CB0B&index=2\n慈悲三昧水懺的意涵-第四堂-3/8\nhttp://www.youtube.com/watch?v=v7Gh4JzcsDk&list=PL446F5C8517D7CB0B&index=3\n慈悲三昧水懺的意涵-第四堂-4/8\nhttp://www.youtube.com/watch?v=SUsNfCOK-6c&list=PL446F5C8517D7CB0B&index=4\n慈悲三昧水懺的意涵-第四堂-5/8\nhttp://www.youtube.com/watch?v=4Bk4MkMEW-k&list=PL446F5C8517D7CB0B&index=5\n慈悲三昧水懺的意涵-第四堂-6/8\nhttp://www.youtube.com/watch?v=-cim5hIgvEA&list=PL446F5C8517D7CB0B&index=6\n慈悲三昧水懺的意涵-第四堂-7/8\nhttp://www.youtube.com/watch?v=JadaV67musY&list=PL446F5C8517D7CB0B&index=7\n慈悲三昧水懺的意涵-第四堂8/8\nhttp://www.youtube.com/watch?v=PzS8pGmzldw&list=PL446F5C8517D7CB0B&index=8');
INSERT INTO videos(vid, pid, title, description) VALUES('v7Gh4JzcsDk', 'PLDuDoO_3m4caKNE7wSbEiy7mRptIu07Oe', '慈悲三昧水懺的修持意涵-第四堂-3/8', '透過水懺下卷的懺文，必更能珍惜生命，體會佛說：「人身難得，佛法難聞。」這卷懺文主要在懺除「報障」，內容詳述地獄、餓鬼、畜生的種種苦報。除了讓我們生警惕之心，更發起對三惡道眾生的悲憫心，至心為自己及六親眷屬，以及一切眾生禮懺，並發願回向，願自己與所有的眾生，在未來的生生世世都能有因緣，得人身，聞佛法，發菩提心，行菩薩道。經由禮懺除了能洗滌身心，更讓自己的生命不再迷網，立定方向與目標，發揮生命無窮的價值。\n\n「法鼓講堂」每周三晚間7：00~9：00\n網路直播：http://www.dharmaschool.com/ddm_max/liveclass/liveclassroom.php\n\n慈悲三昧水懺的意涵-第三堂-1/8\nhttp://www.youtube.com/watch?v=YPZ6gUPGhVw&list=PLFB1725FB1CFA399A&index=1\n慈悲三昧水懺的意涵-第三堂-2/8\nhttp://www.youtube.com/watch?v=Ozx6G6THWgs&list=PLFB1725FB1CFA399A&index=2\n慈悲三昧水懺的意涵-第三堂-3/8\nhttp://www.youtube.com/watch?v=fCQs_HlujCQ&list=PLFB1725FB1CFA399A&index=3\n慈悲三昧水懺的意涵-第三堂-4/8\nhttp://www.youtube.com/watch?v=JxMQAuKxVV8&list=PLFB1725FB1CFA399A&index=4\n慈悲三昧水懺的意涵-第三堂-5/8\nhttp://www.youtube.com/watch?v=a7COdWT03uk&list=PLFB1725FB1CFA399A&index=5\n慈悲三昧水懺的意涵-第三堂-6/8\nhttp://www.youtube.com/watch?v=RlUB7k9CvyY&list=PLFB1725FB1CFA399A&index=6\n慈悲三昧水懺的意涵-第三堂-7/8\nhttp://www.youtube.com/watch?v=opt84TcKH6Y&list=PLFB1725FB1CFA399A&index=7\n慈悲三昧水懺的意涵-第三堂-8/8\nhttp://www.youtube.com/watch?v=c6-gMdycywY&list=PLFB1725FB1CFA399A&index=8\n\n慈悲三昧水懺的意涵-第四堂-1/8\nhttp://www.youtube.com/watch?v=4qbALJrqcU8&list=PL446F5C8517D7CB0B&index=1\n慈悲三昧水懺的意涵-第四堂-2/8\nhttp://www.youtube.com/watch?v=vZT0UqlBPuE&list=PL446F5C8517D7CB0B&index=2\n慈悲三昧水懺的意涵-第四堂-3/8\nhttp://www.youtube.com/watch?v=v7Gh4JzcsDk&list=PL446F5C8517D7CB0B&index=3\n慈悲三昧水懺的意涵-第四堂-4/8\nhttp://www.youtube.com/watch?v=SUsNfCOK-6c&list=PL446F5C8517D7CB0B&index=4\n慈悲三昧水懺的意涵-第四堂-5/8\nhttp://www.youtube.com/watch?v=4Bk4MkMEW-k&list=PL446F5C8517D7CB0B&index=5\n慈悲三昧水懺的意涵-第四堂-6/8\nhttp://www.youtube.com/watch?v=-cim5hIgvEA&list=PL446F5C8517D7CB0B&index=6\n慈悲三昧水懺的意涵-第四堂-7/8\nhttp://www.youtube.com/watch?v=JadaV67musY&list=PL446F5C8517D7CB0B&index=7\n慈悲三昧水懺的意涵-第四堂8/8\nhttp://www.youtube.com/watch?v=PzS8pGmzldw&list=PL446F5C8517D7CB0B&index=8');
INSERT INTO videos(vid, pid, title, description) VALUES('SUsNfCOK-6c', 'PLDuDoO_3m4caKNE7wSbEiy7mRptIu07Oe', '慈悲三昧水懺的修持意涵-第四堂-4/8', '透過水懺下卷的懺文，必更能珍惜生命，體會佛說：「人身難得，佛法難聞。」這卷懺文主要在懺除「報障」，內容詳述地獄、餓鬼、畜生的種種苦報。除了讓我們生警惕之心，更發起對三惡道眾生的悲憫心，至心為自己及六親眷屬，以及一切眾生禮懺，並發願回向，願自己與所有的眾生，在未來的生生世世都能有因緣，得人身，聞佛法，發菩提心，行菩薩道。經由禮懺除了能洗滌身心，更讓自己的生命不再迷網，立定方向與目標，發揮生命無窮的價值。\n\n「法鼓講堂」每周三晚間7：00~9：00\n網路直播：http://www.dharmaschool.com/ddm_max/liveclass/liveclassroom.php\n\n慈悲三昧水懺的意涵-第三堂-1/8\nhttp://www.youtube.com/watch?v=YPZ6gUPGhVw&list=PLFB1725FB1CFA399A&index=1\n慈悲三昧水懺的意涵-第三堂-2/8\nhttp://www.youtube.com/watch?v=Ozx6G6THWgs&list=PLFB1725FB1CFA399A&index=2\n慈悲三昧水懺的意涵-第三堂-3/8\nhttp://www.youtube.com/watch?v=fCQs_HlujCQ&list=PLFB1725FB1CFA399A&index=3\n慈悲三昧水懺的意涵-第三堂-4/8\nhttp://www.youtube.com/watch?v=JxMQAuKxVV8&list=PLFB1725FB1CFA399A&index=4\n慈悲三昧水懺的意涵-第三堂-5/8\nhttp://www.youtube.com/watch?v=a7COdWT03uk&list=PLFB1725FB1CFA399A&index=5\n慈悲三昧水懺的意涵-第三堂-6/8\nhttp://www.youtube.com/watch?v=RlUB7k9CvyY&list=PLFB1725FB1CFA399A&index=6\n慈悲三昧水懺的意涵-第三堂-7/8\nhttp://www.youtube.com/watch?v=opt84TcKH6Y&list=PLFB1725FB1CFA399A&index=7\n慈悲三昧水懺的意涵-第三堂-8/8\nhttp://www.youtube.com/watch?v=c6-gMdycywY&list=PLFB1725FB1CFA399A&index=8\n\n慈悲三昧水懺的意涵-第四堂-1/8\nhttp://www.youtube.com/watch?v=4qbALJrqcU8&list=PL446F5C8517D7CB0B&index=1\n慈悲三昧水懺的意涵-第四堂-2/8\nhttp://www.youtube.com/watch?v=vZT0UqlBPuE&list=PL446F5C8517D7CB0B&index=2\n慈悲三昧水懺的意涵-第四堂-3/8\nhttp://www.youtube.com/watch?v=v7Gh4JzcsDk&list=PL446F5C8517D7CB0B&index=3\n慈悲三昧水懺的意涵-第四堂-4/8\nhttp://www.youtube.com/watch?v=SUsNfCOK-6c&list=PL446F5C8517D7CB0B&index=4\n慈悲三昧水懺的意涵-第四堂-5/8\nhttp://www.youtube.com/watch?v=4Bk4MkMEW-k&list=PL446F5C8517D7CB0B&index=5\n慈悲三昧水懺的意涵-第四堂-6/8\nhttp://www.youtube.com/watch?v=-cim5hIgvEA&list=PL446F5C8517D7CB0B&index=6\n慈悲三昧水懺的意涵-第四堂-7/8\nhttp://www.youtube.com/watch?v=JadaV67musY&list=PL446F5C8517D7CB0B&index=7\n慈悲三昧水懺的意涵-第四堂8/8\nhttp://www.youtube.com/watch?v=PzS8pGmzldw&list=PL446F5C8517D7CB0B&index=8');
INSERT INTO videos(vid, pid, title, description) VALUES('4Bk4MkMEW-k', 'PLDuDoO_3m4caKNE7wSbEiy7mRptIu07Oe', '慈悲三昧水懺的修持意涵-第四堂-5/8', '透過水懺下卷的懺文，必更能珍惜生命，體會佛說：「人身難得，佛法難聞。」這卷懺文主要在懺除「報障」，內容詳述地獄、餓鬼、畜生的種種苦報。除了讓我們生警惕之心，更發起對三惡道眾生的悲憫心，至心為自己及六親眷屬，以及一切眾生禮懺，並發願回向，願自己與所有的眾生，在未來的生生世世都能有因緣，得人身，聞佛法，發菩提心，行菩薩道。經由禮懺除了能洗滌身心，更讓自己的生命不再迷網，立定方向與目標，發揮生命無窮的價值。\n\n「法鼓講堂」每周三晚間7：00~9：00\n網路直播：http://www.dharmaschool.com/ddm_max/liveclass/liveclassroom.php\n\n慈悲三昧水懺的意涵-第三堂-1/8\nhttp://www.youtube.com/watch?v=YPZ6gUPGhVw&list=PLFB1725FB1CFA399A&index=1\n慈悲三昧水懺的意涵-第三堂-2/8\nhttp://www.youtube.com/watch?v=Ozx6G6THWgs&list=PLFB1725FB1CFA399A&index=2\n慈悲三昧水懺的意涵-第三堂-3/8\nhttp://www.youtube.com/watch?v=fCQs_HlujCQ&list=PLFB1725FB1CFA399A&index=3\n慈悲三昧水懺的意涵-第三堂-4/8\nhttp://www.youtube.com/watch?v=JxMQAuKxVV8&list=PLFB1725FB1CFA399A&index=4\n慈悲三昧水懺的意涵-第三堂-5/8\nhttp://www.youtube.com/watch?v=a7COdWT03uk&list=PLFB1725FB1CFA399A&index=5\n慈悲三昧水懺的意涵-第三堂-6/8\nhttp://www.youtube.com/watch?v=RlUB7k9CvyY&list=PLFB1725FB1CFA399A&index=6\n慈悲三昧水懺的意涵-第三堂-7/8\nhttp://www.youtube.com/watch?v=opt84TcKH6Y&list=PLFB1725FB1CFA399A&index=7\n慈悲三昧水懺的意涵-第三堂-8/8\nhttp://www.youtube.com/watch?v=c6-gMdycywY&list=PLFB1725FB1CFA399A&index=8\n\n慈悲三昧水懺的意涵-第四堂-1/8\nhttp://www.youtube.com/watch?v=4qbALJrqcU8&list=PL446F5C8517D7CB0B&index=1\n慈悲三昧水懺的意涵-第四堂-2/8\nhttp://www.youtube.com/watch?v=vZT0UqlBPuE&list=PL446F5C8517D7CB0B&index=2\n慈悲三昧水懺的意涵-第四堂-3/8\nhttp://www.youtube.com/watch?v=v7Gh4JzcsDk&list=PL446F5C8517D7CB0B&index=3\n慈悲三昧水懺的意涵-第四堂-4/8\nhttp://www.youtube.com/watch?v=SUsNfCOK-6c&list=PL446F5C8517D7CB0B&index=4\n慈悲三昧水懺的意涵-第四堂-5/8\nhttp://www.youtube.com/watch?v=4Bk4MkMEW-k&list=PL446F5C8517D7CB0B&index=5\n慈悲三昧水懺的意涵-第四堂-6/8\nhttp://www.youtube.com/watch?v=-cim5hIgvEA&list=PL446F5C8517D7CB0B&index=6\n慈悲三昧水懺的意涵-第四堂-7/8\nhttp://www.youtube.com/watch?v=JadaV67musY&list=PL446F5C8517D7CB0B&index=7\n慈悲三昧水懺的意涵-第四堂8/8\nhttp://www.youtube.com/watch?v=PzS8pGmzldw&list=PL446F5C8517D7CB0B&index=8');
INSERT INTO videos(vid, pid, title, description) VALUES('-cim5hIgvEA', 'PLDuDoO_3m4caKNE7wSbEiy7mRptIu07Oe', '慈悲三昧水懺的修持意涵-第四堂-6/8', '透過水懺下卷的懺文，必更能珍惜生命，體會佛說：「人身難得，佛法難聞。」這卷懺文主要在懺除「報障」，內容詳述地獄、餓鬼、畜生的種種苦報。除了讓我們生警惕之心，更發起對三惡道眾生的悲憫心，至心為自己及六親眷屬，以及一切眾生禮懺，並發願回向，願自己與所有的眾生，在未來的生生世世都能有因緣，得人身，聞佛法，發菩提心，行菩薩道。經由禮懺除了能洗滌身心，更讓自己的生命不再迷網，立定方向與目標，發揮生命無窮的價值。\n\n「法鼓講堂」每周三晚間7：00~9：00\n網路直播：http://www.dharmaschool.com/ddm_max/liveclass/liveclassroom.php\n\n慈悲三昧水懺的意涵-第三堂-1/8\nhttp://www.youtube.com/watch?v=YPZ6gUPGhVw&list=PLFB1725FB1CFA399A&index=1\n慈悲三昧水懺的意涵-第三堂-2/8\nhttp://www.youtube.com/watch?v=Ozx6G6THWgs&list=PLFB1725FB1CFA399A&index=2\n慈悲三昧水懺的意涵-第三堂-3/8\nhttp://www.youtube.com/watch?v=fCQs_HlujCQ&list=PLFB1725FB1CFA399A&index=3\n慈悲三昧水懺的意涵-第三堂-4/8\nhttp://www.youtube.com/watch?v=JxMQAuKxVV8&list=PLFB1725FB1CFA399A&index=4\n慈悲三昧水懺的意涵-第三堂-5/8\nhttp://www.youtube.com/watch?v=a7COdWT03uk&list=PLFB1725FB1CFA399A&index=5\n慈悲三昧水懺的意涵-第三堂-6/8\nhttp://www.youtube.com/watch?v=RlUB7k9CvyY&list=PLFB1725FB1CFA399A&index=6\n慈悲三昧水懺的意涵-第三堂-7/8\nhttp://www.youtube.com/watch?v=opt84TcKH6Y&list=PLFB1725FB1CFA399A&index=7\n慈悲三昧水懺的意涵-第三堂-8/8\nhttp://www.youtube.com/watch?v=c6-gMdycywY&list=PLFB1725FB1CFA399A&index=8\n\n慈悲三昧水懺的意涵-第四堂-1/8\nhttp://www.youtube.com/watch?v=4qbALJrqcU8&list=PL446F5C8517D7CB0B&index=1\n慈悲三昧水懺的意涵-第四堂-2/8\nhttp://www.youtube.com/watch?v=vZT0UqlBPuE&list=PL446F5C8517D7CB0B&index=2\n慈悲三昧水懺的意涵-第四堂-3/8\nhttp://www.youtube.com/watch?v=v7Gh4JzcsDk&list=PL446F5C8517D7CB0B&index=3\n慈悲三昧水懺的意涵-第四堂-4/8\nhttp://www.youtube.com/watch?v=SUsNfCOK-6c&list=PL446F5C8517D7CB0B&index=4\n慈悲三昧水懺的意涵-第四堂-5/8\nhttp://www.youtube.com/watch?v=4Bk4MkMEW-k&list=PL446F5C8517D7CB0B&index=5\n慈悲三昧水懺的意涵-第四堂-6/8\nhttp://www.youtube.com/watch?v=-cim5hIgvEA&list=PL446F5C8517D7CB0B&index=6\n慈悲三昧水懺的意涵-第四堂-7/8\nhttp://www.youtube.com/watch?v=JadaV67musY&list=PL446F5C8517D7CB0B&index=7\n慈悲三昧水懺的意涵-第四堂8/8\nhttp://www.youtube.com/watch?v=PzS8pGmzldw&list=PL446F5C8517D7CB0B&index=8');
INSERT INTO videos(vid, pid, title, description) VALUES('JadaV67musY', 'PLDuDoO_3m4caKNE7wSbEiy7mRptIu07Oe', '慈悲三昧水懺的修持意涵-第四堂-7/8', '透過水懺下卷的懺文，必更能珍惜生命，體會佛說：「人身難得，佛法難聞。」這卷懺文主要在懺除「報障」，內容詳述地獄、餓鬼、畜生的種種苦報。除了讓我們生警惕之心，更發起對三惡道眾生的悲憫心，至心為自己及六親眷屬，以及一切眾生禮懺，並發願回向，願自己與所有的眾生，在未來的生生世世都能有因緣，得人身，聞佛法，發菩提心，行菩薩道。經由禮懺除了能洗滌身心，更讓自己的生命不再迷網，立定方向與目標，發揮生命無窮的價值。\n\n「法鼓講堂」每周三晚間7：00~9：00\n網路直播：http://www.dharmaschool.com/ddm_max/liveclass/liveclassroom.php\n\n慈悲三昧水懺的意涵-第三堂-1/8\nhttp://www.youtube.com/watch?v=YPZ6gUPGhVw&list=PLFB1725FB1CFA399A&index=1\n慈悲三昧水懺的意涵-第三堂-2/8\nhttp://www.youtube.com/watch?v=Ozx6G6THWgs&list=PLFB1725FB1CFA399A&index=2\n慈悲三昧水懺的意涵-第三堂-3/8\nhttp://www.youtube.com/watch?v=fCQs_HlujCQ&list=PLFB1725FB1CFA399A&index=3\n慈悲三昧水懺的意涵-第三堂-4/8\nhttp://www.youtube.com/watch?v=JxMQAuKxVV8&list=PLFB1725FB1CFA399A&index=4\n慈悲三昧水懺的意涵-第三堂-5/8\nhttp://www.youtube.com/watch?v=a7COdWT03uk&list=PLFB1725FB1CFA399A&index=5\n慈悲三昧水懺的意涵-第三堂-6/8\nhttp://www.youtube.com/watch?v=RlUB7k9CvyY&list=PLFB1725FB1CFA399A&index=6\n慈悲三昧水懺的意涵-第三堂-7/8\nhttp://www.youtube.com/watch?v=opt84TcKH6Y&list=PLFB1725FB1CFA399A&index=7\n慈悲三昧水懺的意涵-第三堂-8/8\nhttp://www.youtube.com/watch?v=c6-gMdycywY&list=PLFB1725FB1CFA399A&index=8\n\n慈悲三昧水懺的意涵-第四堂-1/8\nhttp://www.youtube.com/watch?v=4qbALJrqcU8&list=PL446F5C8517D7CB0B&index=1\n慈悲三昧水懺的意涵-第四堂-2/8\nhttp://www.youtube.com/watch?v=vZT0UqlBPuE&list=PL446F5C8517D7CB0B&index=2\n慈悲三昧水懺的意涵-第四堂-3/8\nhttp://www.youtube.com/watch?v=v7Gh4JzcsDk&list=PL446F5C8517D7CB0B&index=3\n慈悲三昧水懺的意涵-第四堂-4/8\nhttp://www.youtube.com/watch?v=SUsNfCOK-6c&list=PL446F5C8517D7CB0B&index=4\n慈悲三昧水懺的意涵-第四堂-5/8\nhttp://www.youtube.com/watch?v=4Bk4MkMEW-k&list=PL446F5C8517D7CB0B&index=5\n慈悲三昧水懺的意涵-第四堂-6/8\nhttp://www.youtube.com/watch?v=-cim5hIgvEA&list=PL446F5C8517D7CB0B&index=6\n慈悲三昧水懺的意涵-第四堂-7/8\nhttp://www.youtube.com/watch?v=JadaV67musY&list=PL446F5C8517D7CB0B&index=7\n慈悲三昧水懺的意涵-第四堂8/8\nhttp://www.youtube.com/watch?v=PzS8pGmzldw&list=PL446F5C8517D7CB0B&index=8');
INSERT INTO videos(vid, pid, title, description) VALUES('PzS8pGmzldw', 'PLDuDoO_3m4caKNE7wSbEiy7mRptIu07Oe', '慈悲三昧水懺的修持意涵-第四堂-8/8', '透過水懺下卷的懺文，必更能珍惜生命，體會佛說：「人身難得，佛法難聞。」這卷懺文主要在懺除「報障」，內容詳述地獄、餓鬼、畜生的種種苦報。除了讓我們生警惕之心，更發起對三惡道眾生的悲憫心，至心為自己及六親眷屬，以及一切眾生禮懺，並發願回向，願自己與所有的眾生，在未來的生生世世都能有因緣，得人身，聞佛法，發菩提心，行菩薩道。經由禮懺除了能洗滌身心，更讓自己的生命不再迷網，立定方向與目標，發揮生命無窮的價值。\n\n「法鼓講堂」每周三晚間7：00~9：00\n網路直播：http://www.dharmaschool.com/ddm_max/liveclass/liveclassroom.php\n\n慈悲三昧水懺的意涵-第三堂-1/8\nhttp://www.youtube.com/watch?v=YPZ6gUPGhVw&list=PLFB1725FB1CFA399A&index=1\n慈悲三昧水懺的意涵-第三堂-2/8\nhttp://www.youtube.com/watch?v=Ozx6G6THWgs&list=PLFB1725FB1CFA399A&index=2\n慈悲三昧水懺的意涵-第三堂-3/8\nhttp://www.youtube.com/watch?v=fCQs_HlujCQ&list=PLFB1725FB1CFA399A&index=3\n慈悲三昧水懺的意涵-第三堂-4/8\nhttp://www.youtube.com/watch?v=JxMQAuKxVV8&list=PLFB1725FB1CFA399A&index=4\n慈悲三昧水懺的意涵-第三堂-5/8\nhttp://www.youtube.com/watch?v=a7COdWT03uk&list=PLFB1725FB1CFA399A&index=5\n慈悲三昧水懺的意涵-第三堂-6/8\nhttp://www.youtube.com/watch?v=RlUB7k9CvyY&list=PLFB1725FB1CFA399A&index=6\n慈悲三昧水懺的意涵-第三堂-7/8\nhttp://www.youtube.com/watch?v=opt84TcKH6Y&list=PLFB1725FB1CFA399A&index=7\n慈悲三昧水懺的意涵-第三堂-8/8\nhttp://www.youtube.com/watch?v=c6-gMdycywY&list=PLFB1725FB1CFA399A&index=8\n\n慈悲三昧水懺的意涵-第四堂-1/8\nhttp://www.youtube.com/watch?v=4qbALJrqcU8&list=PL446F5C8517D7CB0B&index=1\n慈悲三昧水懺的意涵-第四堂-2/8\nhttp://www.youtube.com/watch?v=vZT0UqlBPuE&list=PL446F5C8517D7CB0B&index=2\n慈悲三昧水懺的意涵-第四堂-3/8\nhttp://www.youtube.com/watch?v=v7Gh4JzcsDk&list=PL446F5C8517D7CB0B&index=3\n慈悲三昧水懺的意涵-第四堂-4/8\nhttp://www.youtube.com/watch?v=SUsNfCOK-6c&list=PL446F5C8517D7CB0B&index=4\n慈悲三昧水懺的意涵-第四堂-5/8\nhttp://www.youtube.com/watch?v=4Bk4MkMEW-k&list=PL446F5C8517D7CB0B&index=5\n慈悲三昧水懺的意涵-第四堂-6/8\nhttp://www.youtube.com/watch?v=-cim5hIgvEA&list=PL446F5C8517D7CB0B&index=6\n慈悲三昧水懺的意涵-第四堂-7/8\nhttp://www.youtube.com/watch?v=JadaV67musY&list=PL446F5C8517D7CB0B&index=7\n慈悲三昧水懺的意涵-第四堂8/8\nhttp://www.youtube.com/watch?v=PzS8pGmzldw&list=PL446F5C8517D7CB0B&index=8');
INSERT INTO playlist(pid, cid, title, description) VALUES('PLDuDoO_3m4cYCjJ6iJq56JHAYzGQpPhnI','UCMvjjfm8AFBLQvQC9gItWEw', '「維摩經與淨化人生」導讀', '');
INSERT INTO videos(vid, pid, title, description) VALUES('y20D7INmPYY', 'PLDuDoO_3m4cYCjJ6iJq56JHAYzGQpPhnI', '「維摩經與淨化人生」導讀-第一堂-1/8', '聖嚴師父說：「要從人的層次，提昇到佛的層次，須經過淨化人生的階段」。至於該如何淨化呢？課程就由《維摩經》的觀點，來探討淨化人生的問題。課程由生命的意義開始探詢，再進一步介紹聖嚴師父教導我們的淨化法寶，包括：觀身非實、享用法樂、消融煩惱、解脫生死。每則法寶皆是聖嚴師父從《維摩經》中，萃取出層次分明、易於實踐的處方，讓我們即使身處紛擾的紅塵中，也能活出超脫與自在的人生。\n\n「法鼓講堂」網路直播，每周三晚間 \nhttp://www.dharmaschool.com/ddm_max/liveclass/liveclassroom.php\n\n維摩經與淨化人生-第一堂-1/8\nhttp://www.youtube.com/watch?v=y20D7INmPYY&list=PL4B143989A9C1626B&index=1\n維摩經與淨化人生-第一堂-2/8\nhttp://www.youtube.com/watch?v=h0j3203-P7c&list=PL4B143989A9C1626B&index=2\n維摩經與淨化人生-第一堂-3/8\nhttp://www.youtube.com/watch?v=Tp-CP99UGOI&list=PL4B143989A9C1626B&index=3\n維摩經與淨化人生-第一堂-4/8\nhttp://www.youtube.com/watch?v=AbJm3qKnPQI&list=PL4B143989A9C1626B&index=4\n維摩經與淨化人生-第一堂-5/8\nhttp://www.youtube.com/watch?v=kr2F4KJBD98&list=PL4B143989A9C1626B&index=5\n維摩經與淨化人生-第一堂-6/8\nhttp://www.youtube.com/watch?v=DX4l6hqnlqo&list=PL4B143989A9C1626B&index=6\n維摩經與淨化人生-第一堂-7/8\nhttp://www.youtube.com/watch?v=s0T8hhufRbQ&list=PL4B143989A9C1626B&index=7\n維摩經與淨化人生-第一堂-8/8\nhttp://www.youtube.com/watch?v=owNOGowV8k4&list=PL4B143989A9C1626B&index=8');
INSERT INTO videos(vid, pid, title, description) VALUES('h0j3203-P7c', 'PLDuDoO_3m4cYCjJ6iJq56JHAYzGQpPhnI', '「維摩經與淨化人生」導讀-第一堂-2/8', '聖嚴師父說：「要從人的層次，提昇到佛的層次，須經過淨化人生的階段」。至於該如何淨化呢？課程就由《維摩經》的觀點，來探討淨化人生的問題。課程由生命的意義開始探詢，再進一步介紹聖嚴師父教導我們的淨化法寶，包括：觀身非實、享用法樂、消融煩惱、解脫生死。每則法寶皆是聖嚴師父從《維摩經》中，萃取出層次分明、易於實踐的處方，讓我們即使身處紛擾的紅塵中，也能活出超脫與自在的人生。\n\n「法鼓講堂」網路直播，每周三晚間 \nhttp://www.dharmaschool.com/ddm_max/liveclass/liveclassroom.php\n\n維摩經與淨化人生-第一堂-1/8\nhttp://www.youtube.com/watch?v=y20D7INmPYY&list=PL4B143989A9C1626B&index=1\n維摩經與淨化人生-第一堂-2/8\nhttp://www.youtube.com/watch?v=h0j3203-P7c&list=PL4B143989A9C1626B&index=2\n維摩經與淨化人生-第一堂-3/8\nhttp://www.youtube.com/watch?v=Tp-CP99UGOI&list=PL4B143989A9C1626B&index=3\n維摩經與淨化人生-第一堂-4/8\nhttp://www.youtube.com/watch?v=AbJm3qKnPQI&list=PL4B143989A9C1626B&index=4\n維摩經與淨化人生-第一堂-5/8\nhttp://www.youtube.com/watch?v=kr2F4KJBD98&list=PL4B143989A9C1626B&index=5\n維摩經與淨化人生-第一堂-6/8\nhttp://www.youtube.com/watch?v=DX4l6hqnlqo&list=PL4B143989A9C1626B&index=6\n維摩經與淨化人生-第一堂-7/8\nhttp://www.youtube.com/watch?v=s0T8hhufRbQ&list=PL4B143989A9C1626B&index=7\n維摩經與淨化人生-第一堂-8/8\nhttp://www.youtube.com/watch?v=owNOGowV8k4&list=PL4B143989A9C1626B&index=8');
INSERT INTO videos(vid, pid, title, description) VALUES('Tp-CP99UGOI', 'PLDuDoO_3m4cYCjJ6iJq56JHAYzGQpPhnI', '「維摩經與淨化人生」導讀-第一堂-3/8', '聖嚴師父說：「要從人的層次，提昇到佛的層次，須經過淨化人生的階段」。至於該如何淨化呢？課程就由《維摩經》的觀點，來探討淨化人生的問題。課程由生命的意義開始探詢，再進一步介紹聖嚴師父教導我們的淨化法寶，包括：觀身非實、享用法樂、消融煩惱、解脫生死。每則法寶皆是聖嚴師父從《維摩經》中，萃取出層次分明、易於實踐的處方，讓我們即使身處紛擾的紅塵中，也能活出超脫與自在的人生。\n\n「法鼓講堂」網路直播，每周三晚間 \nhttp://www.dharmaschool.com/ddm_max/liveclass/liveclassroom.php\n\n維摩經與淨化人生-第一堂-1/8\nhttp://www.youtube.com/watch?v=y20D7INmPYY&list=PL4B143989A9C1626B&index=1\n維摩經與淨化人生-第一堂-2/8\nhttp://www.youtube.com/watch?v=h0j3203-P7c&list=PL4B143989A9C1626B&index=2\n維摩經與淨化人生-第一堂-3/8\nhttp://www.youtube.com/watch?v=Tp-CP99UGOI&list=PL4B143989A9C1626B&index=3\n維摩經與淨化人生-第一堂-4/8\nhttp://www.youtube.com/watch?v=AbJm3qKnPQI&list=PL4B143989A9C1626B&index=4\n維摩經與淨化人生-第一堂-5/8\nhttp://www.youtube.com/watch?v=kr2F4KJBD98&list=PL4B143989A9C1626B&index=5\n維摩經與淨化人生-第一堂-6/8\nhttp://www.youtube.com/watch?v=DX4l6hqnlqo&list=PL4B143989A9C1626B&index=6\n維摩經與淨化人生-第一堂-7/8\nhttp://www.youtube.com/watch?v=s0T8hhufRbQ&list=PL4B143989A9C1626B&index=7\n維摩經與淨化人生-第一堂-8/8\nhttp://www.youtube.com/watch?v=owNOGowV8k4&list=PL4B143989A9C1626B&index=8');
INSERT INTO videos(vid, pid, title, description) VALUES('AbJm3qKnPQI', 'PLDuDoO_3m4cYCjJ6iJq56JHAYzGQpPhnI', '「維摩經與淨化人生」導讀-第一堂-4/8', '聖嚴師父說：「要從人的層次，提昇到佛的層次，須經過淨化人生的階段」。至於該如何淨化呢？課程就由《維摩經》的觀點，來探討淨化人生的問題。課程由生命的意義開始探詢，再進一步介紹聖嚴師父教導我們的淨化法寶，包括：觀身非實、享用法樂、消融煩惱、解脫生死。每則法寶皆是聖嚴師父從《維摩經》中，萃取出層次分明、易於實踐的處方，讓我們即使身處紛擾的紅塵中，也能活出超脫與自在的人生。\n\n「法鼓講堂」網路直播，每周三晚間 \nhttp://www.dharmaschool.com/ddm_max/liveclass/liveclassroom.php\n\n維摩經與淨化人生-第一堂-1/8\nhttp://www.youtube.com/watch?v=y20D7INmPYY&list=PL4B143989A9C1626B&index=1\n維摩經與淨化人生-第一堂-2/8\nhttp://www.youtube.com/watch?v=h0j3203-P7c&list=PL4B143989A9C1626B&index=2\n維摩經與淨化人生-第一堂-3/8\nhttp://www.youtube.com/watch?v=Tp-CP99UGOI&list=PL4B143989A9C1626B&index=3\n維摩經與淨化人生-第一堂-4/8\nhttp://www.youtube.com/watch?v=AbJm3qKnPQI&list=PL4B143989A9C1626B&index=4\n維摩經與淨化人生-第一堂-5/8\nhttp://www.youtube.com/watch?v=kr2F4KJBD98&list=PL4B143989A9C1626B&index=5\n維摩經與淨化人生-第一堂-6/8\nhttp://www.youtube.com/watch?v=DX4l6hqnlqo&list=PL4B143989A9C1626B&index=6\n維摩經與淨化人生-第一堂-7/8\nhttp://www.youtube.com/watch?v=s0T8hhufRbQ&list=PL4B143989A9C1626B&index=7\n維摩經與淨化人生-第一堂-8/8\nhttp://www.youtube.com/watch?v=owNOGowV8k4&list=PL4B143989A9C1626B&index=8');
INSERT INTO videos(vid, pid, title, description) VALUES('kr2F4KJBD98', 'PLDuDoO_3m4cYCjJ6iJq56JHAYzGQpPhnI', '「維摩經與淨化人生」導讀-第一堂-5/8', '聖嚴師父說：「要從人的層次，提昇到佛的層次，須經過淨化人生的階段」。至於該如何淨化呢？程就由《維摩經》的觀點，來探討淨化人生的問題。課程由生命的意義開始探詢，再進一步介紹聖嚴師父教導我們的淨化法寶，包括：觀身非實、享用法樂、消融煩惱、解脫生死。每則法寶皆是聖嚴師父從《維摩經》中，萃取出層次分明、易於實踐的處方，讓我們即使身處紛擾的紅塵中，也能活出超脫與自在的人生。\n\n「法鼓講堂」網路直播，每周三晚間 \nhttp://www.dharmaschool.com/ddm_max/liveclass/liveclassroom.php\n\n維摩經與淨化人生-第一堂-1/8\nhttp://www.youtube.com/watch?v=y20D7INmPYY&list=PL4B143989A9C1626B&index=1\n維摩經與淨化人生-第一堂-2/8\nhttp://www.youtube.com/watch?v=h0j3203-P7c&list=PL4B143989A9C1626B&index=2\n維摩經與淨化人生-第一堂-3/8\nhttp://www.youtube.com/watch?v=Tp-CP99UGOI&list=PL4B143989A9C1626B&index=3\n維摩經與淨化人生-第一堂-4/8\nhttp://www.youtube.com/watch?v=AbJm3qKnPQI&list=PL4B143989A9C1626B&index=4\n維摩經與淨化人生-第一堂-5/8\nhttp://www.youtube.com/watch?v=kr2F4KJBD98&list=PL4B143989A9C1626B&index=5\n維摩經與淨化人生-第一堂-6/8\nhttp://www.youtube.com/watch?v=DX4l6hqnlqo&list=PL4B143989A9C1626B&index=6\n維摩經與淨化人生-第一堂-7/8\nhttp://www.youtube.com/watch?v=s0T8hhufRbQ&list=PL4B143989A9C1626B&index=7\n維摩經與淨化人生-第一堂-8/8\nhttp://www.youtube.com/watch?v=owNOGowV8k4&list=PL4B143989A9C1626B&index=8');
INSERT INTO videos(vid, pid, title, description) VALUES('DX4l6hqnlqo', 'PLDuDoO_3m4cYCjJ6iJq56JHAYzGQpPhnI', '「維摩經與淨化人生」導讀-第一堂-6/8', '聖嚴師父說：「要從人的層次，提昇到佛的層次，須經過淨化人生的階段」。至於該如何淨化呢？課程就由《維摩經》的觀點，來探討淨化人生的問題。課程由生命的意義開始探詢，再進一步介紹聖嚴師父教導我們的淨化法寶，包括：觀身非實、享用法樂、消融煩惱、解脫生死。每則法寶皆是聖嚴師父從《維摩經》中，萃取出層次分明、易於實踐的處方，讓我們即使身處紛擾的紅塵中，也能活出超脫與自在的人生。\n\n「法鼓講堂」網路直播，每周三晚間 \nhttp://www.dharmaschool.com/ddm_max/liveclass/liveclassroom.php\n\n維摩經與淨化人生-第一堂-1/8\nhttp://www.youtube.com/watch?v=y20D7INmPYY&list=PL4B143989A9C1626B&index=1\n維摩經與淨化人生-第一堂-2/8\nhttp://www.youtube.com/watch?v=h0j3203-P7c&list=PL4B143989A9C1626B&index=2\n維摩經與淨化人生-第一堂-3/8\nhttp://www.youtube.com/watch?v=Tp-CP99UGOI&list=PL4B143989A9C1626B&index=3\n維摩經與淨化人生-第一堂-4/8\nhttp://www.youtube.com/watch?v=AbJm3qKnPQI&list=PL4B143989A9C1626B&index=4\n維摩經與淨化人生-第一堂-5/8\nhttp://www.youtube.com/watch?v=kr2F4KJBD98&list=PL4B143989A9C1626B&index=5\n維摩經與淨化人生-第一堂-6/8\nhttp://www.youtube.com/watch?v=DX4l6hqnlqo&list=PL4B143989A9C1626B&index=6\n維摩經與淨化人生-第一堂-7/8\nhttp://www.youtube.com/watch?v=s0T8hhufRbQ&list=PL4B143989A9C1626B&index=7\n維摩經與淨化人生-第一堂-8/8\nhttp://www.youtube.com/watch?v=owNOGowV8k4&list=PL4B143989A9C1626B&index=8');
INSERT INTO videos(vid, pid, title, description) VALUES('s0T8hhufRbQ', 'PLDuDoO_3m4cYCjJ6iJq56JHAYzGQpPhnI', '「維摩經與淨化人生」導讀-第一堂-7/8', '聖嚴師父說：「要從人的層次，提昇到佛的層次，須經過淨化人生的階段」。至於該如何淨化呢？課程就由《維摩經》的觀點，來探討淨化人生的問題。課程由生命的意義開始探詢，再進一步介紹聖嚴師父教導我們的淨化法寶，包括：觀身非實、享用法樂、消融煩惱、解脫生死。每則法寶皆是聖嚴師父從《維摩經》中，萃取出層次分明、易於實踐的處方，讓我們即使身處紛擾的紅塵中，也能活出超脫與自在的人生。\n\n「法鼓講堂」網路直播，每周三晚間 \nhttp://www.dharmaschool.com/ddm_max/liveclass/liveclassroom.php\n\n維摩經與淨化人生-第一堂-1/8\nhttp://www.youtube.com/watch?v=y20D7INmPYY&list=PL4B143989A9C1626B&index=1\n維摩經與淨化人生-第一堂-2/8\nhttp://www.youtube.com/watch?v=h0j3203-P7c&list=PL4B143989A9C1626B&index=2\n維摩經與淨化人生-第一堂-3/8\nhttp://www.youtube.com/watch?v=Tp-CP99UGOI&list=PL4B143989A9C1626B&index=3\n維摩經與淨化人生-第一堂-4/8\nhttp://www.youtube.com/watch?v=AbJm3qKnPQI&list=PL4B143989A9C1626B&index=4\n維摩經與淨化人生-第一堂-5/8\nhttp://www.youtube.com/watch?v=kr2F4KJBD98&list=PL4B143989A9C1626B&index=5\n維摩經與淨化人生-第一堂-6/8\nhttp://www.youtube.com/watch?v=DX4l6hqnlqo&list=PL4B143989A9C1626B&index=6\n維摩經與淨化人生-第一堂-7/8\nhttp://www.youtube.com/watch?v=s0T8hhufRbQ&list=PL4B143989A9C1626B&index=7\n維摩經與淨化人生-第一堂-8/8\nhttp://www.youtube.com/watch?v=owNOGowV8k4&list=PL4B143989A9C1626B&index=8');
INSERT INTO videos(vid, pid, title, description) VALUES('owNOGowV8k4', 'PLDuDoO_3m4cYCjJ6iJq56JHAYzGQpPhnI', '「維摩經與淨化人生」導讀-第一堂-8/8', '聖嚴師父說：「要從人的層次，提昇到佛的層次，須經過淨化人生的階段」。至於該如何淨化呢？課程就由《維摩經》的觀點，來探討淨化人生的問題。課程由生命的意義開始探詢，再進一步介紹聖嚴師父教導我們的淨化法寶，包括：觀身非實、享用法樂、消融煩惱、解脫生死。每則法寶皆是聖嚴師父從《維摩經》中，萃取出層次分明、易於實踐的處方，讓我們即使身處紛擾的紅塵中，也能活出超脫與自在的人生。\n\n「法鼓講堂」網路直播，每周三晚間 \nhttp://www.dharmaschool.com/ddm_max/liveclass/liveclassroom.php\n\n維摩經與淨化人生-第一堂-1/8\nhttp://www.youtube.com/watch?v=y20D7INmPYY&list=PL4B143989A9C1626B&index=1\n維摩經與淨化人生-第一堂-2/8\nhttp://www.youtube.com/watch?v=h0j3203-P7c&list=PL4B143989A9C1626B&index=2\n維摩經與淨化人生-第一堂-3/8\nhttp://www.youtube.com/watch?v=Tp-CP99UGOI&list=PL4B143989A9C1626B&index=3\n維摩經與淨化人生-第一堂-4/8\nhttp://www.youtube.com/watch?v=AbJm3qKnPQI&list=PL4B143989A9C1626B&index=4\n維摩經與淨化人生-第一堂-5/8\nhttp://www.youtube.com/watch?v=kr2F4KJBD98&list=PL4B143989A9C1626B&index=5\n維摩經與淨化人生-第一堂-6/8\nhttp://www.youtube.com/watch?v=DX4l6hqnlqo&list=PL4B143989A9C1626B&index=6\n維摩經與淨化人生-第一堂-7/8\nhttp://www.youtube.com/watch?v=s0T8hhufRbQ&list=PL4B143989A9C1626B&index=7\n維摩經與淨化人生-第一堂-8/8\nhttp://www.youtube.com/watch?v=owNOGowV8k4&list=PL4B143989A9C1626B&index=8');
INSERT INTO videos(vid, pid, title, description) VALUES('68jTI5sfqjI', 'PLDuDoO_3m4cYCjJ6iJq56JHAYzGQpPhnI', '「維摩經與淨化人生」導讀-第二堂-1/8', '學習佛法要能在生活當中運用，可是要怎麼用呢？！常延法師精采的《維摩經》與淨化人生第一講課，法師以聖嚴法師提到的「生命、生活、生存」來說明人生的價值。你是要選擇虛度人生？還是善用人生？是要享受人生？還是淨化人生？第二講再從人生的議題切入，以佛的角度探討人生的意義。\n\n「法鼓講堂」網路直播，每周三晚間 \nhttp://www.dharmaschool.com/ddm_max/liveclass/liveclassroom.php\n\n維摩經與淨化人生-第二堂-1/8\nhttp://www.youtube.com/watch?v=68jTI5sfqjI&list=PLD38E72B4F5FBE76A\n維摩經與淨化人生-第二堂-2/8\nhttp://www.youtube.com/watch?v=Zd4rLYtXUyk&list=PLD38E72B4F5FBE76A&index=2\n維摩經與淨化人生-第二堂-3/8\nhttp://www.youtube.com/watch?v=seXrrXyJv_I&list=PLD38E72B4F5FBE76A&index=3\n維摩經與淨化人生-第二堂-4/8\nhttp://www.youtube.com/watch?v=0J3uxA8dPww&list=PLD38E72B4F5FBE76A&index=4\n維摩經與淨化人生-第二堂-5/8\nhttp://www.youtube.com/watch?v=pHOCFmGeHjM&list=PLD38E72B4F5FBE76A&index=5\n維摩經與淨化人生-第二堂-6/8\nhttp://www.youtube.com/watch?v=wPLEuk6mmzE&list=PLD38E72B4F5FBE76A&index=6\n維摩經與淨化人生-第二堂-7/8\nhttp://www.youtube.com/watch?v=kuKaNuRa9TE&list=PLD38E72B4F5FBE76A&index=7\n維摩經與淨化人生-第二堂-8/8\nhttp://www.youtube.com/watch?v=UOLZVWBAJ3w&list=PLD38E72B4F5FBE76A&index=8');
INSERT INTO videos(vid, pid, title, description) VALUES('Zd4rLYtXUyk', 'PLDuDoO_3m4cYCjJ6iJq56JHAYzGQpPhnI', '「維摩經與淨化人生」導讀-第二堂-2/8', '學習佛法要能在生活當中運用，可是要怎麼用呢？！常延法師精采的《維摩經》與淨化人生第一講課，法師以聖嚴法師提到的「生命、生活、生存」來說明人生的價值。你是要選擇虛度人生？還是善用人生？是要享受人生？還是淨化人生？第二講再從人生的議題切入，以佛的角度探討人生的意義。\n\n「法鼓講堂」網路直播，每周三晚間 \nhttp://www.dharmaschool.com/ddm_max/liveclass/liveclassroom.php\n\n維摩經與淨化人生-第二堂-1/8\nhttp://www.youtube.com/watch?v=68jTI5sfqjI&list=PLD38E72B4F5FBE76A\n維摩經與淨化人生-第二堂-2/8\nhttp://www.youtube.com/watch?v=Zd4rLYtXUyk&list=PLD38E72B4F5FBE76A&index=2\n維摩經與淨化人生-第二堂-3/8\nhttp://www.youtube.com/watch?v=seXrrXyJv_I&list=PLD38E72B4F5FBE76A&index=3\n維摩經與淨化人生-第二堂-4/8\nhttp://www.youtube.com/watch?v=0J3uxA8dPww&list=PLD38E72B4F5FBE76A&index=4\n維摩經與淨化人生-第二堂-5/8\nhttp://www.youtube.com/watch?v=pHOCFmGeHjM&list=PLD38E72B4F5FBE76A&index=5\n維摩經與淨化人生-第二堂-6/8\nhttp://www.youtube.com/watch?v=wPLEuk6mmzE&list=PLD38E72B4F5FBE76A&index=6\n維摩經與淨化人生-第二堂-7/8\nhttp://www.youtube.com/watch?v=kuKaNuRa9TE&list=PLD38E72B4F5FBE76A&index=7\n維摩經與淨化人生-第二堂-8/8\nhttp://www.youtube.com/watch?v=UOLZVWBAJ3w&list=PLD38E72B4F5FBE76A&index=8');
INSERT INTO videos(vid, pid, title, description) VALUES('seXrrXyJv_I', 'PLDuDoO_3m4cYCjJ6iJq56JHAYzGQpPhnI', '「維摩經與淨化人生」導讀-第二堂-3/8', '學習佛法要能在生活當中運用，可是要怎麼用呢？！常延法師精采的《維摩經》與淨化人生第一講課，法師以聖嚴法師提到的「生命、生活、生存」來說明人生的價值。你是要選擇虛度人生？還是善用人生？是要享受人生？還是淨化人生？第二講再從人生的議題切入，以佛的角度探討人生的意義。\n\n「法鼓講堂」網路直播，每周三晚間 \nhttp://www.dharmaschool.com/ddm_max/liveclass/liveclassroom.php\n\n維摩經與淨化人生-第二堂-1/8\nhttp://www.youtube.com/watch?v=68jTI5sfqjI&list=PLD38E72B4F5FBE76A\n維摩經與淨化人生-第二堂-2/8\nhttp://www.youtube.com/watch?v=Zd4rLYtXUyk&list=PLD38E72B4F5FBE76A&index=2\n維摩經與淨化人生-第二堂-3/8\nhttp://www.youtube.com/watch?v=seXrrXyJv_I&list=PLD38E72B4F5FBE76A&index=3\n維摩經與淨化人生-第二堂-4/8\nhttp://www.youtube.com/watch?v=0J3uxA8dPww&list=PLD38E72B4F5FBE76A&index=4\n維摩經與淨化人生-第二堂-5/8\nhttp://www.youtube.com/watch?v=pHOCFmGeHjM&list=PLD38E72B4F5FBE76A&index=5\n維摩經與淨化人生-第二堂-6/8\nhttp://www.youtube.com/watch?v=wPLEuk6mmzE&list=PLD38E72B4F5FBE76A&index=6\n維摩經與淨化人生-第二堂-7/8\nhttp://www.youtube.com/watch?v=kuKaNuRa9TE&list=PLD38E72B4F5FBE76A&index=7\n維摩經與淨化人生-第二堂-8/8\nhttp://www.youtube.com/watch?v=UOLZVWBAJ3w&list=PLD38E72B4F5FBE76A&index=8');
INSERT INTO videos(vid, pid, title, description) VALUES('0J3uxA8dPww', 'PLDuDoO_3m4cYCjJ6iJq56JHAYzGQpPhnI', '「維摩經與淨化人生」導讀-第二堂-4/8', '學習佛法要能在生活當中運用，可是要怎麼用呢？！常延法師精采的《維摩經》與淨化人生第一講課，法師以聖嚴法師提到的「生命、生活、生存」來說明人生的價值。你是要選擇虛度人生？還是善用人生？是要享受人生？還是淨化人生？第二講再從人生的議題切入，以佛的角度探討人生的意義。\n\n「法鼓講堂」網路直播，每周三晚間 \nhttp://www.dharmaschool.com/ddm_max/liveclass/liveclassroom.php\n\n維摩經與淨化人生-第二堂-1/8\nhttp://www.youtube.com/watch?v=68jTI5sfqjI&list=PLD38E72B4F5FBE76A\n維摩經與淨化人生-第二堂-2/8\nhttp://www.youtube.com/watch?v=Zd4rLYtXUyk&list=PLD38E72B4F5FBE76A&index=2\n維摩經與淨化人生-第二堂-3/8\nhttp://www.youtube.com/watch?v=seXrrXyJv_I&list=PLD38E72B4F5FBE76A&index=3\n維摩經與淨化人生-第二堂-4/8\nhttp://www.youtube.com/watch?v=0J3uxA8dPww&list=PLD38E72B4F5FBE76A&index=4\n維摩經與淨化人生-第二堂-5/8\nhttp://www.youtube.com/watch?v=pHOCFmGeHjM&list=PLD38E72B4F5FBE76A&index=5\n維摩經與淨化人生-第二堂-6/8\nhttp://www.youtube.com/watch?v=wPLEuk6mmzE&list=PLD38E72B4F5FBE76A&index=6\n維摩經與淨化人生-第二堂-7/8\nhttp://www.youtube.com/watch?v=kuKaNuRa9TE&list=PLD38E72B4F5FBE76A&index=7\n維摩經與淨化人生-第二堂-8/8\nhttp://www.youtube.com/watch?v=UOLZVWBAJ3w&list=PLD38E72B4F5FBE76A&index=8');
INSERT INTO videos(vid, pid, title, description) VALUES('pHOCFmGeHjM', 'PLDuDoO_3m4cYCjJ6iJq56JHAYzGQpPhnI', '「維摩經與淨化人生」導讀-第二堂-5/8', '學習佛法要能在生活當中運用，可是要怎麼用呢？！常延法師精采的《維摩經》與淨化人生第一講課，法師以聖嚴法師提到的「生命、生活、生存」來說明人生的價值。你是要選擇虛度人生？還是善用人生？是要享受人生？還是淨化人生？第二講再從人生的議題切入，以佛的角度探討人生的意義。\n\n「法鼓講堂」網路直播，每周三晚間 \nhttp://www.dharmaschool.com/ddm_max/liveclass/liveclassroom.php\n\n維摩經與淨化人生-第二堂-1/8\nhttp://www.youtube.com/watch?v=68jTI5sfqjI&list=PLD38E72B4F5FBE76A\n維摩經與淨化人生-第二堂-2/8\nhttp://www.youtube.com/watch?v=Zd4rLYtXUyk&list=PLD38E72B4F5FBE76A&index=2\n維摩經與淨化人生-第二堂-3/8\nhttp://www.youtube.com/watch?v=seXrrXyJv_I&list=PLD38E72B4F5FBE76A&index=3\n維摩經與淨化人生-第二堂-4/8\nhttp://www.youtube.com/watch?v=0J3uxA8dPww&list=PLD38E72B4F5FBE76A&index=4\n維摩經與淨化人生-第二堂-5/8\nhttp://www.youtube.com/watch?v=pHOCFmGeHjM&list=PLD38E72B4F5FBE76A&index=5\n維摩經與淨化人生-第二堂-6/8\nhttp://www.youtube.com/watch?v=wPLEuk6mmzE&list=PLD38E72B4F5FBE76A&index=6\n維摩經與淨化人生-第二堂-7/8\nhttp://www.youtube.com/watch?v=kuKaNuRa9TE&list=PLD38E72B4F5FBE76A&index=7\n維摩經與淨化人生-第二堂-8/8\nhttp://www.youtube.com/watch?v=UOLZVWBAJ3w&list=PLD38E72B4F5FBE76A&index=8');
INSERT INTO videos(vid, pid, title, description) VALUES('wPLEuk6mmzE', 'PLDuDoO_3m4cYCjJ6iJq56JHAYzGQpPhnI', '「維摩經與淨化人生」導讀-第二堂-6/8', '學習佛法要能在生活當中運用，可是要怎麼用呢？！常延法師精采的《維摩經》與淨化人生第一講課，法師以聖嚴法師提到的「生命、生活、生存」來說明人生的價值。你是要選擇虛度人生？還是善用人生？是要享受人生？還是淨化人生？第二講再從人生的議題切入，以佛的角度探討人生的意義。\n\n「法鼓講堂」網路直播，每周三晚間 \nhttp://www.dharmaschool.com/ddm_max/liveclass/liveclassroom.php\n\n維摩經與淨化人生-第二堂-1/8\nhttp://www.youtube.com/watch?v=68jTI5sfqjI&list=PLD38E72B4F5FBE76A\n維摩經與淨化人生-第二堂-2/8\nhttp://www.youtube.com/watch?v=Zd4rLYtXUyk&list=PLD38E72B4F5FBE76A&index=2\n維摩經與淨化人生-第二堂-3/8\nhttp://www.youtube.com/watch?v=seXrrXyJv_I&list=PLD38E72B4F5FBE76A&index=3\n維摩經與淨化人生-第二堂-4/8\nhttp://www.youtube.com/watch?v=0J3uxA8dPww&list=PLD38E72B4F5FBE76A&index=4\n維摩經與淨化人生-第二堂-5/8\nhttp://www.youtube.com/watch?v=pHOCFmGeHjM&list=PLD38E72B4F5FBE76A&index=5\n維摩經與淨化人生-第二堂-6/8\nhttp://www.youtube.com/watch?v=wPLEuk6mmzE&list=PLD38E72B4F5FBE76A&index=6\n維摩經與淨化人生-第二堂-7/8\nhttp://www.youtube.com/watch?v=kuKaNuRa9TE&list=PLD38E72B4F5FBE76A&index=7\n維摩經與淨化人生-第二堂-8/8\nhttp://www.youtube.com/watch?v=UOLZVWBAJ3w&list=PLD38E72B4F5FBE76A&index=8');
INSERT INTO videos(vid, pid, title, description) VALUES('kuKaNuRa9TE', 'PLDuDoO_3m4cYCjJ6iJq56JHAYzGQpPhnI', '「維摩經與淨化人生」導讀-第二堂-7/8', '學習佛法要能在生活當中運用，可是要怎麼用呢？！常延法師精采的《維摩經》與淨化人生第一講課，法師以聖嚴法師提到的「生命、生活、生存」來說明人生的價值。你是要選擇虛度人生？還是善用人生？是要享受人生？還是淨化人生？第二講再從人生的議題切入，以佛的角度探討人生的意義。\n\n「法鼓講堂」網路直播，每周三晚間 \nhttp://www.dharmaschool.com/ddm_max/liveclass/liveclassroom.php\n\n維摩經與淨化人生-第二堂-1/8\nhttp://www.youtube.com/watch?v=68jTI5sfqjI&list=PLD38E72B4F5FBE76A\n維摩經與淨化人生-第二堂-2/8\nhttp://www.youtube.com/watch?v=Zd4rLYtXUyk&list=PLD38E72B4F5FBE76A&index=2\n維摩經與淨化人生-第二堂-3/8\nhttp://www.youtube.com/watch?v=seXrrXyJv_I&list=PLD38E72B4F5FBE76A&index=3\n維摩經與淨化人生-第二堂-4/8\nhttp://www.youtube.com/watch?v=0J3uxA8dPww&list=PLD38E72B4F5FBE76A&index=4\n維摩經與淨化人生-第二堂-5/8\nhttp://www.youtube.com/watch?v=pHOCFmGeHjM&list=PLD38E72B4F5FBE76A&index=5\n維摩經與淨化人生-第二堂-6/8\nhttp://www.youtube.com/watch?v=wPLEuk6mmzE&list=PLD38E72B4F5FBE76A&index=6\n維摩經與淨化人生-第二堂-7/8\nhttp://www.youtube.com/watch?v=kuKaNuRa9TE&list=PLD38E72B4F5FBE76A&index=7\n維摩經與淨化人生-第二堂-8/8\nhttp://www.youtube.com/watch?v=UOLZVWBAJ3w&list=PLD38E72B4F5FBE76A&index=8');
INSERT INTO videos(vid, pid, title, description) VALUES('UOLZVWBAJ3w', 'PLDuDoO_3m4cYCjJ6iJq56JHAYzGQpPhnI', '「維摩經與淨化人生」導讀-第二堂-8/8', '學習佛法要能在生活當中運用，可是要怎麼用呢？！常延法師精采的《維摩經》與淨化人生第一講課，法師以聖嚴法師提到的「生命、生活、生存」來說明人生的價值。你是要選擇虛度人生？還是善用人生？是要享受人生？還是淨化人生？第二講再從人生的議題切入，以佛的角度探討人生的意義。\n\n「法鼓講堂」網路直播，每周三晚間 \nhttp://www.dharmaschool.com/ddm_max/liveclass/liveclassroom.php\n\n維摩經與淨化人生-第二堂-1/8\nhttp://www.youtube.com/watch?v=68jTI5sfqjI&list=PLD38E72B4F5FBE76A\n維摩經與淨化人生-第二堂-2/8\nhttp://www.youtube.com/watch?v=Zd4rLYtXUyk&list=PLD38E72B4F5FBE76A&index=2\n維摩經與淨化人生-第二堂-3/8\nhttp://www.youtube.com/watch?v=seXrrXyJv_I&list=PLD38E72B4F5FBE76A&index=3\n維摩經與淨化人生-第二堂-4/8\nhttp://www.youtube.com/watch?v=0J3uxA8dPww&list=PLD38E72B4F5FBE76A&index=4\n維摩經與淨化人生-第二堂-5/8\nhttp://www.youtube.com/watch?v=pHOCFmGeHjM&list=PLD38E72B4F5FBE76A&index=5\n維摩經與淨化人生-第二堂-6/8\nhttp://www.youtube.com/watch?v=wPLEuk6mmzE&list=PLD38E72B4F5FBE76A&index=6\n維摩經與淨化人生-第二堂-7/8\nhttp://www.youtube.com/watch?v=kuKaNuRa9TE&list=PLD38E72B4F5FBE76A&index=7\n維摩經與淨化人生-第二堂-8/8\nhttp://www.youtube.com/watch?v=UOLZVWBAJ3w&list=PLD38E72B4F5FBE76A&index=8');
INSERT INTO videos(vid, pid, title, description) VALUES('PShFcmXwu6M', 'PLDuDoO_3m4cYCjJ6iJq56JHAYzGQpPhnI', '「維摩經與淨化人生」導讀-第三堂-1/10', '聖嚴師父說：「要從人的層次，提昇到佛的層次，須經過淨化人生的階段」。至於該如何淨化呢？課程就由《維摩經》的觀點，來探討淨化人生的問題。課程由生命的意義開始探詢，再進一步介紹聖嚴師父教導我們的淨化法寶，包括：觀身非實、享用法樂、消融煩惱、解脫生死。每則法寶皆是聖嚴師父從《維摩經》中，萃取出層次分明、易於實踐的處方，讓我們即使身處紛擾的紅塵中，也能活出超脫與自在的人生。\n\n「法鼓講堂」網路直播，每周三晚間 \nhttp://www.dharmaschool.com/ddm_max/liveclass/liveclassroom.php\n\n維摩經與淨化人生-第三堂-1/10\nhttp://www.youtube.com/watch?v=PShFcmXwu6M&list=PL77967EC41B65DA10\n維摩經與淨化人生-第三堂-2/10\nhttp://www.youtube.com/watch?v=bgMaVjyi3vs&list=PL77967EC41B65DA10&index=2\n維摩經與淨化人生-第三堂-3/10\nhttp://www.youtube.com/watch?v=SHPzRJEAB0o&list=PL77967EC41B65DA10&index=3\n維摩經與淨化人生-第三堂-4/10\nhttp://www.youtube.com/watch?v=UJfNllukR0U&list=PL77967EC41B65DA10&index=4\n維摩經與淨化人生-第三堂-5/10\nhttp://www.youtube.com/watch?v=72dQCLm_UL0&list=PL77967EC41B65DA10&index=5\n維摩經與淨化人生-第三堂-6/10\nhttp://www.youtube.com/watch?v=tgLOEiuzqHs&list=PL77967EC41B65DA10&index=6\n維摩經與淨化人生-第三堂-7/10\nhttp://www.youtube.com/watch?v=oSdXgdFfU9w&list=PL77967EC41B65DA10&index=7\n維摩經與淨化人生-第三堂-8/10\nhttp://www.youtube.com/watch?v=Mhi6pcjBu60&list=PL77967EC41B65DA10&index=8\n維摩經與淨化人生-第三堂-9/10\nhttp://www.youtube.com/watch?v=iwFUP2Btr4c&list=PL77967EC41B65DA10&index=9\n維摩經與淨化人生-第三堂-10/10\nhttp://www.youtube.com/watch?v=1YNvw4uJVfQ&list=PL77967EC41B65DA10&index=10');
INSERT INTO videos(vid, pid, title, description) VALUES('bgMaVjyi3vs', 'PLDuDoO_3m4cYCjJ6iJq56JHAYzGQpPhnI', '「維摩經與淨化人生」導讀-第三堂-2/10', '聖嚴師父說：「要從人的層次，提昇到佛的層次，須經過淨化人生的階段」。至於該如何淨化呢？課程就由《維摩經》的觀點，來探討淨化人生的問題。課程由生命的意義開始探詢，再進一步介紹聖嚴師父教導我們的淨化法寶，包括：觀身非實、享用法樂、消融煩惱、解脫生死。每則法寶皆是聖嚴師父從《維摩經》中，萃取出層次分明、易於實踐的處方，讓我們即使身處紛擾的紅塵中，也能活出超脫與自在的人生。\n\n「法鼓講堂」網路直播，每周三晚間 \nhttp://www.dharmaschool.com/ddm_max/liveclass/liveclassroom.php\n\n維摩經與淨化人生-第三堂-1/10\nhttp://www.youtube.com/watch?v=PShFcmXwu6M&list=PL77967EC41B65DA10\n維摩經與淨化人生-第三堂-2/10\nhttp://www.youtube.com/watch?v=bgMaVjyi3vs&list=PL77967EC41B65DA10&index=2\n維摩經與淨化人生-第三堂-3/10\nhttp://www.youtube.com/watch?v=SHPzRJEAB0o&list=PL77967EC41B65DA10&index=3\n維摩經與淨化人生-第三堂-4/10\nhttp://www.youtube.com/watch?v=UJfNllukR0U&list=PL77967EC41B65DA10&index=4\n維摩經與淨化人生-第三堂-5/10\nhttp://www.youtube.com/watch?v=72dQCLm_UL0&list=PL77967EC41B65DA10&index=5\n維摩經與淨化人生-第三堂-6/10\nhttp://www.youtube.com/watch?v=tgLOEiuzqHs&list=PL77967EC41B65DA10&index=6\n維摩經與淨化人生-第三堂-7/10\nhttp://www.youtube.com/watch?v=oSdXgdFfU9w&list=PL77967EC41B65DA10&index=7\n維摩經與淨化人生-第三堂-8/10\nhttp://www.youtube.com/watch?v=Mhi6pcjBu60&list=PL77967EC41B65DA10&index=8\n維摩經與淨化人生-第三堂-9/10\nhttp://www.youtube.com/watch?v=iwFUP2Btr4c&list=PL77967EC41B65DA10&index=9\n維摩經與淨化人生-第三堂-10/10\nhttp://www.youtube.com/watch?v=1YNvw4uJVfQ&list=PL77967EC41B65DA10&index=10');
INSERT INTO videos(vid, pid, title, description) VALUES('SHPzRJEAB0o', 'PLDuDoO_3m4cYCjJ6iJq56JHAYzGQpPhnI', '「維摩經與淨化人生」導讀-第三堂-3/10', '聖嚴師父說：「要從人的層次，提昇到佛的層次，須經過淨化人生的階段」。至於該如何淨化呢？課程就由《維摩經》的觀點，來探討淨化人生的問題。課程由生命的意義開始探詢，再進一步介紹聖嚴師父教導我們的淨化法寶，包括：觀身非實、享用法樂、消融煩惱、解脫生死。每則法寶皆是聖嚴師父從《維摩經》中，萃取出層次分明、易於實踐的處方，讓我們即使身處紛擾的紅塵中，也能活出超脫與自在的人生。\n\n「法鼓講堂」網路直播，每周三晚間 \nhttp://www.dharmaschool.com/ddm_max/liveclass/liveclassroom.php\n\n維摩經與淨化人生-第三堂-1/10\nhttp://www.youtube.com/watch?v=PShFcmXwu6M&list=PL77967EC41B65DA10\n維摩經與淨化人生-第三堂-2/10\nhttp://www.youtube.com/watch?v=bgMaVjyi3vs&list=PL77967EC41B65DA10&index=2\n維摩經與淨化人生-第三堂-3/10\nhttp://www.youtube.com/watch?v=SHPzRJEAB0o&list=PL77967EC41B65DA10&index=3\n維摩經與淨化人生-第三堂-4/10\nhttp://www.youtube.com/watch?v=UJfNllukR0U&list=PL77967EC41B65DA10&index=4\n維摩經與淨化人生-第三堂-5/10\nhttp://www.youtube.com/watch?v=72dQCLm_UL0&list=PL77967EC41B65DA10&index=5\n維摩經與淨化人生-第三堂-6/10\nhttp://www.youtube.com/watch?v=tgLOEiuzqHs&list=PL77967EC41B65DA10&index=6\n維摩經與淨化人生-第三堂-7/10\nhttp://www.youtube.com/watch?v=oSdXgdFfU9w&list=PL77967EC41B65DA10&index=7\n維摩經與淨化人生-第三堂-8/10\nhttp://www.youtube.com/watch?v=Mhi6pcjBu60&list=PL77967EC41B65DA10&index=8\n維摩經與淨化人生-第三堂-9/10\nhttp://www.youtube.com/watch?v=iwFUP2Btr4c&list=PL77967EC41B65DA10&index=9\n維摩經與淨化人生-第三堂-10/10\nhttp://www.youtube.com/watch?v=1YNvw4uJVfQ&list=PL77967EC41B65DA10&index=10');
INSERT INTO videos(vid, pid, title, description) VALUES('UJfNllukR0U', 'PLDuDoO_3m4cYCjJ6iJq56JHAYzGQpPhnI', '「維摩經與淨化人生」導讀-第三堂-4/10', '聖嚴師父說：「要從人的層次，提昇到佛的層次，須經過淨化人生的階段」。至於該如何淨化呢？課程就由《維摩經》的觀點，來探討淨化人生的問題。課程由生命的意義開始探詢，再進一步介紹聖嚴師父教導我們的淨化法寶，包括：觀身非實、享用法樂、消融煩惱、解脫生死。每則法寶皆是聖嚴師父從《維摩經》中，萃取出層次分明、易於實踐的處方，讓我們即使身處紛擾的紅塵中，也能活出超脫與自在的人生。\n\n「法鼓講堂」網路直播，每周三晚間 \nhttp://www.dharmaschool.com/ddm_max/liveclass/liveclassroom.php\n\n維摩經與淨化人生-第三堂-1/10\nhttp://www.youtube.com/watch?v=PShFcmXwu6M&list=PL77967EC41B65DA10\n維摩經與淨化人生-第三堂-2/10\nhttp://www.youtube.com/watch?v=bgMaVjyi3vs&list=PL77967EC41B65DA10&index=2\n維摩經與淨化人生-第三堂-3/10\nhttp://www.youtube.com/watch?v=SHPzRJEAB0o&list=PL77967EC41B65DA10&index=3\n維摩經與淨化人生-第三堂-4/10\nhttp://www.youtube.com/watch?v=UJfNllukR0U&list=PL77967EC41B65DA10&index=4\n維摩經與淨化人生-第三堂-5/10\nhttp://www.youtube.com/watch?v=72dQCLm_UL0&list=PL77967EC41B65DA10&index=5\n維摩經與淨化人生-第三堂-6/10\nhttp://www.youtube.com/watch?v=tgLOEiuzqHs&list=PL77967EC41B65DA10&index=6\n維摩經與淨化人生-第三堂-7/10\nhttp://www.youtube.com/watch?v=oSdXgdFfU9w&list=PL77967EC41B65DA10&index=7\n維摩經與淨化人生-第三堂-8/10\nhttp://www.youtube.com/watch?v=Mhi6pcjBu60&list=PL77967EC41B65DA10&index=8\n維摩經與淨化人生-第三堂-9/10\nhttp://www.youtube.com/watch?v=iwFUP2Btr4c&list=PL77967EC41B65DA10&index=9\n維摩經與淨化人生-第三堂-10/10\nhttp://www.youtube.com/watch?v=1YNvw4uJVfQ&list=PL77967EC41B65DA10&index=10');
INSERT INTO videos(vid, pid, title, description) VALUES('72dQCLm_UL0', 'PLDuDoO_3m4cYCjJ6iJq56JHAYzGQpPhnI', '「維摩經與淨化人生」導讀-第三堂-5/10', '聖嚴師父說：「要從人的層次，提昇到佛的層次，須經過淨化人生的階段」。至於該如何淨化呢？課程就由《維摩經》的觀點，來探討淨化人生的問題。課程由生命的意義開始探詢，再進一步介紹聖嚴師父教導我們的淨化法寶，包括：觀身非實、享用法樂、消融煩惱、解脫生死。每則法寶皆是聖嚴師父從《維摩經》中，萃取出層次分明、易於實踐的處方，讓我們即使身處紛擾的紅塵中，也能活出超脫與自在的人生。\n\n\n「法鼓講堂」網路直播，每周三晚間 \nhttp://www.dharmaschool.com/ddm_max/liveclass/liveclassroom.php\n\n維摩經與淨化人生-第三堂-1/10\nhttp://www.youtube.com/watch?v=PShFcmXwu6M&list=PL77967EC41B65DA10\n維摩經與淨化人生-第三堂-2/10\nhttp://www.youtube.com/watch?v=bgMaVjyi3vs&list=PL77967EC41B65DA10&index=2\n維摩經與淨化人生-第三堂-3/10\nhttp://www.youtube.com/watch?v=SHPzRJEAB0o&list=PL77967EC41B65DA10&index=3\n維摩經與淨化人生-第三堂-4/10\nhttp://www.youtube.com/watch?v=UJfNllukR0U&list=PL77967EC41B65DA10&index=4\n維摩經與淨化人生-第三堂-5/10\nhttp://www.youtube.com/watch?v=72dQCLm_UL0&list=PL77967EC41B65DA10&index=5\n維摩經與淨化人生-第三堂-6/10\nhttp://www.youtube.com/watch?v=tgLOEiuzqHs&list=PL77967EC41B65DA10&index=6\n維摩經與淨化人生-第三堂-7/10\nhttp://www.youtube.com/watch?v=oSdXgdFfU9w&list=PL77967EC41B65DA10&index=7\n維摩經與淨化人生-第三堂-8/10\nhttp://www.youtube.com/watch?v=Mhi6pcjBu60&list=PL77967EC41B65DA10&index=8\n維摩經與淨化人生-第三堂-9/10\nhttp://www.youtube.com/watch?v=iwFUP2Btr4c&list=PL77967EC41B65DA10&index=9\n維摩經與淨化人生-第三堂-10/10\nhttp://www.youtube.com/watch?v=1YNvw4uJVfQ&list=PL77967EC41B65DA10&index=10');
INSERT INTO videos(vid, pid, title, description) VALUES('tgLOEiuzqHs', 'PLDuDoO_3m4cYCjJ6iJq56JHAYzGQpPhnI', '「維摩經與淨化人生」導讀-第三堂-6/10', '聖嚴師父說：「要從人的層次，提昇到佛的層次，須經過淨化人生的階段」。至於該如何淨化呢？課程就由《維摩經》的觀點，來探討淨化人生的問題。課程由生命的意義開始探詢，再進一步介紹聖嚴師父教導我們的淨化法寶，包括：觀身非實、享用法樂、消融煩惱、解脫生死。每則法寶皆是聖嚴師父從《維摩經》中，萃取出層次分明、易於實踐的處方，讓我們即使身處紛擾的紅塵中，也能活出超脫與自在的人生。\n\n「法鼓講堂」網路直播，每周三晚間 \nhttp://www.dharmaschool.com/ddm_max/liveclass/liveclassroom.php\n\n維摩經與淨化人生-第三堂-1/10\nhttp://www.youtube.com/watch?v=PShFcmXwu6M&list=PL77967EC41B65DA10\n維摩經與淨化人生-第三堂-2/10\nhttp://www.youtube.com/watch?v=bgMaVjyi3vs&list=PL77967EC41B65DA10&index=2\n維摩經與淨化人生-第三堂-3/10\nhttp://www.youtube.com/watch?v=SHPzRJEAB0o&list=PL77967EC41B65DA10&index=3\n維摩經與淨化人生-第三堂-4/10\nhttp://www.youtube.com/watch?v=UJfNllukR0U&list=PL77967EC41B65DA10&index=4\n維摩經與淨化人生-第三堂-5/10\nhttp://www.youtube.com/watch?v=72dQCLm_UL0&list=PL77967EC41B65DA10&index=5\n維摩經與淨化人生-第三堂-6/10\nhttp://www.youtube.com/watch?v=tgLOEiuzqHs&list=PL77967EC41B65DA10&index=6\n維摩經與淨化人生-第三堂-7/10\nhttp://www.youtube.com/watch?v=oSdXgdFfU9w&list=PL77967EC41B65DA10&index=7\n維摩經與淨化人生-第三堂-8/10\nhttp://www.youtube.com/watch?v=Mhi6pcjBu60&list=PL77967EC41B65DA10&index=8\n維摩經與淨化人生-第三堂-9/10\nhttp://www.youtube.com/watch?v=iwFUP2Btr4c&list=PL77967EC41B65DA10&index=9\n維摩經與淨化人生-第三堂-10/10\nhttp://www.youtube.com/watch?v=1YNvw4uJVfQ&list=PL77967EC41B65DA10&index=10');
INSERT INTO videos(vid, pid, title, description) VALUES('oSdXgdFfU9w', 'PLDuDoO_3m4cYCjJ6iJq56JHAYzGQpPhnI', '「維摩經與淨化人生」導讀-第三堂-7/10', '聖嚴師父說：「要從人的層次，提昇到佛的層次，須經過淨化人生的階段」。至於該如何淨化呢？課程就由《維摩經》的觀點，來探討淨化人生的問題。課程由生命的意義開始探詢，再進一步介紹聖嚴師父教導我們的淨化法寶，包括：觀身非實、享用法樂、消融煩惱、解脫生死。每則法寶皆是聖嚴師父從《維摩經》中，萃取出層次分明、易於實踐的處方，讓我們即使身處紛擾的紅塵中，也能活出超脫與自在的人生。\n\n「法鼓講堂」網路直播，每周三晚間 \nhttp://www.dharmaschool.com/ddm_max/liveclass/liveclassroom.php\n\n維摩經與淨化人生-第三堂-1/10\nhttp://www.youtube.com/watch?v=PShFcmXwu6M&list=PL77967EC41B65DA10\n維摩經與淨化人生-第三堂-2/10\nhttp://www.youtube.com/watch?v=bgMaVjyi3vs&list=PL77967EC41B65DA10&index=2\n維摩經與淨化人生-第三堂-3/10\nhttp://www.youtube.com/watch?v=SHPzRJEAB0o&list=PL77967EC41B65DA10&index=3\n維摩經與淨化人生-第三堂-4/10\nhttp://www.youtube.com/watch?v=UJfNllukR0U&list=PL77967EC41B65DA10&index=4\n維摩經與淨化人生-第三堂-5/10\nhttp://www.youtube.com/watch?v=72dQCLm_UL0&list=PL77967EC41B65DA10&index=5\n維摩經與淨化人生-第三堂-6/10\nhttp://www.youtube.com/watch?v=tgLOEiuzqHs&list=PL77967EC41B65DA10&index=6\n維摩經與淨化人生-第三堂-7/10\nhttp://www.youtube.com/watch?v=oSdXgdFfU9w&list=PL77967EC41B65DA10&index=7\n維摩經與淨化人生-第三堂-8/10\nhttp://www.youtube.com/watch?v=Mhi6pcjBu60&list=PL77967EC41B65DA10&index=8\n維摩經與淨化人生-第三堂-9/10\nhttp://www.youtube.com/watch?v=iwFUP2Btr4c&list=PL77967EC41B65DA10&index=9\n維摩經與淨化人生-第三堂-10/10\nhttp://www.youtube.com/watch?v=1YNvw4uJVfQ&list=PL77967EC41B65DA10&index=10');
INSERT INTO videos(vid, pid, title, description) VALUES('Mhi6pcjBu60', 'PLDuDoO_3m4cYCjJ6iJq56JHAYzGQpPhnI', '「維摩經與淨化人生」導讀-第三堂-8/10', '聖嚴師父說：「要從人的層次，提昇到佛的層次，須經過淨化人生的階段」。至於該如何淨化呢？課程就由《維摩經》的觀點，來探討淨化人生的問題。課程由生命的意義開始探詢，再進一步介紹聖嚴師父教導我們的淨化法寶，包括：觀身非實、享用法樂、消融煩惱、解脫生死。每則法寶皆是聖嚴師父從《維摩經》中，萃取出層次分明、易於實踐的處方，讓我們即使身處紛擾的紅塵中，也能活出超脫與自在的人生。\n\n「法鼓講堂」網路直播，每周三晚間 \nhttp://www.dharmaschool.com/ddm_max/liveclass/liveclassroom.php\n\n維摩經與淨化人生-第三堂-1/10\nhttp://www.youtube.com/watch?v=PShFcmXwu6M&list=PL77967EC41B65DA10\n維摩經與淨化人生-第三堂-2/10\nhttp://www.youtube.com/watch?v=bgMaVjyi3vs&list=PL77967EC41B65DA10&index=2\n維摩經與淨化人生-第三堂-3/10\nhttp://www.youtube.com/watch?v=SHPzRJEAB0o&list=PL77967EC41B65DA10&index=3\n維摩經與淨化人生-第三堂-4/10\nhttp://www.youtube.com/watch?v=UJfNllukR0U&list=PL77967EC41B65DA10&index=4\n維摩經與淨化人生-第三堂-5/10\nhttp://www.youtube.com/watch?v=72dQCLm_UL0&list=PL77967EC41B65DA10&index=5\n維摩經與淨化人生-第三堂-6/10\nhttp://www.youtube.com/watch?v=tgLOEiuzqHs&list=PL77967EC41B65DA10&index=6\n維摩經與淨化人生-第三堂-7/10\nhttp://www.youtube.com/watch?v=oSdXgdFfU9w&list=PL77967EC41B65DA10&index=7\n維摩經與淨化人生-第三堂-8/10\nhttp://www.youtube.com/watch?v=Mhi6pcjBu60&list=PL77967EC41B65DA10&index=8\n維摩經與淨化人生-第三堂-9/10\nhttp://www.youtube.com/watch?v=iwFUP2Btr4c&list=PL77967EC41B65DA10&index=9\n維摩經與淨化人生-第三堂-10/10\nhttp://www.youtube.com/watch?v=1YNvw4uJVfQ&list=PL77967EC41B65DA10&index=10');
INSERT INTO videos(vid, pid, title, description) VALUES('iwFUP2Btr4c', 'PLDuDoO_3m4cYCjJ6iJq56JHAYzGQpPhnI', '「維摩經與淨化人生」導讀-第三堂-9/10', '聖嚴師父說：「要從人的層次，提昇到佛的層次，須經過淨化人生的階段」。至於該如何淨化呢？課程就由《維摩經》的觀點，來探討淨化人生的問題。課程由生命的意義開始探詢，再進一步介紹聖嚴師父教導我們的淨化法寶，包括：觀身非實、享用法樂、消融煩惱、解脫生死。每則法寶皆是聖嚴師父從《維摩經》中，萃取出層次分明、易於實踐的處方，讓我們即使身處紛擾的紅塵中，也能活出超脫與自在的人生。\n\n「法鼓講堂」網路直播，每周三晚間 \nhttp://www.dharmaschool.com/ddm_max/liveclass/liveclassroom.php\n\n維摩經與淨化人生-第三堂-1/10\nhttp://www.youtube.com/watch?v=PShFcmXwu6M&list=PL77967EC41B65DA10\n維摩經與淨化人生-第三堂-2/10\nhttp://www.youtube.com/watch?v=bgMaVjyi3vs&list=PL77967EC41B65DA10&index=2\n維摩經與淨化人生-第三堂-3/10\nhttp://www.youtube.com/watch?v=SHPzRJEAB0o&list=PL77967EC41B65DA10&index=3\n維摩經與淨化人生-第三堂-4/10\nhttp://www.youtube.com/watch?v=UJfNllukR0U&list=PL77967EC41B65DA10&index=4\n維摩經與淨化人生-第三堂-5/10\nhttp://www.youtube.com/watch?v=72dQCLm_UL0&list=PL77967EC41B65DA10&index=5\n維摩經與淨化人生-第三堂-6/10\nhttp://www.youtube.com/watch?v=tgLOEiuzqHs&list=PL77967EC41B65DA10&index=6\n維摩經與淨化人生-第三堂-7/10\nhttp://www.youtube.com/watch?v=oSdXgdFfU9w&list=PL77967EC41B65DA10&index=7\n維摩經與淨化人生-第三堂-8/10\nhttp://www.youtube.com/watch?v=Mhi6pcjBu60&list=PL77967EC41B65DA10&index=8\n維摩經與淨化人生-第三堂-9/10\nhttp://www.youtube.com/watch?v=iwFUP2Btr4c&list=PL77967EC41B65DA10&index=9\n維摩經與淨化人生-第三堂-10/10\nhttp://www.youtube.com/watch?v=1YNvw4uJVfQ&list=PL77967EC41B65DA10&index=10');
INSERT INTO videos(vid, pid, title, description) VALUES('1YNvw4uJVfQ', 'PLDuDoO_3m4cYCjJ6iJq56JHAYzGQpPhnI', '「維摩經與淨化人生」導讀-第三堂-10/10', '聖嚴師父說：「要從人的層次，提昇到佛的層次，須經過淨化人生的階段」。至於該如何淨化呢？課程就由《維摩經》的觀點，來探討淨化人生的問題。課程由生命的意義開始探詢，再進一步介紹聖嚴師父教導我們的淨化法寶，包括：觀身非實、享用法樂、消融煩惱、解脫生死。每則法寶皆是聖嚴師父從《維摩經》中，萃取出層次分明、易於實踐的處方，讓我們即使身處紛擾的紅塵中，也能活出超脫與自在的人生。\n\n「法鼓講堂」網路直播，每周三晚間 \nhttp://www.dharmaschool.com/ddm_max/liveclass/liveclassroom.php\n\n維摩經與淨化人生-第三堂-1/10\nhttp://www.youtube.com/watch?v=PShFcmXwu6M&list=PL77967EC41B65DA10\n維摩經與淨化人生-第三堂-2/10\nhttp://www.youtube.com/watch?v=bgMaVjyi3vs&list=PL77967EC41B65DA10&index=2\n維摩經與淨化人生-第三堂-3/10\nhttp://www.youtube.com/watch?v=SHPzRJEAB0o&list=PL77967EC41B65DA10&index=3\n維摩經與淨化人生-第三堂-4/10\nhttp://www.youtube.com/watch?v=UJfNllukR0U&list=PL77967EC41B65DA10&index=4\n維摩經與淨化人生-第三堂-5/10\nhttp://www.youtube.com/watch?v=72dQCLm_UL0&list=PL77967EC41B65DA10&index=5\n維摩經與淨化人生-第三堂-6/10\nhttp://www.youtube.com/watch?v=tgLOEiuzqHs&list=PL77967EC41B65DA10&index=6\n維摩經與淨化人生-第三堂-7/10\nhttp://www.youtube.com/watch?v=oSdXgdFfU9w&list=PL77967EC41B65DA10&index=7\n維摩經與淨化人生-第三堂-8/10\nhttp://www.youtube.com/watch?v=Mhi6pcjBu60&list=PL77967EC41B65DA10&index=8\n維摩經與淨化人生-第三堂-9/10\nhttp://www.youtube.com/watch?v=iwFUP2Btr4c&list=PL77967EC41B65DA10&index=9\n維摩經與淨化人生-第三堂-10/10\nhttp://www.youtube.com/watch?v=1YNvw4uJVfQ&list=PL77967EC41B65DA10&index=10');
INSERT INTO videos(vid, pid, title, description) VALUES('0zlx4f9fM10', 'PLDuDoO_3m4cYCjJ6iJq56JHAYzGQpPhnI', '「維摩經與淨化人生」導讀-第四堂-1/10', '聖嚴師父說：「要從人的層次，提昇到佛的層次，須經過淨化人生的階段」。至於該如何淨化呢？  本系列課程就由《維摩經》的觀點，來探討淨化人生的問題。課程由生命的意義開始探詢，進一步介紹聖嚴師父教導我們的淨化法寶，包括：觀身非實、享用法樂、消融煩惱、解脫生死。每則法寶皆是聖嚴師父從《維摩經》中，萃取出層次分明、易於實踐的處方，讓我們即使身處紛擾的紅塵，也能活出超脫與自在的人生。本課程為本系列課程四講中的最後一講常延法師這次要帶領大家進一步思考這幾段維摩經故事背後的深層意義？到底維摩詰居士告訴我們甚麼樣的佛法？所要表達的意涵是甚麼？又如何實踐到我們的日常生活之中，讓我們也能活出超脫與自在的人生？\n\n「法鼓講堂」網路直播，每周三晚間 \nhttp://www.dharmaschool.com/ddm_max/liveclass/liveclassroom.php\n\n維摩經與淨化人生-第四堂-1/10\nhttp://www.youtube.com/watch?v=0zlx4f9fM10&list=PL5546A1DA12EE396E\n維摩經與淨化人生-第四堂-2/10\nhttp://www.youtube.com/watch?v=R1zfcZuKYIY&list=PL5546A1DA12EE396E&index=2\n維摩經與淨化人生-第四堂-3/10\nhttp://www.youtube.com/watch?v=HzV7myPQqJA&list=PL5546A1DA12EE396E&index=3\n維摩經與淨化人生-第四堂-4/10\nhttp://www.youtube.com/watch?v=s7x6vFRxo08&list=PL5546A1DA12EE396E&index=4\n維摩經與淨化人生-第四堂-5/10\nhttp://www.youtube.com/watch?v=ktQ1xA3bf6w&list=PL5546A1DA12EE396E&index=5\n維摩經與淨化人生-第四堂-6/10\nhttp://www.youtube.com/watch?v=GB5RTp9k9xo&list=PL5546A1DA12EE396E&index=6\n維摩經與淨化人生-第四堂-7/10\nhttp://www.youtube.com/watch?v=iz5Fzjuls3g&list=PL5546A1DA12EE396E&index=7\n維摩經與淨化人生-第四堂-8/10\nhttp://www.youtube.com/watch?v=k5LifddG3sE&list=PL5546A1DA12EE396E&index=8\n維摩經與淨化人生-第四堂-9/10\nhttp://www.youtube.com/watch?v=Ze6effGGyIo&list=PL5546A1DA12EE396E&index=9\n維摩經與淨化人生-第四堂-10/10\nhttp://www.youtube.com/watch?v=bqRxhKSNz0M&list=PL5546A1DA12EE396E&index=10');
INSERT INTO videos(vid, pid, title, description) VALUES('R1zfcZuKYIY', 'PLDuDoO_3m4cYCjJ6iJq56JHAYzGQpPhnI', '「維摩經與淨化人生」導讀-第四堂-2/10', '聖嚴師父說：「要從人的層次，提昇到佛的層次，須經過淨化人生的階段」。至於該如何淨化呢？  本系列課程就由《維摩經》的觀點，來探討淨化人生的問題。課程由生命的意義開始探詢，進一步介紹聖嚴師父教導我們的淨化法寶，包括：觀身非實、享用法樂、消融煩惱、解脫生死。每則法寶皆是聖嚴師父從《維摩經》中，萃取出層次分明、易於實踐的處方，讓我們即使身處紛擾的紅塵，也能活出超脫與自在的人生。本課程為本系列課程四講中的最後一講常延法師這次要帶領大家進一步思考這幾段維摩經故事背後的深層意義？到底維摩詰居士告訴我們甚麼樣的佛法？所要表達的意涵是甚麼？又如何實踐到我們的日常生活之中，讓我們也能活出超脫與自在的人生？\n\n「法鼓講堂」網路直播，每周三晚間 \nhttp://www.dharmaschool.com/ddm_max/liveclass/liveclassroom.php\n\n維摩經與淨化人生-第四堂-1/10\nhttp://www.youtube.com/watch?v=0zlx4f9fM10&list=PL5546A1DA12EE396E\n維摩經與淨化人生-第四堂-2/10\nhttp://www.youtube.com/watch?v=R1zfcZuKYIY&list=PL5546A1DA12EE396E&index=2\n維摩經與淨化人生-第四堂-3/10\nhttp://www.youtube.com/watch?v=HzV7myPQqJA&list=PL5546A1DA12EE396E&index=3\n維摩經與淨化人生-第四堂-4/10\nhttp://www.youtube.com/watch?v=s7x6vFRxo08&list=PL5546A1DA12EE396E&index=4\n維摩經與淨化人生-第四堂-5/10\nhttp://www.youtube.com/watch?v=ktQ1xA3bf6w&list=PL5546A1DA12EE396E&index=5\n維摩經與淨化人生-第四堂-6/10\nhttp://www.youtube.com/watch?v=GB5RTp9k9xo&list=PL5546A1DA12EE396E&index=6\n維摩經與淨化人生-第四堂-7/10\nhttp://www.youtube.com/watch?v=iz5Fzjuls3g&list=PL5546A1DA12EE396E&index=7\n維摩經與淨化人生-第四堂-8/10\nhttp://www.youtube.com/watch?v=k5LifddG3sE&list=PL5546A1DA12EE396E&index=8\n維摩經與淨化人生-第四堂-9/10\nhttp://www.youtube.com/watch?v=Ze6effGGyIo&list=PL5546A1DA12EE396E&index=9\n維摩經與淨化人生-第四堂-10/10\nhttp://www.youtube.com/watch?v=bqRxhKSNz0M&list=PL5546A1DA12EE396E&index=10');
INSERT INTO videos(vid, pid, title, description) VALUES('HzV7myPQqJA', 'PLDuDoO_3m4cYCjJ6iJq56JHAYzGQpPhnI', '「維摩經與淨化人生」導讀-第四堂-3/10', '聖嚴師父說：「要從人的層次，提昇到佛的層次，須經過淨化人生的階段」。至於該如何淨化呢？  本系列課程就由《維摩經》的觀點，來探討淨化人生的問題。課程由生命的意義開始探詢，進一步介紹聖嚴師父教導我們的淨化法寶，包括：觀身非實、享用法樂、消融煩惱、解脫生死。每則法寶皆是聖嚴師父從《維摩經》中，萃取出層次分明、易於實踐的處方，讓我們即使身處紛擾的紅塵，也能活出超脫與自在的人生。本課程為本系列課程四講中的最後一講常延法師這次要帶領大家進一步思考這幾段維摩經故事背後的深層意義？到底維摩詰居士告訴我們甚麼樣的佛法？所要表達的意涵是甚麼？又如何實踐到我們的日常生活之中，讓我們也能活出超脫與自在的人生？\n\n「法鼓講堂」網路直播，每周三晚間 \nhttp://www.dharmaschool.com/ddm_max/liveclass/liveclassroom.php\n\n維摩經與淨化人生-第四堂-1/10\nhttp://www.youtube.com/watch?v=0zlx4f9fM10&list=PL5546A1DA12EE396E\n維摩經與淨化人生-第四堂-2/10\nhttp://www.youtube.com/watch?v=R1zfcZuKYIY&list=PL5546A1DA12EE396E&index=2\n維摩經與淨化人生-第四堂-3/10\nhttp://www.youtube.com/watch?v=HzV7myPQqJA&list=PL5546A1DA12EE396E&index=3\n維摩經與淨化人生-第四堂-4/10\nhttp://www.youtube.com/watch?v=s7x6vFRxo08&list=PL5546A1DA12EE396E&index=4\n維摩經與淨化人生-第四堂-5/10\nhttp://www.youtube.com/watch?v=ktQ1xA3bf6w&list=PL5546A1DA12EE396E&index=5\n維摩經與淨化人生-第四堂-6/10\nhttp://www.youtube.com/watch?v=GB5RTp9k9xo&list=PL5546A1DA12EE396E&index=6\n維摩經與淨化人生-第四堂-7/10\nhttp://www.youtube.com/watch?v=iz5Fzjuls3g&list=PL5546A1DA12EE396E&index=7\n維摩經與淨化人生-第四堂-8/10\nhttp://www.youtube.com/watch?v=k5LifddG3sE&list=PL5546A1DA12EE396E&index=8\n維摩經與淨化人生-第四堂-9/10\nhttp://www.youtube.com/watch?v=Ze6effGGyIo&list=PL5546A1DA12EE396E&index=9\n維摩經與淨化人生-第四堂-10/10\nhttp://www.youtube.com/watch?v=bqRxhKSNz0M&list=PL5546A1DA12EE396E&index=10');
INSERT INTO videos(vid, pid, title, description) VALUES('s7x6vFRxo08', 'PLDuDoO_3m4cYCjJ6iJq56JHAYzGQpPhnI', '「維摩經與淨化人生」導讀-第四堂-4/10', '聖嚴師父說：「要從人的層次，提昇到佛的層次，須經過淨化人生的階段」。至於該如何淨化呢？  本系列課程就由《維摩經》的觀點，來探討淨化人生的問題。課程由生命的意義開始探詢，進一步介紹聖嚴師父教導我們的淨化法寶，包括：觀身非實、享用法樂、消融煩惱、解脫生死。每則法寶皆是聖嚴師父從《維摩經》中，萃取出層次分明、易於實踐的處方，讓我們即使身處紛擾的紅塵，也能活出超脫與自在的人生。本課程為本系列課程四講中的最後一講常延法師這次要帶領大家進一步思考這幾段維摩經故事背後的深層意義？到底維摩詰居士告訴我們甚麼樣的佛法？所要表達的意涵是甚麼？又如何實踐到我們的日常生活之中，讓我們也能活出超脫與自在的人生？\n\n「法鼓講堂」網路直播，每周三晚間 \nhttp://www.dharmaschool.com/ddm_max/liveclass/liveclassroom.php\n\n維摩經與淨化人生-第四堂-1/10\nhttp://www.youtube.com/watch?v=0zlx4f9fM10&list=PL5546A1DA12EE396E\n維摩經與淨化人生-第四堂-2/10\nhttp://www.youtube.com/watch?v=R1zfcZuKYIY&list=PL5546A1DA12EE396E&index=2\n維摩經與淨化人生-第四堂-3/10\nhttp://www.youtube.com/watch?v=HzV7myPQqJA&list=PL5546A1DA12EE396E&index=3\n維摩經與淨化人生-第四堂-4/10\nhttp://www.youtube.com/watch?v=s7x6vFRxo08&list=PL5546A1DA12EE396E&index=4\n維摩經與淨化人生-第四堂-5/10\nhttp://www.youtube.com/watch?v=ktQ1xA3bf6w&list=PL5546A1DA12EE396E&index=5\n維摩經與淨化人生-第四堂-6/10\nhttp://www.youtube.com/watch?v=GB5RTp9k9xo&list=PL5546A1DA12EE396E&index=6\n維摩經與淨化人生-第四堂-7/10\nhttp://www.youtube.com/watch?v=iz5Fzjuls3g&list=PL5546A1DA12EE396E&index=7\n維摩經與淨化人生-第四堂-8/10\nhttp://www.youtube.com/watch?v=k5LifddG3sE&list=PL5546A1DA12EE396E&index=8\n維摩經與淨化人生-第四堂-9/10\nhttp://www.youtube.com/watch?v=Ze6effGGyIo&list=PL5546A1DA12EE396E&index=9\n維摩經與淨化人生-第四堂-10/10\nhttp://www.youtube.com/watch?v=bqRxhKSNz0M&list=PL5546A1DA12EE396E&index=10');
INSERT INTO videos(vid, pid, title, description) VALUES('ktQ1xA3bf6w', 'PLDuDoO_3m4cYCjJ6iJq56JHAYzGQpPhnI', '「維摩經與淨化人生」導讀-第四堂-5/10', '聖嚴師父說：「要從人的層次，提昇到佛的層次，須經過淨化人生的階段」。至於該如何淨化呢？  本系列課程就由《維摩經》的觀點，來探討淨化人生的問題。課程由生命的意義開始探詢，進一步介紹聖嚴師父教導我們的淨化法寶，包括：觀身非實、享用法樂、消融煩惱、解脫生死。每則法寶皆是聖嚴師父從《維摩經》中，萃取出層次分明、易於實踐的處方，讓我們即使身處紛擾的紅塵，也能活出超脫與自在的人生。本課程為本系列課程四講中的最後一講常延法師這次要帶領大家進一步思考這幾段維摩經故事背後的深層意義？到底維摩詰居士告訴我們甚麼樣的佛法？所要表達的意涵是甚麼？又如何實踐到我們的日常生活之中，讓我們也能活出超脫與自在的人生？\n\n「法鼓講堂」網路直播，每周三晚間 \nhttp://www.dharmaschool.com/ddm_max/liveclass/liveclassroom.php\n\n維摩經與淨化人生-第四堂-1/10\nhttp://www.youtube.com/watch?v=0zlx4f9fM10&list=PL5546A1DA12EE396E\n維摩經與淨化人生-第四堂-2/10\nhttp://www.youtube.com/watch?v=R1zfcZuKYIY&list=PL5546A1DA12EE396E&index=2\n維摩經與淨化人生-第四堂-3/10\nhttp://www.youtube.com/watch?v=HzV7myPQqJA&list=PL5546A1DA12EE396E&index=3\n維摩經與淨化人生-第四堂-4/10\nhttp://www.youtube.com/watch?v=s7x6vFRxo08&list=PL5546A1DA12EE396E&index=4\n維摩經與淨化人生-第四堂-5/10\nhttp://www.youtube.com/watch?v=ktQ1xA3bf6w&list=PL5546A1DA12EE396E&index=5\n維摩經與淨化人生-第四堂-6/10\nhttp://www.youtube.com/watch?v=GB5RTp9k9xo&list=PL5546A1DA12EE396E&index=6\n維摩經與淨化人生-第四堂-7/10\nhttp://www.youtube.com/watch?v=iz5Fzjuls3g&list=PL5546A1DA12EE396E&index=7\n維摩經與淨化人生-第四堂-8/10\nhttp://www.youtube.com/watch?v=k5LifddG3sE&list=PL5546A1DA12EE396E&index=8\n維摩經與淨化人生-第四堂-9/10\nhttp://www.youtube.com/watch?v=Ze6effGGyIo&list=PL5546A1DA12EE396E&index=9\n維摩經與淨化人生-第四堂-10/10\nhttp://www.youtube.com/watch?v=bqRxhKSNz0M&list=PL5546A1DA12EE396E&index=10');
INSERT INTO videos(vid, pid, title, description) VALUES('GB5RTp9k9xo', 'PLDuDoO_3m4cYCjJ6iJq56JHAYzGQpPhnI', '「維摩經與淨化人生」導讀-第四堂-6/10', '聖嚴師父說：「要從人的層次，提昇到佛的層次，須經過淨化人生的階段」。至於該如何淨化呢？  本系列課程就由《維摩經》的觀點，來探討淨化人生的問題。課程由生命的意義開始探詢，進一步介紹聖嚴師父教導我們的淨化法寶，包括：觀身非實、享用法樂、消融煩惱、解脫生死。每則法寶皆是聖嚴師父從《維摩經》中，萃取出層次分明、易於實踐的處方，讓我們即使身處紛擾的紅塵，也能活出超脫與自在的人生。本課程為本系列課程四講中的最後一講常延法師這次要帶領大家進一步思考這幾段維摩經故事背後的深層意義？到底維摩詰居士告訴我們甚麼樣的佛法？所要表達的意涵是甚麼？又如何實踐到我們的日常生活之中，讓我們也能活出超脫與自在的人生？\n\n「法鼓講堂」網路直播，每周三晚間 \nhttp://www.dharmaschool.com/ddm_max/liveclass/liveclassroom.php\n\n維摩經與淨化人生-第四堂-1/10\nhttp://www.youtube.com/watch?v=0zlx4f9fM10&list=PL5546A1DA12EE396E\n維摩經與淨化人生-第四堂-2/10\nhttp://www.youtube.com/watch?v=R1zfcZuKYIY&list=PL5546A1DA12EE396E&index=2\n維摩經與淨化人生-第四堂-3/10\nhttp://www.youtube.com/watch?v=HzV7myPQqJA&list=PL5546A1DA12EE396E&index=3\n維摩經與淨化人生-第四堂-4/10\nhttp://www.youtube.com/watch?v=s7x6vFRxo08&list=PL5546A1DA12EE396E&index=4\n維摩經與淨化人生-第四堂-5/10\nhttp://www.youtube.com/watch?v=ktQ1xA3bf6w&list=PL5546A1DA12EE396E&index=5\n維摩經與淨化人生-第四堂-6/10\nhttp://www.youtube.com/watch?v=GB5RTp9k9xo&list=PL5546A1DA12EE396E&index=6\n維摩經與淨化人生-第四堂-7/10\nhttp://www.youtube.com/watch?v=iz5Fzjuls3g&list=PL5546A1DA12EE396E&index=7\n維摩經與淨化人生-第四堂-8/10\nhttp://www.youtube.com/watch?v=k5LifddG3sE&list=PL5546A1DA12EE396E&index=8\n維摩經與淨化人生-第四堂-9/10\nhttp://www.youtube.com/watch?v=Ze6effGGyIo&list=PL5546A1DA12EE396E&index=9\n維摩經與淨化人生-第四堂-10/10\nhttp://www.youtube.com/watch?v=bqRxhKSNz0M&list=PL5546A1DA12EE396E&index=10');
INSERT INTO videos(vid, pid, title, description) VALUES('iz5Fzjuls3g', 'PLDuDoO_3m4cYCjJ6iJq56JHAYzGQpPhnI', '「維摩經與淨化人生」導讀-第四堂-7/10', '聖嚴師父說：「要從人的層次，提昇到佛的層次，須經過淨化人生的階段」。至於該如何淨化呢？  本系列課程就由《維摩經》的觀點，來探討淨化人生的問題。課程由生命的意義開始探詢，進一步介紹聖嚴師父教導我們的淨化法寶，包括：觀身非實、享用法樂、消融煩惱、解脫生死。每則法寶皆是聖嚴師父從《維摩經》中，萃取出層次分明、易於實踐的處方，讓我們即使身處紛擾的紅塵，也能活出超脫與自在的人生。本課程為本系列課程四講中的最後一講常延法師這次要帶領大家進一步思考這幾段維摩經故事背後的深層意義？到底維摩詰居士告訴我們甚麼樣的佛法？所要表達的意涵是甚麼？又如何實踐到我們的日常生活之中，讓我們也能活出超脫與自在的人生？\n\n「法鼓講堂」網路直播，每周三晚間 \nhttp://www.dharmaschool.com/ddm_max/liveclass/liveclassroom.php\n\n維摩經與淨化人生-第四堂-1/10\nhttp://www.youtube.com/watch?v=0zlx4f9fM10&list=PL5546A1DA12EE396E\n維摩經與淨化人生-第四堂-2/10\nhttp://www.youtube.com/watch?v=R1zfcZuKYIY&list=PL5546A1DA12EE396E&index=2\n維摩經與淨化人生-第四堂-3/10\nhttp://www.youtube.com/watch?v=HzV7myPQqJA&list=PL5546A1DA12EE396E&index=3\n維摩經與淨化人生-第四堂-4/10\nhttp://www.youtube.com/watch?v=s7x6vFRxo08&list=PL5546A1DA12EE396E&index=4\n維摩經與淨化人生-第四堂-5/10\nhttp://www.youtube.com/watch?v=ktQ1xA3bf6w&list=PL5546A1DA12EE396E&index=5\n維摩經與淨化人生-第四堂-6/10\nhttp://www.youtube.com/watch?v=GB5RTp9k9xo&list=PL5546A1DA12EE396E&index=6\n維摩經與淨化人生-第四堂-7/10\nhttp://www.youtube.com/watch?v=iz5Fzjuls3g&list=PL5546A1DA12EE396E&index=7\n維摩經與淨化人生-第四堂-8/10\nhttp://www.youtube.com/watch?v=k5LifddG3sE&list=PL5546A1DA12EE396E&index=8\n維摩經與淨化人生-第四堂-9/10\nhttp://www.youtube.com/watch?v=Ze6effGGyIo&list=PL5546A1DA12EE396E&index=9\n維摩經與淨化人生-第四堂-10/10\nhttp://www.youtube.com/watch?v=bqRxhKSNz0M&list=PL5546A1DA12EE396E&index=10');
INSERT INTO videos(vid, pid, title, description) VALUES('k5LifddG3sE', 'PLDuDoO_3m4cYCjJ6iJq56JHAYzGQpPhnI', '「維摩經與淨化人生」導讀-第四堂-8/10', '聖嚴師父說：「要從人的層次，提昇到佛的層次，須經過淨化人生的階段」。至於該如何淨化呢？  本系列課程就由《維摩經》的觀點，來探討淨化人生的問題。課程由生命的意義開始探詢，進一步介紹聖嚴師父教導我們的淨化法寶，包括：觀身非實、享用法樂、消融煩惱、解脫生死。每則法寶皆是聖嚴師父從《維摩經》中，萃取出層次分明、易於實踐的處方，讓我們即使身處紛擾的紅塵，也能活出超脫與自在的人生。本課程為本系列課程四講中的最後一講常延法師這次要帶領大家進一步思考這幾段維摩經故事背後的深層意義？到底維摩詰居士告訴我們甚麼樣的佛法？所要表達的意涵是甚麼？又如何實踐到我們的日常生活之中，讓我們也能活出超脫與自在的人生？\n\n「法鼓講堂」網路直播，每周三晚間 \nhttp://www.dharmaschool.com/ddm_max/liveclass/liveclassroom.php\n\n維摩經與淨化人生-第四堂-1/10\nhttp://www.youtube.com/watch?v=0zlx4f9fM10&list=PL5546A1DA12EE396E\n維摩經與淨化人生-第四堂-2/10\nhttp://www.youtube.com/watch?v=R1zfcZuKYIY&list=PL5546A1DA12EE396E&index=2\n維摩經與淨化人生-第四堂-3/10\nhttp://www.youtube.com/watch?v=HzV7myPQqJA&list=PL5546A1DA12EE396E&index=3\n維摩經與淨化人生-第四堂-4/10\nhttp://www.youtube.com/watch?v=s7x6vFRxo08&list=PL5546A1DA12EE396E&index=4\n維摩經與淨化人生-第四堂-5/10\nhttp://www.youtube.com/watch?v=ktQ1xA3bf6w&list=PL5546A1DA12EE396E&index=5\n維摩經與淨化人生-第四堂-6/10\nhttp://www.youtube.com/watch?v=GB5RTp9k9xo&list=PL5546A1DA12EE396E&index=6\n維摩經與淨化人生-第四堂-7/10\nhttp://www.youtube.com/watch?v=iz5Fzjuls3g&list=PL5546A1DA12EE396E&index=7\n維摩經與淨化人生-第四堂-8/10\nhttp://www.youtube.com/watch?v=k5LifddG3sE&list=PL5546A1DA12EE396E&index=8\n維摩經與淨化人生-第四堂-9/10\nhttp://www.youtube.com/watch?v=Ze6effGGyIo&list=PL5546A1DA12EE396E&index=9\n維摩經與淨化人生-第四堂-10/10\nhttp://www.youtube.com/watch?v=bqRxhKSNz0M&list=PL5546A1DA12EE396E&index=10');
INSERT INTO videos(vid, pid, title, description) VALUES('Ze6effGGyIo', 'PLDuDoO_3m4cYCjJ6iJq56JHAYzGQpPhnI', '「維摩經與淨化人生」導讀-第四堂-9/10', '聖嚴師父說：「要從人的層次，提昇到佛的層次，須經過淨化人生的階段」。至於該如何淨化呢？  本系列課程就由《維摩經》的觀點，來探討淨化人生的問題。課程由生命的意義開始探詢，進一步介紹聖嚴師父教導我們的淨化法寶，包括：觀身非實、享用法樂、消融煩惱、解脫生死。每則法寶皆是聖嚴師父從《維摩經》中，萃取出層次分明、易於實踐的處方，讓我們即使身處紛擾的紅塵，也能活出超脫與自在的人生。本課程為本系列課程四講中的最後一講常延法師這次要帶領大家進一步思考這幾段維摩經故事背後的深層意義？到底維摩詰居士告訴我們甚麼樣的佛法？所要表達的意涵是甚麼？又如何實踐到我們的日常生活之中，讓我們也能活出超脫與自在的人生？\n\n「法鼓講堂」網路直播，每周三晚間 \nhttp://www.dharmaschool.com/ddm_max/liveclass/liveclassroom.php\n\n維摩經與淨化人生-第四堂-1/10\nhttp://www.youtube.com/watch?v=0zlx4f9fM10&list=PL5546A1DA12EE396E\n維摩經與淨化人生-第四堂-2/10\nhttp://www.youtube.com/watch?v=R1zfcZuKYIY&list=PL5546A1DA12EE396E&index=2\n維摩經與淨化人生-第四堂-3/10\nhttp://www.youtube.com/watch?v=HzV7myPQqJA&list=PL5546A1DA12EE396E&index=3\n維摩經與淨化人生-第四堂-4/10\nhttp://www.youtube.com/watch?v=s7x6vFRxo08&list=PL5546A1DA12EE396E&index=4\n維摩經與淨化人生-第四堂-5/10\nhttp://www.youtube.com/watch?v=ktQ1xA3bf6w&list=PL5546A1DA12EE396E&index=5\n維摩經與淨化人生-第四堂-6/10\nhttp://www.youtube.com/watch?v=GB5RTp9k9xo&list=PL5546A1DA12EE396E&index=6\n維摩經與淨化人生-第四堂-7/10\nhttp://www.youtube.com/watch?v=iz5Fzjuls3g&list=PL5546A1DA12EE396E&index=7\n維摩經與淨化人生-第四堂-8/10\nhttp://www.youtube.com/watch?v=k5LifddG3sE&list=PL5546A1DA12EE396E&index=8\n維摩經與淨化人生-第四堂-9/10\nhttp://www.youtube.com/watch?v=Ze6effGGyIo&list=PL5546A1DA12EE396E&index=9\n維摩經與淨化人生-第四堂-10/10\nhttp://www.youtube.com/watch?v=bqRxhKSNz0M&list=PL5546A1DA12EE396E&index=10');
INSERT INTO videos(vid, pid, title, description) VALUES('bqRxhKSNz0M', 'PLDuDoO_3m4cYCjJ6iJq56JHAYzGQpPhnI', '「維摩經與淨化人生」導讀-第四堂-10/10', '聖嚴師父說：「要從人的層次，提昇到佛的層次，須經過淨化人生的階段」。至於該如何淨化呢？  本系列課程就由《維摩經》的觀點，來探討淨化人生的問題。課程由生命的意義開始探詢，進一步介紹聖嚴師父教導我們的淨化法寶，包括：觀身非實、享用法樂、消融煩惱、解脫生死。每則法寶皆是聖嚴師父從《維摩經》中，萃取出層次分明、易於實踐的處方，讓我們即使身處紛擾的紅塵，也能活出超脫與自在的人生。本課程為本系列課程四講中的最後一講常延法師這次要帶領大家進一步思考這幾段維摩經故事背後的深層意義？到底維摩詰居士告訴我們甚麼樣的佛法？所要表達的意涵是甚麼？又如何實踐到我們的日常生活之中，讓我們也能活出超脫與自在的人生？\n\n「法鼓講堂」網路直播，每周三晚間 \nhttp://www.dharmaschool.com/ddm_max/liveclass/liveclassroom.php\n\n維摩經與淨化人生-第四堂-1/10\nhttp://www.youtube.com/watch?v=0zlx4f9fM10&list=PL5546A1DA12EE396E\n維摩經與淨化人生-第四堂-2/10\nhttp://www.youtube.com/watch?v=R1zfcZuKYIY&list=PL5546A1DA12EE396E&index=2\n維摩經與淨化人生-第四堂-3/10\nhttp://www.youtube.com/watch?v=HzV7myPQqJA&list=PL5546A1DA12EE396E&index=3\n維摩經與淨化人生-第四堂-4/10\nhttp://www.youtube.com/watch?v=s7x6vFRxo08&list=PL5546A1DA12EE396E&index=4\n維摩經與淨化人生-第四堂-5/10\nhttp://www.youtube.com/watch?v=ktQ1xA3bf6w&list=PL5546A1DA12EE396E&index=5\n維摩經與淨化人生-第四堂-6/10\nhttp://www.youtube.com/watch?v=GB5RTp9k9xo&list=PL5546A1DA12EE396E&index=6\n維摩經與淨化人生-第四堂-7/10\nhttp://www.youtube.com/watch?v=iz5Fzjuls3g&list=PL5546A1DA12EE396E&index=7\n維摩經與淨化人生-第四堂-8/10\nhttp://www.youtube.com/watch?v=k5LifddG3sE&list=PL5546A1DA12EE396E&index=8\n維摩經與淨化人生-第四堂-9/10\nhttp://www.youtube.com/watch?v=Ze6effGGyIo&list=PL5546A1DA12EE396E&index=9\n維摩經與淨化人生-第四堂-10/10\nhttp://www.youtube.com/watch?v=bqRxhKSNz0M&list=PL5546A1DA12EE396E&index=10');
INSERT INTO playlist(pid, cid, title, description) VALUES('PLDuDoO_3m4cbRpr97g6k6Y1JdQWQZGP2Z','UCMvjjfm8AFBLQvQC9gItWEw', '「禪門故事」', '');
INSERT INTO videos(vid, pid, title, description) VALUES('rHV0pMoKmc0', 'PLDuDoO_3m4cbRpr97g6k6Y1JdQWQZGP2Z', '禪門故事-第一堂-1/11', '「禪門故事」，本週登場了，機趣橫生的祖師故事，開展出禪宗源遠流長的生命智慧：本周主題─「祖師禪風」: 敘述達摩祖師為何遠從印度西來？砍柴的六祖惠能如何成為中國禪宗最重要的大師，並創下了禪法劃時代的新頁。\n\n「法鼓講堂」每周三晚間7：00~9：00\n網路直播：http://www.dharmaschool.com/ddm_max/liveclass/liveclassroom.php\n\n禪門故事-第一堂-1/11\nhttp://www.youtube.com/watch?v=rHV0pMoKmc0&list=SP8CB14B2A53F544CD&index=1\n禪門故事-第一堂-2/11\nhttp://www.youtube.com/watch?v=ypFxL6ioOHE&list=SP8CB14B2A53F544CD&index=2\n禪門故事-第一堂-3/11\nhttp://www.youtube.com/watch?v=5zfUAXN4HeY&list=SP8CB14B2A53F544CD&index=3\n禪門故事-第一堂-4/11\nhttp://www.youtube.com/watch?v=qITs-OaLBcE&list=SP8CB14B2A53F544CD&index=4\n禪門故事-第一堂-5/11\nhttp://www.youtube.com/watch?v=NxjNgu-y9ys&list=SP8CB14B2A53F544CD&index=5\n禪門故事-第一堂-6/11\nhttp://www.youtube.com/watch?v=Z-aGBJNyNww&list=SP8CB14B2A53F544CD&index=6\n禪門故事-第一堂-7/11\nhttp://www.youtube.com/watch?v=qBERDmPYGwA&list=SP8CB14B2A53F544CD&index=7\n禪門故事-第一堂-8/11\nhttp://www.youtube.com/watch?v=4rHbD-L9JmQ&list=SP8CB14B2A53F544CD&index=8\n禪門故事-第一堂-9/11\nhttp://www.youtube.com/watch?v=rF9XWw31c6w&list=SP8CB14B2A53F544CD&index=9\n禪門故事-第一堂-10/11\nhttp://www.youtube.com/watch?v=dFPX7fghH3M&list=SP8CB14B2A53F544CD&index=10\n禪門故事-第一堂-11/11\nhttp://www.youtube.com/watch?v=dfuoaVXQOJU&list=SP8CB14B2A53F544CD&index=11\n禪門故事-第二堂-1/8\nhttp://www.youtube.com/watch?v=JDAS8ZDagIw&list=SPD44BB7CD2FE0CAC2&index=1\n禪門故事-第二堂-2/8\nhttp://www.youtube.com/watch?v=u6JVajyzkdM&list=SPD44BB7CD2FE0CAC2&index=2\n禪門故事-第二堂-3/8\nhttp://www.youtube.com/watch?v=ogkLnpq-J5M&list=SPD44BB7CD2FE0CAC2&index=3\n禪門故事-第二堂-4/8\nhttp://www.youtube.com/watch?v=BiHcRYUvtkc&list=SPD44BB7CD2FE0CAC2&index=4\n禪門故事-第二堂-5/8\nhttp://www.youtube.com/watch?v=Z_rUZEikuv8&list=SPD44BB7CD2FE0CAC2&index=5\n禪門故事-第二堂-6/8\nhttp://www.youtube.com/watch?v=7VrLJqqPlh4&list=SPD44BB7CD2FE0CAC2&index=6\n禪門故事-第二堂-7/8\nhttp://www.youtube.com/watch?v=h7dE_J2TfWM&list=SPD44BB7CD2FE0CAC2&index=7\n禪門故事-第二堂-8/8\nhttp://www.youtube.com/watch?v=qqHck9-VJA0&list=SPD44BB7CD2FE0CAC2&index=8');
INSERT INTO videos(vid, pid, title, description) VALUES('ypFxL6ioOHE', 'PLDuDoO_3m4cbRpr97g6k6Y1JdQWQZGP2Z', '禪門故事-第一堂-2/11', '「禪門故事」，本週登場了，機趣橫生的祖師故事，開展出禪宗源遠流長的生命智慧：本周主題─「祖師禪風」: 敘述達摩祖師為何遠從印度西來？砍柴的六祖惠能如何成為中國禪宗最重要的大師，並創下了禪法劃時代的新頁。\n\n「法鼓講堂」每周三晚間7：00~9：00\n網路直播：http://www.dharmaschool.com/ddm_max/liveclass/liveclassroom.php\n\n禪門故事-第一堂-1/11\nhttp://www.youtube.com/watch?v=rHV0pMoKmc0&list=SP8CB14B2A53F544CD&index=1\n禪門故事-第一堂-2/11\nhttp://www.youtube.com/watch?v=ypFxL6ioOHE&list=SP8CB14B2A53F544CD&index=2\n禪門故事-第一堂-3/11\nhttp://www.youtube.com/watch?v=5zfUAXN4HeY&list=SP8CB14B2A53F544CD&index=3\n禪門故事-第一堂-4/11\nhttp://www.youtube.com/watch?v=qITs-OaLBcE&list=SP8CB14B2A53F544CD&index=4\n禪門故事-第一堂-5/11\nhttp://www.youtube.com/watch?v=NxjNgu-y9ys&list=SP8CB14B2A53F544CD&index=5\n禪門故事-第一堂-6/11\nhttp://www.youtube.com/watch?v=Z-aGBJNyNww&list=SP8CB14B2A53F544CD&index=6\n禪門故事-第一堂-7/11\nhttp://www.youtube.com/watch?v=qBERDmPYGwA&list=SP8CB14B2A53F544CD&index=7\n禪門故事-第一堂-8/11\nhttp://www.youtube.com/watch?v=4rHbD-L9JmQ&list=SP8CB14B2A53F544CD&index=8\n禪門故事-第一堂-9/11\nhttp://www.youtube.com/watch?v=rF9XWw31c6w&list=SP8CB14B2A53F544CD&index=9\n禪門故事-第一堂-10/11\nhttp://www.youtube.com/watch?v=dFPX7fghH3M&list=SP8CB14B2A53F544CD&index=10\n禪門故事-第一堂-11/11\nhttp://www.youtube.com/watch?v=dfuoaVXQOJU&list=SP8CB14B2A53F544CD&index=11\n禪門故事-第二堂-1/8\nhttp://www.youtube.com/watch?v=JDAS8ZDagIw&list=SPD44BB7CD2FE0CAC2&index=1\n禪門故事-第二堂-2/8\nhttp://www.youtube.com/watch?v=u6JVajyzkdM&list=SPD44BB7CD2FE0CAC2&index=2\n禪門故事-第二堂-3/8\nhttp://www.youtube.com/watch?v=ogkLnpq-J5M&list=SPD44BB7CD2FE0CAC2&index=3\n禪門故事-第二堂-4/8\nhttp://www.youtube.com/watch?v=BiHcRYUvtkc&list=SPD44BB7CD2FE0CAC2&index=4\n禪門故事-第二堂-5/8\nhttp://www.youtube.com/watch?v=Z_rUZEikuv8&list=SPD44BB7CD2FE0CAC2&index=5\n禪門故事-第二堂-6/8\nhttp://www.youtube.com/watch?v=7VrLJqqPlh4&list=SPD44BB7CD2FE0CAC2&index=6\n禪門故事-第二堂-7/8\nhttp://www.youtube.com/watch?v=h7dE_J2TfWM&list=SPD44BB7CD2FE0CAC2&index=7\n禪門故事-第二堂-8/8\nhttp://www.youtube.com/watch?v=qqHck9-VJA0&list=SPD44BB7CD2FE0CAC2&index=8');
INSERT INTO videos(vid, pid, title, description) VALUES('5zfUAXN4HeY', 'PLDuDoO_3m4cbRpr97g6k6Y1JdQWQZGP2Z', '禪門故事-第一堂-3/11', '「禪門故事」，本週登場了，機趣橫生的祖師故事，開展出禪宗源遠流長的生命智慧：本周主題─「祖師禪風」: 敘述達摩祖師為何遠從印度西來？砍柴的六祖惠能如何成為中國禪宗最重要的大師，並創下了禪法劃時代的新頁。\n\n「法鼓講堂」每周三晚間7：00~9：00\n網路直播：http://www.dharmaschool.com/ddm_max/liveclass/liveclassroom.php\n\n禪門故事-第一堂-1/11\nhttp://www.youtube.com/watch?v=rHV0pMoKmc0&list=SP8CB14B2A53F544CD&index=1\n禪門故事-第一堂-2/11\nhttp://www.youtube.com/watch?v=ypFxL6ioOHE&list=SP8CB14B2A53F544CD&index=2\n禪門故事-第一堂-3/11\nhttp://www.youtube.com/watch?v=5zfUAXN4HeY&list=SP8CB14B2A53F544CD&index=3\n禪門故事-第一堂-4/11\nhttp://www.youtube.com/watch?v=qITs-OaLBcE&list=SP8CB14B2A53F544CD&index=4\n禪門故事-第一堂-5/11\nhttp://www.youtube.com/watch?v=NxjNgu-y9ys&list=SP8CB14B2A53F544CD&index=5\n禪門故事-第一堂-6/11\nhttp://www.youtube.com/watch?v=Z-aGBJNyNww&list=SP8CB14B2A53F544CD&index=6\n禪門故事-第一堂-7/11\nhttp://www.youtube.com/watch?v=qBERDmPYGwA&list=SP8CB14B2A53F544CD&index=7\n禪門故事-第一堂-8/11\nhttp://www.youtube.com/watch?v=4rHbD-L9JmQ&list=SP8CB14B2A53F544CD&index=8\n禪門故事-第一堂-9/11\nhttp://www.youtube.com/watch?v=rF9XWw31c6w&list=SP8CB14B2A53F544CD&index=9\n禪門故事-第一堂-10/11\nhttp://www.youtube.com/watch?v=dFPX7fghH3M&list=SP8CB14B2A53F544CD&index=10\n禪門故事-第一堂-11/11\nhttp://www.youtube.com/watch?v=dfuoaVXQOJU&list=SP8CB14B2A53F544CD&index=11\n禪門故事-第二堂-1/8\nhttp://www.youtube.com/watch?v=JDAS8ZDagIw&list=SPD44BB7CD2FE0CAC2&index=1\n禪門故事-第二堂-2/8\nhttp://www.youtube.com/watch?v=u6JVajyzkdM&list=SPD44BB7CD2FE0CAC2&index=2\n禪門故事-第二堂-3/8\nhttp://www.youtube.com/watch?v=ogkLnpq-J5M&list=SPD44BB7CD2FE0CAC2&index=3\n禪門故事-第二堂-4/8\nhttp://www.youtube.com/watch?v=BiHcRYUvtkc&list=SPD44BB7CD2FE0CAC2&index=4\n禪門故事-第二堂-5/8\nhttp://www.youtube.com/watch?v=Z_rUZEikuv8&list=SPD44BB7CD2FE0CAC2&index=5\n禪門故事-第二堂-6/8\nhttp://www.youtube.com/watch?v=7VrLJqqPlh4&list=SPD44BB7CD2FE0CAC2&index=6\n禪門故事-第二堂-7/8\nhttp://www.youtube.com/watch?v=h7dE_J2TfWM&list=SPD44BB7CD2FE0CAC2&index=7\n禪門故事-第二堂-8/8\nhttp://www.youtube.com/watch?v=qqHck9-VJA0&list=SPD44BB7CD2FE0CAC2&index=8');
INSERT INTO videos(vid, pid, title, description) VALUES('qITs-OaLBcE', 'PLDuDoO_3m4cbRpr97g6k6Y1JdQWQZGP2Z', '禪門故事-第一堂-4/11', '「禪門故事」，本週登場了，機趣橫生的祖師故事，開展出禪宗源遠流長的生命智慧：本周主題─「祖師禪風」: 敘述達摩祖師為何遠從印度西來？砍柴的六祖惠能如何成為中國禪宗最重要的大師，並創下了禪法劃時代的新頁。\n\n「法鼓講堂」每周三晚間7：00~9：00\n網路直播：http://www.dharmaschool.com/ddm_max/liveclass/liveclassroom.php\n\n禪門故事-第一堂-1/11\nhttp://www.youtube.com/watch?v=rHV0pMoKmc0&list=SP8CB14B2A53F544CD&index=1\n禪門故事-第一堂-2/11\nhttp://www.youtube.com/watch?v=ypFxL6ioOHE&list=SP8CB14B2A53F544CD&index=2\n禪門故事-第一堂-3/11\nhttp://www.youtube.com/watch?v=5zfUAXN4HeY&list=SP8CB14B2A53F544CD&index=3\n禪門故事-第一堂-4/11\nhttp://www.youtube.com/watch?v=qITs-OaLBcE&list=SP8CB14B2A53F544CD&index=4\n禪門故事-第一堂-5/11\nhttp://www.youtube.com/watch?v=NxjNgu-y9ys&list=SP8CB14B2A53F544CD&index=5\n禪門故事-第一堂-6/11\nhttp://www.youtube.com/watch?v=Z-aGBJNyNww&list=SP8CB14B2A53F544CD&index=6\n禪門故事-第一堂-7/11\nhttp://www.youtube.com/watch?v=qBERDmPYGwA&list=SP8CB14B2A53F544CD&index=7\n禪門故事-第一堂-8/11\nhttp://www.youtube.com/watch?v=4rHbD-L9JmQ&list=SP8CB14B2A53F544CD&index=8\n禪門故事-第一堂-9/11\nhttp://www.youtube.com/watch?v=rF9XWw31c6w&list=SP8CB14B2A53F544CD&index=9\n禪門故事-第一堂-10/11\nhttp://www.youtube.com/watch?v=dFPX7fghH3M&list=SP8CB14B2A53F544CD&index=10\n禪門故事-第一堂-11/11\nhttp://www.youtube.com/watch?v=dfuoaVXQOJU&list=SP8CB14B2A53F544CD&index=11\n禪門故事-第二堂-1/8\nhttp://www.youtube.com/watch?v=JDAS8ZDagIw&list=SPD44BB7CD2FE0CAC2&index=1\n禪門故事-第二堂-2/8\nhttp://www.youtube.com/watch?v=u6JVajyzkdM&list=SPD44BB7CD2FE0CAC2&index=2\n禪門故事-第二堂-3/8\nhttp://www.youtube.com/watch?v=ogkLnpq-J5M&list=SPD44BB7CD2FE0CAC2&index=3\n禪門故事-第二堂-4/8\nhttp://www.youtube.com/watch?v=BiHcRYUvtkc&list=SPD44BB7CD2FE0CAC2&index=4\n禪門故事-第二堂-5/8\nhttp://www.youtube.com/watch?v=Z_rUZEikuv8&list=SPD44BB7CD2FE0CAC2&index=5\n禪門故事-第二堂-6/8\nhttp://www.youtube.com/watch?v=7VrLJqqPlh4&list=SPD44BB7CD2FE0CAC2&index=6\n禪門故事-第二堂-7/8\nhttp://www.youtube.com/watch?v=h7dE_J2TfWM&list=SPD44BB7CD2FE0CAC2&index=7\n禪門故事-第二堂-8/8\nhttp://www.youtube.com/watch?v=qqHck9-VJA0&list=SPD44BB7CD2FE0CAC2&index=8');
INSERT INTO videos(vid, pid, title, description) VALUES('NxjNgu-y9ys', 'PLDuDoO_3m4cbRpr97g6k6Y1JdQWQZGP2Z', '禪門故事-第一堂-5/11', '「禪門故事」，本週登場了，機趣橫生的祖師故事，開展出禪宗源遠流長的生命智慧：本周主題─「祖師禪風」: 敘述達摩祖師為何遠從印度西來？砍柴的六祖惠能如何成為中國禪宗最重要的大師，並創下了禪法劃時代的新頁。\n\n「法鼓講堂」每周三晚間7：00~9：00\n網路直播：http://www.dharmaschool.com/ddm_max/liveclass/liveclassroom.php\n\n禪門故事-第一堂-1/11\nhttp://www.youtube.com/watch?v=rHV0pMoKmc0&list=SP8CB14B2A53F544CD&index=1\n禪門故事-第一堂-2/11\nhttp://www.youtube.com/watch?v=ypFxL6ioOHE&list=SP8CB14B2A53F544CD&index=2\n禪門故事-第一堂-3/11\nhttp://www.youtube.com/watch?v=5zfUAXN4HeY&list=SP8CB14B2A53F544CD&index=3\n禪門故事-第一堂-4/11\nhttp://www.youtube.com/watch?v=qITs-OaLBcE&list=SP8CB14B2A53F544CD&index=4\n禪門故事-第一堂-5/11\nhttp://www.youtube.com/watch?v=NxjNgu-y9ys&list=SP8CB14B2A53F544CD&index=5\n禪門故事-第一堂-6/11\nhttp://www.youtube.com/watch?v=Z-aGBJNyNww&list=SP8CB14B2A53F544CD&index=6\n禪門故事-第一堂-7/11\nhttp://www.youtube.com/watch?v=qBERDmPYGwA&list=SP8CB14B2A53F544CD&index=7\n禪門故事-第一堂-8/11\nhttp://www.youtube.com/watch?v=4rHbD-L9JmQ&list=SP8CB14B2A53F544CD&index=8\n禪門故事-第一堂-9/11\nhttp://www.youtube.com/watch?v=rF9XWw31c6w&list=SP8CB14B2A53F544CD&index=9\n禪門故事-第一堂-10/11\nhttp://www.youtube.com/watch?v=dFPX7fghH3M&list=SP8CB14B2A53F544CD&index=10\n禪門故事-第一堂-11/11\nhttp://www.youtube.com/watch?v=dfuoaVXQOJU&list=SP8CB14B2A53F544CD&index=11\n禪門故事-第二堂-1/8\nhttp://www.youtube.com/watch?v=JDAS8ZDagIw&list=SPD44BB7CD2FE0CAC2&index=1\n禪門故事-第二堂-2/8\nhttp://www.youtube.com/watch?v=u6JVajyzkdM&list=SPD44BB7CD2FE0CAC2&index=2\n禪門故事-第二堂-3/8\nhttp://www.youtube.com/watch?v=ogkLnpq-J5M&list=SPD44BB7CD2FE0CAC2&index=3\n禪門故事-第二堂-4/8\nhttp://www.youtube.com/watch?v=BiHcRYUvtkc&list=SPD44BB7CD2FE0CAC2&index=4\n禪門故事-第二堂-5/8\nhttp://www.youtube.com/watch?v=Z_rUZEikuv8&list=SPD44BB7CD2FE0CAC2&index=5\n禪門故事-第二堂-6/8\nhttp://www.youtube.com/watch?v=7VrLJqqPlh4&list=SPD44BB7CD2FE0CAC2&index=6\n禪門故事-第二堂-7/8\nhttp://www.youtube.com/watch?v=h7dE_J2TfWM&list=SPD44BB7CD2FE0CAC2&index=7\n禪門故事-第二堂-8/8\nhttp://www.youtube.com/watch?v=qqHck9-VJA0&list=SPD44BB7CD2FE0CAC2&index=8');
INSERT INTO videos(vid, pid, title, description) VALUES('Z-aGBJNyNww', 'PLDuDoO_3m4cbRpr97g6k6Y1JdQWQZGP2Z', '禪門故事-第一堂-6/11', '「禪門故事」，本週登場了，機趣橫生的祖師故事，開展出禪宗源遠流長的生命智慧：本周主題─「祖師禪風」: 敘述達摩祖師為何遠從印度西來？砍柴的六祖惠能如何成為中國禪宗最重要的大師，並創下了禪法劃時代的新頁。\n\n「法鼓講堂」每周三晚間7：00~9：00\n網路直播：http://www.dharmaschool.com/ddm_max/liveclass/liveclassroom.php\n\n禪門故事-第一堂-1/11\nhttp://www.youtube.com/watch?v=rHV0pMoKmc0&list=SP8CB14B2A53F544CD&index=1\n禪門故事-第一堂-2/11\nhttp://www.youtube.com/watch?v=ypFxL6ioOHE&list=SP8CB14B2A53F544CD&index=2\n禪門故事-第一堂-3/11\nhttp://www.youtube.com/watch?v=5zfUAXN4HeY&list=SP8CB14B2A53F544CD&index=3\n禪門故事-第一堂-4/11\nhttp://www.youtube.com/watch?v=qITs-OaLBcE&list=SP8CB14B2A53F544CD&index=4\n禪門故事-第一堂-5/11\nhttp://www.youtube.com/watch?v=NxjNgu-y9ys&list=SP8CB14B2A53F544CD&index=5\n禪門故事-第一堂-6/11\nhttp://www.youtube.com/watch?v=Z-aGBJNyNww&list=SP8CB14B2A53F544CD&index=6\n禪門故事-第一堂-7/11\nhttp://www.youtube.com/watch?v=qBERDmPYGwA&list=SP8CB14B2A53F544CD&index=7\n禪門故事-第一堂-8/11\nhttp://www.youtube.com/watch?v=4rHbD-L9JmQ&list=SP8CB14B2A53F544CD&index=8\n禪門故事-第一堂-9/11\nhttp://www.youtube.com/watch?v=rF9XWw31c6w&list=SP8CB14B2A53F544CD&index=9\n禪門故事-第一堂-10/11\nhttp://www.youtube.com/watch?v=dFPX7fghH3M&list=SP8CB14B2A53F544CD&index=10\n禪門故事-第一堂-11/11\nhttp://www.youtube.com/watch?v=dfuoaVXQOJU&list=SP8CB14B2A53F544CD&index=11\n禪門故事-第二堂-1/8\nhttp://www.youtube.com/watch?v=JDAS8ZDagIw&list=SPD44BB7CD2FE0CAC2&index=1\n禪門故事-第二堂-2/8\nhttp://www.youtube.com/watch?v=u6JVajyzkdM&list=SPD44BB7CD2FE0CAC2&index=2\n禪門故事-第二堂-3/8\nhttp://www.youtube.com/watch?v=ogkLnpq-J5M&list=SPD44BB7CD2FE0CAC2&index=3\n禪門故事-第二堂-4/8\nhttp://www.youtube.com/watch?v=BiHcRYUvtkc&list=SPD44BB7CD2FE0CAC2&index=4\n禪門故事-第二堂-5/8\nhttp://www.youtube.com/watch?v=Z_rUZEikuv8&list=SPD44BB7CD2FE0CAC2&index=5\n禪門故事-第二堂-6/8\nhttp://www.youtube.com/watch?v=7VrLJqqPlh4&list=SPD44BB7CD2FE0CAC2&index=6\n禪門故事-第二堂-7/8\nhttp://www.youtube.com/watch?v=h7dE_J2TfWM&list=SPD44BB7CD2FE0CAC2&index=7\n禪門故事-第二堂-8/8\nhttp://www.youtube.com/watch?v=qqHck9-VJA0&list=SPD44BB7CD2FE0CAC2&index=8');
INSERT INTO videos(vid, pid, title, description) VALUES('qBERDmPYGwA', 'PLDuDoO_3m4cbRpr97g6k6Y1JdQWQZGP2Z', '禪門故事-第一堂-7/11', '「禪門故事」，本週登場了，機趣橫生的祖師故事，開展出禪宗源遠流長的生命智慧：本周主題─「祖師禪風」: 敘述達摩祖師為何遠從印度西來？砍柴的六祖惠能如何成為中國禪宗最重要的大師，並創下了禪法劃時代的新頁。\n\n「法鼓講堂」每周三晚間7：00~9：00\n網路直播：http://www.dharmaschool.com/ddm_max/liveclass/liveclassroom.php\n\n禪門故事-第一堂-1/11\nhttp://www.youtube.com/watch?v=rHV0pMoKmc0&list=SP8CB14B2A53F544CD&index=1\n禪門故事-第一堂-2/11\nhttp://www.youtube.com/watch?v=ypFxL6ioOHE&list=SP8CB14B2A53F544CD&index=2\n禪門故事-第一堂-3/11\nhttp://www.youtube.com/watch?v=5zfUAXN4HeY&list=SP8CB14B2A53F544CD&index=3\n禪門故事-第一堂-4/11\nhttp://www.youtube.com/watch?v=qITs-OaLBcE&list=SP8CB14B2A53F544CD&index=4\n禪門故事-第一堂-5/11\nhttp://www.youtube.com/watch?v=NxjNgu-y9ys&list=SP8CB14B2A53F544CD&index=5\n禪門故事-第一堂-6/11\nhttp://www.youtube.com/watch?v=Z-aGBJNyNww&list=SP8CB14B2A53F544CD&index=6\n禪門故事-第一堂-7/11\nhttp://www.youtube.com/watch?v=qBERDmPYGwA&list=SP8CB14B2A53F544CD&index=7\n禪門故事-第一堂-8/11\nhttp://www.youtube.com/watch?v=4rHbD-L9JmQ&list=SP8CB14B2A53F544CD&index=8\n禪門故事-第一堂-9/11\nhttp://www.youtube.com/watch?v=rF9XWw31c6w&list=SP8CB14B2A53F544CD&index=9\n禪門故事-第一堂-10/11\nhttp://www.youtube.com/watch?v=dFPX7fghH3M&list=SP8CB14B2A53F544CD&index=10\n禪門故事-第一堂-11/11\nhttp://www.youtube.com/watch?v=dfuoaVXQOJU&list=SP8CB14B2A53F544CD&index=11\n禪門故事-第二堂-1/8\nhttp://www.youtube.com/watch?v=JDAS8ZDagIw&list=SPD44BB7CD2FE0CAC2&index=1\n禪門故事-第二堂-2/8\nhttp://www.youtube.com/watch?v=u6JVajyzkdM&list=SPD44BB7CD2FE0CAC2&index=2\n禪門故事-第二堂-3/8\nhttp://www.youtube.com/watch?v=ogkLnpq-J5M&list=SPD44BB7CD2FE0CAC2&index=3\n禪門故事-第二堂-4/8\nhttp://www.youtube.com/watch?v=BiHcRYUvtkc&list=SPD44BB7CD2FE0CAC2&index=4\n禪門故事-第二堂-5/8\nhttp://www.youtube.com/watch?v=Z_rUZEikuv8&list=SPD44BB7CD2FE0CAC2&index=5\n禪門故事-第二堂-6/8\nhttp://www.youtube.com/watch?v=7VrLJqqPlh4&list=SPD44BB7CD2FE0CAC2&index=6\n禪門故事-第二堂-7/8\nhttp://www.youtube.com/watch?v=h7dE_J2TfWM&list=SPD44BB7CD2FE0CAC2&index=7\n禪門故事-第二堂-8/8\nhttp://www.youtube.com/watch?v=qqHck9-VJA0&list=SPD44BB7CD2FE0CAC2&index=8');
INSERT INTO videos(vid, pid, title, description) VALUES('4rHbD-L9JmQ', 'PLDuDoO_3m4cbRpr97g6k6Y1JdQWQZGP2Z', '禪門故事-第一堂-8/11', '「禪門故事」，本週登場了，機趣橫生的祖師故事，開展出禪宗源遠流長的生命智慧：本周主題─「祖師禪風」: 敘述達摩祖師為何遠從印度西來？砍柴的六祖惠能如何成為中國禪宗最重要的大師，並創下了禪法劃時代的新頁。\n\n「法鼓講堂」每周三晚間7：00~9：00\n網路直播：http://www.dharmaschool.com/ddm_max/liveclass/liveclassroom.php\n\n禪門故事-第一堂-1/11\nhttp://www.youtube.com/watch?v=rHV0pMoKmc0&list=SP8CB14B2A53F544CD&index=1\n禪門故事-第一堂-2/11\nhttp://www.youtube.com/watch?v=ypFxL6ioOHE&list=SP8CB14B2A53F544CD&index=2\n禪門故事-第一堂-3/11\nhttp://www.youtube.com/watch?v=5zfUAXN4HeY&list=SP8CB14B2A53F544CD&index=3\n禪門故事-第一堂-4/11\nhttp://www.youtube.com/watch?v=qITs-OaLBcE&list=SP8CB14B2A53F544CD&index=4\n禪門故事-第一堂-5/11\nhttp://www.youtube.com/watch?v=NxjNgu-y9ys&list=SP8CB14B2A53F544CD&index=5\n禪門故事-第一堂-6/11\nhttp://www.youtube.com/watch?v=Z-aGBJNyNww&list=SP8CB14B2A53F544CD&index=6\n禪門故事-第一堂-7/11\nhttp://www.youtube.com/watch?v=qBERDmPYGwA&list=SP8CB14B2A53F544CD&index=7\n禪門故事-第一堂-8/11\nhttp://www.youtube.com/watch?v=4rHbD-L9JmQ&list=SP8CB14B2A53F544CD&index=8\n禪門故事-第一堂-9/11\nhttp://www.youtube.com/watch?v=rF9XWw31c6w&list=SP8CB14B2A53F544CD&index=9\n禪門故事-第一堂-10/11\nhttp://www.youtube.com/watch?v=dFPX7fghH3M&list=SP8CB14B2A53F544CD&index=10\n禪門故事-第一堂-11/11\nhttp://www.youtube.com/watch?v=dfuoaVXQOJU&list=SP8CB14B2A53F544CD&index=11\n禪門故事-第二堂-1/8\nhttp://www.youtube.com/watch?v=JDAS8ZDagIw&list=SPD44BB7CD2FE0CAC2&index=1\n禪門故事-第二堂-2/8\nhttp://www.youtube.com/watch?v=u6JVajyzkdM&list=SPD44BB7CD2FE0CAC2&index=2\n禪門故事-第二堂-3/8\nhttp://www.youtube.com/watch?v=ogkLnpq-J5M&list=SPD44BB7CD2FE0CAC2&index=3\n禪門故事-第二堂-4/8\nhttp://www.youtube.com/watch?v=BiHcRYUvtkc&list=SPD44BB7CD2FE0CAC2&index=4\n禪門故事-第二堂-5/8\nhttp://www.youtube.com/watch?v=Z_rUZEikuv8&list=SPD44BB7CD2FE0CAC2&index=5\n禪門故事-第二堂-6/8\nhttp://www.youtube.com/watch?v=7VrLJqqPlh4&list=SPD44BB7CD2FE0CAC2&index=6\n禪門故事-第二堂-7/8\nhttp://www.youtube.com/watch?v=h7dE_J2TfWM&list=SPD44BB7CD2FE0CAC2&index=7\n禪門故事-第二堂-8/8\nhttp://www.youtube.com/watch?v=qqHck9-VJA0&list=SPD44BB7CD2FE0CAC2&index=8');
INSERT INTO videos(vid, pid, title, description) VALUES('rF9XWw31c6w', 'PLDuDoO_3m4cbRpr97g6k6Y1JdQWQZGP2Z', '禪門故事-第一堂-9/11', '「禪門故事」，本週登場了，機趣橫生的祖師故事，開展出禪宗源遠流長的生命智慧：本周主題─「祖師禪風」: 敘述達摩祖師為何遠從印度西來？砍柴的六祖惠能如何成為中國禪宗最重要的大師，並創下了禪法劃時代的新頁。\n\n「法鼓講堂」每周三晚間7：00~9：00\n網路直播：http://www.dharmaschool.com/ddm_max/liveclass/liveclassroom.php\n\n禪門故事-第一堂-1/11\nhttp://www.youtube.com/watch?v=rHV0pMoKmc0&list=SP8CB14B2A53F544CD&index=1\n禪門故事-第一堂-2/11\nhttp://www.youtube.com/watch?v=ypFxL6ioOHE&list=SP8CB14B2A53F544CD&index=2\n禪門故事-第一堂-3/11\nhttp://www.youtube.com/watch?v=5zfUAXN4HeY&list=SP8CB14B2A53F544CD&index=3\n禪門故事-第一堂-4/11\nhttp://www.youtube.com/watch?v=qITs-OaLBcE&list=SP8CB14B2A53F544CD&index=4\n禪門故事-第一堂-5/11\nhttp://www.youtube.com/watch?v=NxjNgu-y9ys&list=SP8CB14B2A53F544CD&index=5\n禪門故事-第一堂-6/11\nhttp://www.youtube.com/watch?v=Z-aGBJNyNww&list=SP8CB14B2A53F544CD&index=6\n禪門故事-第一堂-7/11\nhttp://www.youtube.com/watch?v=qBERDmPYGwA&list=SP8CB14B2A53F544CD&index=7\n禪門故事-第一堂-8/11\nhttp://www.youtube.com/watch?v=4rHbD-L9JmQ&list=SP8CB14B2A53F544CD&index=8\n禪門故事-第一堂-9/11\nhttp://www.youtube.com/watch?v=rF9XWw31c6w&list=SP8CB14B2A53F544CD&index=9\n禪門故事-第一堂-10/11\nhttp://www.youtube.com/watch?v=dFPX7fghH3M&list=SP8CB14B2A53F544CD&index=10\n禪門故事-第一堂-11/11\nhttp://www.youtube.com/watch?v=dfuoaVXQOJU&list=SP8CB14B2A53F544CD&index=11\n禪門故事-第二堂-1/8\nhttp://www.youtube.com/watch?v=JDAS8ZDagIw&list=SPD44BB7CD2FE0CAC2&index=1\n禪門故事-第二堂-2/8\nhttp://www.youtube.com/watch?v=u6JVajyzkdM&list=SPD44BB7CD2FE0CAC2&index=2\n禪門故事-第二堂-3/8\nhttp://www.youtube.com/watch?v=ogkLnpq-J5M&list=SPD44BB7CD2FE0CAC2&index=3\n禪門故事-第二堂-4/8\nhttp://www.youtube.com/watch?v=BiHcRYUvtkc&list=SPD44BB7CD2FE0CAC2&index=4\n禪門故事-第二堂-5/8\nhttp://www.youtube.com/watch?v=Z_rUZEikuv8&list=SPD44BB7CD2FE0CAC2&index=5\n禪門故事-第二堂-6/8\nhttp://www.youtube.com/watch?v=7VrLJqqPlh4&list=SPD44BB7CD2FE0CAC2&index=6\n禪門故事-第二堂-7/8\nhttp://www.youtube.com/watch?v=h7dE_J2TfWM&list=SPD44BB7CD2FE0CAC2&index=7\n禪門故事-第二堂-8/8\nhttp://www.youtube.com/watch?v=qqHck9-VJA0&list=SPD44BB7CD2FE0CAC2&index=8');
INSERT INTO videos(vid, pid, title, description) VALUES('dFPX7fghH3M', 'PLDuDoO_3m4cbRpr97g6k6Y1JdQWQZGP2Z', '禪門故事-第一堂-10/11', '「禪門故事」，本週登場了，機趣橫生的祖師故事，開展出禪宗源遠流長的生命智慧：本周主題─「祖師禪風」: 敘述達摩祖師為何遠從印度西來？砍柴的六祖惠能如何成為中國禪宗最重要的大師，並創下了禪法劃時代的新頁。\n\n「法鼓講堂」每周三晚間7：00~9：00\n網路直播：http://www.dharmaschool.com/ddm_max/liveclass/liveclassroom.php\n\n禪門故事-第一堂-1/11\nhttp://www.youtube.com/watch?v=rHV0pMoKmc0&list=SP8CB14B2A53F544CD&index=1\n禪門故事-第一堂-2/11\nhttp://www.youtube.com/watch?v=ypFxL6ioOHE&list=SP8CB14B2A53F544CD&index=2\n禪門故事-第一堂-3/11\nhttp://www.youtube.com/watch?v=5zfUAXN4HeY&list=SP8CB14B2A53F544CD&index=3\n禪門故事-第一堂-4/11\nhttp://www.youtube.com/watch?v=qITs-OaLBcE&list=SP8CB14B2A53F544CD&index=4\n禪門故事-第一堂-5/11\nhttp://www.youtube.com/watch?v=NxjNgu-y9ys&list=SP8CB14B2A53F544CD&index=5\n禪門故事-第一堂-6/11\nhttp://www.youtube.com/watch?v=Z-aGBJNyNww&list=SP8CB14B2A53F544CD&index=6\n禪門故事-第一堂-7/11\nhttp://www.youtube.com/watch?v=qBERDmPYGwA&list=SP8CB14B2A53F544CD&index=7\n禪門故事-第一堂-8/11\nhttp://www.youtube.com/watch?v=4rHbD-L9JmQ&list=SP8CB14B2A53F544CD&index=8\n禪門故事-第一堂-9/11\nhttp://www.youtube.com/watch?v=rF9XWw31c6w&list=SP8CB14B2A53F544CD&index=9\n禪門故事-第一堂-10/11\nhttp://www.youtube.com/watch?v=dFPX7fghH3M&list=SP8CB14B2A53F544CD&index=10\n禪門故事-第一堂-11/11\nhttp://www.youtube.com/watch?v=dfuoaVXQOJU&list=SP8CB14B2A53F544CD&index=11\n禪門故事-第二堂-1/8\nhttp://www.youtube.com/watch?v=JDAS8ZDagIw&list=SPD44BB7CD2FE0CAC2&index=1\n禪門故事-第二堂-2/8\nhttp://www.youtube.com/watch?v=u6JVajyzkdM&list=SPD44BB7CD2FE0CAC2&index=2\n禪門故事-第二堂-3/8\nhttp://www.youtube.com/watch?v=ogkLnpq-J5M&list=SPD44BB7CD2FE0CAC2&index=3\n禪門故事-第二堂-4/8\nhttp://www.youtube.com/watch?v=BiHcRYUvtkc&list=SPD44BB7CD2FE0CAC2&index=4\n禪門故事-第二堂-5/8\nhttp://www.youtube.com/watch?v=Z_rUZEikuv8&list=SPD44BB7CD2FE0CAC2&index=5\n禪門故事-第二堂-6/8\nhttp://www.youtube.com/watch?v=7VrLJqqPlh4&list=SPD44BB7CD2FE0CAC2&index=6\n禪門故事-第二堂-7/8\nhttp://www.youtube.com/watch?v=h7dE_J2TfWM&list=SPD44BB7CD2FE0CAC2&index=7\n禪門故事-第二堂-8/8\nhttp://www.youtube.com/watch?v=qqHck9-VJA0&list=SPD44BB7CD2FE0CAC2&index=8');
INSERT INTO videos(vid, pid, title, description) VALUES('dfuoaVXQOJU', 'PLDuDoO_3m4cbRpr97g6k6Y1JdQWQZGP2Z', '禪門故事-第一堂-11/11', '「禪門故事」，本週登場了，機趣橫生的祖師故事，開展出禪宗源遠流長的生命智慧：本周主題─「祖師禪風」: 敘述達摩祖師為何遠從印度西來？砍柴的六祖惠能如何成為中國禪宗最重要的大師，並創下了禪法劃時代的新頁。\n\n「法鼓講堂」每周三晚間7：00~9：00\n網路直播：http://www.dharmaschool.com/ddm_max/liveclass/liveclassroom.php\n\n禪門故事-第一堂-1/11\nhttp://www.youtube.com/watch?v=rHV0pMoKmc0&list=SP8CB14B2A53F544CD&index=1\n禪門故事-第一堂-2/11\nhttp://www.youtube.com/watch?v=ypFxL6ioOHE&list=SP8CB14B2A53F544CD&index=2\n禪門故事-第一堂-3/11\nhttp://www.youtube.com/watch?v=5zfUAXN4HeY&list=SP8CB14B2A53F544CD&index=3\n禪門故事-第一堂-4/11\nhttp://www.youtube.com/watch?v=qITs-OaLBcE&list=SP8CB14B2A53F544CD&index=4\n禪門故事-第一堂-5/11\nhttp://www.youtube.com/watch?v=NxjNgu-y9ys&list=SP8CB14B2A53F544CD&index=5\n禪門故事-第一堂-6/11\nhttp://www.youtube.com/watch?v=Z-aGBJNyNww&list=SP8CB14B2A53F544CD&index=6\n禪門故事-第一堂-7/11\nhttp://www.youtube.com/watch?v=qBERDmPYGwA&list=SP8CB14B2A53F544CD&index=7\n禪門故事-第一堂-8/11\nhttp://www.youtube.com/watch?v=4rHbD-L9JmQ&list=SP8CB14B2A53F544CD&index=8\n禪門故事-第一堂-9/11\nhttp://www.youtube.com/watch?v=rF9XWw31c6w&list=SP8CB14B2A53F544CD&index=9\n禪門故事-第一堂-10/11\nhttp://www.youtube.com/watch?v=dFPX7fghH3M&list=SP8CB14B2A53F544CD&index=10\n禪門故事-第一堂-11/11\nhttp://www.youtube.com/watch?v=dfuoaVXQOJU&list=SP8CB14B2A53F544CD&index=11\n禪門故事-第二堂-1/8\nhttp://www.youtube.com/watch?v=JDAS8ZDagIw&list=SPD44BB7CD2FE0CAC2&index=1\n禪門故事-第二堂-2/8\nhttp://www.youtube.com/watch?v=u6JVajyzkdM&list=SPD44BB7CD2FE0CAC2&index=2\n禪門故事-第二堂-3/8\nhttp://www.youtube.com/watch?v=ogkLnpq-J5M&list=SPD44BB7CD2FE0CAC2&index=3\n禪門故事-第二堂-4/8\nhttp://www.youtube.com/watch?v=BiHcRYUvtkc&list=SPD44BB7CD2FE0CAC2&index=4\n禪門故事-第二堂-5/8\nhttp://www.youtube.com/watch?v=Z_rUZEikuv8&list=SPD44BB7CD2FE0CAC2&index=5\n禪門故事-第二堂-6/8\nhttp://www.youtube.com/watch?v=7VrLJqqPlh4&list=SPD44BB7CD2FE0CAC2&index=6\n禪門故事-第二堂-7/8\nhttp://www.youtube.com/watch?v=h7dE_J2TfWM&list=SPD44BB7CD2FE0CAC2&index=7\n禪門故事-第二堂-8/8\nhttp://www.youtube.com/watch?v=qqHck9-VJA0&list=SPD44BB7CD2FE0CAC2&index=8');
INSERT INTO videos(vid, pid, title, description) VALUES('JDAS8ZDagIw', 'PLDuDoO_3m4cbRpr97g6k6Y1JdQWQZGP2Z', '禪門故事-第二堂-1/8', '繼六祖惠能大師之後，禪宗的禪機時代正式開啟了。本週首先登場的是，外號叫做「一宿覺」的永嘉玄覺禪師。這絕妙的外號，來自於永嘉玄覺禪師，到曹溪拜謁六祖慧能。 留宿曹溪這一晚，到底發生了什麼故事？使後人以「一宿覺」來紀念這段機緣，兩位禪師之間的機鋒對話精彩絕倫。默照禪經常被稱作「無法之法」，由宏智正覺禪師以詩偈寫下，之後才廣為人知。 您是否深受「默照銘」絕美的文字所打動，卻大嘆其意境深奧難以企及？本週課程，宏智正覺禪師將教我們「默默忘言」，讓圓滿智慧「昭昭現前」。\n\n「法鼓講堂」每周三晚間7：00~9：00\n網路直播：http://www.dharmaschool.com/ddm_max/liveclass/liveclassroom.php\n\n禪門故事-第二堂-1/8\nhttp://www.youtube.com/watch?v=JDAS8ZDagIw&list=SPD44BB7CD2FE0CAC2&index=1\n禪門故事-第二堂-2/8\nhttp://www.youtube.com/watch?v=u6JVajyzkdM&list=SPD44BB7CD2FE0CAC2&index=2\n禪門故事-第二堂-3/8\nhttp://www.youtube.com/watch?v=ogkLnpq-J5M&list=SPD44BB7CD2FE0CAC2&index=3\n禪門故事-第二堂-4/8\nhttp://www.youtube.com/watch?v=BiHcRYUvtkc&list=SPD44BB7CD2FE0CAC2&index=4\n禪門故事-第二堂-5/8\nhttp://www.youtube.com/watch?v=Z_rUZEikuv8&list=SPD44BB7CD2FE0CAC2&index=5\n禪門故事-第二堂-6/8\nhttp://www.youtube.com/watch?v=7VrLJqqPlh4&list=SPD44BB7CD2FE0CAC2&index=6\n禪門故事-第二堂-7/8\nhttp://www.youtube.com/watch?v=h7dE_J2TfWM&list=SPD44BB7CD2FE0CAC2&index=7\n禪門故事-第二堂-8/8\nhttp://www.youtube.com/watch?v=qqHck9-VJA0&list=SPD44BB7CD2FE0CAC2&index=8\n\n禪門故事-第三堂-1/8\nhttp://www.youtube.com/watch?v=jfhiDWdb4Mo&list=SP920B02580F01A4BD&index=1\n禪門故事-第三堂-2/8\nhttp://www.youtube.com/watch?v=F436kFOz2rY&list=SP920B02580F01A4BD&index=2\n禪門故事-第三堂-3/8\nhttp://www.youtube.com/watch?v=10SAyGI_HK8&list=SP920B02580F01A4BD&index=3\n禪門故事-第三堂-4/8\nhttp://www.youtube.com/watch?v=xQbTTK66gmc&list=SP920B02580F01A4BD&index=4\n禪門故事-第三堂-5/8\nhttp://www.youtube.com/watch?v=12PlgoZQDi0&list=SP920B02580F01A4BD&index=5\n禪門故事-第三堂-6/8\nhttp://www.youtube.com/watch?v=TPL254KK4qw&list=SP920B02580F01A4BD&index=6\n禪門故事-第三堂-7/8\nhttp://www.youtube.com/watch?v=sWoWY-tr0XY&list=SP920B02580F01A4BD&index=7\n禪門故事-第三堂-8/8\nhttp://www.youtube.com/watch?v=zwngZwnqbTA&list=SP920B02580F01A4BD&index=8');
INSERT INTO videos(vid, pid, title, description) VALUES('u6JVajyzkdM', 'PLDuDoO_3m4cbRpr97g6k6Y1JdQWQZGP2Z', '禪門故事-第二堂-2/8', '繼六祖惠能大師之後，禪宗的禪機時代正式開啟了。本週首先登場的是，外號叫做「一宿覺」的永嘉玄覺禪師。這絕妙的外號，來自於永嘉玄覺禪師，到曹溪拜謁六祖慧能。 留宿曹溪這一晚，到底發生了什麼故事？使後人以「一宿覺」來紀念這段機緣，兩位禪師之間的機鋒對話精彩絕倫。默照禪經常被稱作「無法之法」，由宏智正覺禪師以詩偈寫下，之後才廣為人知。 您是否深受「默照銘」絕美的文字所打動，卻大嘆其意境深奧難以企及？本週課程，宏智正覺禪師將教我們「默默忘言」，讓圓滿智慧「昭昭現前」。\n\n「法鼓講堂」每周三晚間7：00~9：00\n網路直播：http://www.dharmaschool.com/ddm_max/liveclass/liveclassroom.php\n\n禪門故事-第二堂-1/8\nhttp://www.youtube.com/watch?v=JDAS8ZDagIw&list=SPD44BB7CD2FE0CAC2&index=1\n禪門故事-第二堂-2/8\nhttp://www.youtube.com/watch?v=u6JVajyzkdM&list=SPD44BB7CD2FE0CAC2&index=2\n禪門故事-第二堂-3/8\nhttp://www.youtube.com/watch?v=ogkLnpq-J5M&list=SPD44BB7CD2FE0CAC2&index=3\n禪門故事-第二堂-4/8\nhttp://www.youtube.com/watch?v=BiHcRYUvtkc&list=SPD44BB7CD2FE0CAC2&index=4\n禪門故事-第二堂-5/8\nhttp://www.youtube.com/watch?v=Z_rUZEikuv8&list=SPD44BB7CD2FE0CAC2&index=5\n禪門故事-第二堂-6/8\nhttp://www.youtube.com/watch?v=7VrLJqqPlh4&list=SPD44BB7CD2FE0CAC2&index=6\n禪門故事-第二堂-7/8\nhttp://www.youtube.com/watch?v=h7dE_J2TfWM&list=SPD44BB7CD2FE0CAC2&index=7\n禪門故事-第二堂-8/8\nhttp://www.youtube.com/watch?v=qqHck9-VJA0&list=SPD44BB7CD2FE0CAC2&index=8\n\n禪門故事-第三堂-1/8\nhttp://www.youtube.com/watch?v=jfhiDWdb4Mo&list=SP920B02580F01A4BD&index=1\n禪門故事-第三堂-2/8\nhttp://www.youtube.com/watch?v=F436kFOz2rY&list=SP920B02580F01A4BD&index=2\n禪門故事-第三堂-3/8\nhttp://www.youtube.com/watch?v=10SAyGI_HK8&list=SP920B02580F01A4BD&index=3\n禪門故事-第三堂-4/8\nhttp://www.youtube.com/watch?v=xQbTTK66gmc&list=SP920B02580F01A4BD&index=4\n禪門故事-第三堂-5/8\nhttp://www.youtube.com/watch?v=12PlgoZQDi0&list=SP920B02580F01A4BD&index=5\n禪門故事-第三堂-6/8\nhttp://www.youtube.com/watch?v=TPL254KK4qw&list=SP920B02580F01A4BD&index=6\n禪門故事-第三堂-7/8\nhttp://www.youtube.com/watch?v=sWoWY-tr0XY&list=SP920B02580F01A4BD&index=7\n禪門故事-第三堂-8/8\nhttp://www.youtube.com/watch?v=zwngZwnqbTA&list=SP920B02580F01A4BD&index=8');
INSERT INTO videos(vid, pid, title, description) VALUES('ogkLnpq-J5M', 'PLDuDoO_3m4cbRpr97g6k6Y1JdQWQZGP2Z', '禪門故事-第二堂-3/8', '繼六祖惠能大師之後，禪宗的禪機時代正式開啟了。本週首先登場的是，外號叫做「一宿覺」的永嘉玄覺禪師。這絕妙的外號，來自於永嘉玄覺禪師，到曹溪拜謁六祖慧能。 留宿曹溪這一晚，到底發生了什麼故事？使後人以「一宿覺」來紀念這段機緣，兩位禪師之間的機鋒對話精彩絕倫。默照禪經常被稱作「無法之法」，由宏智正覺禪師以詩偈寫下，之後才廣為人知。 您是否深受「默照銘」絕美的文字所打動，卻大嘆其意境深奧難以企及？本週課程，宏智正覺禪師將教我們「默默忘言」，讓圓滿智慧「昭昭現前」。\n\n「法鼓講堂」每周三晚間7：00~9：00\n網路直播：http://www.dharmaschool.com/ddm_max/liveclass/liveclassroom.php\n\n禪門故事-第二堂-1/8\nhttp://www.youtube.com/watch?v=JDAS8ZDagIw&list=SPD44BB7CD2FE0CAC2&index=1\n禪門故事-第二堂-2/8\nhttp://www.youtube.com/watch?v=u6JVajyzkdM&list=SPD44BB7CD2FE0CAC2&index=2\n禪門故事-第二堂-3/8\nhttp://www.youtube.com/watch?v=ogkLnpq-J5M&list=SPD44BB7CD2FE0CAC2&index=3\n禪門故事-第二堂-4/8\nhttp://www.youtube.com/watch?v=BiHcRYUvtkc&list=SPD44BB7CD2FE0CAC2&index=4\n禪門故事-第二堂-5/8\nhttp://www.youtube.com/watch?v=Z_rUZEikuv8&list=SPD44BB7CD2FE0CAC2&index=5\n禪門故事-第二堂-6/8\nhttp://www.youtube.com/watch?v=7VrLJqqPlh4&list=SPD44BB7CD2FE0CAC2&index=6\n禪門故事-第二堂-7/8\nhttp://www.youtube.com/watch?v=h7dE_J2TfWM&list=SPD44BB7CD2FE0CAC2&index=7\n禪門故事-第二堂-8/8\nhttp://www.youtube.com/watch?v=qqHck9-VJA0&list=SPD44BB7CD2FE0CAC2&index=8\n\n禪門故事-第三堂-1/8\nhttp://www.youtube.com/watch?v=jfhiDWdb4Mo&list=SP920B02580F01A4BD&index=1\n禪門故事-第三堂-2/8\nhttp://www.youtube.com/watch?v=F436kFOz2rY&list=SP920B02580F01A4BD&index=2\n禪門故事-第三堂-3/8\nhttp://www.youtube.com/watch?v=10SAyGI_HK8&list=SP920B02580F01A4BD&index=3\n禪門故事-第三堂-4/8\nhttp://www.youtube.com/watch?v=xQbTTK66gmc&list=SP920B02580F01A4BD&index=4\n禪門故事-第三堂-5/8\nhttp://www.youtube.com/watch?v=12PlgoZQDi0&list=SP920B02580F01A4BD&index=5\n禪門故事-第三堂-6/8\nhttp://www.youtube.com/watch?v=TPL254KK4qw&list=SP920B02580F01A4BD&index=6\n禪門故事-第三堂-7/8\nhttp://www.youtube.com/watch?v=sWoWY-tr0XY&list=SP920B02580F01A4BD&index=7\n禪門故事-第三堂-8/8\nhttp://www.youtube.com/watch?v=zwngZwnqbTA&list=SP920B02580F01A4BD&index=8');
INSERT INTO videos(vid, pid, title, description) VALUES('BiHcRYUvtkc', 'PLDuDoO_3m4cbRpr97g6k6Y1JdQWQZGP2Z', '禪門故事-第二堂-4/8', '繼六祖惠能大師之後，禪宗的禪機時代正式開啟了。本週首先登場的是，外號叫做「一宿覺」的永嘉玄覺禪師。這絕妙的外號，來自於永嘉玄覺禪師，到曹溪拜謁六祖慧能。 留宿曹溪這一晚，到底發生了什麼故事？使後人以「一宿覺」來紀念這段機緣，兩位禪師之間的機鋒對話精彩絕倫。默照禪經常被稱作「無法之法」，由宏智正覺禪師以詩偈寫下，之後才廣為人知。 您是否深受「默照銘」絕美的文字所打動，卻大嘆其意境深奧難以企及？本週課程，宏智正覺禪師將教我們「默默忘言」，讓圓滿智慧「昭昭現前」。\n\n「法鼓講堂」每周三晚間7：00~9：00\n網路直播：http://www.dharmaschool.com/ddm_max/liveclass/liveclassroom.php\n\n禪門故事-第二堂-1/8\nhttp://www.youtube.com/watch?v=JDAS8ZDagIw&list=SPD44BB7CD2FE0CAC2&index=1\n禪門故事-第二堂-2/8\nhttp://www.youtube.com/watch?v=u6JVajyzkdM&list=SPD44BB7CD2FE0CAC2&index=2\n禪門故事-第二堂-3/8\nhttp://www.youtube.com/watch?v=ogkLnpq-J5M&list=SPD44BB7CD2FE0CAC2&index=3\n禪門故事-第二堂-4/8\nhttp://www.youtube.com/watch?v=BiHcRYUvtkc&list=SPD44BB7CD2FE0CAC2&index=4\n禪門故事-第二堂-5/8\nhttp://www.youtube.com/watch?v=Z_rUZEikuv8&list=SPD44BB7CD2FE0CAC2&index=5\n禪門故事-第二堂-6/8\nhttp://www.youtube.com/watch?v=7VrLJqqPlh4&list=SPD44BB7CD2FE0CAC2&index=6\n禪門故事-第二堂-7/8\nhttp://www.youtube.com/watch?v=h7dE_J2TfWM&list=SPD44BB7CD2FE0CAC2&index=7\n禪門故事-第二堂-8/8\nhttp://www.youtube.com/watch?v=qqHck9-VJA0&list=SPD44BB7CD2FE0CAC2&index=8\n\n禪門故事-第三堂-1/8\nhttp://www.youtube.com/watch?v=jfhiDWdb4Mo&list=SP920B02580F01A4BD&index=1\n禪門故事-第三堂-2/8\nhttp://www.youtube.com/watch?v=F436kFOz2rY&list=SP920B02580F01A4BD&index=2\n禪門故事-第三堂-3/8\nhttp://www.youtube.com/watch?v=10SAyGI_HK8&list=SP920B02580F01A4BD&index=3\n禪門故事-第三堂-4/8\nhttp://www.youtube.com/watch?v=xQbTTK66gmc&list=SP920B02580F01A4BD&index=4\n禪門故事-第三堂-5/8\nhttp://www.youtube.com/watch?v=12PlgoZQDi0&list=SP920B02580F01A4BD&index=5\n禪門故事-第三堂-6/8\nhttp://www.youtube.com/watch?v=TPL254KK4qw&list=SP920B02580F01A4BD&index=6\n禪門故事-第三堂-7/8\nhttp://www.youtube.com/watch?v=sWoWY-tr0XY&list=SP920B02580F01A4BD&index=7\n禪門故事-第三堂-8/8\nhttp://www.youtube.com/watch?v=zwngZwnqbTA&list=SP920B02580F01A4BD&index=8');
INSERT INTO videos(vid, pid, title, description) VALUES('Z_rUZEikuv8', 'PLDuDoO_3m4cbRpr97g6k6Y1JdQWQZGP2Z', '禪門故事-第二堂-5/8', '繼六祖惠能大師之後，禪宗的禪機時代正式開啟了。本週首先登場的是，外號叫做「一宿覺」的永嘉玄覺禪師。這絕妙的外號，來自於永嘉玄覺禪師，到曹溪拜謁六祖慧能。 留宿曹溪這一晚，到底發生了什麼故事？使後人以「一宿覺」來紀念這段機緣，兩位禪師之間的機鋒對話精彩絕倫。默照禪經常被稱作「無法之法」，由宏智正覺禪師以詩偈寫下，之後才廣為人知。 您是否深受「默照銘」絕美的文字所打動，卻大嘆其意境深奧難以企及？本週課程，宏智正覺禪師將教我們「默默忘言」，讓圓滿智慧「昭昭現前」。\n\n「法鼓講堂」每周三晚間7：00~9：00\n網路直播：http://www.dharmaschool.com/ddm_max/liveclass/liveclassroom.php\n\n禪門故事-第二堂-1/8\nhttp://www.youtube.com/watch?v=JDAS8ZDagIw&list=SPD44BB7CD2FE0CAC2&index=1\n禪門故事-第二堂-2/8\nhttp://www.youtube.com/watch?v=u6JVajyzkdM&list=SPD44BB7CD2FE0CAC2&index=2\n禪門故事-第二堂-3/8\nhttp://www.youtube.com/watch?v=ogkLnpq-J5M&list=SPD44BB7CD2FE0CAC2&index=3\n禪門故事-第二堂-4/8\nhttp://www.youtube.com/watch?v=BiHcRYUvtkc&list=SPD44BB7CD2FE0CAC2&index=4\n禪門故事-第二堂-5/8\nhttp://www.youtube.com/watch?v=Z_rUZEikuv8&list=SPD44BB7CD2FE0CAC2&index=5\n禪門故事-第二堂-6/8\nhttp://www.youtube.com/watch?v=7VrLJqqPlh4&list=SPD44BB7CD2FE0CAC2&index=6\n禪門故事-第二堂-7/8\nhttp://www.youtube.com/watch?v=h7dE_J2TfWM&list=SPD44BB7CD2FE0CAC2&index=7\n禪門故事-第二堂-8/8\nhttp://www.youtube.com/watch?v=qqHck9-VJA0&list=SPD44BB7CD2FE0CAC2&index=8\n\n禪門故事-第三堂-1/8\nhttp://www.youtube.com/watch?v=jfhiDWdb4Mo&list=SP920B02580F01A4BD&index=1\n禪門故事-第三堂-2/8\nhttp://www.youtube.com/watch?v=F436kFOz2rY&list=SP920B02580F01A4BD&index=2\n禪門故事-第三堂-3/8\nhttp://www.youtube.com/watch?v=10SAyGI_HK8&list=SP920B02580F01A4BD&index=3\n禪門故事-第三堂-4/8\nhttp://www.youtube.com/watch?v=xQbTTK66gmc&list=SP920B02580F01A4BD&index=4\n禪門故事-第三堂-5/8\nhttp://www.youtube.com/watch?v=12PlgoZQDi0&list=SP920B02580F01A4BD&index=5\n禪門故事-第三堂-6/8\nhttp://www.youtube.com/watch?v=TPL254KK4qw&list=SP920B02580F01A4BD&index=6\n禪門故事-第三堂-7/8\nhttp://www.youtube.com/watch?v=sWoWY-tr0XY&list=SP920B02580F01A4BD&index=7\n禪門故事-第三堂-8/8\nhttp://www.youtube.com/watch?v=zwngZwnqbTA&list=SP920B02580F01A4BD&index=8');
INSERT INTO videos(vid, pid, title, description) VALUES('7VrLJqqPlh4', 'PLDuDoO_3m4cbRpr97g6k6Y1JdQWQZGP2Z', '禪門故事-第二堂-6/8', '繼六祖惠能大師之後，禪宗的禪機時代正式開啟了。本週首先登場的是，外號叫做「一宿覺」的永嘉玄覺禪師。這絕妙的外號，來自於永嘉玄覺禪師，到曹溪拜謁六祖慧能。 留宿曹溪這一晚，到底發生了什麼故事？使後人以「一宿覺」來紀念這段機緣，兩位禪師之間的機鋒對話精彩絕倫。默照禪經常被稱作「無法之法」，由宏智正覺禪師以詩偈寫下，之後才廣為人知。 您是否深受「默照銘」絕美的文字所打動，卻大嘆其意境深奧難以企及？本週課程，宏智正覺禪師將教我們「默默忘言」，讓圓滿智慧「昭昭現前」。\n\n「法鼓講堂」每周三晚間7：00~9：00\n網路直播：http://www.dharmaschool.com/ddm_max/liveclass/liveclassroom.php\n\n禪門故事-第二堂-1/8\nhttp://www.youtube.com/watch?v=JDAS8ZDagIw&list=SPD44BB7CD2FE0CAC2&index=1\n禪門故事-第二堂-2/8\nhttp://www.youtube.com/watch?v=u6JVajyzkdM&list=SPD44BB7CD2FE0CAC2&index=2\n禪門故事-第二堂-3/8\nhttp://www.youtube.com/watch?v=ogkLnpq-J5M&list=SPD44BB7CD2FE0CAC2&index=3\n禪門故事-第二堂-4/8\nhttp://www.youtube.com/watch?v=BiHcRYUvtkc&list=SPD44BB7CD2FE0CAC2&index=4\n禪門故事-第二堂-5/8\nhttp://www.youtube.com/watch?v=Z_rUZEikuv8&list=SPD44BB7CD2FE0CAC2&index=5\n禪門故事-第二堂-6/8\nhttp://www.youtube.com/watch?v=7VrLJqqPlh4&list=SPD44BB7CD2FE0CAC2&index=6\n禪門故事-第二堂-7/8\nhttp://www.youtube.com/watch?v=h7dE_J2TfWM&list=SPD44BB7CD2FE0CAC2&index=7\n禪門故事-第二堂-8/8\nhttp://www.youtube.com/watch?v=qqHck9-VJA0&list=SPD44BB7CD2FE0CAC2&index=8\n\n禪門故事-第三堂-1/8\nhttp://www.youtube.com/watch?v=jfhiDWdb4Mo&list=SP920B02580F01A4BD&index=1\n禪門故事-第三堂-2/8\nhttp://www.youtube.com/watch?v=F436kFOz2rY&list=SP920B02580F01A4BD&index=2\n禪門故事-第三堂-3/8\nhttp://www.youtube.com/watch?v=10SAyGI_HK8&list=SP920B02580F01A4BD&index=3\n禪門故事-第三堂-4/8\nhttp://www.youtube.com/watch?v=xQbTTK66gmc&list=SP920B02580F01A4BD&index=4\n禪門故事-第三堂-5/8\nhttp://www.youtube.com/watch?v=12PlgoZQDi0&list=SP920B02580F01A4BD&index=5\n禪門故事-第三堂-6/8\nhttp://www.youtube.com/watch?v=TPL254KK4qw&list=SP920B02580F01A4BD&index=6\n禪門故事-第三堂-7/8\nhttp://www.youtube.com/watch?v=sWoWY-tr0XY&list=SP920B02580F01A4BD&index=7\n禪門故事-第三堂-8/8\nhttp://www.youtube.com/watch?v=zwngZwnqbTA&list=SP920B02580F01A4BD&index=8');
INSERT INTO videos(vid, pid, title, description) VALUES('h7dE_J2TfWM', 'PLDuDoO_3m4cbRpr97g6k6Y1JdQWQZGP2Z', '禪門故事-第二堂-7/8', '繼六祖惠能大師之後，禪宗的禪機時代正式開啟了。\r\n本週首先登場的是，外號叫做「一宿覺」的永嘉玄覺禪師。這絕妙的外號，來自於永嘉玄覺禪師，到曹溪拜謁六祖慧能。 留宿曹溪這一晚，到底發生了什麼故事？使後人以「一宿覺」來紀念這段機緣，兩位禪師之間的機鋒對話精彩絕倫。\r\n默照禪經常被稱作「無法之法」，由宏智正覺禪師以詩偈寫下，之後才廣為人知。 您是否深受「默照銘」絕美的文字所打動，卻大嘆其意境深奧難以企及？\r\n本週課程，宏智正覺禪師將教我們「默默忘言」，讓圓滿智慧「昭昭現前」。');
INSERT INTO videos(vid, pid, title, description) VALUES('qqHck9-VJA0', 'PLDuDoO_3m4cbRpr97g6k6Y1JdQWQZGP2Z', '禪門故事-第二堂-8/8', '繼六祖惠能大師之後，禪宗的禪機時代正式開啟了。本週首先登場的是，外號叫做「一宿覺」的永嘉玄覺禪師。這絕妙的外號，來自於永嘉玄覺禪師，到曹溪拜謁六祖慧能。 留宿曹溪這一晚，到底發生了什麼故事？使後人以「一宿覺」來紀念這段機緣，兩位禪師之間的機鋒對話精彩絕倫。默照禪經常被稱作「無法之法」，由宏智正覺禪師以詩偈寫下，之後才廣為人知。 您是否深受「默照銘」絕美的文字所打動，卻大嘆其意境深奧難以企及？本週課程，宏智正覺禪師將教我們「默默忘言」，讓圓滿智慧「昭昭現前」。\n\n「法鼓講堂」每周三晚間7：00~9：00\n網路直播：http://www.dharmaschool.com/ddm_max/liveclass/liveclassroom.php\n\n禪門故事-第二堂-1/8\nhttp://www.youtube.com/watch?v=JDAS8ZDagIw&list=SPD44BB7CD2FE0CAC2&index=1\n禪門故事-第二堂-2/8\nhttp://www.youtube.com/watch?v=u6JVajyzkdM&list=SPD44BB7CD2FE0CAC2&index=2\n禪門故事-第二堂-3/8\nhttp://www.youtube.com/watch?v=ogkLnpq-J5M&list=SPD44BB7CD2FE0CAC2&index=3\n禪門故事-第二堂-4/8\nhttp://www.youtube.com/watch?v=BiHcRYUvtkc&list=SPD44BB7CD2FE0CAC2&index=4\n禪門故事-第二堂-5/8\nhttp://www.youtube.com/watch?v=Z_rUZEikuv8&list=SPD44BB7CD2FE0CAC2&index=5\n禪門故事-第二堂-6/8\nhttp://www.youtube.com/watch?v=7VrLJqqPlh4&list=SPD44BB7CD2FE0CAC2&index=6\n禪門故事-第二堂-7/8\nhttp://www.youtube.com/watch?v=h7dE_J2TfWM&list=SPD44BB7CD2FE0CAC2&index=7\n禪門故事-第二堂-8/8\nhttp://www.youtube.com/watch?v=qqHck9-VJA0&list=SPD44BB7CD2FE0CAC2&index=8\n\n禪門故事-第三堂-1/8\nhttp://www.youtube.com/watch?v=jfhiDWdb4Mo&list=SP920B02580F01A4BD&index=1\n禪門故事-第三堂-2/8\nhttp://www.youtube.com/watch?v=F436kFOz2rY&list=SP920B02580F01A4BD&index=2\n禪門故事-第三堂-3/8\nhttp://www.youtube.com/watch?v=10SAyGI_HK8&list=SP920B02580F01A4BD&index=3\n禪門故事-第三堂-4/8\nhttp://www.youtube.com/watch?v=xQbTTK66gmc&list=SP920B02580F01A4BD&index=4\n禪門故事-第三堂-5/8\nhttp://www.youtube.com/watch?v=12PlgoZQDi0&list=SP920B02580F01A4BD&index=5\n禪門故事-第三堂-6/8\nhttp://www.youtube.com/watch?v=TPL254KK4qw&list=SP920B02580F01A4BD&index=6\n禪門故事-第三堂-7/8\nhttp://www.youtube.com/watch?v=sWoWY-tr0XY&list=SP920B02580F01A4BD&index=7\n禪門故事-第三堂-8/8\nhttp://www.youtube.com/watch?v=zwngZwnqbTA&list=SP920B02580F01A4BD&index=8');
INSERT INTO videos(vid, pid, title, description) VALUES('jfhiDWdb4Mo', 'PLDuDoO_3m4cbRpr97g6k6Y1JdQWQZGP2Z', '禪門故事-第三堂-1/8', '放下！放下！不是口說放下就能放下，「說時似悟，對境生迷」要怎麼放？如何覺？讓禪門祖師告訴您。參話頭「得力處乃是省力處」，大慧宗杲「無」字話頭，百應百驗，單刀直入，直探心源，話頭禪帶您找到修行的省力處。臨濟問黃檗，如何是佛法的大意？如此三問，三度被打。馬祖一喝，使百丈耳聾三日而得傳授心印。\n\n「法鼓講堂」每周三晚間7：00~9：00\n網路直播：http://www.dharmaschool.com/ddm_max/liveclass/liveclassroom.php\n\n禪門故事-第三堂-1/8\nhttp://www.youtube.com/watch?v=jfhiDWdb4Mo&list=SP920B02580F01A4BD&index=1\n禪門故事-第三堂-2/8\nhttp://www.youtube.com/watch?v=F436kFOz2rY&list=SP920B02580F01A4BD&index=2\n禪門故事-第三堂-3/8\nhttp://www.youtube.com/watch?v=10SAyGI_HK8&list=SP920B02580F01A4BD&index=3\n禪門故事-第三堂-4/8\nhttp://www.youtube.com/watch?v=xQbTTK66gmc&list=SP920B02580F01A4BD&index=4\n禪門故事-第三堂-5/8\nhttp://www.youtube.com/watch?v=12PlgoZQDi0&list=SP920B02580F01A4BD&index=5\n禪門故事-第三堂-6/8\nhttp://www.youtube.com/watch?v=TPL254KK4qw&list=SP920B02580F01A4BD&index=6\n禪門故事-第三堂-7/8\nhttp://www.youtube.com/watch?v=sWoWY-tr0XY&list=SP920B02580F01A4BD&index=7\n禪門故事-第三堂-8/8\nhttp://www.youtube.com/watch?v=zwngZwnqbTA&list=SP920B02580F01A4BD&index=8\n\n禪門故事-第四堂-1/10\nhttp://www.youtube.com/watch?v=BtePpvKwNKI&list=SPD55994126F1C0FBD&index=1\n禪門故事-第四堂-2/10\nhttp://www.youtube.com/watch?v=0uySWjF9Rtc&list=SPD55994126F1C0FBD&index=2\n禪門故事-第四堂-3/10\nhttp://www.youtube.com/watch?v=ZrkNVBm55N4&list=SPD55994126F1C0FBD&index=3\n禪門故事-第四堂-4/10\nhttp://www.youtube.com/watch?v=wSerVQy9gj0&list=SPD55994126F1C0FBD&index=4\n禪門故事-第四堂-5/10\nhttp://www.youtube.com/watch?v=Bbvsx6RT5_c&list=SPD55994126F1C0FBD&index=5\n禪門故事-第四堂-6/10\nhttp://www.youtube.com/watch?v=mbTtiAYYsO4&list=SPD55994126F1C0FBD&index=6\n禪門故事-第四堂-7/10\nhttp://www.youtube.com/watch?v=cR7EpPHpP0I&list=SPD55994126F1C0FBD&index=7\n禪門故事-第四堂-8/10\nhttp://www.youtube.com/watch?v=SGWHiXXz7hs&list=SPD55994126F1C0FBD&index=8\n禪門故事-第四堂-9/10\nhttp://www.youtube.com/watch?v=sRIMAPKtKIA&list=SPD55994126F1C0FBD&index=9\n禪門故事-第四堂-10/10\nhttp://www.youtube.com/watch?v=kKLjSHngKXM&list=SPD55994126F1C0FBD&index=10\n禪門故事-第四堂-1/10');
INSERT INTO videos(vid, pid, title, description) VALUES('F436kFOz2rY', 'PLDuDoO_3m4cbRpr97g6k6Y1JdQWQZGP2Z', '禪門故事-第三堂-2/8', '放下！放下！不是口說放下就能放下，「說時似悟，對境生迷」要怎麼放？如何覺？讓禪門祖師告訴您。參話頭「得力處乃是省力處」，大慧宗杲「無」字話頭，百應百驗，單刀直入，直探心源，話頭禪帶您找到修行的省力處。臨濟問黃檗，如何是佛法的大意？如此三問，三度被打。馬祖一喝，使百丈耳聾三日而得傳授心印。\n\n「法鼓講堂」每周三晚間7：00~9：00\n網路直播：http://www.dharmaschool.com/ddm_max/liveclass/liveclassroom.php\n\n禪門故事-第三堂-1/8\nhttp://www.youtube.com/watch?v=jfhiDWdb4Mo&list=SP920B02580F01A4BD&index=1\n禪門故事-第三堂-2/8\nhttp://www.youtube.com/watch?v=F436kFOz2rY&list=SP920B02580F01A4BD&index=2\n禪門故事-第三堂-3/8\nhttp://www.youtube.com/watch?v=10SAyGI_HK8&list=SP920B02580F01A4BD&index=3\n禪門故事-第三堂-4/8\nhttp://www.youtube.com/watch?v=xQbTTK66gmc&list=SP920B02580F01A4BD&index=4\n禪門故事-第三堂-5/8\nhttp://www.youtube.com/watch?v=12PlgoZQDi0&list=SP920B02580F01A4BD&index=5\n禪門故事-第三堂-6/8\nhttp://www.youtube.com/watch?v=TPL254KK4qw&list=SP920B02580F01A4BD&index=6\n禪門故事-第三堂-7/8\nhttp://www.youtube.com/watch?v=sWoWY-tr0XY&list=SP920B02580F01A4BD&index=7\n禪門故事-第三堂-8/8\nhttp://www.youtube.com/watch?v=zwngZwnqbTA&list=SP920B02580F01A4BD&index=8\n\n禪門故事-第四堂-1/10\nhttp://www.youtube.com/watch?v=BtePpvKwNKI&list=SPD55994126F1C0FBD&index=1\n禪門故事-第四堂-2/10\nhttp://www.youtube.com/watch?v=0uySWjF9Rtc&list=SPD55994126F1C0FBD&index=2\n禪門故事-第四堂-3/10\nhttp://www.youtube.com/watch?v=ZrkNVBm55N4&list=SPD55994126F1C0FBD&index=3\n禪門故事-第四堂-4/10\nhttp://www.youtube.com/watch?v=wSerVQy9gj0&list=SPD55994126F1C0FBD&index=4\n禪門故事-第四堂-5/10\nhttp://www.youtube.com/watch?v=Bbvsx6RT5_c&list=SPD55994126F1C0FBD&index=5\n禪門故事-第四堂-6/10\nhttp://www.youtube.com/watch?v=mbTtiAYYsO4&list=SPD55994126F1C0FBD&index=6\n禪門故事-第四堂-7/10\nhttp://www.youtube.com/watch?v=cR7EpPHpP0I&list=SPD55994126F1C0FBD&index=7\n禪門故事-第四堂-8/10\nhttp://www.youtube.com/watch?v=SGWHiXXz7hs&list=SPD55994126F1C0FBD&index=8\n禪門故事-第四堂-9/10\nhttp://www.youtube.com/watch?v=sRIMAPKtKIA&list=SPD55994126F1C0FBD&index=9\n禪門故事-第四堂-10/10\nhttp://www.youtube.com/watch?v=kKLjSHngKXM&list=SPD55994126F1C0FBD&index=10\n禪門故事-第四堂-1/10');
INSERT INTO videos(vid, pid, title, description) VALUES('10SAyGI_HK8', 'PLDuDoO_3m4cbRpr97g6k6Y1JdQWQZGP2Z', '禪門故事-第三堂-3/8', '放下！放下！不是口說放下就能放下，「說時似悟，對境生迷」要怎麼放？如何覺？讓禪門祖師告訴您。參話頭「得力處乃是省力處」，大慧宗杲「無」字話頭，百應百驗，單刀直入，直探心源，話頭禪帶您找到修行的省力處。臨濟問黃檗，如何是佛法的大意？如此三問，三度被打。馬祖一喝，使百丈耳聾三日而得傳授心印。\n\n「法鼓講堂」每周三晚間7：00~9：00\n網路直播：http://www.dharmaschool.com/ddm_max/liveclass/liveclassroom.php\n\n禪門故事-第三堂-1/8\nhttp://www.youtube.com/watch?v=jfhiDWdb4Mo&list=SP920B02580F01A4BD&index=1\n禪門故事-第三堂-2/8\nhttp://www.youtube.com/watch?v=F436kFOz2rY&list=SP920B02580F01A4BD&index=2\n禪門故事-第三堂-3/8\nhttp://www.youtube.com/watch?v=10SAyGI_HK8&list=SP920B02580F01A4BD&index=3\n禪門故事-第三堂-4/8\nhttp://www.youtube.com/watch?v=xQbTTK66gmc&list=SP920B02580F01A4BD&index=4\n禪門故事-第三堂-5/8\nhttp://www.youtube.com/watch?v=12PlgoZQDi0&list=SP920B02580F01A4BD&index=5\n禪門故事-第三堂-6/8\nhttp://www.youtube.com/watch?v=TPL254KK4qw&list=SP920B02580F01A4BD&index=6\n禪門故事-第三堂-7/8\nhttp://www.youtube.com/watch?v=sWoWY-tr0XY&list=SP920B02580F01A4BD&index=7\n禪門故事-第三堂-8/8\nhttp://www.youtube.com/watch?v=zwngZwnqbTA&list=SP920B02580F01A4BD&index=8\n\n禪門故事-第四堂-1/10\nhttp://www.youtube.com/watch?v=BtePpvKwNKI&list=SPD55994126F1C0FBD&index=1\n禪門故事-第四堂-2/10\nhttp://www.youtube.com/watch?v=0uySWjF9Rtc&list=SPD55994126F1C0FBD&index=2\n禪門故事-第四堂-3/10\nhttp://www.youtube.com/watch?v=ZrkNVBm55N4&list=SPD55994126F1C0FBD&index=3\n禪門故事-第四堂-4/10\nhttp://www.youtube.com/watch?v=wSerVQy9gj0&list=SPD55994126F1C0FBD&index=4\n禪門故事-第四堂-5/10\nhttp://www.youtube.com/watch?v=Bbvsx6RT5_c&list=SPD55994126F1C0FBD&index=5\n禪門故事-第四堂-6/10\nhttp://www.youtube.com/watch?v=mbTtiAYYsO4&list=SPD55994126F1C0FBD&index=6\n禪門故事-第四堂-7/10\nhttp://www.youtube.com/watch?v=cR7EpPHpP0I&list=SPD55994126F1C0FBD&index=7\n禪門故事-第四堂-8/10\nhttp://www.youtube.com/watch?v=SGWHiXXz7hs&list=SPD55994126F1C0FBD&index=8\n禪門故事-第四堂-9/10\nhttp://www.youtube.com/watch?v=sRIMAPKtKIA&list=SPD55994126F1C0FBD&index=9\n禪門故事-第四堂-10/10\nhttp://www.youtube.com/watch?v=kKLjSHngKXM&list=SPD55994126F1C0FBD&index=10\n禪門故事-第四堂-1/10');
INSERT INTO videos(vid, pid, title, description) VALUES('xQbTTK66gmc', 'PLDuDoO_3m4cbRpr97g6k6Y1JdQWQZGP2Z', '禪門故事-第三堂-4/8', '放下！放下！不是口說放下就能放下，「說時似悟，對境生迷」要怎麼放？如何覺？讓禪門祖師告訴您。參話頭「得力處乃是省力處」，大慧宗杲「無」字話頭，百應百驗，單刀直入，直探心源，話頭禪帶您找到修行的省力處。臨濟問黃檗，如何是佛法的大意？如此三問，三度被打。馬祖一喝，使百丈耳聾三日而得傳授心印。\n\n「法鼓講堂」每周三晚間7：00~9：00\n網路直播：http://www.dharmaschool.com/ddm_max/liveclass/liveclassroom.php\n\n禪門故事-第三堂-1/8\nhttp://www.youtube.com/watch?v=jfhiDWdb4Mo&list=SP920B02580F01A4BD&index=1\n禪門故事-第三堂-2/8\nhttp://www.youtube.com/watch?v=F436kFOz2rY&list=SP920B02580F01A4BD&index=2\n禪門故事-第三堂-3/8\nhttp://www.youtube.com/watch?v=10SAyGI_HK8&list=SP920B02580F01A4BD&index=3\n禪門故事-第三堂-4/8\nhttp://www.youtube.com/watch?v=xQbTTK66gmc&list=SP920B02580F01A4BD&index=4\n禪門故事-第三堂-5/8\nhttp://www.youtube.com/watch?v=12PlgoZQDi0&list=SP920B02580F01A4BD&index=5\n禪門故事-第三堂-6/8\nhttp://www.youtube.com/watch?v=TPL254KK4qw&list=SP920B02580F01A4BD&index=6\n禪門故事-第三堂-7/8\nhttp://www.youtube.com/watch?v=sWoWY-tr0XY&list=SP920B02580F01A4BD&index=7\n禪門故事-第三堂-8/8\nhttp://www.youtube.com/watch?v=zwngZwnqbTA&list=SP920B02580F01A4BD&index=8\n\n禪門故事-第四堂-1/10\nhttp://www.youtube.com/watch?v=BtePpvKwNKI&list=SPD55994126F1C0FBD&index=1\n禪門故事-第四堂-2/10\nhttp://www.youtube.com/watch?v=0uySWjF9Rtc&list=SPD55994126F1C0FBD&index=2\n禪門故事-第四堂-3/10\nhttp://www.youtube.com/watch?v=ZrkNVBm55N4&list=SPD55994126F1C0FBD&index=3\n禪門故事-第四堂-4/10\nhttp://www.youtube.com/watch?v=wSerVQy9gj0&list=SPD55994126F1C0FBD&index=4\n禪門故事-第四堂-5/10\nhttp://www.youtube.com/watch?v=Bbvsx6RT5_c&list=SPD55994126F1C0FBD&index=5\n禪門故事-第四堂-6/10\nhttp://www.youtube.com/watch?v=mbTtiAYYsO4&list=SPD55994126F1C0FBD&index=6\n禪門故事-第四堂-7/10\nhttp://www.youtube.com/watch?v=cR7EpPHpP0I&list=SPD55994126F1C0FBD&index=7\n禪門故事-第四堂-8/10\nhttp://www.youtube.com/watch?v=SGWHiXXz7hs&list=SPD55994126F1C0FBD&index=8\n禪門故事-第四堂-9/10\nhttp://www.youtube.com/watch?v=sRIMAPKtKIA&list=SPD55994126F1C0FBD&index=9\n禪門故事-第四堂-10/10\nhttp://www.youtube.com/watch?v=kKLjSHngKXM&list=SPD55994126F1C0FBD&index=10\n禪門故事-第四堂-1/10');
INSERT INTO videos(vid, pid, title, description) VALUES('12PlgoZQDi0', 'PLDuDoO_3m4cbRpr97g6k6Y1JdQWQZGP2Z', '禪門故事-第三堂-5/8', '放下！放下！不是口說放下就能放下，「說時似悟，對境生迷」要怎麼放？如何覺？讓禪門祖師告訴您。參話頭「得力處乃是省力處」，大慧宗杲「無」字話頭，百應百驗，單刀直入，直探心源，話頭禪帶您找到修行的省力處。臨濟問黃檗，如何是佛法的大意？如此三問，三度被打。馬祖一喝，使百丈耳聾三日而得傳授心印。\n\n「法鼓講堂」每周三晚間7：00~9：00\n網路直播：http://www.dharmaschool.com/ddm_max/liveclass/liveclassroom.php\n\n禪門故事-第三堂-1/8\nhttp://www.youtube.com/watch?v=jfhiDWdb4Mo&list=SP920B02580F01A4BD&index=1\n禪門故事-第三堂-2/8\nhttp://www.youtube.com/watch?v=F436kFOz2rY&list=SP920B02580F01A4BD&index=2\n禪門故事-第三堂-3/8\nhttp://www.youtube.com/watch?v=10SAyGI_HK8&list=SP920B02580F01A4BD&index=3\n禪門故事-第三堂-4/8\nhttp://www.youtube.com/watch?v=xQbTTK66gmc&list=SP920B02580F01A4BD&index=4\n禪門故事-第三堂-5/8\nhttp://www.youtube.com/watch?v=12PlgoZQDi0&list=SP920B02580F01A4BD&index=5\n禪門故事-第三堂-6/8\nhttp://www.youtube.com/watch?v=TPL254KK4qw&list=SP920B02580F01A4BD&index=6\n禪門故事-第三堂-7/8\nhttp://www.youtube.com/watch?v=sWoWY-tr0XY&list=SP920B02580F01A4BD&index=7\n禪門故事-第三堂-8/8\nhttp://www.youtube.com/watch?v=zwngZwnqbTA&list=SP920B02580F01A4BD&index=8\n\n禪門故事-第四堂-1/10\nhttp://www.youtube.com/watch?v=BtePpvKwNKI&list=SPD55994126F1C0FBD&index=1\n禪門故事-第四堂-2/10\nhttp://www.youtube.com/watch?v=0uySWjF9Rtc&list=SPD55994126F1C0FBD&index=2\n禪門故事-第四堂-3/10\nhttp://www.youtube.com/watch?v=ZrkNVBm55N4&list=SPD55994126F1C0FBD&index=3\n禪門故事-第四堂-4/10\nhttp://www.youtube.com/watch?v=wSerVQy9gj0&list=SPD55994126F1C0FBD&index=4\n禪門故事-第四堂-5/10\nhttp://www.youtube.com/watch?v=Bbvsx6RT5_c&list=SPD55994126F1C0FBD&index=5\n禪門故事-第四堂-6/10\nhttp://www.youtube.com/watch?v=mbTtiAYYsO4&list=SPD55994126F1C0FBD&index=6\n禪門故事-第四堂-7/10\nhttp://www.youtube.com/watch?v=cR7EpPHpP0I&list=SPD55994126F1C0FBD&index=7\n禪門故事-第四堂-8/10\nhttp://www.youtube.com/watch?v=SGWHiXXz7hs&list=SPD55994126F1C0FBD&index=8\n禪門故事-第四堂-9/10\nhttp://www.youtube.com/watch?v=sRIMAPKtKIA&list=SPD55994126F1C0FBD&index=9\n禪門故事-第四堂-10/10\nhttp://www.youtube.com/watch?v=kKLjSHngKXM&list=SPD55994126F1C0FBD&index=10\n禪門故事-第四堂-1/10');
INSERT INTO videos(vid, pid, title, description) VALUES('TPL254KK4qw', 'PLDuDoO_3m4cbRpr97g6k6Y1JdQWQZGP2Z', '禪門故事-第三堂-6/8', '放下！放下！不是口說放下就能放下，「說時似悟，對境生迷」要怎麼放？如何覺？讓禪門祖師告訴您。參話頭「得力處乃是省力處」，大慧宗杲「無」字話頭，百應百驗，單刀直入，直探心源，話頭禪帶您找到修行的省力處。臨濟問黃檗，如何是佛法的大意？如此三問，三度被打。馬祖一喝，使百丈耳聾三日而得傳授心印。\n\n「法鼓講堂」每周三晚間7：00~9：00\n網路直播：http://www.dharmaschool.com/ddm_max/liveclass/liveclassroom.php\n\n禪門故事-第三堂-1/8\nhttp://www.youtube.com/watch?v=jfhiDWdb4Mo&list=SP920B02580F01A4BD&index=1\n禪門故事-第三堂-2/8\nhttp://www.youtube.com/watch?v=F436kFOz2rY&list=SP920B02580F01A4BD&index=2\n禪門故事-第三堂-3/8\nhttp://www.youtube.com/watch?v=10SAyGI_HK8&list=SP920B02580F01A4BD&index=3\n禪門故事-第三堂-4/8\nhttp://www.youtube.com/watch?v=xQbTTK66gmc&list=SP920B02580F01A4BD&index=4\n禪門故事-第三堂-5/8\nhttp://www.youtube.com/watch?v=12PlgoZQDi0&list=SP920B02580F01A4BD&index=5\n禪門故事-第三堂-6/8\nhttp://www.youtube.com/watch?v=TPL254KK4qw&list=SP920B02580F01A4BD&index=6\n禪門故事-第三堂-7/8\nhttp://www.youtube.com/watch?v=sWoWY-tr0XY&list=SP920B02580F01A4BD&index=7\n禪門故事-第三堂-8/8\nhttp://www.youtube.com/watch?v=zwngZwnqbTA&list=SP920B02580F01A4BD&index=8\n\n禪門故事-第四堂-1/10\nhttp://www.youtube.com/watch?v=BtePpvKwNKI&list=SPD55994126F1C0FBD&index=1\n禪門故事-第四堂-2/10\nhttp://www.youtube.com/watch?v=0uySWjF9Rtc&list=SPD55994126F1C0FBD&index=2\n禪門故事-第四堂-3/10\nhttp://www.youtube.com/watch?v=ZrkNVBm55N4&list=SPD55994126F1C0FBD&index=3\n禪門故事-第四堂-4/10\nhttp://www.youtube.com/watch?v=wSerVQy9gj0&list=SPD55994126F1C0FBD&index=4\n禪門故事-第四堂-5/10\nhttp://www.youtube.com/watch?v=Bbvsx6RT5_c&list=SPD55994126F1C0FBD&index=5\n禪門故事-第四堂-6/10\nhttp://www.youtube.com/watch?v=mbTtiAYYsO4&list=SPD55994126F1C0FBD&index=6\n禪門故事-第四堂-7/10\nhttp://www.youtube.com/watch?v=cR7EpPHpP0I&list=SPD55994126F1C0FBD&index=7\n禪門故事-第四堂-8/10\nhttp://www.youtube.com/watch?v=SGWHiXXz7hs&list=SPD55994126F1C0FBD&index=8\n禪門故事-第四堂-9/10\nhttp://www.youtube.com/watch?v=sRIMAPKtKIA&list=SPD55994126F1C0FBD&index=9\n禪門故事-第四堂-10/10\nhttp://www.youtube.com/watch?v=kKLjSHngKXM&list=SPD55994126F1C0FBD&index=10\n禪門故事-第四堂-1/10');
INSERT INTO videos(vid, pid, title, description) VALUES('sWoWY-tr0XY', 'PLDuDoO_3m4cbRpr97g6k6Y1JdQWQZGP2Z', '禪門故事-第三堂-7/8', '放下！放下！不是口說放下就能放下，「說時似悟，對境生迷」要怎麼放？如何覺？讓禪門祖師告訴您。參話頭「得力處乃是省力處」，大慧宗杲「無」字話頭，百應百驗，單刀直入，直探心源，話頭禪帶您找到修行的省力處。臨濟問黃檗，如何是佛法的大意？如此三問，三度被打。馬祖一喝，使百丈耳聾三日而得傳授心印。\n\n「法鼓講堂」每周三晚間7：00~9：00\n網路直播：http://www.dharmaschool.com/ddm_max/liveclass/liveclassroom.php\n\n禪門故事-第三堂-1/8\nhttp://www.youtube.com/watch?v=jfhiDWdb4Mo&list=SP920B02580F01A4BD&index=1\n禪門故事-第三堂-2/8\nhttp://www.youtube.com/watch?v=F436kFOz2rY&list=SP920B02580F01A4BD&index=2\n禪門故事-第三堂-3/8\nhttp://www.youtube.com/watch?v=10SAyGI_HK8&list=SP920B02580F01A4BD&index=3\n禪門故事-第三堂-4/8\nhttp://www.youtube.com/watch?v=xQbTTK66gmc&list=SP920B02580F01A4BD&index=4\n禪門故事-第三堂-5/8\nhttp://www.youtube.com/watch?v=12PlgoZQDi0&list=SP920B02580F01A4BD&index=5\n禪門故事-第三堂-6/8\nhttp://www.youtube.com/watch?v=TPL254KK4qw&list=SP920B02580F01A4BD&index=6\n禪門故事-第三堂-7/8\nhttp://www.youtube.com/watch?v=sWoWY-tr0XY&list=SP920B02580F01A4BD&index=7\n禪門故事-第三堂-8/8\nhttp://www.youtube.com/watch?v=zwngZwnqbTA&list=SP920B02580F01A4BD&index=8\n\n禪門故事-第四堂-1/10\nhttp://www.youtube.com/watch?v=BtePpvKwNKI&list=SPD55994126F1C0FBD&index=1\n禪門故事-第四堂-2/10\nhttp://www.youtube.com/watch?v=0uySWjF9Rtc&list=SPD55994126F1C0FBD&index=2\n禪門故事-第四堂-3/10\nhttp://www.youtube.com/watch?v=ZrkNVBm55N4&list=SPD55994126F1C0FBD&index=3\n禪門故事-第四堂-4/10\nhttp://www.youtube.com/watch?v=wSerVQy9gj0&list=SPD55994126F1C0FBD&index=4\n禪門故事-第四堂-5/10\nhttp://www.youtube.com/watch?v=Bbvsx6RT5_c&list=SPD55994126F1C0FBD&index=5\n禪門故事-第四堂-6/10\nhttp://www.youtube.com/watch?v=mbTtiAYYsO4&list=SPD55994126F1C0FBD&index=6\n禪門故事-第四堂-7/10\nhttp://www.youtube.com/watch?v=cR7EpPHpP0I&list=SPD55994126F1C0FBD&index=7\n禪門故事-第四堂-8/10\nhttp://www.youtube.com/watch?v=SGWHiXXz7hs&list=SPD55994126F1C0FBD&index=8\n禪門故事-第四堂-9/10\nhttp://www.youtube.com/watch?v=sRIMAPKtKIA&list=SPD55994126F1C0FBD&index=9\n禪門故事-第四堂-10/10\nhttp://www.youtube.com/watch?v=kKLjSHngKXM&list=SPD55994126F1C0FBD&index=10\n禪門故事-第四堂-1/10');
INSERT INTO videos(vid, pid, title, description) VALUES('zwngZwnqbTA', 'PLDuDoO_3m4cbRpr97g6k6Y1JdQWQZGP2Z', '禪門故事-第三堂-8/8', '放下！放下！不是口說放下就能放下，「說時似悟，對境生迷」要怎麼放？如何覺？讓禪門祖師告訴您。參話頭「得力處乃是省力處」，大慧宗杲「無」字話頭，百應百驗，單刀直入，直探心源，話頭禪帶您找到修行的省力處。臨濟問黃檗，如何是佛法的大意？如此三問，三度被打。馬祖一喝，使百丈耳聾三日而得傳授心印。\n\n「法鼓講堂」每周三晚間7：00~9：00\n網路直播：http://www.dharmaschool.com/ddm_max/liveclass/liveclassroom.php\n\n禪門故事-第三堂-1/8\nhttp://www.youtube.com/watch?v=jfhiDWdb4Mo&list=SP920B02580F01A4BD&index=1\n禪門故事-第三堂-2/8\nhttp://www.youtube.com/watch?v=F436kFOz2rY&list=SP920B02580F01A4BD&index=2\n禪門故事-第三堂-3/8\nhttp://www.youtube.com/watch?v=10SAyGI_HK8&list=SP920B02580F01A4BD&index=3\n禪門故事-第三堂-4/8\nhttp://www.youtube.com/watch?v=xQbTTK66gmc&list=SP920B02580F01A4BD&index=4\n禪門故事-第三堂-5/8\nhttp://www.youtube.com/watch?v=12PlgoZQDi0&list=SP920B02580F01A4BD&index=5\n禪門故事-第三堂-6/8\nhttp://www.youtube.com/watch?v=TPL254KK4qw&list=SP920B02580F01A4BD&index=6\n禪門故事-第三堂-7/8\nhttp://www.youtube.com/watch?v=sWoWY-tr0XY&list=SP920B02580F01A4BD&index=7\n禪門故事-第三堂-8/8\nhttp://www.youtube.com/watch?v=zwngZwnqbTA&list=SP920B02580F01A4BD&index=8\n\n禪門故事-第四堂-1/10\nhttp://www.youtube.com/watch?v=BtePpvKwNKI&list=SPD55994126F1C0FBD&index=1\n禪門故事-第四堂-2/10\nhttp://www.youtube.com/watch?v=0uySWjF9Rtc&list=SPD55994126F1C0FBD&index=2\n禪門故事-第四堂-3/10\nhttp://www.youtube.com/watch?v=ZrkNVBm55N4&list=SPD55994126F1C0FBD&index=3\n禪門故事-第四堂-4/10\nhttp://www.youtube.com/watch?v=wSerVQy9gj0&list=SPD55994126F1C0FBD&index=4\n禪門故事-第四堂-5/10\nhttp://www.youtube.com/watch?v=Bbvsx6RT5_c&list=SPD55994126F1C0FBD&index=5\n禪門故事-第四堂-6/10\nhttp://www.youtube.com/watch?v=mbTtiAYYsO4&list=SPD55994126F1C0FBD&index=6\n禪門故事-第四堂-7/10\nhttp://www.youtube.com/watch?v=cR7EpPHpP0I&list=SPD55994126F1C0FBD&index=7\n禪門故事-第四堂-8/10\nhttp://www.youtube.com/watch?v=SGWHiXXz7hs&list=SPD55994126F1C0FBD&index=8\n禪門故事-第四堂-9/10\nhttp://www.youtube.com/watch?v=sRIMAPKtKIA&list=SPD55994126F1C0FBD&index=9\n禪門故事-第四堂-10/10\nhttp://www.youtube.com/watch?v=kKLjSHngKXM&list=SPD55994126F1C0FBD&index=10\n禪門故事-第四堂-1/10');
INSERT INTO videos(vid, pid, title, description) VALUES('BtePpvKwNKI', 'PLDuDoO_3m4cbRpr97g6k6Y1JdQWQZGP2Z', '禪門故事-第四堂-1/10', '有些人以為，念佛是淨土法門，禪是禪門功夫，兩者似乎是分離的。 其實自古以來，禪宗一向不僅參禪也念佛，念佛禪更是漢傳禪法中的一大特色。上溯四祖道信禪師、宋朝力倡禪淨雙修的永明延壽，許多禪師也修念佛法門。聖嚴師父說：「念佛若能從「事持」進入「理持」，就與禪宗的開悟完全相同， 在念佛的當下，見到自心淨土及自性彌陀，就能心淨國土淨而體現人間淨土。」敬請把握禪門故事最後一講課程，將告訴您什麼是「禪淨一如」。\n\n「法鼓講堂」每周三晚間7：00~9：00\n網路直播：http://www.dharmaschool.com/ddm_max/liveclass/liveclassroom.php\n\n禪門故事-第三堂-1/8\nhttp://www.youtube.com/watch?v=jfhiDWdb4Mo&list=SP920B02580F01A4BD&index=1\n禪門故事-第三堂-2/8\nhttp://www.youtube.com/watch?v=F436kFOz2rY&list=SP920B02580F01A4BD&index=2\n禪門故事-第三堂-3/8\nhttp://www.youtube.com/watch?v=10SAyGI_HK8&list=SP920B02580F01A4BD&index=3\n禪門故事-第三堂-4/8\nhttp://www.youtube.com/watch?v=xQbTTK66gmc&list=SP920B02580F01A4BD&index=4\n禪門故事-第三堂-5/8\nhttp://www.youtube.com/watch?v=12PlgoZQDi0&list=SP920B02580F01A4BD&index=5\n禪門故事-第三堂-6/8\nhttp://www.youtube.com/watch?v=TPL254KK4qw&list=SP920B02580F01A4BD&index=6\n禪門故事-第三堂-7/8\nhttp://www.youtube.com/watch?v=sWoWY-tr0XY&list=SP920B02580F01A4BD&index=7\n禪門故事-第三堂-8/8\nhttp://www.youtube.com/watch?v=zwngZwnqbTA&list=SP920B02580F01A4BD&index=8\n\n禪門故事-第四堂-1/10\nhttp://www.youtube.com/watch?v=BtePpvKwNKI&list=SPD55994126F1C0FBD&index=1\n禪門故事-第四堂-2/10\nhttp://www.youtube.com/watch?v=0uySWjF9Rtc&list=SPD55994126F1C0FBD&index=2\n禪門故事-第四堂-3/10\nhttp://www.youtube.com/watch?v=ZrkNVBm55N4&list=SPD55994126F1C0FBD&index=3\n禪門故事-第四堂-4/10\nhttp://www.youtube.com/watch?v=wSerVQy9gj0&list=SPD55994126F1C0FBD&index=4\n禪門故事-第四堂-5/10\nhttp://www.youtube.com/watch?v=Bbvsx6RT5_c&list=SPD55994126F1C0FBD&index=5\n禪門故事-第四堂-6/10\nhttp://www.youtube.com/watch?v=mbTtiAYYsO4&list=SPD55994126F1C0FBD&index=6\n禪門故事-第四堂-7/10\nhttp://www.youtube.com/watch?v=cR7EpPHpP0I&list=SPD55994126F1C0FBD&index=7\n禪門故事-第四堂-8/10\nhttp://www.youtube.com/watch?v=SGWHiXXz7hs&list=SPD55994126F1C0FBD&index=8\n禪門故事-第四堂-9/10\nhttp://www.youtube.com/watch?v=sRIMAPKtKIA&list=SPD55994126F1C0FBD&index=9\n禪門故事-第四堂-10/10\nhttp://www.youtube.com/watch?v=kKLjSHngKXM&list=SPD55994126F1C0FBD&index=10\n禪門故事-第四堂-1/10');
INSERT INTO videos(vid, pid, title, description) VALUES('0uySWjF9Rtc', 'PLDuDoO_3m4cbRpr97g6k6Y1JdQWQZGP2Z', '禪門故事-第四堂-2/10', '有些人以為，念佛是淨土法門，禪是禪門功夫，兩者似乎是分離的。 其實自古以來，禪宗一向不僅參禪也念佛，念佛禪更是漢傳禪法中的一大特色。上溯四祖道信禪師、宋朝力倡禪淨雙修的永明延壽，許多禪師也修念佛法門。聖嚴師父說：「念佛若能從「事持」進入「理持」，就與禪宗的開悟完全相同， 在念佛的當下，見到自心淨土及自性彌陀，就能心淨國土淨而體現人間淨土。」敬請把握禪門故事最後一講課程，將告訴您什麼是「禪淨一如」。\n\n「法鼓講堂」每周三晚間7：00~9：00\n網路直播：http://www.dharmaschool.com/ddm_max/liveclass/liveclassroom.php\n\n禪門故事-第三堂-1/8\nhttp://www.youtube.com/watch?v=jfhiDWdb4Mo&list=SP920B02580F01A4BD&index=1\n禪門故事-第三堂-2/8\nhttp://www.youtube.com/watch?v=F436kFOz2rY&list=SP920B02580F01A4BD&index=2\n禪門故事-第三堂-3/8\nhttp://www.youtube.com/watch?v=10SAyGI_HK8&list=SP920B02580F01A4BD&index=3\n禪門故事-第三堂-4/8\nhttp://www.youtube.com/watch?v=xQbTTK66gmc&list=SP920B02580F01A4BD&index=4\n禪門故事-第三堂-5/8\nhttp://www.youtube.com/watch?v=12PlgoZQDi0&list=SP920B02580F01A4BD&index=5\n禪門故事-第三堂-6/8\nhttp://www.youtube.com/watch?v=TPL254KK4qw&list=SP920B02580F01A4BD&index=6\n禪門故事-第三堂-7/8\nhttp://www.youtube.com/watch?v=sWoWY-tr0XY&list=SP920B02580F01A4BD&index=7\n禪門故事-第三堂-8/8\nhttp://www.youtube.com/watch?v=zwngZwnqbTA&list=SP920B02580F01A4BD&index=8\n\n禪門故事-第四堂-1/10\nhttp://www.youtube.com/watch?v=BtePpvKwNKI&list=SPD55994126F1C0FBD&index=1\n禪門故事-第四堂-2/10\nhttp://www.youtube.com/watch?v=0uySWjF9Rtc&list=SPD55994126F1C0FBD&index=2\n禪門故事-第四堂-3/10\nhttp://www.youtube.com/watch?v=ZrkNVBm55N4&list=SPD55994126F1C0FBD&index=3\n禪門故事-第四堂-4/10\nhttp://www.youtube.com/watch?v=wSerVQy9gj0&list=SPD55994126F1C0FBD&index=4\n禪門故事-第四堂-5/10\nhttp://www.youtube.com/watch?v=Bbvsx6RT5_c&list=SPD55994126F1C0FBD&index=5\n禪門故事-第四堂-6/10\nhttp://www.youtube.com/watch?v=mbTtiAYYsO4&list=SPD55994126F1C0FBD&index=6\n禪門故事-第四堂-7/10\nhttp://www.youtube.com/watch?v=cR7EpPHpP0I&list=SPD55994126F1C0FBD&index=7\n禪門故事-第四堂-8/10\nhttp://www.youtube.com/watch?v=SGWHiXXz7hs&list=SPD55994126F1C0FBD&index=8\n禪門故事-第四堂-9/10\nhttp://www.youtube.com/watch?v=sRIMAPKtKIA&list=SPD55994126F1C0FBD&index=9\n禪門故事-第四堂-10/10\nhttp://www.youtube.com/watch?v=kKLjSHngKXM&list=SPD55994126F1C0FBD&index=10\n禪門故事-第四堂-1/10');
INSERT INTO videos(vid, pid, title, description) VALUES('ZrkNVBm55N4', 'PLDuDoO_3m4cbRpr97g6k6Y1JdQWQZGP2Z', '禪門故事-第四堂-3/10', '有些人以為，念佛是淨土法門，禪是禪門功夫，兩者似乎是分離的。 其實自古以來，禪宗一向不僅參禪也念佛，念佛禪更是漢傳禪法中的一大特色。上溯四祖道信禪師、宋朝力倡禪淨雙修的永明延壽，許多禪師也修念佛法門。聖嚴師父說：「念佛若能從「事持」進入「理持」，就與禪宗的開悟完全相同， 在念佛的當下，見到自心淨土及自性彌陀，就能心淨國土淨而體現人間淨土。」敬請把握禪門故事最後一講課程，將告訴您什麼是「禪淨一如」。\n\n「法鼓講堂」每周三晚間7：00~9：00\n網路直播：http://www.dharmaschool.com/ddm_max/liveclass/liveclassroom.php\n\n禪門故事-第三堂-1/8\nhttp://www.youtube.com/watch?v=jfhiDWdb4Mo&list=SP920B02580F01A4BD&index=1\n禪門故事-第三堂-2/8\nhttp://www.youtube.com/watch?v=F436kFOz2rY&list=SP920B02580F01A4BD&index=2\n禪門故事-第三堂-3/8\nhttp://www.youtube.com/watch?v=10SAyGI_HK8&list=SP920B02580F01A4BD&index=3\n禪門故事-第三堂-4/8\nhttp://www.youtube.com/watch?v=xQbTTK66gmc&list=SP920B02580F01A4BD&index=4\n禪門故事-第三堂-5/8\nhttp://www.youtube.com/watch?v=12PlgoZQDi0&list=SP920B02580F01A4BD&index=5\n禪門故事-第三堂-6/8\nhttp://www.youtube.com/watch?v=TPL254KK4qw&list=SP920B02580F01A4BD&index=6\n禪門故事-第三堂-7/8\nhttp://www.youtube.com/watch?v=sWoWY-tr0XY&list=SP920B02580F01A4BD&index=7\n禪門故事-第三堂-8/8\nhttp://www.youtube.com/watch?v=zwngZwnqbTA&list=SP920B02580F01A4BD&index=8\n\n禪門故事-第四堂-1/10\nhttp://www.youtube.com/watch?v=BtePpvKwNKI&list=SPD55994126F1C0FBD&index=1\n禪門故事-第四堂-2/10\nhttp://www.youtube.com/watch?v=0uySWjF9Rtc&list=SPD55994126F1C0FBD&index=2\n禪門故事-第四堂-3/10\nhttp://www.youtube.com/watch?v=ZrkNVBm55N4&list=SPD55994126F1C0FBD&index=3\n禪門故事-第四堂-4/10\nhttp://www.youtube.com/watch?v=wSerVQy9gj0&list=SPD55994126F1C0FBD&index=4\n禪門故事-第四堂-5/10\nhttp://www.youtube.com/watch?v=Bbvsx6RT5_c&list=SPD55994126F1C0FBD&index=5\n禪門故事-第四堂-6/10\nhttp://www.youtube.com/watch?v=mbTtiAYYsO4&list=SPD55994126F1C0FBD&index=6\n禪門故事-第四堂-7/10\nhttp://www.youtube.com/watch?v=cR7EpPHpP0I&list=SPD55994126F1C0FBD&index=7\n禪門故事-第四堂-8/10\nhttp://www.youtube.com/watch?v=SGWHiXXz7hs&list=SPD55994126F1C0FBD&index=8\n禪門故事-第四堂-9/10\nhttp://www.youtube.com/watch?v=sRIMAPKtKIA&list=SPD55994126F1C0FBD&index=9\n禪門故事-第四堂-10/10\nhttp://www.youtube.com/watch?v=kKLjSHngKXM&list=SPD55994126F1C0FBD&index=10\n禪門故事-第四堂-1/10');
INSERT INTO videos(vid, pid, title, description) VALUES('wSerVQy9gj0', 'PLDuDoO_3m4cbRpr97g6k6Y1JdQWQZGP2Z', '禪門故事-第四堂-4/10', '有些人以為，念佛是淨土法門，禪是禪門功夫，兩者似乎是分離的。 其實自古以來，禪宗一向不僅參禪也念佛，念佛禪更是漢傳禪法中的一大特色。上溯四祖道信禪師、宋朝力倡禪淨雙修的永明延壽，許多禪師也修念佛法門。聖嚴師父說：「念佛若能從「事持」進入「理持」，就與禪宗的開悟完全相同， 在念佛的當下，見到自心淨土及自性彌陀，就能心淨國土淨而體現人間淨土。」敬請把握禪門故事最後一講課程，將告訴您什麼是「禪淨一如」。\n\n「法鼓講堂」每周三晚間7：00~9：00\n網路直播：http://www.dharmaschool.com/ddm_max/liveclass/liveclassroom.php\n\n禪門故事-第三堂-1/8\nhttp://www.youtube.com/watch?v=jfhiDWdb4Mo&list=SP920B02580F01A4BD&index=1\n禪門故事-第三堂-2/8\nhttp://www.youtube.com/watch?v=F436kFOz2rY&list=SP920B02580F01A4BD&index=2\n禪門故事-第三堂-3/8\nhttp://www.youtube.com/watch?v=10SAyGI_HK8&list=SP920B02580F01A4BD&index=3\n禪門故事-第三堂-4/8\nhttp://www.youtube.com/watch?v=xQbTTK66gmc&list=SP920B02580F01A4BD&index=4\n禪門故事-第三堂-5/8\nhttp://www.youtube.com/watch?v=12PlgoZQDi0&list=SP920B02580F01A4BD&index=5\n禪門故事-第三堂-6/8\nhttp://www.youtube.com/watch?v=TPL254KK4qw&list=SP920B02580F01A4BD&index=6\n禪門故事-第三堂-7/8\nhttp://www.youtube.com/watch?v=sWoWY-tr0XY&list=SP920B02580F01A4BD&index=7\n禪門故事-第三堂-8/8\nhttp://www.youtube.com/watch?v=zwngZwnqbTA&list=SP920B02580F01A4BD&index=8\n\n禪門故事-第四堂-1/10\nhttp://www.youtube.com/watch?v=BtePpvKwNKI&list=SPD55994126F1C0FBD&index=1\n禪門故事-第四堂-2/10\nhttp://www.youtube.com/watch?v=0uySWjF9Rtc&list=SPD55994126F1C0FBD&index=2\n禪門故事-第四堂-3/10\nhttp://www.youtube.com/watch?v=ZrkNVBm55N4&list=SPD55994126F1C0FBD&index=3\n禪門故事-第四堂-4/10\nhttp://www.youtube.com/watch?v=wSerVQy9gj0&list=SPD55994126F1C0FBD&index=4\n禪門故事-第四堂-5/10\nhttp://www.youtube.com/watch?v=Bbvsx6RT5_c&list=SPD55994126F1C0FBD&index=5\n禪門故事-第四堂-6/10\nhttp://www.youtube.com/watch?v=mbTtiAYYsO4&list=SPD55994126F1C0FBD&index=6\n禪門故事-第四堂-7/10\nhttp://www.youtube.com/watch?v=cR7EpPHpP0I&list=SPD55994126F1C0FBD&index=7\n禪門故事-第四堂-8/10\nhttp://www.youtube.com/watch?v=SGWHiXXz7hs&list=SPD55994126F1C0FBD&index=8\n禪門故事-第四堂-9/10\nhttp://www.youtube.com/watch?v=sRIMAPKtKIA&list=SPD55994126F1C0FBD&index=9\n禪門故事-第四堂-10/10\nhttp://www.youtube.com/watch?v=kKLjSHngKXM&list=SPD55994126F1C0FBD&index=10\n禪門故事-第四堂-1/10');
INSERT INTO videos(vid, pid, title, description) VALUES('Bbvsx6RT5_c', 'PLDuDoO_3m4cbRpr97g6k6Y1JdQWQZGP2Z', '禪門故事-第四堂-5/10', '有些人以為，念佛是淨土法門，禪是禪門功夫，兩者似乎是分離的。 其實自古以來，禪宗一向不僅參禪也念佛，念佛禪更是漢傳禪法中的一大特色。上溯四祖道信禪師、宋朝力倡禪淨雙修的永明延壽，許多禪師也修念佛法門。聖嚴師父說：「念佛若能從「事持」進入「理持」，就與禪宗的開悟完全相同， 在念佛的當下，見到自心淨土及自性彌陀，就能心淨國土淨而體現人間淨土。」敬請把握禪門故事最後一講課程，將告訴您什麼是「禪淨一如」。\n\n「法鼓講堂」每周三晚間7：00~9：00\n網路直播：http://www.dharmaschool.com/ddm_max/liveclass/liveclassroom.php\n\n禪門故事-第三堂-1/8\nhttp://www.youtube.com/watch?v=jfhiDWdb4Mo&list=SP920B02580F01A4BD&index=1\n禪門故事-第三堂-2/8\nhttp://www.youtube.com/watch?v=F436kFOz2rY&list=SP920B02580F01A4BD&index=2\n禪門故事-第三堂-3/8\nhttp://www.youtube.com/watch?v=10SAyGI_HK8&list=SP920B02580F01A4BD&index=3\n禪門故事-第三堂-4/8\nhttp://www.youtube.com/watch?v=xQbTTK66gmc&list=SP920B02580F01A4BD&index=4\n禪門故事-第三堂-5/8\nhttp://www.youtube.com/watch?v=12PlgoZQDi0&list=SP920B02580F01A4BD&index=5\n禪門故事-第三堂-6/8\nhttp://www.youtube.com/watch?v=TPL254KK4qw&list=SP920B02580F01A4BD&index=6\n禪門故事-第三堂-7/8\nhttp://www.youtube.com/watch?v=sWoWY-tr0XY&list=SP920B02580F01A4BD&index=7\n禪門故事-第三堂-8/8\nhttp://www.youtube.com/watch?v=zwngZwnqbTA&list=SP920B02580F01A4BD&index=8\n\n禪門故事-第四堂-1/10\nhttp://www.youtube.com/watch?v=BtePpvKwNKI&list=SPD55994126F1C0FBD&index=1\n禪門故事-第四堂-2/10\nhttp://www.youtube.com/watch?v=0uySWjF9Rtc&list=SPD55994126F1C0FBD&index=2\n禪門故事-第四堂-3/10\nhttp://www.youtube.com/watch?v=ZrkNVBm55N4&list=SPD55994126F1C0FBD&index=3\n禪門故事-第四堂-4/10\nhttp://www.youtube.com/watch?v=wSerVQy9gj0&list=SPD55994126F1C0FBD&index=4\n禪門故事-第四堂-5/10\nhttp://www.youtube.com/watch?v=Bbvsx6RT5_c&list=SPD55994126F1C0FBD&index=5\n禪門故事-第四堂-6/10\nhttp://www.youtube.com/watch?v=mbTtiAYYsO4&list=SPD55994126F1C0FBD&index=6\n禪門故事-第四堂-7/10\nhttp://www.youtube.com/watch?v=cR7EpPHpP0I&list=SPD55994126F1C0FBD&index=7\n禪門故事-第四堂-8/10\nhttp://www.youtube.com/watch?v=SGWHiXXz7hs&list=SPD55994126F1C0FBD&index=8\n禪門故事-第四堂-9/10\nhttp://www.youtube.com/watch?v=sRIMAPKtKIA&list=SPD55994126F1C0FBD&index=9\n禪門故事-第四堂-10/10\nhttp://www.youtube.com/watch?v=kKLjSHngKXM&list=SPD55994126F1C0FBD&index=10\n禪門故事-第四堂-1/10');
INSERT INTO videos(vid, pid, title, description) VALUES('mbTtiAYYsO4', 'PLDuDoO_3m4cbRpr97g6k6Y1JdQWQZGP2Z', '禪門故事-第四堂-6/10', '有些人以為，念佛是淨土法門，禪是禪門功夫，兩者似乎是分離的。 其實自古以來，禪宗一向不僅參禪也念佛，念佛禪更是漢傳禪法中的一大特色。上溯四祖道信禪師、宋朝力倡禪淨雙修的永明延壽，許多禪師也修念佛法門。聖嚴師父說：「念佛若能從「事持」進入「理持」，就與禪宗的開悟完全相同， 在念佛的當下，見到自心淨土及自性彌陀，就能心淨國土淨而體現人間淨土。」敬請把握禪門故事最後一講課程，將告訴您什麼是「禪淨一如」。\n\n「法鼓講堂」每周三晚間7：00~9：00\n網路直播：http://www.dharmaschool.com/ddm_max/liveclass/liveclassroom.php\n\n禪門故事-第三堂-1/8\nhttp://www.youtube.com/watch?v=jfhiDWdb4Mo&list=SP920B02580F01A4BD&index=1\n禪門故事-第三堂-2/8\nhttp://www.youtube.com/watch?v=F436kFOz2rY&list=SP920B02580F01A4BD&index=2\n禪門故事-第三堂-3/8\nhttp://www.youtube.com/watch?v=10SAyGI_HK8&list=SP920B02580F01A4BD&index=3\n禪門故事-第三堂-4/8\nhttp://www.youtube.com/watch?v=xQbTTK66gmc&list=SP920B02580F01A4BD&index=4\n禪門故事-第三堂-5/8\nhttp://www.youtube.com/watch?v=12PlgoZQDi0&list=SP920B02580F01A4BD&index=5\n禪門故事-第三堂-6/8\nhttp://www.youtube.com/watch?v=TPL254KK4qw&list=SP920B02580F01A4BD&index=6\n禪門故事-第三堂-7/8\nhttp://www.youtube.com/watch?v=sWoWY-tr0XY&list=SP920B02580F01A4BD&index=7\n禪門故事-第三堂-8/8\nhttp://www.youtube.com/watch?v=zwngZwnqbTA&list=SP920B02580F01A4BD&index=8\n\n禪門故事-第四堂-1/10\nhttp://www.youtube.com/watch?v=BtePpvKwNKI&list=SPD55994126F1C0FBD&index=1\n禪門故事-第四堂-2/10\nhttp://www.youtube.com/watch?v=0uySWjF9Rtc&list=SPD55994126F1C0FBD&index=2\n禪門故事-第四堂-3/10\nhttp://www.youtube.com/watch?v=ZrkNVBm55N4&list=SPD55994126F1C0FBD&index=3\n禪門故事-第四堂-4/10\nhttp://www.youtube.com/watch?v=wSerVQy9gj0&list=SPD55994126F1C0FBD&index=4\n禪門故事-第四堂-5/10\nhttp://www.youtube.com/watch?v=Bbvsx6RT5_c&list=SPD55994126F1C0FBD&index=5\n禪門故事-第四堂-6/10\nhttp://www.youtube.com/watch?v=mbTtiAYYsO4&list=SPD55994126F1C0FBD&index=6\n禪門故事-第四堂-7/10\nhttp://www.youtube.com/watch?v=cR7EpPHpP0I&list=SPD55994126F1C0FBD&index=7\n禪門故事-第四堂-8/10\nhttp://www.youtube.com/watch?v=SGWHiXXz7hs&list=SPD55994126F1C0FBD&index=8\n禪門故事-第四堂-9/10\nhttp://www.youtube.com/watch?v=sRIMAPKtKIA&list=SPD55994126F1C0FBD&index=9\n禪門故事-第四堂-10/10\nhttp://www.youtube.com/watch?v=kKLjSHngKXM&list=SPD55994126F1C0FBD&index=10\n禪門故事-第四堂-1/10');
INSERT INTO videos(vid, pid, title, description) VALUES('cR7EpPHpP0I', 'PLDuDoO_3m4cbRpr97g6k6Y1JdQWQZGP2Z', '禪門故事-第四堂-7/10', '有些人以為，念佛是淨土法門，禪是禪門功夫，兩者似乎是分離的。 其實自古以來，禪宗一向不僅參禪也念佛，念佛禪更是漢傳禪法中的一大特色。上溯四祖道信禪師、宋朝力倡禪淨雙修的永明延壽，許多禪師也修念佛法門。聖嚴師父說：「念佛若能從「事持」進入「理持」，就與禪宗的開悟完全相同， 在念佛的當下，見到自心淨土及自性彌陀，就能心淨國土淨而體現人間淨土。」敬請把握禪門故事最後一講課程，將告訴您什麼是「禪淨一如」。\n\n「法鼓講堂」每周三晚間7：00~9：00\n網路直播：http://www.dharmaschool.com/ddm_max/liveclass/liveclassroom.php\n\n禪門故事-第三堂-1/8\nhttp://www.youtube.com/watch?v=jfhiDWdb4Mo&list=SP920B02580F01A4BD&index=1\n禪門故事-第三堂-2/8\nhttp://www.youtube.com/watch?v=F436kFOz2rY&list=SP920B02580F01A4BD&index=2\n禪門故事-第三堂-3/8\nhttp://www.youtube.com/watch?v=10SAyGI_HK8&list=SP920B02580F01A4BD&index=3\n禪門故事-第三堂-4/8\nhttp://www.youtube.com/watch?v=xQbTTK66gmc&list=SP920B02580F01A4BD&index=4\n禪門故事-第三堂-5/8\nhttp://www.youtube.com/watch?v=12PlgoZQDi0&list=SP920B02580F01A4BD&index=5\n禪門故事-第三堂-6/8\nhttp://www.youtube.com/watch?v=TPL254KK4qw&list=SP920B02580F01A4BD&index=6\n禪門故事-第三堂-7/8\nhttp://www.youtube.com/watch?v=sWoWY-tr0XY&list=SP920B02580F01A4BD&index=7\n禪門故事-第三堂-8/8\nhttp://www.youtube.com/watch?v=zwngZwnqbTA&list=SP920B02580F01A4BD&index=8\n\n禪門故事-第四堂-1/10\nhttp://www.youtube.com/watch?v=BtePpvKwNKI&list=SPD55994126F1C0FBD&index=1\n禪門故事-第四堂-2/10\nhttp://www.youtube.com/watch?v=0uySWjF9Rtc&list=SPD55994126F1C0FBD&index=2\n禪門故事-第四堂-3/10\nhttp://www.youtube.com/watch?v=ZrkNVBm55N4&list=SPD55994126F1C0FBD&index=3\n禪門故事-第四堂-4/10\nhttp://www.youtube.com/watch?v=wSerVQy9gj0&list=SPD55994126F1C0FBD&index=4\n禪門故事-第四堂-5/10\nhttp://www.youtube.com/watch?v=Bbvsx6RT5_c&list=SPD55994126F1C0FBD&index=5\n禪門故事-第四堂-6/10\nhttp://www.youtube.com/watch?v=mbTtiAYYsO4&list=SPD55994126F1C0FBD&index=6\n禪門故事-第四堂-7/10\nhttp://www.youtube.com/watch?v=cR7EpPHpP0I&list=SPD55994126F1C0FBD&index=7\n禪門故事-第四堂-8/10\nhttp://www.youtube.com/watch?v=SGWHiXXz7hs&list=SPD55994126F1C0FBD&index=8\n禪門故事-第四堂-9/10\nhttp://www.youtube.com/watch?v=sRIMAPKtKIA&list=SPD55994126F1C0FBD&index=9\n禪門故事-第四堂-10/10\nhttp://www.youtube.com/watch?v=kKLjSHngKXM&list=SPD55994126F1C0FBD&index=10\n禪門故事-第四堂-1/10');
INSERT INTO videos(vid, pid, title, description) VALUES('SGWHiXXz7hs', 'PLDuDoO_3m4cbRpr97g6k6Y1JdQWQZGP2Z', '禪門故事-第四堂-8/10', '有些人以為，念佛是淨土法門，禪是禪門功夫，兩者似乎是分離的。 其實自古以來，禪宗一向不僅參禪也念佛，念佛禪更是漢傳禪法中的一大特色。上溯四祖道信禪師、宋朝力倡禪淨雙修的永明延壽，許多禪師也修念佛法門。聖嚴師父說：「念佛若能從「事持」進入「理持」，就與禪宗的開悟完全相同， 在念佛的當下，見到自心淨土及自性彌陀，就能心淨國土淨而體現人間淨土。」敬請把握禪門故事最後一講課程，將告訴您什麼是「禪淨一如」。\n\n「法鼓講堂」每周三晚間7：00~9：00\n網路直播：http://www.dharmaschool.com/ddm_max/liveclass/liveclassroom.php\n\n禪門故事-第三堂-1/8\nhttp://www.youtube.com/watch?v=jfhiDWdb4Mo&list=SP920B02580F01A4BD&index=1\n禪門故事-第三堂-2/8\nhttp://www.youtube.com/watch?v=F436kFOz2rY&list=SP920B02580F01A4BD&index=2\n禪門故事-第三堂-3/8\nhttp://www.youtube.com/watch?v=10SAyGI_HK8&list=SP920B02580F01A4BD&index=3\n禪門故事-第三堂-4/8\nhttp://www.youtube.com/watch?v=xQbTTK66gmc&list=SP920B02580F01A4BD&index=4\n禪門故事-第三堂-5/8\nhttp://www.youtube.com/watch?v=12PlgoZQDi0&list=SP920B02580F01A4BD&index=5\n禪門故事-第三堂-6/8\nhttp://www.youtube.com/watch?v=TPL254KK4qw&list=SP920B02580F01A4BD&index=6\n禪門故事-第三堂-7/8\nhttp://www.youtube.com/watch?v=sWoWY-tr0XY&list=SP920B02580F01A4BD&index=7\n禪門故事-第三堂-8/8\nhttp://www.youtube.com/watch?v=zwngZwnqbTA&list=SP920B02580F01A4BD&index=8\n\n禪門故事-第四堂-1/10\nhttp://www.youtube.com/watch?v=BtePpvKwNKI&list=SPD55994126F1C0FBD&index=1\n禪門故事-第四堂-2/10\nhttp://www.youtube.com/watch?v=0uySWjF9Rtc&list=SPD55994126F1C0FBD&index=2\n禪門故事-第四堂-3/10\nhttp://www.youtube.com/watch?v=ZrkNVBm55N4&list=SPD55994126F1C0FBD&index=3\n禪門故事-第四堂-4/10\nhttp://www.youtube.com/watch?v=wSerVQy9gj0&list=SPD55994126F1C0FBD&index=4\n禪門故事-第四堂-5/10\nhttp://www.youtube.com/watch?v=Bbvsx6RT5_c&list=SPD55994126F1C0FBD&index=5\n禪門故事-第四堂-6/10\nhttp://www.youtube.com/watch?v=mbTtiAYYsO4&list=SPD55994126F1C0FBD&index=6\n禪門故事-第四堂-7/10\nhttp://www.youtube.com/watch?v=cR7EpPHpP0I&list=SPD55994126F1C0FBD&index=7\n禪門故事-第四堂-8/10\nhttp://www.youtube.com/watch?v=SGWHiXXz7hs&list=SPD55994126F1C0FBD&index=8\n禪門故事-第四堂-9/10\nhttp://www.youtube.com/watch?v=sRIMAPKtKIA&list=SPD55994126F1C0FBD&index=9\n禪門故事-第四堂-10/10\nhttp://www.youtube.com/watch?v=kKLjSHngKXM&list=SPD55994126F1C0FBD&index=10\n禪門故事-第四堂-1/10');
INSERT INTO videos(vid, pid, title, description) VALUES('sRIMAPKtKIA', 'PLDuDoO_3m4cbRpr97g6k6Y1JdQWQZGP2Z', '禪門故事-第四堂-9/10', '有些人以為，念佛是淨土法門，禪是禪門功夫，兩者似乎是分離的。 其實自古以來，禪宗一向不僅參禪也念佛，念佛禪更是漢傳禪法中的一大特色。\r\n上溯四祖道信禪師、宋朝力倡禪淨雙修的永明延壽，許多禪師也修念佛法門。\r\n聖嚴師父說：「念佛若能從「事持」進入「理持」，就與禪宗的開悟完全相同， 在念佛的當下，見到自心淨土及自性彌陀，就能心淨國土淨而體現人間淨土。」\r\n敬請把握本週禪門故事最後一講課程，將告訴您什麼是「禪淨一如」。');
INSERT INTO videos(vid, pid, title, description) VALUES('kKLjSHngKXM', 'PLDuDoO_3m4cbRpr97g6k6Y1JdQWQZGP2Z', '禪門故事-第四堂-10/10', '有些人以為，念佛是淨土法門，禪是禪門功夫，兩者似乎是分離的。 其實自古以來，禪宗一向不僅參禪也念佛，念佛禪更是漢傳禪法中的一大特色。上溯四祖道信禪師、宋朝力倡禪淨雙修的永明延壽，許多禪師也修念佛法門。聖嚴師父說：「念佛若能從「事持」進入「理持」，就與禪宗的開悟完全相同， 在念佛的當下，見到自心淨土及自性彌陀，就能心淨國土淨而體現人間淨土。」敬請把握禪門故事最後一講課程，將告訴您什麼是「禪淨一如」。\n\n「法鼓講堂」每周三晚間7：00~9：00\n網路直播：http://www.dharmaschool.com/ddm_max/liveclass/liveclassroom.php\n\n禪門故事-第三堂-1/8\nhttp://www.youtube.com/watch?v=jfhiDWdb4Mo&list=SP920B02580F01A4BD&index=1\n禪門故事-第三堂-2/8\nhttp://www.youtube.com/watch?v=F436kFOz2rY&list=SP920B02580F01A4BD&index=2\n禪門故事-第三堂-3/8\nhttp://www.youtube.com/watch?v=10SAyGI_HK8&list=SP920B02580F01A4BD&index=3\n禪門故事-第三堂-4/8\nhttp://www.youtube.com/watch?v=xQbTTK66gmc&list=SP920B02580F01A4BD&index=4\n禪門故事-第三堂-5/8\nhttp://www.youtube.com/watch?v=12PlgoZQDi0&list=SP920B02580F01A4BD&index=5\n禪門故事-第三堂-6/8\nhttp://www.youtube.com/watch?v=TPL254KK4qw&list=SP920B02580F01A4BD&index=6\n禪門故事-第三堂-7/8\nhttp://www.youtube.com/watch?v=sWoWY-tr0XY&list=SP920B02580F01A4BD&index=7\n禪門故事-第三堂-8/8\nhttp://www.youtube.com/watch?v=zwngZwnqbTA&list=SP920B02580F01A4BD&index=8\n\n禪門故事-第四堂-1/10\nhttp://www.youtube.com/watch?v=BtePpvKwNKI&list=SPD55994126F1C0FBD&index=1\n禪門故事-第四堂-2/10\nhttp://www.youtube.com/watch?v=0uySWjF9Rtc&list=SPD55994126F1C0FBD&index=2\n禪門故事-第四堂-3/10\nhttp://www.youtube.com/watch?v=ZrkNVBm55N4&list=SPD55994126F1C0FBD&index=3\n禪門故事-第四堂-4/10\nhttp://www.youtube.com/watch?v=wSerVQy9gj0&list=SPD55994126F1C0FBD&index=4\n禪門故事-第四堂-5/10\nhttp://www.youtube.com/watch?v=Bbvsx6RT5_c&list=SPD55994126F1C0FBD&index=5\n禪門故事-第四堂-6/10\nhttp://www.youtube.com/watch?v=mbTtiAYYsO4&list=SPD55994126F1C0FBD&index=6\n禪門故事-第四堂-7/10\nhttp://www.youtube.com/watch?v=cR7EpPHpP0I&list=SPD55994126F1C0FBD&index=7\n禪門故事-第四堂-8/10\nhttp://www.youtube.com/watch?v=SGWHiXXz7hs&list=SPD55994126F1C0FBD&index=8\n禪門故事-第四堂-9/10\nhttp://www.youtube.com/watch?v=sRIMAPKtKIA&list=SPD55994126F1C0FBD&index=9\n禪門故事-第四堂-10/10\nhttp://www.youtube.com/watch?v=kKLjSHngKXM&list=SPD55994126F1C0FBD&index=10\n禪門故事-第四堂-1/10');
INSERT INTO playlist(pid, cid, title, description) VALUES('PLDuDoO_3m4cYHnBZ4XEj3l-5eD7aVOht_','UCMvjjfm8AFBLQvQC9gItWEw', '絕妙說法-《法華經》概說', '');
INSERT INTO videos(vid, pid, title, description) VALUES('eu7frK0MiWc', 'PLDuDoO_3m4cYHnBZ4XEj3l-5eD7aVOht_', '絕妙說法-《法華經》概說-第一堂-1/4', '《法華經》自古被尊為「經中之王」。本經以生動的故事、巧妙的譬喻，宣說無上大法，引導所有根機的眾生歸入唯一佛乘，如大海納百川，充分顯證佛陀的慈悲。《法華經》中「眾生皆能成佛、逆行菩薩、女身成佛」等思想，也讓現代人樂於接受和實踐。最為人熟知的《普門品》，更是觀音信仰的重要典籍，對於漢傳佛教影響深遠。本系列由果傳法師主講，把《法華經》的智慧與精神轉化為我們平日生活的心靈指引，教導我們如何依著經文所說去實踐，在生命中開顯佛性，體驗無上妙法。本課程是此一系列的第一講。\n\n「法鼓講堂」每周三晚間7：00~9：00\n網路直播：http://www.dharmaschool.com/ddm_max/liveclass/liveclassroom.php\n\n絕妙說法-《法華經》概說-第一堂-1/4 \nhttp://www.youtube.com/watch?v=eu7frK0MiWc\n絕妙說法-《法華經》概說-第一堂-2/4 \nhttp://www.youtube.com/watch?v=szrM-FvmRBM\n絕妙說法-《法華經》概說-第一堂-3/4 \nhttp://www.youtube.com/watch?v=pbXKwGXld_0\n絕妙說法-《法華經》概說-第一堂-4/4 \nhttp://www.youtube.com/watch?v=id8gqBFoq8o\n\n絕妙說法-《法華經》概說-第二堂-1/4 \nhttp://www.youtube.com/watch?v=TWWgf74PLOs\n絕妙說法-《法華經》概說-第二堂-2/4 \nhttp://www.youtube.com/watch?v=0WLJDHzqJmE\n絕妙說法-《法華經》概說-第二堂-3/4 \nhttp://www.youtube.com/watch?v=wCdUkxxK3Ko\n絕妙說法-《法華經》概說-第二堂-4/4 \nhttp://www.youtube.com/watch?v=Q54eaazMYJo\n\n絕妙說法-《法華經》概說-第三堂-1/4 \nhttp://www.youtube.com/watch?v=cgrXaihenEs\n絕妙說法-《法華經》概說-第三堂-2/4 \nhttp://www.youtube.com/watch?v=1LUPVwDEUXQ\n絕妙說法-《法華經》概說-第三堂-3/4 \nhttp://www.youtube.com/watch?v=XDk0Uw0Cwrw\n絕妙說法-《法華經》概說-第三堂-4/4 \nhttp://www.youtube.com/watch?v=tGYoK7zAHT0\n\n絕妙說法-《法華經》概說-第四堂-1/4 \nhttp://www.youtube.com/watch?v=uDkYQojh0uQ&list=SP09E793AB13857074&index=1\n絕妙說法-《法華經》概說-第四堂-2/4 \nhttp://www.youtube.com/watch?v=dcCKVUlWC3Y&list=SP09E793AB13857074&index=2\n絕妙說法-《法華經》概說-第四堂-3/4 \nhttp://www.youtube.com/watch?v=74R_VwVDSwY\n絕妙說法-《法華經》概說-第四堂-4/4 \nhttp://www.youtube.com/watch?v=UMw-VJejAck');
INSERT INTO videos(vid, pid, title, description) VALUES('szrM-FvmRBM', 'PLDuDoO_3m4cYHnBZ4XEj3l-5eD7aVOht_', '絕妙說法-《法華經》概說-第一堂-2/4', '《法華經》自古被尊為「經中之王」。本經以生動的故事、巧妙的譬喻，宣說無上大法，引導所有根機的眾生歸入唯一佛乘，如大海納百川，充分顯證佛陀的慈悲。《法華經》中「眾生皆能成佛、逆行菩薩、女身成佛」等思想，也讓現代人樂於接受和實踐。最為人熟知的《普門品》，更是觀音信仰的重要典籍，對於漢傳佛教影響深遠。本系列由果傳法師主講，把《法華經》的智慧與精神轉化為我們平日生活的心靈指引，教導我們如何依著經文所說去實踐，在生命中開顯佛性，體驗無上妙法。本課程是此一系列的第一講。\n\n「法鼓講堂」每周三晚間7：00~9：00\n網路直播：http://www.dharmaschool.com/ddm_max/liveclass/liveclassroom.php\n\n絕妙說法-《法華經》概說-第一堂-1/4 \nhttp://www.youtube.com/watch?v=eu7frK0MiWc\n絕妙說法-《法華經》概說-第一堂-2/4 \nhttp://www.youtube.com/watch?v=szrM-FvmRBM\n絕妙說法-《法華經》概說-第一堂-3/4 \nhttp://www.youtube.com/watch?v=pbXKwGXld_0\n絕妙說法-《法華經》概說-第一堂-4/4 \nhttp://www.youtube.com/watch?v=id8gqBFoq8o\n\n絕妙說法-《法華經》概說-第二堂-1/4 \nhttp://www.youtube.com/watch?v=TWWgf74PLOs\n絕妙說法-《法華經》概說-第二堂-2/4 \nhttp://www.youtube.com/watch?v=0WLJDHzqJmE\n絕妙說法-《法華經》概說-第二堂-3/4 \nhttp://www.youtube.com/watch?v=wCdUkxxK3Ko\n絕妙說法-《法華經》概說-第二堂-4/4 \nhttp://www.youtube.com/watch?v=Q54eaazMYJo\n\n絕妙說法-《法華經》概說-第三堂-1/4 \nhttp://www.youtube.com/watch?v=cgrXaihenEs\n絕妙說法-《法華經》概說-第三堂-2/4 \nhttp://www.youtube.com/watch?v=1LUPVwDEUXQ\n絕妙說法-《法華經》概說-第三堂-3/4 \nhttp://www.youtube.com/watch?v=XDk0Uw0Cwrw\n絕妙說法-《法華經》概說-第三堂-4/4 \nhttp://www.youtube.com/watch?v=tGYoK7zAHT0\n\n絕妙說法-《法華經》概說-第四堂-1/4 \nhttp://www.youtube.com/watch?v=uDkYQojh0uQ&list=SP09E793AB13857074&index=1\n絕妙說法-《法華經》概說-第四堂-2/4 \nhttp://www.youtube.com/watch?v=dcCKVUlWC3Y&list=SP09E793AB13857074&index=2\n絕妙說法-《法華經》概說-第四堂-3/4 \nhttp://www.youtube.com/watch?v=74R_VwVDSwY\n絕妙說法-《法華經》概說-第四堂-4/4 \nhttp://www.youtube.com/watch?v=UMw-VJejAck');
INSERT INTO videos(vid, pid, title, description) VALUES('pbXKwGXld_0', 'PLDuDoO_3m4cYHnBZ4XEj3l-5eD7aVOht_', '絕妙說法-《法華經》概說-第一堂-3/4', '《法華經》自古被尊為「經中之王」。本經以生動的故事、巧妙的譬喻，宣說無上大法，引導所有根機的眾生歸入唯一佛乘，如大海納百川，充分顯證佛陀的慈悲。《法華經》中「眾生皆能成佛、逆行菩薩、女身成佛」等思想，也讓現代人樂於接受和實踐。最為人熟知的《普門品》，更是觀音信仰的重要典籍，對於漢傳佛教影響深遠。\n本系列由果傳法師主講，把《法華經》的智慧與精神轉化為我們平日生活的心靈指引，教導我們如何依著經文所說去實踐，在生命中開顯佛性，體驗無上妙法。本課程是此一系列的第一講。\n\n「法鼓講堂」每周三晚間7：00~9：00\n網路直播：http://www.dharmaschool.com/ddm_max/liveclass/liveclassroom.php\n\n絕妙說法-《法華經》概說-第一堂-1/4 \nhttp://www.youtube.com/watch?v=eu7frK0MiWc\n絕妙說法-《法華經》概說-第一堂-2/4 \nhttp://www.youtube.com/watch?v=szrM-FvmRBM\n絕妙說法-《法華經》概說-第一堂-3/4 \nhttp://www.youtube.com/watch?v=pbXKwGXld_0\n絕妙說法-《法華經》概說-第一堂-4/4 \nhttp://www.youtube.com/watch?v=id8gqBFoq8o\n\n絕妙說法-《法華經》概說-第二堂-1/4 \nhttp://www.youtube.com/watch?v=TWWgf74PLOs\n絕妙說法-《法華經》概說-第二堂-2/4 \nhttp://www.youtube.com/watch?v=0WLJDHzqJmE\n絕妙說法-《法華經》概說-第二堂-3/4 \nhttp://www.youtube.com/watch?v=wCdUkxxK3Ko\n絕妙說法-《法華經》概說-第二堂-4/4 \nhttp://www.youtube.com/watch?v=Q54eaazMYJo\n\n絕妙說法-《法華經》概說-第三堂-1/4 \nhttp://www.youtube.com/watch?v=cgrXaihenEs\n絕妙說法-《法華經》概說-第三堂-2/4 \nhttp://www.youtube.com/watch?v=1LUPVwDEUXQ\n絕妙說法-《法華經》概說-第三堂-3/4 \nhttp://www.youtube.com/watch?v=XDk0Uw0Cwrw\n絕妙說法-《法華經》概說-第三堂-4/4 \nhttp://www.youtube.com/watch?v=tGYoK7zAHT0\n\n絕妙說法-《法華經》概說-第四堂-1/4 \nhttp://www.youtube.com/watch?v=uDkYQojh0uQ&list=SP09E793AB13857074&index=1\n絕妙說法-《法華經》概說-第四堂-2/4 \nhttp://www.youtube.com/watch?v=dcCKVUlWC3Y&list=SP09E793AB13857074&index=2\n絕妙說法-《法華經》概說-第四堂-3/4 \nhttp://www.youtube.com/watch?v=74R_VwVDSwY\n絕妙說法-《法華經》概說-第四堂-4/4 \nhttp://www.youtube.com/watch?v=UMw-VJejAck');
INSERT INTO videos(vid, pid, title, description) VALUES('id8gqBFoq8o', 'PLDuDoO_3m4cYHnBZ4XEj3l-5eD7aVOht_', '絕妙說法-《法華經》概說-第一堂-4/4', '《法華經》自古被尊為「經中之王」。本經以生動的故事、巧妙的譬喻，宣說無上大法，引導所有根機的眾生歸入唯一佛乘，如大海納百川，充分顯證佛陀的慈悲。《法華經》中「眾生皆能成佛、逆行菩薩、女身成佛」等思想，也讓現代人樂於接受和實踐。最為人熟知的《普門品》，更是觀音信仰的重要典籍，對於漢傳佛教影響深遠。\n本系列由果傳法師主講，把《法華經》的智慧與精神轉化為我們平日生活的心靈指引，教導我們如何依著經文所說去實踐，在生命中開顯佛性，體驗無上妙法。本課程是此一系列的第一講。\n\n「法鼓講堂」每周三晚間7：00~9：00\n網路直播：http://www.dharmaschool.com/ddm_max/liveclass/liveclassroom.php\n\n絕妙說法-《法華經》概說-第一堂-1/4 \nhttp://www.youtube.com/watch?v=eu7frK0MiWc\n絕妙說法-《法華經》概說-第一堂-2/4 \nhttp://www.youtube.com/watch?v=szrM-FvmRBM\n絕妙說法-《法華經》概說-第一堂-3/4 \nhttp://www.youtube.com/watch?v=pbXKwGXld_0\n絕妙說法-《法華經》概說-第一堂-4/4 \nhttp://www.youtube.com/watch?v=id8gqBFoq8o\n\n絕妙說法-《法華經》概說-第二堂-1/4 \nhttp://www.youtube.com/watch?v=TWWgf74PLOs\n絕妙說法-《法華經》概說-第二堂-2/4 \nhttp://www.youtube.com/watch?v=0WLJDHzqJmE\n絕妙說法-《法華經》概說-第二堂-3/4 \nhttp://www.youtube.com/watch?v=wCdUkxxK3Ko\n絕妙說法-《法華經》概說-第二堂-4/4 \nhttp://www.youtube.com/watch?v=Q54eaazMYJo\n\n絕妙說法-《法華經》概說-第三堂-1/4 \nhttp://www.youtube.com/watch?v=cgrXaihenEs\n絕妙說法-《法華經》概說-第三堂-2/4 \nhttp://www.youtube.com/watch?v=1LUPVwDEUXQ\n絕妙說法-《法華經》概說-第三堂-3/4 \nhttp://www.youtube.com/watch?v=XDk0Uw0Cwrw\n絕妙說法-《法華經》概說-第三堂-4/4 \nhttp://www.youtube.com/watch?v=tGYoK7zAHT0\n\n絕妙說法-《法華經》概說-第四堂-1/4 \nhttp://www.youtube.com/watch?v=uDkYQojh0uQ&list=SP09E793AB13857074&index=1\n絕妙說法-《法華經》概說-第四堂-2/4 \nhttp://www.youtube.com/watch?v=dcCKVUlWC3Y&list=SP09E793AB13857074&index=2\n絕妙說法-《法華經》概說-第四堂-3/4 \nhttp://www.youtube.com/watch?v=74R_VwVDSwY\n絕妙說法-《法華經》概說-第四堂-4/4 \nhttp://www.youtube.com/watch?v=UMw-VJejAck');
INSERT INTO videos(vid, pid, title, description) VALUES('TWWgf74PLOs', 'PLDuDoO_3m4cYHnBZ4XEj3l-5eD7aVOht_', '絕妙說法-《法華經》概說-第二堂-1/4', '《法華經》自古被尊為「經中之王」。本經以生動的故事、巧妙的譬喻，宣說無上大法，引導所有根機的眾生歸入唯一佛乘，如大海納百川，充分顯證佛陀的慈悲。《法華經》中「眾生皆能成佛、逆行菩薩、女身成佛」等思想，也讓現代人樂於接受和實踐。最為人熟知的《普門品》，更是觀音信仰的重要典籍，對於漢傳佛教影響深遠。\n本系列由果傳法師主講，把《法華經》的智慧與精神轉化為我們平日生活的心靈指引，教導我們如何依著經文所說去實踐，在生命中開顯佛性，體驗無上妙法。本課程是此一系列的第二講\n\n「法鼓講堂」每周三晚間7：00~9：00\n網路直播：http://www.dharmaschool.com/ddm_max/liveclass/liveclassroom.php\n\n絕妙說法-《法華經》概說-第一堂-1/4 \nhttp://www.youtube.com/watch?v=eu7frK0MiWc\n絕妙說法-《法華經》概說-第一堂-2/4 \nhttp://www.youtube.com/watch?v=szrM-FvmRBM\n絕妙說法-《法華經》概說-第一堂-3/4 \nhttp://www.youtube.com/watch?v=pbXKwGXld_0\n絕妙說法-《法華經》概說-第一堂-4/4 \nhttp://www.youtube.com/watch?v=id8gqBFoq8o\n\n絕妙說法-《法華經》概說-第二堂-1/4 \nhttp://www.youtube.com/watch?v=TWWgf74PLOs\n絕妙說法-《法華經》概說-第二堂-2/4 \nhttp://www.youtube.com/watch?v=0WLJDHzqJmE\n絕妙說法-《法華經》概說-第二堂-3/4 \nhttp://www.youtube.com/watch?v=wCdUkxxK3Ko\n絕妙說法-《法華經》概說-第二堂-4/4 \nhttp://www.youtube.com/watch?v=Q54eaazMYJo\n\n絕妙說法-《法華經》概說-第三堂-1/4 \nhttp://www.youtube.com/watch?v=cgrXaihenEs\n絕妙說法-《法華經》概說-第三堂-2/4 \nhttp://www.youtube.com/watch?v=1LUPVwDEUXQ\n絕妙說法-《法華經》概說-第三堂-3/4 \nhttp://www.youtube.com/watch?v=XDk0Uw0Cwrw\n絕妙說法-《法華經》概說-第三堂-4/4 \nhttp://www.youtube.com/watch?v=tGYoK7zAHT0\n\n絕妙說法-《法華經》概說-第四堂-1/4 \nhttp://www.youtube.com/watch?v=uDkYQojh0uQ&list=SP09E793AB13857074&index=1\n絕妙說法-《法華經》概說-第四堂-2/4 \nhttp://www.youtube.com/watch?v=dcCKVUlWC3Y&list=SP09E793AB13857074&index=2\n絕妙說法-《法華經》概說-第四堂-3/4 \nhttp://www.youtube.com/watch?v=74R_VwVDSwY\n絕妙說法-《法華經》概說-第四堂-4/4 \nhttp://www.youtube.com/watch?v=UMw-VJejAck');
INSERT INTO videos(vid, pid, title, description) VALUES('0WLJDHzqJmE', 'PLDuDoO_3m4cYHnBZ4XEj3l-5eD7aVOht_', '絕妙說法-《法華經》概說-第二堂-2/4', '《法華經》自古被尊為「經中之王」。本經以生動的故事、巧妙的譬喻，宣說無上大法，引導所有根機的眾生歸入唯一佛乘，如大海納百川，充分顯證佛陀的慈悲。《法華經》中「眾生皆能成佛、逆行菩薩、女身成佛」等思想，也讓現代人樂於接受和實踐。最為人熟知的《普門品》，更是觀音信仰的重要典籍，對於漢傳佛教影響深遠。\n本系列由果傳法師主講，把《法華經》的智慧與精神轉化為我們平日生活的心靈指引，教導我們如何依著經文所說去實踐，在生命中開顯佛性，體驗無上妙法。本課程是此一系列的第二講。\n\n「法鼓講堂」每周三晚間7：00~9：00\n網路直播：http://www.dharmaschool.com/ddm_max/liveclass/liveclassroom.php\n\n絕妙說法-《法華經》概說-第一堂-1/4 \nhttp://www.youtube.com/watch?v=eu7frK0MiWc\n絕妙說法-《法華經》概說-第一堂-2/4 \nhttp://www.youtube.com/watch?v=szrM-FvmRBM\n絕妙說法-《法華經》概說-第一堂-3/4 \nhttp://www.youtube.com/watch?v=pbXKwGXld_0\n絕妙說法-《法華經》概說-第一堂-4/4 \nhttp://www.youtube.com/watch?v=id8gqBFoq8o\n\n絕妙說法-《法華經》概說-第二堂-1/4 \nhttp://www.youtube.com/watch?v=TWWgf74PLOs\n絕妙說法-《法華經》概說-第二堂-2/4 \nhttp://www.youtube.com/watch?v=0WLJDHzqJmE\n絕妙說法-《法華經》概說-第二堂-3/4 \nhttp://www.youtube.com/watch?v=wCdUkxxK3Ko\n絕妙說法-《法華經》概說-第二堂-4/4 \nhttp://www.youtube.com/watch?v=Q54eaazMYJo\n\n絕妙說法-《法華經》概說-第三堂-1/4 \nhttp://www.youtube.com/watch?v=cgrXaihenEs\n絕妙說法-《法華經》概說-第三堂-2/4 \nhttp://www.youtube.com/watch?v=1LUPVwDEUXQ\n絕妙說法-《法華經》概說-第三堂-3/4 \nhttp://www.youtube.com/watch?v=XDk0Uw0Cwrw\n絕妙說法-《法華經》概說-第三堂-4/4 \nhttp://www.youtube.com/watch?v=tGYoK7zAHT0\n\n絕妙說法-《法華經》概說-第四堂-1/4 \nhttp://www.youtube.com/watch?v=uDkYQojh0uQ&list=SP09E793AB13857074&index=1\n絕妙說法-《法華經》概說-第四堂-2/4 \nhttp://www.youtube.com/watch?v=dcCKVUlWC3Y&list=SP09E793AB13857074&index=2\n絕妙說法-《法華經》概說-第四堂-3/4 \nhttp://www.youtube.com/watch?v=74R_VwVDSwY\n絕妙說法-《法華經》概說-第四堂-4/4 \nhttp://www.youtube.com/watch?v=UMw-VJejAck');
INSERT INTO videos(vid, pid, title, description) VALUES('wCdUkxxK3Ko', 'PLDuDoO_3m4cYHnBZ4XEj3l-5eD7aVOht_', '絕妙說法-《法華經》概說-第二堂-3/4', '《法華經》自古被尊為「經中之王」。本經以生動的故事、巧妙的譬喻，宣說無上大法，引導所有根機的眾生歸入唯一佛乘，如大海納百川，充分顯證佛陀的慈悲。《法華經》中「眾生皆能成佛、逆行菩薩、女身成佛」等思想，也讓現代人樂於接受和實踐。最為人熟知的《普門品》，更是觀音信仰的重要典籍，對於漢傳佛教影響深遠。\n本系列由果傳法師主講，把《法華經》的智慧與精神轉化為我們平日生活的心靈指引，教導我們如何依著經文所說去實踐，在生命中開顯佛性，體驗無上妙法。本課程是此一系列的第二講。\n\n「法鼓講堂」每周三晚間7：00~9：00\n網路直播：http://www.dharmaschool.com/ddm_max/liveclass/liveclassroom.php\n\n絕妙說法-《法華經》概說-第一堂-1/4 \nhttp://www.youtube.com/watch?v=eu7frK0MiWc\n絕妙說法-《法華經》概說-第一堂-2/4 \nhttp://www.youtube.com/watch?v=szrM-FvmRBM\n絕妙說法-《法華經》概說-第一堂-3/4 \nhttp://www.youtube.com/watch?v=pbXKwGXld_0\n絕妙說法-《法華經》概說-第一堂-4/4 \nhttp://www.youtube.com/watch?v=id8gqBFoq8o\n\n絕妙說法-《法華經》概說-第二堂-1/4 \nhttp://www.youtube.com/watch?v=TWWgf74PLOs\n絕妙說法-《法華經》概說-第二堂-2/4 \nhttp://www.youtube.com/watch?v=0WLJDHzqJmE\n絕妙說法-《法華經》概說-第二堂-3/4 \nhttp://www.youtube.com/watch?v=wCdUkxxK3Ko\n絕妙說法-《法華經》概說-第二堂-4/4 \nhttp://www.youtube.com/watch?v=Q54eaazMYJo\n\n絕妙說法-《法華經》概說-第三堂-1/4 \nhttp://www.youtube.com/watch?v=cgrXaihenEs\n絕妙說法-《法華經》概說-第三堂-2/4 \nhttp://www.youtube.com/watch?v=1LUPVwDEUXQ\n絕妙說法-《法華經》概說-第三堂-3/4 \nhttp://www.youtube.com/watch?v=XDk0Uw0Cwrw\n絕妙說法-《法華經》概說-第三堂-4/4 \nhttp://www.youtube.com/watch?v=tGYoK7zAHT0\n\n絕妙說法-《法華經》概說-第四堂-1/4 \nhttp://www.youtube.com/watch?v=uDkYQojh0uQ&list=SP09E793AB13857074&index=1\n絕妙說法-《法華經》概說-第四堂-2/4 \nhttp://www.youtube.com/watch?v=dcCKVUlWC3Y&list=SP09E793AB13857074&index=2\n絕妙說法-《法華經》概說-第四堂-3/4 \nhttp://www.youtube.com/watch?v=74R_VwVDSwY\n絕妙說法-《法華經》概說-第四堂-4/4 \nhttp://www.youtube.com/watch?v=UMw-VJejAck');
INSERT INTO videos(vid, pid, title, description) VALUES('Q54eaazMYJo', 'PLDuDoO_3m4cYHnBZ4XEj3l-5eD7aVOht_', '絕妙說法-《法華經》概說-第二堂-4/4', '《法華經》自古被尊為「經中之王」。本經以生動的故事、巧妙的譬喻，宣說無上大法，引導所有根機的眾生歸入唯一佛乘，如大海納百川，充分顯證佛陀的慈悲。《法華經》中「眾生皆能成佛、逆行菩薩、女身成佛」等思想，也讓現代人樂於接受和實踐。最為人熟知的《普門品》，更是觀音信仰的重要典籍，對於漢傳佛教影響深遠。\n本系列由果傳法師主講，把《法華經》的智慧與精神轉化為我們平日生活的心靈指引，教導我們如何依著經文所說去實踐，在生命中開顯佛性，體驗無上妙法。本課程是此一系列的第二講。\n\n「法鼓講堂」每周三晚間7：00~9：00\n網路直播：http://www.dharmaschool.com/ddm_max/liveclass/liveclassroom.php\n\n絕妙說法-《法華經》概說-第一堂-1/4 \nhttp://www.youtube.com/watch?v=eu7frK0MiWc\n絕妙說法-《法華經》概說-第一堂-2/4 \nhttp://www.youtube.com/watch?v=szrM-FvmRBM\n絕妙說法-《法華經》概說-第一堂-3/4 \nhttp://www.youtube.com/watch?v=pbXKwGXld_0\n絕妙說法-《法華經》概說-第一堂-4/4 \nhttp://www.youtube.com/watch?v=id8gqBFoq8o\n\n絕妙說法-《法華經》概說-第二堂-1/4 \nhttp://www.youtube.com/watch?v=TWWgf74PLOs\n絕妙說法-《法華經》概說-第二堂-2/4 \nhttp://www.youtube.com/watch?v=0WLJDHzqJmE\n絕妙說法-《法華經》概說-第二堂-3/4 \nhttp://www.youtube.com/watch?v=wCdUkxxK3Ko\n絕妙說法-《法華經》概說-第二堂-4/4 \nhttp://www.youtube.com/watch?v=Q54eaazMYJo\n\n絕妙說法-《法華經》概說-第三堂-1/4 \nhttp://www.youtube.com/watch?v=cgrXaihenEs\n絕妙說法-《法華經》概說-第三堂-2/4 \nhttp://www.youtube.com/watch?v=1LUPVwDEUXQ\n絕妙說法-《法華經》概說-第三堂-3/4 \nhttp://www.youtube.com/watch?v=XDk0Uw0Cwrw\n絕妙說法-《法華經》概說-第三堂-4/4 \nhttp://www.youtube.com/watch?v=tGYoK7zAHT0\n\n絕妙說法-《法華經》概說-第四堂-1/4 \nhttp://www.youtube.com/watch?v=uDkYQojh0uQ&list=SP09E793AB13857074&index=1\n絕妙說法-《法華經》概說-第四堂-2/4 \nhttp://www.youtube.com/watch?v=dcCKVUlWC3Y&list=SP09E793AB13857074&index=2\n絕妙說法-《法華經》概說-第四堂-3/4 \nhttp://www.youtube.com/watch?v=74R_VwVDSwY\n絕妙說法-《法華經》概說-第四堂-4/4 \nhttp://www.youtube.com/watch?v=UMw-VJejAck');
INSERT INTO videos(vid, pid, title, description) VALUES('cgrXaihenEs', 'PLDuDoO_3m4cYHnBZ4XEj3l-5eD7aVOht_', '絕妙說法-《法華經》概說-第三堂-1/4', '《法華經》自古被尊為「經中之王」。本經以生動的故事、巧妙的譬喻，宣說無上大法，引導所有根機的眾生歸入唯一佛乘，如大海納百川，充分顯證佛陀的慈悲。《法華經》中「眾生皆能成佛、逆行菩薩、女身成佛」等思想，也讓現代人樂於接受和實踐。最為人熟知的《普門品》，更是觀音信仰的重要典籍，對於漢傳佛教影響深遠。\n本系列由果傳法師主講，把《法華經》的智慧與精神轉化為我們平日生活的心靈指引，教導我們如何依著經文所說去實踐，在生命中開顯佛性，體驗無上妙法。本課程是此一系列的第三講。\n\n「法鼓講堂」每周三晚間7：00~9：00\n網路直播：http://www.dharmaschool.com/ddm_max/liveclass/liveclassroom.php\n\n絕妙說法-《法華經》概說-第一堂-1/4 \nhttp://www.youtube.com/watch?v=eu7frK0MiWc\n絕妙說法-《法華經》概說-第一堂-2/4 \nhttp://www.youtube.com/watch?v=szrM-FvmRBM\n絕妙說法-《法華經》概說-第一堂-3/4 \nhttp://www.youtube.com/watch?v=pbXKwGXld_0\n絕妙說法-《法華經》概說-第一堂-4/4 \nhttp://www.youtube.com/watch?v=id8gqBFoq8o\n\n絕妙說法-《法華經》概說-第二堂-1/4 \nhttp://www.youtube.com/watch?v=TWWgf74PLOs\n絕妙說法-《法華經》概說-第二堂-2/4 \nhttp://www.youtube.com/watch?v=0WLJDHzqJmE\n絕妙說法-《法華經》概說-第二堂-3/4 \nhttp://www.youtube.com/watch?v=wCdUkxxK3Ko\n絕妙說法-《法華經》概說-第二堂-4/4 \nhttp://www.youtube.com/watch?v=Q54eaazMYJo\n\n絕妙說法-《法華經》概說-第三堂-1/4 \nhttp://www.youtube.com/watch?v=cgrXaihenEs\n絕妙說法-《法華經》概說-第三堂-2/4 \nhttp://www.youtube.com/watch?v=1LUPVwDEUXQ\n絕妙說法-《法華經》概說-第三堂-3/4 \nhttp://www.youtube.com/watch?v=XDk0Uw0Cwrw\n絕妙說法-《法華經》概說-第三堂-4/4 \nhttp://www.youtube.com/watch?v=tGYoK7zAHT0\n\n絕妙說法-《法華經》概說-第四堂-1/4 \nhttp://www.youtube.com/watch?v=uDkYQojh0uQ&list=SP09E793AB13857074&index=1\n絕妙說法-《法華經》概說-第四堂-2/4 \nhttp://www.youtube.com/watch?v=dcCKVUlWC3Y&list=SP09E793AB13857074&index=2\n絕妙說法-《法華經》概說-第四堂-3/4 \nhttp://www.youtube.com/watch?v=74R_VwVDSwY\n絕妙說法-《法華經》概說-第四堂-4/4 \nhttp://www.youtube.com/watch?v=UMw-VJejAck');
INSERT INTO videos(vid, pid, title, description) VALUES('1LUPVwDEUXQ', 'PLDuDoO_3m4cYHnBZ4XEj3l-5eD7aVOht_', '絕妙說法-《法華經》概說-第三堂-2/4', '《法華經》自古被尊為「經中之王」。本經以生動的故事、巧妙的譬喻，宣說無上大法，引導所有根機的眾生歸入唯一佛乘，如大海納百川，充分顯證佛陀的慈悲。《法華經》中「眾生皆能成佛、逆行菩薩、女身成佛」等思想，也讓現代人樂於接受和實踐。最為人熟知的《普門品》，更是觀音信仰的重要典籍，對於漢傳佛教影響深遠。\n本系列由果傳法師主講，把《法華經》的智慧與精神轉化為我們平日生活的心靈指引，教導我們如何依著經文所說去實踐，在生命中開顯佛性，體驗無上妙法。本課程是此一系列的第三講。\n\n「法鼓講堂」每周三晚間7：00~9：00\n網路直播：http://www.dharmaschool.com/ddm_max/liveclass/liveclassroom.php\n\n絕妙說法-《法華經》概說-第一堂-1/4 \nhttp://www.youtube.com/watch?v=eu7frK0MiWc\n絕妙說法-《法華經》概說-第一堂-2/4 \nhttp://www.youtube.com/watch?v=szrM-FvmRBM\n絕妙說法-《法華經》概說-第一堂-3/4 \nhttp://www.youtube.com/watch?v=pbXKwGXld_0\n絕妙說法-《法華經》概說-第一堂-4/4 \nhttp://www.youtube.com/watch?v=id8gqBFoq8o\n\n絕妙說法-《法華經》概說-第二堂-1/4 \nhttp://www.youtube.com/watch?v=TWWgf74PLOs\n絕妙說法-《法華經》概說-第二堂-2/4 \nhttp://www.youtube.com/watch?v=0WLJDHzqJmE\n絕妙說法-《法華經》概說-第二堂-3/4 \nhttp://www.youtube.com/watch?v=wCdUkxxK3Ko\n絕妙說法-《法華經》概說-第二堂-4/4 \nhttp://www.youtube.com/watch?v=Q54eaazMYJo\n\n絕妙說法-《法華經》概說-第三堂-1/4 \nhttp://www.youtube.com/watch?v=cgrXaihenEs\n絕妙說法-《法華經》概說-第三堂-2/4 \nhttp://www.youtube.com/watch?v=1LUPVwDEUXQ\n絕妙說法-《法華經》概說-第三堂-3/4 \nhttp://www.youtube.com/watch?v=XDk0Uw0Cwrw\n絕妙說法-《法華經》概說-第三堂-4/4 \nhttp://www.youtube.com/watch?v=tGYoK7zAHT0\n\n絕妙說法-《法華經》概說-第四堂-1/4 \nhttp://www.youtube.com/watch?v=uDkYQojh0uQ&list=SP09E793AB13857074&index=1\n絕妙說法-《法華經》概說-第四堂-2/4 \nhttp://www.youtube.com/watch?v=dcCKVUlWC3Y&list=SP09E793AB13857074&index=2\n絕妙說法-《法華經》概說-第四堂-3/4 \nhttp://www.youtube.com/watch?v=74R_VwVDSwY\n絕妙說法-《法華經》概說-第四堂-4/4 \nhttp://www.youtube.com/watch?v=UMw-VJejAck');
INSERT INTO videos(vid, pid, title, description) VALUES('XDk0Uw0Cwrw', 'PLDuDoO_3m4cYHnBZ4XEj3l-5eD7aVOht_', '絕妙說法-《法華經》概說-第三堂-3/4', '《法華經》自古被尊為「經中之王」。本經以生動的故事、巧妙的譬喻，宣說無上大法，引導所有根機的眾生歸入唯一佛乘，如大海納百川，充分顯證佛陀的慈悲。《法華經》中「眾生皆能成佛、逆行菩薩、女身成佛」等思想，也讓現代人樂於接受和實踐。最為人熟知的《普門品》，更是觀音信仰的重要典籍，對於漢傳佛教影響深遠。\n本系列由果傳法師主講，把《法華經》的智慧與精神轉化為我們平日生活的心靈指引，教導我們如何依著經文所說去實踐，在生命中開顯佛性，體驗無上妙法。本課程是此一系列的第三講。\n\n「法鼓講堂」每周三晚間7：00~9：00\n網路直播：http://www.dharmaschool.com/ddm_max/liveclass/liveclassroom.php\n\n絕妙說法-《法華經》概說-第一堂-1/4 \nhttp://www.youtube.com/watch?v=eu7frK0MiWc\n絕妙說法-《法華經》概說-第一堂-2/4 \nhttp://www.youtube.com/watch?v=szrM-FvmRBM\n絕妙說法-《法華經》概說-第一堂-3/4 \nhttp://www.youtube.com/watch?v=pbXKwGXld_0\n絕妙說法-《法華經》概說-第一堂-4/4 \nhttp://www.youtube.com/watch?v=id8gqBFoq8o\n\n絕妙說法-《法華經》概說-第二堂-1/4 \nhttp://www.youtube.com/watch?v=TWWgf74PLOs\n絕妙說法-《法華經》概說-第二堂-2/4 \nhttp://www.youtube.com/watch?v=0WLJDHzqJmE\n絕妙說法-《法華經》概說-第二堂-3/4 \nhttp://www.youtube.com/watch?v=wCdUkxxK3Ko\n絕妙說法-《法華經》概說-第二堂-4/4 \nhttp://www.youtube.com/watch?v=Q54eaazMYJo\n\n絕妙說法-《法華經》概說-第三堂-1/4 \nhttp://www.youtube.com/watch?v=cgrXaihenEs\n絕妙說法-《法華經》概說-第三堂-2/4 \nhttp://www.youtube.com/watch?v=1LUPVwDEUXQ\n絕妙說法-《法華經》概說-第三堂-3/4 \nhttp://www.youtube.com/watch?v=XDk0Uw0Cwrw\n絕妙說法-《法華經》概說-第三堂-4/4 \nhttp://www.youtube.com/watch?v=tGYoK7zAHT0\n\n絕妙說法-《法華經》概說-第四堂-1/4 \nhttp://www.youtube.com/watch?v=uDkYQojh0uQ&list=SP09E793AB13857074&index=1\n絕妙說法-《法華經》概說-第四堂-2/4 \nhttp://www.youtube.com/watch?v=dcCKVUlWC3Y&list=SP09E793AB13857074&index=2\n絕妙說法-《法華經》概說-第四堂-3/4 \nhttp://www.youtube.com/watch?v=74R_VwVDSwY\n絕妙說法-《法華經》概說-第四堂-4/4 \nhttp://www.youtube.com/watch?v=UMw-VJejAck');
INSERT INTO videos(vid, pid, title, description) VALUES('tGYoK7zAHT0', 'PLDuDoO_3m4cYHnBZ4XEj3l-5eD7aVOht_', '絕妙說法-《法華經》概說-第三堂-4/4', '《法華經》自古被尊為「經中之王」。本經以生動的故事、巧妙的譬喻，宣說無上大法，引導所有根機的眾生歸入唯一佛乘，如大海納百川，充分顯證佛陀的慈悲。《法華經》中「眾生皆能成佛、逆行菩薩、女身成佛」等思想，也讓現代人樂於接受和實踐。最為人熟知的《普門品》，更是觀音信仰的重要典籍，對於漢傳佛教影響深遠。\n本系列由果傳法師主講，把《法華經》的智慧與精神轉化為我們平日生活的心靈指引，教導我們如何依著經文所說去實踐，在生命中開顯佛性，體驗無上妙法。本課程是此一系列的第三講。\n\n「法鼓講堂」每周三晚間7：00~9：00\n網路直播：http://www.dharmaschool.com/ddm_max/liveclass/liveclassroom.php\n\n絕妙說法-《法華經》概說-第一堂-1/4 \nhttp://www.youtube.com/watch?v=eu7frK0MiWc\n絕妙說法-《法華經》概說-第一堂-2/4 \nhttp://www.youtube.com/watch?v=szrM-FvmRBM\n絕妙說法-《法華經》概說-第一堂-3/4 \nhttp://www.youtube.com/watch?v=pbXKwGXld_0\n絕妙說法-《法華經》概說-第一堂-4/4 \nhttp://www.youtube.com/watch?v=id8gqBFoq8o\n\n絕妙說法-《法華經》概說-第二堂-1/4 \nhttp://www.youtube.com/watch?v=TWWgf74PLOs\n絕妙說法-《法華經》概說-第二堂-2/4 \nhttp://www.youtube.com/watch?v=0WLJDHzqJmE\n絕妙說法-《法華經》概說-第二堂-3/4 \nhttp://www.youtube.com/watch?v=wCdUkxxK3Ko\n絕妙說法-《法華經》概說-第二堂-4/4 \nhttp://www.youtube.com/watch?v=Q54eaazMYJo\n\n絕妙說法-《法華經》概說-第三堂-1/4 \nhttp://www.youtube.com/watch?v=cgrXaihenEs\n絕妙說法-《法華經》概說-第三堂-2/4 \nhttp://www.youtube.com/watch?v=1LUPVwDEUXQ\n絕妙說法-《法華經》概說-第三堂-3/4 \nhttp://www.youtube.com/watch?v=XDk0Uw0Cwrw\n絕妙說法-《法華經》概說-第三堂-4/4 \nhttp://www.youtube.com/watch?v=tGYoK7zAHT0\n\n絕妙說法-《法華經》概說-第四堂-1/4 \nhttp://www.youtube.com/watch?v=uDkYQojh0uQ&list=SP09E793AB13857074&index=1\n絕妙說法-《法華經》概說-第四堂-2/4 \nhttp://www.youtube.com/watch?v=dcCKVUlWC3Y&list=SP09E793AB13857074&index=2\n絕妙說法-《法華經》概說-第四堂-3/4 \nhttp://www.youtube.com/watch?v=74R_VwVDSwY\n絕妙說法-《法華經》概說-第四堂-4/4 \nhttp://www.youtube.com/watch?v=UMw-VJejAck');
INSERT INTO videos(vid, pid, title, description) VALUES('uDkYQojh0uQ', 'PLDuDoO_3m4cYHnBZ4XEj3l-5eD7aVOht_', '絕妙說法-《法華經》概說-第四堂-1/4', '《法華經》自古被尊為「經中之王」。本經以生動的故事、巧妙的譬喻，宣說無上大法，引導所有根機的眾生歸入唯一佛乘，如大海納百川，充分顯證佛陀的慈悲。《法華經》中「眾生皆能成佛、逆行菩薩、女身成佛」等思想，也讓現代人樂於接受和實踐。最為人熟知的《普門品》，更是觀音信仰的重要典籍，對於漢傳佛教影響深遠。\n本系列由果傳法師主講，把《法華經》的智慧與精神轉化為我們平日生活的心靈指引，教導我們如何依著經文所說去實踐，在生命中開顯佛性，體驗無上妙法。本課程是此一系列的第四講。\n\n「法鼓講堂」每周三晚間7：00~9：00\n網路直播：http://www.dharmaschool.com/ddm_max/liveclass/liveclassroom.php\n\n絕妙說法-《法華經》概說-第一堂-1/4 \nhttp://www.youtube.com/watch?v=eu7frK0MiWc\n絕妙說法-《法華經》概說-第一堂-2/4 \nhttp://www.youtube.com/watch?v=szrM-FvmRBM\n絕妙說法-《法華經》概說-第一堂-3/4 \nhttp://www.youtube.com/watch?v=pbXKwGXld_0\n絕妙說法-《法華經》概說-第一堂-4/4 \nhttp://www.youtube.com/watch?v=id8gqBFoq8o\n\n絕妙說法-《法華經》概說-第二堂-1/4 \nhttp://www.youtube.com/watch?v=TWWgf74PLOs\n絕妙說法-《法華經》概說-第二堂-2/4 \nhttp://www.youtube.com/watch?v=0WLJDHzqJmE\n絕妙說法-《法華經》概說-第二堂-3/4 \nhttp://www.youtube.com/watch?v=wCdUkxxK3Ko\n絕妙說法-《法華經》概說-第二堂-4/4 \nhttp://www.youtube.com/watch?v=Q54eaazMYJo\n\n絕妙說法-《法華經》概說-第三堂-1/4 \nhttp://www.youtube.com/watch?v=cgrXaihenEs\n絕妙說法-《法華經》概說-第三堂-2/4 \nhttp://www.youtube.com/watch?v=1LUPVwDEUXQ\n絕妙說法-《法華經》概說-第三堂-3/4 \nhttp://www.youtube.com/watch?v=XDk0Uw0Cwrw\n絕妙說法-《法華經》概說-第三堂-4/4 \nhttp://www.youtube.com/watch?v=tGYoK7zAHT0\n\n絕妙說法-《法華經》概說-第四堂-1/4 \nhttp://www.youtube.com/watch?v=uDkYQojh0uQ&list=SP09E793AB13857074&index=1\n絕妙說法-《法華經》概說-第四堂-2/4 \nhttp://www.youtube.com/watch?v=dcCKVUlWC3Y&list=SP09E793AB13857074&index=2\n絕妙說法-《法華經》概說-第四堂-3/4 \nhttp://www.youtube.com/watch?v=74R_VwVDSwY\n絕妙說法-《法華經》概說-第四堂-4/4 \nhttp://www.youtube.com/watch?v=UMw-VJejAck');
INSERT INTO videos(vid, pid, title, description) VALUES('dcCKVUlWC3Y', 'PLDuDoO_3m4cYHnBZ4XEj3l-5eD7aVOht_', '絕妙說法-《法華經》概說-第四堂-2/4', '《法華經》自古被尊為「經中之王」。本經以生動的故事、巧妙的譬喻，宣說無上大法，引導所有根機的眾生歸入唯一佛乘，如大海納百川，充分顯證佛陀的慈悲。《法華經》中「眾生皆能成佛、逆行菩薩、女身成佛」等思想，也讓現代人樂於接受和實踐。最為人熟知的《普門品》，更是觀音信仰的重要典籍，對於漢傳佛教影響深遠。\n本系列由果傳法師主講，把《法華經》的智慧與精神轉化為我們平日生活的心靈指引，教導我們如何依著經文所說去實踐，在生命中開顯佛性，體驗無上妙法。本課程是此一系列的第四講。\n\n「法鼓講堂」每周三晚間7：00~9：00\n網路直播：http://www.dharmaschool.com/ddm_max/liveclass/liveclassroom.php\n\n絕妙說法-《法華經》概說-第一堂-1/4 \nhttp://www.youtube.com/watch?v=eu7frK0MiWc\n絕妙說法-《法華經》概說-第一堂-2/4 \nhttp://www.youtube.com/watch?v=szrM-FvmRBM\n絕妙說法-《法華經》概說-第一堂-3/4 \nhttp://www.youtube.com/watch?v=pbXKwGXld_0\n絕妙說法-《法華經》概說-第一堂-4/4 \nhttp://www.youtube.com/watch?v=id8gqBFoq8o\n\n絕妙說法-《法華經》概說-第二堂-1/4 \nhttp://www.youtube.com/watch?v=TWWgf74PLOs\n絕妙說法-《法華經》概說-第二堂-2/4 \nhttp://www.youtube.com/watch?v=0WLJDHzqJmE\n絕妙說法-《法華經》概說-第二堂-3/4 \nhttp://www.youtube.com/watch?v=wCdUkxxK3Ko\n絕妙說法-《法華經》概說-第二堂-4/4 \nhttp://www.youtube.com/watch?v=Q54eaazMYJo\n\n絕妙說法-《法華經》概說-第三堂-1/4 \nhttp://www.youtube.com/watch?v=cgrXaihenEs\n絕妙說法-《法華經》概說-第三堂-2/4 \nhttp://www.youtube.com/watch?v=1LUPVwDEUXQ\n絕妙說法-《法華經》概說-第三堂-3/4 \nhttp://www.youtube.com/watch?v=XDk0Uw0Cwrw\n絕妙說法-《法華經》概說-第三堂-4/4 \nhttp://www.youtube.com/watch?v=tGYoK7zAHT0\n\n絕妙說法-《法華經》概說-第四堂-1/4 \nhttp://www.youtube.com/watch?v=uDkYQojh0uQ&list=SP09E793AB13857074&index=1\n絕妙說法-《法華經》概說-第四堂-2/4 \nhttp://www.youtube.com/watch?v=dcCKVUlWC3Y&list=SP09E793AB13857074&index=2\n絕妙說法-《法華經》概說-第四堂-3/4 \nhttp://www.youtube.com/watch?v=74R_VwVDSwY\n絕妙說法-《法華經》概說-第四堂-4/4 \nhttp://www.youtube.com/watch?v=UMw-VJejAck');
INSERT INTO videos(vid, pid, title, description) VALUES('74R_VwVDSwY', 'PLDuDoO_3m4cYHnBZ4XEj3l-5eD7aVOht_', '絕妙說法-《法華經》概說-第四堂-3/4', '《法華經》自古被尊為「經中之王」。本經以生動的故事、巧妙的譬喻，宣說無上大法，引導所有根機的眾生歸入唯一佛乘，如大海納百川，充分顯證佛陀的慈悲。《法華經》中「眾生皆能成佛、逆行菩薩、女身成佛」等思想，也讓現代人樂於接受和實踐。最為人熟知的《普門品》，更是觀音信仰的重要典籍，對於漢傳佛教影響深遠。\n本系列由果傳法師主講，把《法華經》的智慧與精神轉化為我們平日生活的心靈指引，教導我們如何依著經文所說去實踐，在生命中開顯佛性，體驗無上妙法。本課程是此一系列的第四講。\n\n「法鼓講堂」每周三晚間7：00~9：00\n網路直播：http://www.dharmaschool.com/ddm_max/liveclass/liveclassroom.php\n\n絕妙說法-《法華經》概說-第一堂-1/4 \nhttp://www.youtube.com/watch?v=eu7frK0MiWc\n絕妙說法-《法華經》概說-第一堂-2/4 \nhttp://www.youtube.com/watch?v=szrM-FvmRBM\n絕妙說法-《法華經》概說-第一堂-3/4 \nhttp://www.youtube.com/watch?v=pbXKwGXld_0\n絕妙說法-《法華經》概說-第一堂-4/4 \nhttp://www.youtube.com/watch?v=id8gqBFoq8o\n\n絕妙說法-《法華經》概說-第二堂-1/4 \nhttp://www.youtube.com/watch?v=TWWgf74PLOs\n絕妙說法-《法華經》概說-第二堂-2/4 \nhttp://www.youtube.com/watch?v=0WLJDHzqJmE\n絕妙說法-《法華經》概說-第二堂-3/4 \nhttp://www.youtube.com/watch?v=wCdUkxxK3Ko\n絕妙說法-《法華經》概說-第二堂-4/4 \nhttp://www.youtube.com/watch?v=Q54eaazMYJo\n\n絕妙說法-《法華經》概說-第三堂-1/4 \nhttp://www.youtube.com/watch?v=cgrXaihenEs\n絕妙說法-《法華經》概說-第三堂-2/4 \nhttp://www.youtube.com/watch?v=1LUPVwDEUXQ\n絕妙說法-《法華經》概說-第三堂-3/4 \nhttp://www.youtube.com/watch?v=XDk0Uw0Cwrw\n絕妙說法-《法華經》概說-第三堂-4/4 \nhttp://www.youtube.com/watch?v=tGYoK7zAHT0\n\n絕妙說法-《法華經》概說-第四堂-1/4 \nhttp://www.youtube.com/watch?v=uDkYQojh0uQ&list=SP09E793AB13857074&index=1\n絕妙說法-《法華經》概說-第四堂-2/4 \nhttp://www.youtube.com/watch?v=dcCKVUlWC3Y&list=SP09E793AB13857074&index=2\n絕妙說法-《法華經》概說-第四堂-3/4 \nhttp://www.youtube.com/watch?v=74R_VwVDSwY\n絕妙說法-《法華經》概說-第四堂-4/4 \nhttp://www.youtube.com/watch?v=UMw-VJejAck');
INSERT INTO videos(vid, pid, title, description) VALUES('UMw-VJejAck', 'PLDuDoO_3m4cYHnBZ4XEj3l-5eD7aVOht_', '絕妙說法-《法華經》概說-第四堂-4/4', '《法華經》自古被尊為「經中之王」。本經以生動的故事、巧妙的譬喻，宣說無上大法，引導所有根機的眾生歸入唯一佛乘，如大海納百川，充分顯證佛陀的慈悲。《法華經》中「眾生皆能成佛、逆行菩薩、女身成佛」等思想，也讓現代人樂於接受和實踐。最為人熟知的《普門品》，更是觀音信仰的重要典籍，對於漢傳佛教影響深遠。\n本系列由果傳法師主講，把《法華經》的智慧與精神轉化為我們平日生活的心靈指引，教導我們如何依著經文所說去實踐，在生命中開顯佛性，體驗無上妙法。本課程是此一系列的第四講。\n\n「法鼓講堂」每周三晚間7：00~9：00\n網路直播：http://www.dharmaschool.com/ddm_max/liveclass/liveclassroom.php\n\n絕妙說法-《法華經》概說-第一堂-1/4 \nhttp://www.youtube.com/watch?v=eu7frK0MiWc\n絕妙說法-《法華經》概說-第一堂-2/4 \nhttp://www.youtube.com/watch?v=szrM-FvmRBM\n絕妙說法-《法華經》概說-第一堂-3/4 \nhttp://www.youtube.com/watch?v=pbXKwGXld_0\n絕妙說法-《法華經》概說-第一堂-4/4 \nhttp://www.youtube.com/watch?v=id8gqBFoq8o\n\n絕妙說法-《法華經》概說-第二堂-1/4 \nhttp://www.youtube.com/watch?v=TWWgf74PLOs\n絕妙說法-《法華經》概說-第二堂-2/4 \nhttp://www.youtube.com/watch?v=0WLJDHzqJmE\n絕妙說法-《法華經》概說-第二堂-3/4 \nhttp://www.youtube.com/watch?v=wCdUkxxK3Ko\n絕妙說法-《法華經》概說-第二堂-4/4 \nhttp://www.youtube.com/watch?v=Q54eaazMYJo\n\n絕妙說法-《法華經》概說-第三堂-1/4 \nhttp://www.youtube.com/watch?v=cgrXaihenEs\n絕妙說法-《法華經》概說-第三堂-2/4 \nhttp://www.youtube.com/watch?v=1LUPVwDEUXQ\n絕妙說法-《法華經》概說-第三堂-3/4 \nhttp://www.youtube.com/watch?v=XDk0Uw0Cwrw\n絕妙說法-《法華經》概說-第三堂-4/4 \nhttp://www.youtube.com/watch?v=tGYoK7zAHT0\n\n絕妙說法-《法華經》概說-第四堂-1/4 \nhttp://www.youtube.com/watch?v=uDkYQojh0uQ&list=SP09E793AB13857074&index=1\n絕妙說法-《法華經》概說-第四堂-2/4 \nhttp://www.youtube.com/watch?v=dcCKVUlWC3Y&list=SP09E793AB13857074&index=2\n絕妙說法-《法華經》概說-第四堂-3/4 \nhttp://www.youtube.com/watch?v=74R_VwVDSwY\n絕妙說法-《法華經》概說-第四堂-4/4 \nhttp://www.youtube.com/watch?v=UMw-VJejAck');
INSERT INTO playlist(pid, cid, title, description) VALUES('PLDuDoO_3m4cY7R7IkUvk2oiBvGfYeMWrK','UCMvjjfm8AFBLQvQC9gItWEw', '《維摩經》與福慧雙修', '');
INSERT INTO videos(vid, pid, title, description) VALUES('FSCypYOrf9I', 'PLDuDoO_3m4cY7R7IkUvk2oiBvGfYeMWrK', '《維摩經》與福慧雙修-第一堂-1/4', '《維摩經》是非常殊勝的大乘經典，包含基本佛法，但超越基本佛法，入於人間又將人提昇到佛的層次。主角維摩詰居士，透過不思議的神通境界，傳達積極入世的大乘精神，如戲劇般對話式的演出讓人樂於接受。聖嚴法師說：「福慧並重，如鳥二翼」。本講次以「福慧雙修」為主題，直探修行的著手處。在講師的解說下，深入學習聖嚴法師闡述福慧雙修的重要性、原則、方法與實踐層次。讓您在菩薩道上，飛得高，飛得遠。以六度來修心嚴身，修福修慧，邁向超脫自在的人生，在紛擾的紅塵中當個現代維摩詰。\n\n「法鼓講堂」每周三晚間7：00~9：00\n網路直播：http://www.dharmaschool.com/ddm_max/liveclass/liveclassroom.php\n\n《維摩經》與福慧雙修-第一堂-1/4 \nhttp://www.youtube.com/watch?v=FSCypYOrf9I\n《維摩經》與福慧雙修-第一堂-2/4 \nhttp://www.youtube.com/watch?v=BicvL3m9dok\n《維摩經》與福慧雙修-第一堂-3/4 \nhttp://www.youtube.com/watch?v=8TMA8Gdu1uU\n《維摩經》與福慧雙修-第一堂-4/4 \nhttp://www.youtube.com/watch?v=sWiQDYaABXw\n\n《維摩經》與福慧雙修-第二堂-1/4 \nhttp://www.youtube.com/watch?v=Wf4Avjmefxc\n《維摩經》與福慧雙修-第二堂-2/4 \nhttp://www.youtube.com/watch?v=w6h-hpBNmeM\n《維摩經》與福慧雙修-第二堂-3/4 \nhttp://www.youtube.com/watch?v=43Z8X7BYwNc\n《維摩經》與福慧雙修-第二堂-4/4 \nhttp://www.youtube.com/watch?v=DRmuwHQBqio\n\n《維摩經》與福慧雙修-第三堂-1/4 \nhttp://www.youtube.com/watch?v=qBTqJ1xFbps&list=SP18661F70891BB436\n《維摩經》與福慧雙修-第三堂-2/4 \nhttp://www.youtube.com/watch?v=1Nk56ZjQgsM\n《維摩經》與福慧雙修-第三堂-3/4 \nhttp://www.youtube.com/watch?v=MG6dja2vt5Y\n《維摩經》與福慧雙修-第三堂-4/4 \nhttp://www.youtube.com/watch?v=C81_tw41uPk&list=SP18661F70891BB436\n\n《維摩經》與福慧雙修-第四堂-1/4 \nhttp://www.youtube.com/watch?v=ZnqysIgJZ90&list=SP4FD58E20AB6E7EF2&index=1\n《維摩經》與福慧雙修-第四堂-2/4 \nhttp://www.youtube.com/watch?v=NRQfCb8RNNI&list=SP4FD58E20AB6E7EF2&index=2\n《維摩經》與福慧雙修-第四堂-3/4 \nhttp://www.youtube.com/watch?v=fBOMA57S8tg&list=SP4FD58E20AB6E7EF2\n《維摩經》與福慧雙修-第四堂-4/4 \nhttp://www.youtube.com/watch?v=5gjnpShZCLI&list=SP4FD58E20AB6E7EF2');
INSERT INTO videos(vid, pid, title, description) VALUES('BicvL3m9dok', 'PLDuDoO_3m4cY7R7IkUvk2oiBvGfYeMWrK', '《維摩經》與福慧雙修-第一堂-2/4', '《維摩經》是非常殊勝的大乘經典，包含基本佛法，但超越基本佛法，入於人間又將人提昇到佛的層次。主角維摩詰居士，透過不思議的神通境界，傳達積極入世的大乘精神，如戲劇般對話式的演出讓人樂於接受。聖嚴法師說：「福慧並重，如鳥二翼」。本講次以「福慧雙修」為主題，直探修行的著手處。在講師的解說下，深入學習聖嚴法師闡述福慧雙修的重要性、原則、方法與實踐層次。讓您在菩薩道上，飛得高，飛得遠。以六度來修心嚴身，修福修慧，邁向超脫自在的人生，在紛擾的紅塵中當個現代維摩詰。\n\n「法鼓講堂」每周三晚間7：00~9：00\n網路直播：http://www.dharmaschool.com/ddm_max/liveclass/liveclassroom.php\n\n《維摩經》與福慧雙修-第一堂-1/4 \nhttp://www.youtube.com/watch?v=FSCypYOrf9I\n《維摩經》與福慧雙修-第一堂-2/4 \nhttp://www.youtube.com/watch?v=BicvL3m9dok\n《維摩經》與福慧雙修-第一堂-3/4 \nhttp://www.youtube.com/watch?v=8TMA8Gdu1uU\n《維摩經》與福慧雙修-第一堂-4/4 \nhttp://www.youtube.com/watch?v=sWiQDYaABXw\n\n《維摩經》與福慧雙修-第二堂-1/4 \nhttp://www.youtube.com/watch?v=Wf4Avjmefxc\n《維摩經》與福慧雙修-第二堂-2/4 \nhttp://www.youtube.com/watch?v=w6h-hpBNmeM\n《維摩經》與福慧雙修-第二堂-3/4 \nhttp://www.youtube.com/watch?v=43Z8X7BYwNc\n《維摩經》與福慧雙修-第二堂-4/4 \nhttp://www.youtube.com/watch?v=DRmuwHQBqio\n\n《維摩經》與福慧雙修-第三堂-1/4 \nhttp://www.youtube.com/watch?v=qBTqJ1xFbps&list=SP18661F70891BB436\n《維摩經》與福慧雙修-第三堂-2/4 \nhttp://www.youtube.com/watch?v=1Nk56ZjQgsM\n《維摩經》與福慧雙修-第三堂-3/4 \nhttp://www.youtube.com/watch?v=MG6dja2vt5Y\n《維摩經》與福慧雙修-第三堂-4/4 \nhttp://www.youtube.com/watch?v=C81_tw41uPk&list=SP18661F70891BB436\n\n《維摩經》與福慧雙修-第四堂-1/4 \nhttp://www.youtube.com/watch?v=ZnqysIgJZ90&list=SP4FD58E20AB6E7EF2&index=1\n《維摩經》與福慧雙修-第四堂-2/4 \nhttp://www.youtube.com/watch?v=NRQfCb8RNNI&list=SP4FD58E20AB6E7EF2&index=2\n《維摩經》與福慧雙修-第四堂-3/4 \nhttp://www.youtube.com/watch?v=fBOMA57S8tg&list=SP4FD58E20AB6E7EF2\n《維摩經》與福慧雙修-第四堂-4/4 \nhttp://www.youtube.com/watch?v=5gjnpShZCLI&list=SP4FD58E20AB6E7EF2');
INSERT INTO videos(vid, pid, title, description) VALUES('8TMA8Gdu1uU', 'PLDuDoO_3m4cY7R7IkUvk2oiBvGfYeMWrK', '《維摩經》與福慧雙修-第一堂-3/4', '《維摩經》是非常殊勝的大乘經典，包含基本佛法，但超越基本佛法，入於人間又將人提昇到佛的層次。主角維摩詰居士，透過不思議的神通境界，傳達積極入世的大乘精神，如戲劇般對話式的演出讓人樂於接受。聖嚴法師說：「福慧並重，如鳥二翼」。本講次以「福慧雙修」為主題，直探修行的著手處。在講師的解說下，深入學習聖嚴法師闡述福慧雙修的重要性、原則、方法與實踐層次。讓您在菩薩道上，飛得高，飛得遠。以六度來修心嚴身，修福修慧，邁向超脫自在的人生，在紛擾的紅塵中當個現代維摩詰。\n\n「法鼓講堂」每周三晚間7：00~9：00\n網路直播：http://www.dharmaschool.com/ddm_max/liveclass/liveclassroom.php\n\n《維摩經》與福慧雙修-第一堂-1/4 \nhttp://www.youtube.com/watch?v=FSCypYOrf9I\n《維摩經》與福慧雙修-第一堂-2/4 \nhttp://www.youtube.com/watch?v=BicvL3m9dok\n《維摩經》與福慧雙修-第一堂-3/4 \nhttp://www.youtube.com/watch?v=8TMA8Gdu1uU\n《維摩經》與福慧雙修-第一堂-4/4 \nhttp://www.youtube.com/watch?v=sWiQDYaABXw\n\n《維摩經》與福慧雙修-第二堂-1/4 \nhttp://www.youtube.com/watch?v=Wf4Avjmefxc\n《維摩經》與福慧雙修-第二堂-2/4 \nhttp://www.youtube.com/watch?v=w6h-hpBNmeM\n《維摩經》與福慧雙修-第二堂-3/4 \nhttp://www.youtube.com/watch?v=43Z8X7BYwNc\n《維摩經》與福慧雙修-第二堂-4/4 \nhttp://www.youtube.com/watch?v=DRmuwHQBqio\n\n《維摩經》與福慧雙修-第三堂-1/4 \nhttp://www.youtube.com/watch?v=qBTqJ1xFbps&list=SP18661F70891BB436\n《維摩經》與福慧雙修-第三堂-2/4 \nhttp://www.youtube.com/watch?v=1Nk56ZjQgsM\n《維摩經》與福慧雙修-第三堂-3/4 \nhttp://www.youtube.com/watch?v=MG6dja2vt5Y\n《維摩經》與福慧雙修-第三堂-4/4 \nhttp://www.youtube.com/watch?v=C81_tw41uPk&list=SP18661F70891BB436\n\n《維摩經》與福慧雙修-第四堂-1/4 \nhttp://www.youtube.com/watch?v=ZnqysIgJZ90&list=SP4FD58E20AB6E7EF2&index=1\n《維摩經》與福慧雙修-第四堂-2/4 \nhttp://www.youtube.com/watch?v=NRQfCb8RNNI&list=SP4FD58E20AB6E7EF2&index=2\n《維摩經》與福慧雙修-第四堂-3/4 \nhttp://www.youtube.com/watch?v=fBOMA57S8tg&list=SP4FD58E20AB6E7EF2\n《維摩經》與福慧雙修-第四堂-4/4 \nhttp://www.youtube.com/watch?v=5gjnpShZCLI&list=SP4FD58E20AB6E7EF2');
INSERT INTO videos(vid, pid, title, description) VALUES('sWiQDYaABXw', 'PLDuDoO_3m4cY7R7IkUvk2oiBvGfYeMWrK', '《維摩經》與福慧雙修-第一堂-4/4', '《維摩經》是非常殊勝的大乘經典，包含基本佛法，但超越基本佛法，入於人間又將人提昇到佛的層次。主角維摩詰居士，透過不思議的神通境界，傳達積極入世的大乘精神，如戲劇般對話式的演出讓人樂於接受。聖嚴法師說：「福慧並重，如鳥二翼」。本講次以「福慧雙修」為主題，直探修行的著手處。在講師的解說下，深入學習聖嚴法師闡述福慧雙修的重要性、原則、方法與實踐層次。讓您在菩薩道上，飛得高，飛得遠。以六度來修心嚴身，修福修慧，邁向超脫自在的人生，在紛擾的紅塵中當個現代維摩詰。\n\n「法鼓講堂」每周三晚間7：00~9：00\n網路直播：http://www.dharmaschool.com/ddm_max/liveclass/liveclassroom.php\n\n《維摩經》與福慧雙修-第一堂-1/4 \nhttp://www.youtube.com/watch?v=FSCypYOrf9I\n《維摩經》與福慧雙修-第一堂-2/4 \nhttp://www.youtube.com/watch?v=BicvL3m9dok\n《維摩經》與福慧雙修-第一堂-3/4 \nhttp://www.youtube.com/watch?v=8TMA8Gdu1uU\n《維摩經》與福慧雙修-第一堂-4/4 \nhttp://www.youtube.com/watch?v=sWiQDYaABXw\n\n《維摩經》與福慧雙修-第二堂-1/4 \nhttp://www.youtube.com/watch?v=Wf4Avjmefxc\n《維摩經》與福慧雙修-第二堂-2/4 \nhttp://www.youtube.com/watch?v=w6h-hpBNmeM\n《維摩經》與福慧雙修-第二堂-3/4 \nhttp://www.youtube.com/watch?v=43Z8X7BYwNc\n《維摩經》與福慧雙修-第二堂-4/4 \nhttp://www.youtube.com/watch?v=DRmuwHQBqio\n\n《維摩經》與福慧雙修-第三堂-1/4 \nhttp://www.youtube.com/watch?v=qBTqJ1xFbps&list=SP18661F70891BB436\n《維摩經》與福慧雙修-第三堂-2/4 \nhttp://www.youtube.com/watch?v=1Nk56ZjQgsM\n《維摩經》與福慧雙修-第三堂-3/4 \nhttp://www.youtube.com/watch?v=MG6dja2vt5Y\n《維摩經》與福慧雙修-第三堂-4/4 \nhttp://www.youtube.com/watch?v=C81_tw41uPk&list=SP18661F70891BB436\n\n《維摩經》與福慧雙修-第四堂-1/4 \nhttp://www.youtube.com/watch?v=ZnqysIgJZ90&list=SP4FD58E20AB6E7EF2&index=1\n《維摩經》與福慧雙修-第四堂-2/4 \nhttp://www.youtube.com/watch?v=NRQfCb8RNNI&list=SP4FD58E20AB6E7EF2&index=2\n《維摩經》與福慧雙修-第四堂-3/4 \nhttp://www.youtube.com/watch?v=fBOMA57S8tg&list=SP4FD58E20AB6E7EF2\n《維摩經》與福慧雙修-第四堂-4/4 \nhttp://www.youtube.com/watch?v=5gjnpShZCLI&list=SP4FD58E20AB6E7EF2');
INSERT INTO videos(vid, pid, title, description) VALUES('Wf4Avjmefxc', 'PLDuDoO_3m4cY7R7IkUvk2oiBvGfYeMWrK', '《維摩經》與福慧雙修-第二堂-1/4', '《維摩經》是非常殊勝的大乘經典，包含基本佛法，但超越基本佛法，入於人間又將人提昇到佛的層次。主角維摩詰居士，透過不思議的神通境界，傳達積極入世的大乘精神，如戲劇般對話式的演出讓人樂於接受。\n本次課程為法鼓講堂《維摩經》與福慧雙修系列課程中的第二講。\n聖嚴法師說：「福慧並重，如鳥二翼」。本講次以「福慧雙修」為主題，直探修行的著手處。在講師的解說下，深入學習聖嚴法師闡述福慧雙修的重要性、原則、方法與實踐層次。讓您在菩薩道上，飛得高，飛得遠。以六度來修心嚴身，修福修慧，邁向超脫自在的人生，在紛擾的紅塵中當個現代維摩詰。\n\n「法鼓講堂」每周三晚間7：00~9：00\n網路直播：http://www.dharmaschool.com/ddm_max/liveclass/liveclassroom.php\n\n《維摩經》與福慧雙修-第一堂-1/4 \nhttp://www.youtube.com/watch?v=FSCypYOrf9I\n《維摩經》與福慧雙修-第一堂-2/4 \nhttp://www.youtube.com/watch?v=BicvL3m9dok\n《維摩經》與福慧雙修-第一堂-3/4 \nhttp://www.youtube.com/watch?v=8TMA8Gdu1uU\n《維摩經》與福慧雙修-第一堂-4/4 \nhttp://www.youtube.com/watch?v=sWiQDYaABXw\n\n《維摩經》與福慧雙修-第二堂-1/4 \nhttp://www.youtube.com/watch?v=Wf4Avjmefxc\n《維摩經》與福慧雙修-第二堂-2/4 \nhttp://www.youtube.com/watch?v=w6h-hpBNmeM\n《維摩經》與福慧雙修-第二堂-3/4 \nhttp://www.youtube.com/watch?v=43Z8X7BYwNc\n《維摩經》與福慧雙修-第二堂-4/4 \nhttp://www.youtube.com/watch?v=DRmuwHQBqio\n\n《維摩經》與福慧雙修-第三堂-1/4 \nhttp://www.youtube.com/watch?v=qBTqJ1xFbps&list=SP18661F70891BB436\n《維摩經》與福慧雙修-第三堂-2/4 \nhttp://www.youtube.com/watch?v=1Nk56ZjQgsM\n《維摩經》與福慧雙修-第三堂-3/4 \nhttp://www.youtube.com/watch?v=MG6dja2vt5Y\n《維摩經》與福慧雙修-第三堂-4/4 \nhttp://www.youtube.com/watch?v=C81_tw41uPk&list=SP18661F70891BB436\n\n《維摩經》與福慧雙修-第四堂-1/4 \nhttp://www.youtube.com/watch?v=ZnqysIgJZ90&list=SP4FD58E20AB6E7EF2&index=1\n《維摩經》與福慧雙修-第四堂-2/4 \nhttp://www.youtube.com/watch?v=NRQfCb8RNNI&list=SP4FD58E20AB6E7EF2&index=2\n《維摩經》與福慧雙修-第四堂-3/4 \nhttp://www.youtube.com/watch?v=fBOMA57S8tg&list=SP4FD58E20AB6E7EF2\n《維摩經》與福慧雙修-第四堂-4/4 \nhttp://www.youtube.com/watch?v=5gjnpShZCLI&list=SP4FD58E20AB6E7EF2');
INSERT INTO videos(vid, pid, title, description) VALUES('w6h-hpBNmeM', 'PLDuDoO_3m4cY7R7IkUvk2oiBvGfYeMWrK', '《維摩經》與福慧雙修-第二堂-2/4', '《維摩經》是非常殊勝的大乘經典，包含基本佛法，但超越基本佛法，入於人間又將人提昇到佛的層次。主角維摩詰居士，透過不思議的神通境界，傳達積極入世的大乘精神，如戲劇般對話式的演出讓人樂於接受。\n本次課程為法鼓講堂《維摩經》與福慧雙修系列課程中的第二講。\n聖嚴法師說：「福慧並重，如鳥二翼」。本講次以「福慧雙修」為主題，直探修行的著手處。在講師的解說下，深入學習聖嚴法師闡述福慧雙修的重要性、原則、方法與實踐層次。讓您在菩薩道上，飛得高，飛得遠。以六度來修心嚴身，修福修慧，邁向超脫自在的人生，在紛擾的紅塵中當個現代維摩詰。\n\n「法鼓講堂」每周三晚間7：00~9：00\n網路直播：http://www.dharmaschool.com/ddm_max/liveclass/liveclassroom.php\n\n\n《維摩經》與福慧雙修-第一堂-1/4 \nhttp://www.youtube.com/watch?v=FSCypYOrf9I\n《維摩經》與福慧雙修-第一堂-2/4 \nhttp://www.youtube.com/watch?v=BicvL3m9dok\n《維摩經》與福慧雙修-第一堂-3/4 \nhttp://www.youtube.com/watch?v=8TMA8Gdu1uU\n《維摩經》與福慧雙修-第一堂-4/4 \nhttp://www.youtube.com/watch?v=sWiQDYaABXw\n\n《維摩經》與福慧雙修-第二堂-1/4 \nhttp://www.youtube.com/watch?v=Wf4Avjmefxc\n《維摩經》與福慧雙修-第二堂-2/4 \nhttp://www.youtube.com/watch?v=w6h-hpBNmeM\n《維摩經》與福慧雙修-第二堂-3/4 \nhttp://www.youtube.com/watch?v=43Z8X7BYwNc\n《維摩經》與福慧雙修-第二堂-4/4 \nhttp://www.youtube.com/watch?v=DRmuwHQBqio\n\n《維摩經》與福慧雙修-第三堂-1/4 \nhttp://www.youtube.com/watch?v=qBTqJ1xFbps&list=SP18661F70891BB436\n《維摩經》與福慧雙修-第三堂-2/4 \nhttp://www.youtube.com/watch?v=1Nk56ZjQgsM\n《維摩經》與福慧雙修-第三堂-3/4 \nhttp://www.youtube.com/watch?v=MG6dja2vt5Y\n《維摩經》與福慧雙修-第三堂-4/4 \nhttp://www.youtube.com/watch?v=C81_tw41uPk&list=SP18661F70891BB436\n\n《維摩經》與福慧雙修-第四堂-1/4 \nhttp://www.youtube.com/watch?v=ZnqysIgJZ90&list=SP4FD58E20AB6E7EF2&index=1\n《維摩經》與福慧雙修-第四堂-2/4 \nhttp://www.youtube.com/watch?v=NRQfCb8RNNI&list=SP4FD58E20AB6E7EF2&index=2\n《維摩經》與福慧雙修-第四堂-3/4 \nhttp://www.youtube.com/watch?v=fBOMA57S8tg&list=SP4FD58E20AB6E7EF2\n《維摩經》與福慧雙修-第四堂-4/4 \nhttp://www.youtube.com/watch?v=5gjnpShZCLI&list=SP4FD58E20AB6E7EF2');
INSERT INTO videos(vid, pid, title, description) VALUES('43Z8X7BYwNc', 'PLDuDoO_3m4cY7R7IkUvk2oiBvGfYeMWrK', '《維摩經》與福慧雙修-第二堂-3/4', '《維摩經》是非常殊勝的大乘經典，包含基本佛法，但超越基本佛法，入於人間又將人提昇到佛的層次。主角維摩詰居士，透過不思議的神通境界，傳達積極入世的大乘精神，如戲劇般對話式的演出讓人樂於接受。\n本次課程為法鼓講堂《維摩經》與福慧雙修系列課程中的第二講。\n聖嚴法師說：「福慧並重，如鳥二翼」。本講次以「福慧雙修」為主題，直探修行的著手處。在講師的解說下，深入學習聖嚴法師闡述福慧雙修的重要性、原則、方法與實踐層次。讓您在菩薩道上，飛得高，飛得遠。以六度來修心嚴身，修福修慧，邁向超脫自在的人生，在紛擾的紅塵中當個現代維摩詰。\n\n「法鼓講堂」每周三晚間7：00~9：00\n網路直播：http://www.dharmaschool.com/ddm_max/liveclass/liveclassroom.php\n\n《維摩經》與福慧雙修-第一堂-1/4 \nhttp://www.youtube.com/watch?v=FSCypYOrf9I\n《維摩經》與福慧雙修-第一堂-2/4 \nhttp://www.youtube.com/watch?v=BicvL3m9dok\n《維摩經》與福慧雙修-第一堂-3/4 \nhttp://www.youtube.com/watch?v=8TMA8Gdu1uU\n《維摩經》與福慧雙修-第一堂-4/4 \nhttp://www.youtube.com/watch?v=sWiQDYaABXw\n\n《維摩經》與福慧雙修-第二堂-1/4 \nhttp://www.youtube.com/watch?v=Wf4Avjmefxc\n《維摩經》與福慧雙修-第二堂-2/4 \nhttp://www.youtube.com/watch?v=w6h-hpBNmeM\n《維摩經》與福慧雙修-第二堂-3/4 \nhttp://www.youtube.com/watch?v=43Z8X7BYwNc\n《維摩經》與福慧雙修-第二堂-4/4 \nhttp://www.youtube.com/watch?v=DRmuwHQBqio\n\n《維摩經》與福慧雙修-第三堂-1/4 \nhttp://www.youtube.com/watch?v=qBTqJ1xFbps&list=SP18661F70891BB436\n《維摩經》與福慧雙修-第三堂-2/4 \nhttp://www.youtube.com/watch?v=1Nk56ZjQgsM\n《維摩經》與福慧雙修-第三堂-3/4 \nhttp://www.youtube.com/watch?v=MG6dja2vt5Y\n《維摩經》與福慧雙修-第三堂-4/4 \nhttp://www.youtube.com/watch?v=C81_tw41uPk&list=SP18661F70891BB436\n\n《維摩經》與福慧雙修-第四堂-1/4 \nhttp://www.youtube.com/watch?v=ZnqysIgJZ90&list=SP4FD58E20AB6E7EF2&index=1\n《維摩經》與福慧雙修-第四堂-2/4 \nhttp://www.youtube.com/watch?v=NRQfCb8RNNI&list=SP4FD58E20AB6E7EF2&index=2\n《維摩經》與福慧雙修-第四堂-3/4 \nhttp://www.youtube.com/watch?v=fBOMA57S8tg&list=SP4FD58E20AB6E7EF2\n《維摩經》與福慧雙修-第四堂-4/4 \nhttp://www.youtube.com/watch?v=5gjnpShZCLI&list=SP4FD58E20AB6E7EF2');
INSERT INTO videos(vid, pid, title, description) VALUES('DRmuwHQBqio', 'PLDuDoO_3m4cY7R7IkUvk2oiBvGfYeMWrK', '《維摩經》與福慧雙修-第二堂-4/4', '《維摩經》是非常殊勝的大乘經典，包含基本佛法，但超越基本佛法，入於人間又將人提昇到佛的層次。主角維摩詰居士，透過不思議的神通境界，傳達積極入世的大乘精神，如戲劇般對話式的演出讓人樂於接受。\n本次課程為法鼓講堂《維摩經》與福慧雙修系列課程中的第二講。\n聖嚴法師說：「福慧並重，如鳥二翼」。本講次以「福慧雙修」為主題，直探修行的著手處。在講師的解說下，深入學習聖嚴法師闡述福慧雙修的重要性、原則、方法與實踐層次。讓您在菩薩道上，飛得高，飛得遠。以六度來修心嚴身，修福修慧，邁向超脫自在的人生，在紛擾的紅塵中當個現代維摩詰。\n\n「法鼓講堂」每周三晚間7：00~9：00\n網路直播：http://www.dharmaschool.com/ddm_max/liveclass/liveclassroom.php\n\n《維摩經》與福慧雙修-第一堂-1/4 \nhttp://www.youtube.com/watch?v=FSCypYOrf9I\n《維摩經》與福慧雙修-第一堂-2/4 \nhttp://www.youtube.com/watch?v=BicvL3m9dok\n《維摩經》與福慧雙修-第一堂-3/4 \nhttp://www.youtube.com/watch?v=8TMA8Gdu1uU\n《維摩經》與福慧雙修-第一堂-4/4 \nhttp://www.youtube.com/watch?v=sWiQDYaABXw\n\n《維摩經》與福慧雙修-第二堂-1/4 \nhttp://www.youtube.com/watch?v=Wf4Avjmefxc\n《維摩經》與福慧雙修-第二堂-2/4 \nhttp://www.youtube.com/watch?v=w6h-hpBNmeM\n《維摩經》與福慧雙修-第二堂-3/4 \nhttp://www.youtube.com/watch?v=43Z8X7BYwNc\n《維摩經》與福慧雙修-第二堂-4/4 \nhttp://www.youtube.com/watch?v=DRmuwHQBqio\n\n《維摩經》與福慧雙修-第三堂-1/4 \nhttp://www.youtube.com/watch?v=qBTqJ1xFbps&list=SP18661F70891BB436\n《維摩經》與福慧雙修-第三堂-2/4 \nhttp://www.youtube.com/watch?v=1Nk56ZjQgsM\n《維摩經》與福慧雙修-第三堂-3/4 \nhttp://www.youtube.com/watch?v=MG6dja2vt5Y\n《維摩經》與福慧雙修-第三堂-4/4 \nhttp://www.youtube.com/watch?v=C81_tw41uPk&list=SP18661F70891BB436\n\n《維摩經》與福慧雙修-第四堂-1/4 \nhttp://www.youtube.com/watch?v=ZnqysIgJZ90&list=SP4FD58E20AB6E7EF2&index=1\n《維摩經》與福慧雙修-第四堂-2/4 \nhttp://www.youtube.com/watch?v=NRQfCb8RNNI&list=SP4FD58E20AB6E7EF2&index=2\n《維摩經》與福慧雙修-第四堂-3/4 \nhttp://www.youtube.com/watch?v=fBOMA57S8tg&list=SP4FD58E20AB6E7EF2\n《維摩經》與福慧雙修-第四堂-4/4 \nhttp://www.youtube.com/watch?v=5gjnpShZCLI&list=SP4FD58E20AB6E7EF2');
INSERT INTO videos(vid, pid, title, description) VALUES('qBTqJ1xFbps', 'PLDuDoO_3m4cY7R7IkUvk2oiBvGfYeMWrK', '《維摩經》與福慧雙修-第三堂-1/4', '《維摩經》是非常殊勝的大乘經典，包含基本佛法，但超越基本佛法，入於人間又將人提昇到佛的層次。主角維摩詰居士，透過不思議的神通境界，傳達積極入世的大乘精神，如戲劇般對話式的演出讓人樂於接受。福慧雙修對修行佛法的意義是甚麼？甚麼是修福？甚麼是修慧？甚麼是福慧雙修？ 我們齊聚在這裡聽聞佛法、上佛學課程，修的是甚麼呢？ 聖嚴法師說：「能夠在這裡聽聞到佛法是很有福報的。聽了佛法之後，煩惱減少了，智慧就增長。」\n\n本講次以「福慧雙修」為主題，直探修行的著手處。在講師的解說下，深入學習聖嚴法師闡述福慧雙修的重要性、原則、方法與實踐層次。讓您在菩薩道上，飛得高，飛得遠。以六度來修心嚴身，修福修慧，邁向超脫自在的人生，在紛擾的紅塵中當個現代維摩詰。\n\n「法鼓講堂」每周三晚間7：00~9：00\n網路直播：http://www.dharmaschool.com/ddm_max/liveclass/liveclassroom.php\n\n《維摩經》與福慧雙修-第一堂-1/4 \nhttp://www.youtube.com/watch?v=FSCypYOrf9I\n《維摩經》與福慧雙修-第一堂-2/4 \nhttp://www.youtube.com/watch?v=BicvL3m9dok\n《維摩經》與福慧雙修-第一堂-3/4 \nhttp://www.youtube.com/watch?v=8TMA8Gdu1uU\n《維摩經》與福慧雙修-第一堂-4/4 \nhttp://www.youtube.com/watch?v=sWiQDYaABXw\n\n《維摩經》與福慧雙修-第二堂-1/4 \nhttp://www.youtube.com/watch?v=Wf4Avjmefxc\n《維摩經》與福慧雙修-第二堂-2/4 \nhttp://www.youtube.com/watch?v=w6h-hpBNmeM\n《維摩經》與福慧雙修-第二堂-3/4 \nhttp://www.youtube.com/watch?v=43Z8X7BYwNc\n《維摩經》與福慧雙修-第二堂-4/4 \nhttp://www.youtube.com/watch?v=DRmuwHQBqio\n\n《維摩經》與福慧雙修-第三堂-1/4 \nhttp://www.youtube.com/watch?v=qBTqJ1xFbps&list=SP18661F70891BB436\n《維摩經》與福慧雙修-第三堂-2/4 \nhttp://www.youtube.com/watch?v=1Nk56ZjQgsM\n《維摩經》與福慧雙修-第三堂-3/4 \nhttp://www.youtube.com/watch?v=MG6dja2vt5Y\n《維摩經》與福慧雙修-第三堂-4/4 \nhttp://www.youtube.com/watch?v=C81_tw41uPk&list=SP18661F70891BB436\n\n《維摩經》與福慧雙修-第四堂-1/4 \nhttp://www.youtube.com/watch?v=ZnqysIgJZ90&list=SP4FD58E20AB6E7EF2&index=1\n《維摩經》與福慧雙修-第四堂-2/4 \nhttp://www.youtube.com/watch?v=NRQfCb8RNNI&list=SP4FD58E20AB6E7EF2&index=2\n《維摩經》與福慧雙修-第四堂-3/4 \nhttp://www.youtube.com/watch?v=fBOMA57S8tg&list=SP4FD58E20AB6E7EF2\n《維摩經》與福慧雙修-第四堂-4/4 \nhttp://www.youtube.com/watch?v=5gjnpShZCLI&list=SP4FD58E20AB6E7EF2');
INSERT INTO videos(vid, pid, title, description) VALUES('1Nk56ZjQgsM', 'PLDuDoO_3m4cY7R7IkUvk2oiBvGfYeMWrK', '《維摩經》與福慧雙修-第三堂-2/4', '《維摩經》是非常殊勝的大乘經典，包含基本佛法，但超越基本佛法，入於人間又將人提昇到佛的層次。主角維摩詰居士，透過不思議的神通境界，傳達積極入世的大乘精神，如戲劇般對話式的演出讓人樂於接受。\n福慧雙修對修行佛法的意義是甚麼？甚麼是修福？甚麼是修慧？甚麼是福慧雙修？ 我們齊聚在這裡聽聞佛法、上佛學課程，修的是甚麼呢？ 聖嚴法師說：「能夠在這裡聽聞到佛法是很有福報的。聽了佛法之後，煩惱減少了，智慧就增長。」\n\n「法鼓講堂」每周三晚間7：00~9：00\n網路直播：http://www.dharmaschool.com/ddm_max/liveclass/liveclassroom.php\n\n《維摩經》與福慧雙修-第一堂-1/4 \nhttp://www.youtube.com/watch?v=FSCypYOrf9I\n《維摩經》與福慧雙修-第一堂-2/4 \nhttp://www.youtube.com/watch?v=BicvL3m9dok\n《維摩經》與福慧雙修-第一堂-3/4 \nhttp://www.youtube.com/watch?v=8TMA8Gdu1uU\n《維摩經》與福慧雙修-第一堂-4/4 \nhttp://www.youtube.com/watch?v=sWiQDYaABXw\n\n《維摩經》與福慧雙修-第二堂-1/4 \nhttp://www.youtube.com/watch?v=Wf4Avjmefxc\n《維摩經》與福慧雙修-第二堂-2/4 \nhttp://www.youtube.com/watch?v=w6h-hpBNmeM\n《維摩經》與福慧雙修-第二堂-3/4 \nhttp://www.youtube.com/watch?v=43Z8X7BYwNc\n《維摩經》與福慧雙修-第二堂-4/4 \nhttp://www.youtube.com/watch?v=DRmuwHQBqio\n\n《維摩經》與福慧雙修-第三堂-1/4 \nhttp://www.youtube.com/watch?v=qBTqJ1xFbps&list=SP18661F70891BB436\n《維摩經》與福慧雙修-第三堂-2/4 \nhttp://www.youtube.com/watch?v=1Nk56ZjQgsM\n《維摩經》與福慧雙修-第三堂-3/4 \nhttp://www.youtube.com/watch?v=MG6dja2vt5Y\n《維摩經》與福慧雙修-第三堂-4/4 \nhttp://www.youtube.com/watch?v=C81_tw41uPk&list=SP18661F70891BB436\n\n《維摩經》與福慧雙修-第四堂-1/4 \nhttp://www.youtube.com/watch?v=ZnqysIgJZ90&list=SP4FD58E20AB6E7EF2&index=1\n《維摩經》與福慧雙修-第四堂-2/4 \nhttp://www.youtube.com/watch?v=NRQfCb8RNNI&list=SP4FD58E20AB6E7EF2&index=2\n《維摩經》與福慧雙修-第四堂-3/4 \nhttp://www.youtube.com/watch?v=fBOMA57S8tg&list=SP4FD58E20AB6E7EF2\n《維摩經》與福慧雙修-第四堂-4/4 \nhttp://www.youtube.com/watch?v=5gjnpShZCLI&list=SP4FD58E20AB6E7EF2\n\n\n本講次以「福慧雙修」為主題，直探修行的著手處。在講師的解說下，深入學習聖嚴法師闡述福慧雙修的重要性、原則、方法與實踐層次。讓您在菩薩道上，飛得高，飛得遠。以六度來修心嚴身，修福修慧，邁向超脫自在的人生，在紛擾的紅塵中當個現代維摩詰。');
INSERT INTO videos(vid, pid, title, description) VALUES('MG6dja2vt5Y', 'PLDuDoO_3m4cY7R7IkUvk2oiBvGfYeMWrK', '《維摩經》與福慧雙修-第三堂-3/4', '《維摩經》是非常殊勝的大乘經典，包含基本佛法，但超越基本佛法，入於人間又將人提昇到佛的層次。主角維摩詰居士，透過不思議的神通境界，傳達積極入世的大乘精神，如戲劇般對話式的演出讓人樂於接受。福慧雙修對修行佛法的意義是甚麼？甚麼是修福？甚麼是修慧？甚麼是福慧雙修？ 我們齊聚在這裡聽聞佛法、上佛學課程，修的是甚麼呢？ 聖嚴法師說：「能夠在這裡聽聞到佛法是很有福報的。聽了佛法之後，煩惱減少了，智慧就增長。」\n本講次以「福慧雙修」為主題，直探修行的著手處。在講師的解說下，深入學習聖嚴法師闡述福慧雙修的重要性、原則、方法與實踐層次。讓您在菩薩道上，飛得高，飛得遠。以六度來修心嚴身，修福修慧，邁向超脫自在的人生，在紛擾的紅塵中當個現代維摩詰。\n\n「法鼓講堂」每周三晚間7：00~9：00\n網路直播：http://www.dharmaschool.com/ddm_max/liveclass/liveclassroom.php\n\n《維摩經》與福慧雙修-第一堂-1/4 \nhttp://www.youtube.com/watch?v=FSCypYOrf9I\n《維摩經》與福慧雙修-第一堂-2/4 \nhttp://www.youtube.com/watch?v=BicvL3m9dok\n《維摩經》與福慧雙修-第一堂-3/4 \nhttp://www.youtube.com/watch?v=8TMA8Gdu1uU\n《維摩經》與福慧雙修-第一堂-4/4 \nhttp://www.youtube.com/watch?v=sWiQDYaABXw\n\n《維摩經》與福慧雙修-第二堂-1/4 \nhttp://www.youtube.com/watch?v=Wf4Avjmefxc\n《維摩經》與福慧雙修-第二堂-2/4 \nhttp://www.youtube.com/watch?v=w6h-hpBNmeM\n《維摩經》與福慧雙修-第二堂-3/4 \nhttp://www.youtube.com/watch?v=43Z8X7BYwNc\n《維摩經》與福慧雙修-第二堂-4/4 \nhttp://www.youtube.com/watch?v=DRmuwHQBqio\n\n《維摩經》與福慧雙修-第三堂-1/4 \nhttp://www.youtube.com/watch?v=qBTqJ1xFbps&list=SP18661F70891BB436\n《維摩經》與福慧雙修-第三堂-2/4 \nhttp://www.youtube.com/watch?v=1Nk56ZjQgsM\n《維摩經》與福慧雙修-第三堂-3/4 \nhttp://www.youtube.com/watch?v=MG6dja2vt5Y\n《維摩經》與福慧雙修-第三堂-4/4 \nhttp://www.youtube.com/watch?v=C81_tw41uPk&list=SP18661F70891BB436\n\n《維摩經》與福慧雙修-第四堂-1/4 \nhttp://www.youtube.com/watch?v=ZnqysIgJZ90&list=SP4FD58E20AB6E7EF2&index=1\n《維摩經》與福慧雙修-第四堂-2/4 \nhttp://www.youtube.com/watch?v=NRQfCb8RNNI&list=SP4FD58E20AB6E7EF2&index=2\n《維摩經》與福慧雙修-第四堂-3/4 \nhttp://www.youtube.com/watch?v=fBOMA57S8tg&list=SP4FD58E20AB6E7EF2\n《維摩經》與福慧雙修-第四堂-4/4 \nhttp://www.youtube.com/watch?v=5gjnpShZCLI&list=SP4FD58E20AB6E7EF2');
INSERT INTO videos(vid, pid, title, description) VALUES('C81_tw41uPk', 'PLDuDoO_3m4cY7R7IkUvk2oiBvGfYeMWrK', '《維摩經》與福慧雙修-第三堂-4/4', '《維摩經》是非常殊勝的大乘經典，包含基本佛法，但超越基本佛法，入於人間又將人提昇到佛的層次。主角維摩詰居士，透過不思議的神通境界，傳達積極入世的大乘精神，如戲劇般對話式的演出讓人樂於接受。\n福慧雙修對修行佛法的意義是甚麼？甚麼是修福？甚麼是修慧？甚麼是福慧雙修？ 我們齊聚在這裡聽聞佛法、上佛學課程，修的是甚麼呢？ 聖嚴法師說：「能夠在這裡聽聞到佛法是很有福報的。聽了佛法之後，煩惱減少了，智慧就增長。」\n本講次以「福慧雙修」為主題，直探修行的著手處。在講師的解說下，深入學習聖嚴法師闡述福慧雙修的重要性、原則、方法與實踐層次。讓您在菩薩道上，飛得高，飛得遠。以六度來修心嚴身，修福修慧，邁向超脫自在的人生，在紛擾的紅塵中當個現代維摩詰。\n\n「法鼓講堂」每周三晚間7：00~9：00\n網路直播：http://www.dharmaschool.com/ddm_max/liveclass/liveclassroom.php\n\n《維摩經》與福慧雙修-第一堂-1/4 \nhttp://www.youtube.com/watch?v=FSCypYOrf9I\n《維摩經》與福慧雙修-第一堂-2/4 \nhttp://www.youtube.com/watch?v=BicvL3m9dok\n《維摩經》與福慧雙修-第一堂-3/4 \nhttp://www.youtube.com/watch?v=8TMA8Gdu1uU\n《維摩經》與福慧雙修-第一堂-4/4 \nhttp://www.youtube.com/watch?v=sWiQDYaABXw\n\n《維摩經》與福慧雙修-第二堂-1/4 \nhttp://www.youtube.com/watch?v=Wf4Avjmefxc\n《維摩經》與福慧雙修-第二堂-2/4 \nhttp://www.youtube.com/watch?v=w6h-hpBNmeM\n《維摩經》與福慧雙修-第二堂-3/4 \nhttp://www.youtube.com/watch?v=43Z8X7BYwNc\n《維摩經》與福慧雙修-第二堂-4/4 \nhttp://www.youtube.com/watch?v=DRmuwHQBqio\n\n《維摩經》與福慧雙修-第三堂-1/4 \nhttp://www.youtube.com/watch?v=qBTqJ1xFbps&list=SP18661F70891BB436\n《維摩經》與福慧雙修-第三堂-2/4 \nhttp://www.youtube.com/watch?v=1Nk56ZjQgsM\n《維摩經》與福慧雙修-第三堂-3/4 \nhttp://www.youtube.com/watch?v=MG6dja2vt5Y\n《維摩經》與福慧雙修-第三堂-4/4 \nhttp://www.youtube.com/watch?v=C81_tw41uPk&list=SP18661F70891BB436\n\n《維摩經》與福慧雙修-第四堂-1/4 \nhttp://www.youtube.com/watch?v=ZnqysIgJZ90&list=SP4FD58E20AB6E7EF2&index=1\n《維摩經》與福慧雙修-第四堂-2/4 \nhttp://www.youtube.com/watch?v=NRQfCb8RNNI&list=SP4FD58E20AB6E7EF2&index=2\n《維摩經》與福慧雙修-第四堂-3/4 \nhttp://www.youtube.com/watch?v=fBOMA57S8tg&list=SP4FD58E20AB6E7EF2\n《維摩經》與福慧雙修-第四堂-4/4 \nhttp://www.youtube.com/watch?v=5gjnpShZCLI&list=SP4FD58E20AB6E7EF2');
INSERT INTO videos(vid, pid, title, description) VALUES('ZnqysIgJZ90', 'PLDuDoO_3m4cY7R7IkUvk2oiBvGfYeMWrK', '《維摩經》與福慧雙修-第四堂-1/4', '《維摩經》是非常殊勝的大乘經典，包含基本佛法，但超越基本佛法，入於人間又將人提昇到佛的層次。主角維摩詰居士，透過不思議的神通境界，傳達積極入世的大乘精神，如戲劇般對話式的演出讓人樂於接受。福慧雙修的修行原則是甚麼？即是「從有到空」的修行原則。 甚麼是從有到空呢？ 一般我們剛開始學佛修行的人，先從有功德福報出發。祈願修行佛法能求得福慧功德。 在修行了一個階段之後，會放掉對功德、福報、智慧的追求。這就是「從有到空」。 在《修行在紅塵》一書中，聖嚴法師從維摩經中，摘要三段經文詳細說明「從有到空」的修行方法。 本次課程常延法師將帶領大家導讀領會聖嚴法師所教導的「從有到空」的修行方法。\n\n「法鼓講堂」每周三晚間7：00~9：00\n網路直播：http://www.dharmaschool.com/ddm_max/liveclass/liveclassroom.php\nhttp://www.youtube.com/watch?v=5DjL0qnH4jM\n\n《維摩經》與福慧雙修-第一堂-1/4 \nhttp://www.youtube.com/watch?v=FSCypYOrf9I\n《維摩經》與福慧雙修-第一堂-2/4 \nhttp://www.youtube.com/watch?v=BicvL3m9dok\n《維摩經》與福慧雙修-第一堂-3/4 \nhttp://www.youtube.com/watch?v=8TMA8Gdu1uU\n《維摩經》與福慧雙修-第一堂-4/4 \nhttp://www.youtube.com/watch?v=sWiQDYaABXw\n\n《維摩經》與福慧雙修-第二堂-1/4 \nhttp://www.youtube.com/watch?v=Wf4Avjmefxc\n《維摩經》與福慧雙修-第二堂-2/4 \nhttp://www.youtube.com/watch?v=w6h-hpBNmeM\n《維摩經》與福慧雙修-第二堂-3/4 \nhttp://www.youtube.com/watch?v=43Z8X7BYwNc\n《維摩經》與福慧雙修-第二堂-4/4 \nhttp://www.youtube.com/watch?v=DRmuwHQBqio\n\n《維摩經》與福慧雙修-第三堂-1/4 \nhttp://www.youtube.com/watch?v=qBTqJ1xFbps&list=SP18661F70891BB436\n《維摩經》與福慧雙修-第三堂-2/4 \nhttp://www.youtube.com/watch?v=1Nk56ZjQgsM\n《維摩經》與福慧雙修-第三堂-3/4 \nhttp://www.youtube.com/watch?v=MG6dja2vt5Y\n《維摩經》與福慧雙修-第三堂-4/4 \nhttp://www.youtube.com/watch?v=C81_tw41uPk&list=SP18661F70891BB436\n\n《維摩經》與福慧雙修-第四堂-1/4 \nhttp://www.youtube.com/watch?v=ZnqysIgJZ90&list=SP4FD58E20AB6E7EF2&index=1\n《維摩經》與福慧雙修-第四堂-2/4 \nhttp://www.youtube.com/watch?v=NRQfCb8RNNI&list=SP4FD58E20AB6E7EF2&index=2\n《維摩經》與福慧雙修-第四堂-3/4 \nhttp://www.youtube.com/watch?v=fBOMA57S8tg&list=SP4FD58E20AB6E7EF2\n《維摩經》與福慧雙修-第四堂-4/4 \nhttp://www.youtube.com/watch?v=5gjnpShZCLI&list=SP4FD58E20AB6E7EF2');
INSERT INTO videos(vid, pid, title, description) VALUES('NRQfCb8RNNI', 'PLDuDoO_3m4cY7R7IkUvk2oiBvGfYeMWrK', '《維摩經》與福慧雙修-第四堂-2/4', '《維摩經》是非常殊勝的大乘經典，包含基本佛法，但超越基本佛法，入於人間又將人提昇到佛的層次。主角維摩詰居士，透過不思議的神通境界，傳達積極入世的大乘精神，如戲劇般對話式的演出讓人樂於接受。福慧雙修的修行原則是甚麼？即是「從有到空」的修行原則。 甚麼是從有到空呢？ 一般我們剛開始學佛修行的人，先從有功德福報出發。祈願修行佛法能求得福慧功德。 在修行了一個階段之後，會放掉對功德、福報、智慧的追求。這就是「從有到空」。 在《修行在紅塵》一書中，聖嚴法師從維摩經中，摘要三段經文詳細說明「從有到空」的修行方法。 本次課程常延法師將帶領大家導讀領會聖嚴法師所教導的「從有到空」的修行方法。\n\n「法鼓講堂」每周三晚間7：00~9：00\n網路直播：http://www.dharmaschool.com/ddm_max/liveclass/liveclassroom.php\nhttp://www.youtube.com/watch?v=5DjL0qnH4jM\n\n《維摩經》與福慧雙修-第一堂-1/4 \nhttp://www.youtube.com/watch?v=FSCypYOrf9I\n《維摩經》與福慧雙修-第一堂-2/4 \nhttp://www.youtube.com/watch?v=BicvL3m9dok\n《維摩經》與福慧雙修-第一堂-3/4 \nhttp://www.youtube.com/watch?v=8TMA8Gdu1uU\n《維摩經》與福慧雙修-第一堂-4/4 \nhttp://www.youtube.com/watch?v=sWiQDYaABXw\n\n《維摩經》與福慧雙修-第二堂-1/4 \nhttp://www.youtube.com/watch?v=Wf4Avjmefxc\n《維摩經》與福慧雙修-第二堂-2/4 \nhttp://www.youtube.com/watch?v=w6h-hpBNmeM\n《維摩經》與福慧雙修-第二堂-3/4 \nhttp://www.youtube.com/watch?v=43Z8X7BYwNc\n《維摩經》與福慧雙修-第二堂-4/4 \nhttp://www.youtube.com/watch?v=DRmuwHQBqio\n\n《維摩經》與福慧雙修-第三堂-1/4 \nhttp://www.youtube.com/watch?v=qBTqJ1xFbps&list=SP18661F70891BB436\n《維摩經》與福慧雙修-第三堂-2/4 \nhttp://www.youtube.com/watch?v=1Nk56ZjQgsM\n《維摩經》與福慧雙修-第三堂-3/4 \nhttp://www.youtube.com/watch?v=MG6dja2vt5Y\n《維摩經》與福慧雙修-第三堂-4/4 \nhttp://www.youtube.com/watch?v=C81_tw41uPk&list=SP18661F70891BB436\n\n《維摩經》與福慧雙修-第四堂-1/4 \nhttp://www.youtube.com/watch?v=ZnqysIgJZ90&list=SP4FD58E20AB6E7EF2&index=1\n《維摩經》與福慧雙修-第四堂-2/4 \nhttp://www.youtube.com/watch?v=NRQfCb8RNNI&list=SP4FD58E20AB6E7EF2&index=2\n《維摩經》與福慧雙修-第四堂-3/4 \nhttp://www.youtube.com/watch?v=fBOMA57S8tg&list=SP4FD58E20AB6E7EF2\n《維摩經》與福慧雙修-第四堂-4/4 \nhttp://www.youtube.com/watch?v=5gjnpShZCLI&list=SP4FD58E20AB6E7EF2');
INSERT INTO videos(vid, pid, title, description) VALUES('fBOMA57S8tg', 'PLDuDoO_3m4cY7R7IkUvk2oiBvGfYeMWrK', '《維摩經》與福慧雙修-第四堂-3/4', '《維摩經》是非常殊勝的大乘經典，包含基本佛法，但超越基本佛法，入於人間又將人提昇到佛的層次。主角維摩詰居士，透過不思議的神通境界，傳達積極入世的大乘精神，如戲劇般對話式的演出讓人樂於接受。福慧雙修的修行原則是甚麼？即是「從有到空」的修行原則。 甚麼是從有到空呢？ 一般我們剛開始學佛修行的人，先從有功德福報出發。祈願修行佛法能求得福慧功德。 在修行了一個階段之後，會放掉對功德、福報、智慧的追求。這就是「從有到空」。 在《修行在紅塵》一書中，聖嚴法師從維摩經中，摘要三段經文詳細說明「從有到空」的修行方法。 本次課程常延法師將帶領大家導讀領會聖嚴法師所教導的「從有到空」的修行方法。\n\n「法鼓講堂」每周三晚間7：00~9：00\n網路直播：http://www.dharmaschool.com/ddm_max/liveclass/liveclassroom.php\nhttp://www.youtube.com/watch?v=5DjL0qnH4jM\n\n《維摩經》與福慧雙修-第一堂-1/4 \nhttp://www.youtube.com/watch?v=FSCypYOrf9I\n《維摩經》與福慧雙修-第一堂-2/4 \nhttp://www.youtube.com/watch?v=BicvL3m9dok\n《維摩經》與福慧雙修-第一堂-3/4 \nhttp://www.youtube.com/watch?v=8TMA8Gdu1uU\n《維摩經》與福慧雙修-第一堂-4/4 \nhttp://www.youtube.com/watch?v=sWiQDYaABXw\n\n《維摩經》與福慧雙修-第二堂-1/4 \nhttp://www.youtube.com/watch?v=Wf4Avjmefxc\n《維摩經》與福慧雙修-第二堂-2/4 \nhttp://www.youtube.com/watch?v=w6h-hpBNmeM\n《維摩經》與福慧雙修-第二堂-3/4 \nhttp://www.youtube.com/watch?v=43Z8X7BYwNc\n《維摩經》與福慧雙修-第二堂-4/4 \nhttp://www.youtube.com/watch?v=DRmuwHQBqio\n\n《維摩經》與福慧雙修-第三堂-1/4 \nhttp://www.youtube.com/watch?v=qBTqJ1xFbps&list=SP18661F70891BB436\n《維摩經》與福慧雙修-第三堂-2/4 \nhttp://www.youtube.com/watch?v=1Nk56ZjQgsM\n《維摩經》與福慧雙修-第三堂-3/4 \nhttp://www.youtube.com/watch?v=MG6dja2vt5Y\n《維摩經》與福慧雙修-第三堂-4/4 \nhttp://www.youtube.com/watch?v=C81_tw41uPk&list=SP18661F70891BB436\n\n《維摩經》與福慧雙修-第四堂-1/4 \nhttp://www.youtube.com/watch?v=ZnqysIgJZ90&list=SP4FD58E20AB6E7EF2&index=1\n《維摩經》與福慧雙修-第四堂-2/4 \nhttp://www.youtube.com/watch?v=NRQfCb8RNNI&list=SP4FD58E20AB6E7EF2&index=2\n《維摩經》與福慧雙修-第四堂-3/4 \nhttp://www.youtube.com/watch?v=fBOMA57S8tg&list=SP4FD58E20AB6E7EF2\n《維摩經》與福慧雙修-第四堂-4/4 \nhttp://www.youtube.com/watch?v=5gjnpShZCLI&list=SP4FD58E20AB6E7EF2');
INSERT INTO videos(vid, pid, title, description) VALUES('5gjnpShZCLI', 'PLDuDoO_3m4cY7R7IkUvk2oiBvGfYeMWrK', '《維摩經》與福慧雙修-第四堂-4/4', '《維摩經》是非常殊勝的大乘經典，包含基本佛法，但超越基本佛法，入於人間又將人提昇到佛的層次。主角維摩詰居士，透過不思議的神通境界，傳達積極入世的大乘精神，如戲劇般對話式的演出讓人樂於接受。福慧雙修的修行原則是甚麼？即是「從有到空」的修行原則。 甚麼是從有到空呢？ 一般我們剛開始學佛修行的人，先從有功德福報出發。祈願修行佛法能求得福慧功德。 在修行了一個階段之後，會放掉對功德、福報、智慧的追求。這就是「從有到空」。 在《修行在紅塵》一書中，聖嚴法師從維摩經中，摘要三段經文詳細說明「從有到空」的修行方法。 本次課程常延法師將帶領大家導讀領會聖嚴法師所教導的「從有到空」的修行方法。\n\n「法鼓講堂」每周三晚間7：00~9：00\n網路直播：http://www.dharmaschool.com/ddm_max/liveclass/liveclassroom.php\nhttp://www.youtube.com/watch?v=5DjL0qnH4jM\n\n《維摩經》與福慧雙修-第一堂-1/4 \nhttp://www.youtube.com/watch?v=FSCypYOrf9I\n《維摩經》與福慧雙修-第一堂-2/4 \nhttp://www.youtube.com/watch?v=BicvL3m9dok\n《維摩經》與福慧雙修-第一堂-3/4 \nhttp://www.youtube.com/watch?v=8TMA8Gdu1uU\n《維摩經》與福慧雙修-第一堂-4/4 \nhttp://www.youtube.com/watch?v=sWiQDYaABXw\n\n《維摩經》與福慧雙修-第二堂-1/4 \nhttp://www.youtube.com/watch?v=Wf4Avjmefxc\n《維摩經》與福慧雙修-第二堂-2/4 \nhttp://www.youtube.com/watch?v=w6h-hpBNmeM\n《維摩經》與福慧雙修-第二堂-3/4 \nhttp://www.youtube.com/watch?v=43Z8X7BYwNc\n《維摩經》與福慧雙修-第二堂-4/4 \nhttp://www.youtube.com/watch?v=DRmuwHQBqio\n\n《維摩經》與福慧雙修-第三堂-1/4 \nhttp://www.youtube.com/watch?v=qBTqJ1xFbps&list=SP18661F70891BB436\n《維摩經》與福慧雙修-第三堂-2/4 \nhttp://www.youtube.com/watch?v=1Nk56ZjQgsM\n《維摩經》與福慧雙修-第三堂-3/4 \nhttp://www.youtube.com/watch?v=MG6dja2vt5Y\n《維摩經》與福慧雙修-第三堂-4/4 \nhttp://www.youtube.com/watch?v=C81_tw41uPk&list=SP18661F70891BB436\n\n《維摩經》與福慧雙修-第四堂-1/4 \nhttp://www.youtube.com/watch?v=ZnqysIgJZ90&list=SP4FD58E20AB6E7EF2&index=1\n《維摩經》與福慧雙修-第四堂-2/4 \nhttp://www.youtube.com/watch?v=NRQfCb8RNNI&list=SP4FD58E20AB6E7EF2&index=2\n《維摩經》與福慧雙修-第四堂-3/4 \nhttp://www.youtube.com/watch?v=fBOMA57S8tg&list=SP4FD58E20AB6E7EF2\n《維摩經》與福慧雙修-第四堂-4/4 \nhttp://www.youtube.com/watch?v=5gjnpShZCLI&list=SP4FD58E20AB6E7EF2');
INSERT INTO playlist(pid, cid, title, description) VALUES('PLDuDoO_3m4cZAmvZ1jyXCnq4vEimSGkye','UCMvjjfm8AFBLQvQC9gItWEw', '《聖嚴法師教淨土法門》導讀', '');
INSERT INTO videos(vid, pid, title, description) VALUES('m4ocCaoF8pM', 'PLDuDoO_3m4cZAmvZ1jyXCnq4vEimSGkye', '《聖嚴法師教淨土法門》導讀-第一堂-1/4', '現代人生活工作非常的忙錄，要如何在忙碌的生活之中，能夠端正自己的身口意？因為淨土法門修行非常簡單、方便，非常適合現代人忙碌的生活，適合現代人修行。果舫法師以《聖嚴法師教淨土法門》這本書，從修習佛法的基本知見，透過《阿彌陀經》等經典的解說，深入往生佛國淨土的「有相念佛」與自心淨土的「無相念佛」。本課程為四次講堂課程中的第一講，果舫法師將帶領您體驗《聖嚴法師教淨土法門》的第一篇，〈修學佛法的基本知見〉。\n\n「法鼓講堂」每周三晚間7：00~9：00\n網路直播：http://www.dharmaschool.com/ddm_max/liveclass/liveclassroom.php\n\n《聖嚴法師教淨土法門》導讀-第一堂-1/4 \nhttp://www.youtube.com/watch?v=m4ocCaoF8pM&list=SP19E2B21A15576E4C&index=1\n《聖嚴法師教淨土法門》導讀-第一堂-2/4 \nhttp://www.youtube.com/watch?v=GVrHCPkH6v4&list=SP19E2B21A15576E4C\n《聖嚴法師教淨土法門》導讀-第一堂-3/4 \nhttp://www.youtube.com/watch?v=ce_33TfenI4&list=SP19E2B21A15576E4C\n《聖嚴法師教淨土法門》導讀-第一堂-4/4 \nhttp://www.youtube.com/watch?v=oHSJkvgBAIE&list=SP19E2B21A15576E4C\n\n《聖嚴法師教淨土法門》導讀-第二堂-1/4 \nhttp://www.youtube.com/watch?v=PiFZBJ8WdtI\n《聖嚴法師教淨土法門》導讀-第二堂-2/4 \nhttp://www.youtube.com/watch?v=7YUr3OTmAEs\n《聖嚴法師教淨土法門》導讀-第二堂-3/4 \nhttp://www.youtube.com/watch?v=RfLOD42i-qk\n \n《聖嚴法師教淨土法門》導讀-第二堂-4/4 \nhttp://www.youtube.com/watch?v=b1gbVsQjhw4\n\n《聖嚴法師教淨土法門》導讀-第三堂-1/4 \nhttp://www.youtube.com/watch?v=O5udERNqQgw\n《聖嚴法師教淨土法門》導讀-第三堂-2/4 \nhttp://www.youtube.com/watch?v=nTyxbC7iX1g\n《聖嚴法師教淨土法門》導讀-第三堂-3/4 \nhttp://www.youtube.com/watch?v=nw8lo6kDct8\n《聖嚴法師教淨土法門》導讀-第三堂-4/4 \nhttp://www.youtube.com/watch?v=1HkYeFdneL0\n\n\n《聖嚴法師教淨土法門》導讀-第四堂-1/4 \nhttp://www.youtube.com/watch?v=1NpxnqETMnc&list=SP92BCFF7B4AF36B03&index=1\n《聖嚴法師教淨土法門》導讀-第四堂-2/4 \nhttp://www.youtube.com/watch?v=UUoD9vleCxI&list=SP92BCFF7B4AF36B03\n《聖嚴法師教淨土法門》導讀-第四堂-3/4 \nhttp://www.youtube.com/watch?v=gIzf8w8GfAo&list=SP92BCFF7B4AF36B03\n《聖嚴法師教淨土法門》導讀-第四堂-4/4 \nhttp://www.youtube.com/watch?v=zJOKPZsdpD4&list=SP92BCFF7B4AF36B03');
INSERT INTO videos(vid, pid, title, description) VALUES('GVrHCPkH6v4', 'PLDuDoO_3m4cZAmvZ1jyXCnq4vEimSGkye', '《聖嚴法師教淨土法門》導讀-第一堂-2/4', '現代人生活工作非常的忙錄，要如何在忙碌的生活之中，能夠端正自己的身口意？因為淨土法門修行非常簡單、方便，非常適合現代人忙碌的生活，適合現代人修行。果舫法師以《聖嚴法師教淨土法門》這本書，從修習佛法的基本知見，透過《阿彌陀經》等經典的解說，深入往生佛國淨土的「有相念佛」與自心淨土的「無相念佛」。本課程為四次講堂課程中的第一講，果舫法師將帶領您體驗《聖嚴法師教淨土法門》的第一篇，〈修學佛法的基本知見〉。\n\n「法鼓講堂」每周三晚間7：00~9：00\n網路直播：http://www.dharmaschool.com/ddm_max/liveclass/liveclassroom.php\n\n《聖嚴法師教淨土法門》導讀-第一堂-1/4 \nhttp://www.youtube.com/watch?v=m4ocCaoF8pM&list=SP19E2B21A15576E4C&index=1\n《聖嚴法師教淨土法門》導讀-第一堂-2/4 \nhttp://www.youtube.com/watch?v=GVrHCPkH6v4&list=SP19E2B21A15576E4C\n《聖嚴法師教淨土法門》導讀-第一堂-3/4 \nhttp://www.youtube.com/watch?v=ce_33TfenI4&list=SP19E2B21A15576E4C\n《聖嚴法師教淨土法門》導讀-第一堂-4/4 \nhttp://www.youtube.com/watch?v=oHSJkvgBAIE&list=SP19E2B21A15576E4C\n\n《聖嚴法師教淨土法門》導讀-第二堂-1/4 \nhttp://www.youtube.com/watch?v=PiFZBJ8WdtI\n《聖嚴法師教淨土法門》導讀-第二堂-2/4 \nhttp://www.youtube.com/watch?v=7YUr3OTmAEs\n《聖嚴法師教淨土法門》導讀-第二堂-3/4 \nhttp://www.youtube.com/watch?v=RfLOD42i-qk\n \n《聖嚴法師教淨土法門》導讀-第二堂-4/4 \nhttp://www.youtube.com/watch?v=b1gbVsQjhw4\n\n《聖嚴法師教淨土法門》導讀-第三堂-1/4 \nhttp://www.youtube.com/watch?v=O5udERNqQgw\n《聖嚴法師教淨土法門》導讀-第三堂-2/4 \nhttp://www.youtube.com/watch?v=nTyxbC7iX1g\n《聖嚴法師教淨土法門》導讀-第三堂-3/4 \nhttp://www.youtube.com/watch?v=nw8lo6kDct8\n《聖嚴法師教淨土法門》導讀-第三堂-4/4 \nhttp://www.youtube.com/watch?v=1HkYeFdneL0\n\n\n《聖嚴法師教淨土法門》導讀-第四堂-1/4 \nhttp://www.youtube.com/watch?v=1NpxnqETMnc&list=SP92BCFF7B4AF36B03&index=1\n《聖嚴法師教淨土法門》導讀-第四堂-2/4 \nhttp://www.youtube.com/watch?v=UUoD9vleCxI&list=SP92BCFF7B4AF36B03\n《聖嚴法師教淨土法門》導讀-第四堂-3/4 \nhttp://www.youtube.com/watch?v=gIzf8w8GfAo&list=SP92BCFF7B4AF36B03\n《聖嚴法師教淨土法門》導讀-第四堂-4/4 \nhttp://www.youtube.com/watch?v=zJOKPZsdpD4&list=SP92BCFF7B4AF36B03');
INSERT INTO videos(vid, pid, title, description) VALUES('ce_33TfenI4', 'PLDuDoO_3m4cZAmvZ1jyXCnq4vEimSGkye', '《聖嚴法師教淨土法門》導讀-第一堂-3/4', '現代人生活工作非常的忙錄，要如何在忙碌的生活之中，能夠端正自己的身口意？因為淨土法門修行非常簡單、方便，非常適合現代人忙碌的生活，適合現代人修行。果舫法師以《聖嚴法師教淨土法門》這本書，從修習佛法的基本知見，透過《阿彌陀經》等經典的解說，深入往生佛國淨土的「有相念佛」與自心淨土的「無相念佛」。本課程為四次講堂課程中的第一講，果舫法師將帶領您體驗《聖嚴法師教淨土法門》的第一篇，〈修學佛法的基本知見〉。\n「法鼓講堂」每周三晚間7：00~9：00\n網路直播：http://www.dharmaschool.com/ddm_max/liveclass/liveclassroom.php\n\n《聖嚴法師教淨土法門》導讀-第一堂-1/4 \nhttp://www.youtube.com/watch?v=m4ocCaoF8pM&list=SP19E2B21A15576E4C&index=1\n《聖嚴法師教淨土法門》導讀-第一堂-2/4 \nhttp://www.youtube.com/watch?v=GVrHCPkH6v4&list=SP19E2B21A15576E4C\n《聖嚴法師教淨土法門》導讀-第一堂-3/4 \nhttp://www.youtube.com/watch?v=ce_33TfenI4&list=SP19E2B21A15576E4C\n《聖嚴法師教淨土法門》導讀-第一堂-4/4 \nhttp://www.youtube.com/watch?v=oHSJkvgBAIE&list=SP19E2B21A15576E4C\n\n《聖嚴法師教淨土法門》導讀-第二堂-1/4 \nhttp://www.youtube.com/watch?v=PiFZBJ8WdtI\n《聖嚴法師教淨土法門》導讀-第二堂-2/4 \nhttp://www.youtube.com/watch?v=7YUr3OTmAEs\n《聖嚴法師教淨土法門》導讀-第二堂-3/4 \nhttp://www.youtube.com/watch?v=RfLOD42i-qk\n \n《聖嚴法師教淨土法門》導讀-第二堂-4/4 \nhttp://www.youtube.com/watch?v=b1gbVsQjhw4\n\n《聖嚴法師教淨土法門》導讀-第三堂-1/4 \nhttp://www.youtube.com/watch?v=O5udERNqQgw\n《聖嚴法師教淨土法門》導讀-第三堂-2/4 \nhttp://www.youtube.com/watch?v=nTyxbC7iX1g\n《聖嚴法師教淨土法門》導讀-第三堂-3/4 \nhttp://www.youtube.com/watch?v=nw8lo6kDct8\n《聖嚴法師教淨土法門》導讀-第三堂-4/4 \nhttp://www.youtube.com/watch?v=1HkYeFdneL0\n\n\n《聖嚴法師教淨土法門》導讀-第四堂-1/4 \nhttp://www.youtube.com/watch?v=1NpxnqETMnc&list=SP92BCFF7B4AF36B03&index=1\n《聖嚴法師教淨土法門》導讀-第四堂-2/4 \nhttp://www.youtube.com/watch?v=UUoD9vleCxI&list=SP92BCFF7B4AF36B03\n《聖嚴法師教淨土法門》導讀-第四堂-3/4 \nhttp://www.youtube.com/watch?v=gIzf8w8GfAo&list=SP92BCFF7B4AF36B03\n《聖嚴法師教淨土法門》導讀-第四堂-4/4 \nhttp://www.youtube.com/watch?v=zJOKPZsdpD4&list=SP92BCFF7B4AF36B03');
INSERT INTO videos(vid, pid, title, description) VALUES('oHSJkvgBAIE', 'PLDuDoO_3m4cZAmvZ1jyXCnq4vEimSGkye', '《聖嚴法師教淨土法門》導讀-第一堂-4/4', '現代人生活工作非常的忙錄，要如何在忙碌的生活之中，能夠端正自己的身口意？因為淨土法門修行非常簡單、方便，非常適合現代人忙碌的生活，適合現代人修行。果舫法師以《聖嚴法師教淨土法門》這本書，從修習佛法的基本知見，透過《阿彌陀經》等經典的解說，深入往生佛國淨土的「有相念佛」與自心淨土的「無相念佛」。本課程為四次講堂課程中的第一講，果舫法師將帶領您體驗《聖嚴法師教淨土法門》的第一篇，〈修學佛法的基本知見〉。\n\n「法鼓講堂」每周三晚間7：00~9：00\n網路直播：http://www.dharmaschool.com/ddm_max/liveclass/liveclassroom.php\n\n《聖嚴法師教淨土法門》導讀-第一堂-1/4 \nhttp://www.youtube.com/watch?v=m4ocCaoF8pM&list=SP19E2B21A15576E4C&index=1\n《聖嚴法師教淨土法門》導讀-第一堂-2/4 \nhttp://www.youtube.com/watch?v=GVrHCPkH6v4&list=SP19E2B21A15576E4C\n《聖嚴法師教淨土法門》導讀-第一堂-3/4 \nhttp://www.youtube.com/watch?v=ce_33TfenI4&list=SP19E2B21A15576E4C\n《聖嚴法師教淨土法門》導讀-第一堂-4/4 \nhttp://www.youtube.com/watch?v=oHSJkvgBAIE&list=SP19E2B21A15576E4C\n\n《聖嚴法師教淨土法門》導讀-第二堂-1/4 \nhttp://www.youtube.com/watch?v=PiFZBJ8WdtI\n《聖嚴法師教淨土法門》導讀-第二堂-2/4 \nhttp://www.youtube.com/watch?v=7YUr3OTmAEs\n《聖嚴法師教淨土法門》導讀-第二堂-3/4 \nhttp://www.youtube.com/watch?v=RfLOD42i-qk\n \n《聖嚴法師教淨土法門》導讀-第二堂-4/4 \nhttp://www.youtube.com/watch?v=b1gbVsQjhw4\n\n《聖嚴法師教淨土法門》導讀-第三堂-1/4 \nhttp://www.youtube.com/watch?v=O5udERNqQgw\n《聖嚴法師教淨土法門》導讀-第三堂-2/4 \nhttp://www.youtube.com/watch?v=nTyxbC7iX1g\n《聖嚴法師教淨土法門》導讀-第三堂-3/4 \nhttp://www.youtube.com/watch?v=nw8lo6kDct8\n《聖嚴法師教淨土法門》導讀-第三堂-4/4 \nhttp://www.youtube.com/watch?v=1HkYeFdneL0\n\n\n《聖嚴法師教淨土法門》導讀-第四堂-1/4 \nhttp://www.youtube.com/watch?v=1NpxnqETMnc&list=SP92BCFF7B4AF36B03&index=1\n《聖嚴法師教淨土法門》導讀-第四堂-2/4 \nhttp://www.youtube.com/watch?v=UUoD9vleCxI&list=SP92BCFF7B4AF36B03\n《聖嚴法師教淨土法門》導讀-第四堂-3/4 \nhttp://www.youtube.com/watch?v=gIzf8w8GfAo&list=SP92BCFF7B4AF36B03\n《聖嚴法師教淨土法門》導讀-第四堂-4/4 \nhttp://www.youtube.com/watch?v=zJOKPZsdpD4&list=SP92BCFF7B4AF36B03');
INSERT INTO videos(vid, pid, title, description) VALUES('PiFZBJ8WdtI', 'PLDuDoO_3m4cZAmvZ1jyXCnq4vEimSGkye', '《聖嚴法師教淨土法門》導讀-第二堂-1/4', '念佛是中國佛教的共同特色，沒有一宗一派反對念佛。阿彌陀佛與淨土法門有甚麼樣的關係呢？為什麼會有「萬修萬人去」的說法，淨土法門是如何殊勝呢？它有甚麼樣的利益？又要如何修行淨土法門，怎麼樣修？\n果舫法師以《聖嚴法師教淨土法門》這本書，從修習佛法的基本知見，透過《阿彌陀經》等經典的解說，深入往生佛國淨土的「有相念佛」與自心淨土的「無相念佛」。本課程為四次講堂課程中的第二講，果舫法師將帶領您體驗《聖嚴法師教淨土法門》的第二篇，〈有相念佛─往生西方淨土的修行〉。\n\n「法鼓講堂」每周三晚間7：00~9：00\n網路直播：http://www.dharmaschool.com/ddm_max/liveclass/liveclassroom.php\n\n《聖嚴法師教淨土法門》導讀-第一堂-1/4 \nhttp://www.youtube.com/watch?v=m4ocCaoF8pM&list=SP19E2B21A15576E4C&index=1\n《聖嚴法師教淨土法門》導讀-第一堂-2/4 \nhttp://www.youtube.com/watch?v=GVrHCPkH6v4&list=SP19E2B21A15576E4C\n《聖嚴法師教淨土法門》導讀-第一堂-3/4 \nhttp://www.youtube.com/watch?v=ce_33TfenI4&list=SP19E2B21A15576E4C\n《聖嚴法師教淨土法門》導讀-第一堂-4/4 \nhttp://www.youtube.com/watch?v=oHSJkvgBAIE&list=SP19E2B21A15576E4C\n\n《聖嚴法師教淨土法門》導讀-第二堂-1/4 \nhttp://www.youtube.com/watch?v=PiFZBJ8WdtI\n《聖嚴法師教淨土法門》導讀-第二堂-2/4 \nhttp://www.youtube.com/watch?v=7YUr3OTmAEs\n《聖嚴法師教淨土法門》導讀-第二堂-3/4 \nhttp://www.youtube.com/watch?v=RfLOD42i-qk\n \n《聖嚴法師教淨土法門》導讀-第二堂-4/4 \nhttp://www.youtube.com/watch?v=b1gbVsQjhw4\n\n《聖嚴法師教淨土法門》導讀-第三堂-1/4 \nhttp://www.youtube.com/watch?v=O5udERNqQgw\n《聖嚴法師教淨土法門》導讀-第三堂-2/4 \nhttp://www.youtube.com/watch?v=nTyxbC7iX1g\n《聖嚴法師教淨土法門》導讀-第三堂-3/4 \nhttp://www.youtube.com/watch?v=nw8lo6kDct8\n《聖嚴法師教淨土法門》導讀-第三堂-4/4 \nhttp://www.youtube.com/watch?v=1HkYeFdneL0\n\n\n《聖嚴法師教淨土法門》導讀-第四堂-1/4 \nhttp://www.youtube.com/watch?v=1NpxnqETMnc&list=SP92BCFF7B4AF36B03&index=1\n《聖嚴法師教淨土法門》導讀-第四堂-2/4 \nhttp://www.youtube.com/watch?v=UUoD9vleCxI&list=SP92BCFF7B4AF36B03\n《聖嚴法師教淨土法門》導讀-第四堂-3/4 \nhttp://www.youtube.com/watch?v=gIzf8w8GfAo&list=SP92BCFF7B4AF36B03\n《聖嚴法師教淨土法門》導讀-第四堂-4/4 \nhttp://www.youtube.com/watch?v=zJOKPZsdpD4&list=SP92BCFF7B4AF36B03');
INSERT INTO videos(vid, pid, title, description) VALUES('7YUr3OTmAEs', 'PLDuDoO_3m4cZAmvZ1jyXCnq4vEimSGkye', '《聖嚴法師教淨土法門》導讀-第二堂-2/4', '念佛是中國佛教的共同特色，沒有一宗一派反對念佛。阿彌陀佛與淨土法門有甚麼樣的關係呢？為什麼會有「萬修萬人去」的說法，淨土法門是如何殊勝呢？它有甚麼樣的利益？又要如何修行淨土法門，怎麼樣修？\n果舫法師以《聖嚴法師教淨土法門》這本書，從修習佛法的基本知見，透過《阿彌陀經》等經典的解說，深入往生佛國淨土的「有相念佛」與自心淨土的「無相念佛」。本課程為四次講堂課程中的第二講，果舫法師將帶領您體驗《聖嚴法師教淨土法門》的第二篇，〈有相念佛─往生西方淨土的修行〉。\n\n「法鼓講堂」每周三晚間7：00~9：00\n網路直播：http://www.dharmaschool.com/ddm_max/liveclass/liveclassroom.php\n\n《聖嚴法師教淨土法門》導讀-第一堂-1/4 \nhttp://www.youtube.com/watch?v=m4ocCaoF8pM&list=SP19E2B21A15576E4C&index=1\n《聖嚴法師教淨土法門》導讀-第一堂-2/4 \nhttp://www.youtube.com/watch?v=GVrHCPkH6v4&list=SP19E2B21A15576E4C\n《聖嚴法師教淨土法門》導讀-第一堂-3/4 \nhttp://www.youtube.com/watch?v=ce_33TfenI4&list=SP19E2B21A15576E4C\n《聖嚴法師教淨土法門》導讀-第一堂-4/4 \nhttp://www.youtube.com/watch?v=oHSJkvgBAIE&list=SP19E2B21A15576E4C\n\n《聖嚴法師教淨土法門》導讀-第二堂-1/4 \nhttp://www.youtube.com/watch?v=PiFZBJ8WdtI\n《聖嚴法師教淨土法門》導讀-第二堂-2/4 \nhttp://www.youtube.com/watch?v=7YUr3OTmAEs\n《聖嚴法師教淨土法門》導讀-第二堂-3/4 \nhttp://www.youtube.com/watch?v=RfLOD42i-qk\n \n《聖嚴法師教淨土法門》導讀-第二堂-4/4 \nhttp://www.youtube.com/watch?v=b1gbVsQjhw4\n\n《聖嚴法師教淨土法門》導讀-第三堂-1/4 \nhttp://www.youtube.com/watch?v=O5udERNqQgw\n《聖嚴法師教淨土法門》導讀-第三堂-2/4 \nhttp://www.youtube.com/watch?v=nTyxbC7iX1g\n《聖嚴法師教淨土法門》導讀-第三堂-3/4 \nhttp://www.youtube.com/watch?v=nw8lo6kDct8\n《聖嚴法師教淨土法門》導讀-第三堂-4/4 \nhttp://www.youtube.com/watch?v=1HkYeFdneL0\n\n\n《聖嚴法師教淨土法門》導讀-第四堂-1/4 \nhttp://www.youtube.com/watch?v=1NpxnqETMnc&list=SP92BCFF7B4AF36B03&index=1\n《聖嚴法師教淨土法門》導讀-第四堂-2/4 \nhttp://www.youtube.com/watch?v=UUoD9vleCxI&list=SP92BCFF7B4AF36B03\n《聖嚴法師教淨土法門》導讀-第四堂-3/4 \nhttp://www.youtube.com/watch?v=gIzf8w8GfAo&list=SP92BCFF7B4AF36B03\n《聖嚴法師教淨土法門》導讀-第四堂-4/4 \nhttp://www.youtube.com/watch?v=zJOKPZsdpD4&list=SP92BCFF7B4AF36B03');
INSERT INTO videos(vid, pid, title, description) VALUES('RfLOD42i-qk', 'PLDuDoO_3m4cZAmvZ1jyXCnq4vEimSGkye', '《聖嚴法師教淨土法門》導讀-第二堂-3/4', '念佛是中國佛教的共同特色，沒有一宗一派反對念佛。阿彌陀佛與淨土法門有甚麼樣的關係呢？為什麼會有「萬修萬人去」的說法，淨土法門是如何殊勝呢？它有甚麼樣的利益？又要如何修行淨土法門，怎麼樣修？\n果舫法師以《聖嚴法師教淨土法門》這本書，從修習佛法的基本知見，透過《阿彌陀經》等經典的解說，深入往生佛國淨土的「有相念佛」與自心淨土的「無相念佛」。本課程為四次講堂課程中的第二講，果舫法師將帶領您體驗《聖嚴法師教淨土法門》的第二篇，〈有相念佛─往生西方淨土的修行〉。\n「法鼓講堂」每周三晚間7：00~9：00\n網路直播：http://www.dharmaschool.com/ddm_max/liveclass/liveclassroom.php\n\n《聖嚴法師教淨土法門》導讀-第一堂-1/4 \nhttp://www.youtube.com/watch?v=m4ocCaoF8pM&list=SP19E2B21A15576E4C&index=1\n《聖嚴法師教淨土法門》導讀-第一堂-2/4 \nhttp://www.youtube.com/watch?v=GVrHCPkH6v4&list=SP19E2B21A15576E4C\n《聖嚴法師教淨土法門》導讀-第一堂-3/4 \nhttp://www.youtube.com/watch?v=ce_33TfenI4&list=SP19E2B21A15576E4C\n《聖嚴法師教淨土法門》導讀-第一堂-4/4 \nhttp://www.youtube.com/watch?v=oHSJkvgBAIE&list=SP19E2B21A15576E4C\n\n《聖嚴法師教淨土法門》導讀-第二堂-1/4 \nhttp://www.youtube.com/watch?v=PiFZBJ8WdtI\n《聖嚴法師教淨土法門》導讀-第二堂-2/4 \nhttp://www.youtube.com/watch?v=7YUr3OTmAEs\n《聖嚴法師教淨土法門》導讀-第二堂-3/4 \nhttp://www.youtube.com/watch?v=RfLOD42i-qk\n《聖嚴法師教淨土法門》導讀-第二堂-4/4 \nhttp://www.youtube.com/watch?v=b1gbVsQjhw4\n\n《聖嚴法師教淨土法門》導讀-第三堂-1/4 \nhttp://www.youtube.com/watch?v=O5udERNqQgw\n《聖嚴法師教淨土法門》導讀-第三堂-2/4 \nhttp://www.youtube.com/watch?v=nTyxbC7iX1g\n《聖嚴法師教淨土法門》導讀-第三堂-3/4 \nhttp://www.youtube.com/watch?v=nw8lo6kDct8\n《聖嚴法師教淨土法門》導讀-第三堂-4/4 \nhttp://www.youtube.com/watch?v=1HkYeFdneL0\n\n\n《聖嚴法師教淨土法門》導讀-第四堂-1/4 \nhttp://www.youtube.com/watch?v=1NpxnqETMnc&list=SP92BCFF7B4AF36B03&index=1\n《聖嚴法師教淨土法門》導讀-第四堂-2/4 \nhttp://www.youtube.com/watch?v=UUoD9vleCxI&list=SP92BCFF7B4AF36B03\n《聖嚴法師教淨土法門》導讀-第四堂-3/4 \nhttp://www.youtube.com/watch?v=gIzf8w8GfAo&list=SP92BCFF7B4AF36B03\n《聖嚴法師教淨土法門》導讀-第四堂-4/4 \nhttp://www.youtube.com/watch?v=zJOKPZsdpD4&list=SP92BCFF7B4AF36B03');
INSERT INTO videos(vid, pid, title, description) VALUES('b1gbVsQjhw4', 'PLDuDoO_3m4cZAmvZ1jyXCnq4vEimSGkye', '《聖嚴法師教淨土法門》導讀-第二堂-4/4', '念佛是中國佛教的共同特色，沒有一宗一派反對念佛。阿彌陀佛與淨土法門有甚麼樣的關係呢？為什麼會有「萬修萬人去」的說法，淨土法門是如何殊勝呢？它有甚麼樣的利益？又要如何修行淨土法門，怎麼樣修？\n果舫法師以《聖嚴法師教淨土法門》這本書，從修習佛法的基本知見，透過《阿彌陀經》等經典的解說，深入往生佛國淨土的「有相念佛」與自心淨土的「無相念佛」。本課程為四次講堂課程中的第二講，果舫法師將帶領您體驗《聖嚴法師教淨土法門》的第二篇，〈有相念佛─往生西方淨土的修行〉。\n\n「法鼓講堂」每周三晚間7：00~9：00\n網路直播：http://www.dharmaschool.com/ddm_max/liveclass/liveclassroom.php\n\n《聖嚴法師教淨土法門》導讀-第一堂-1/4 \nhttp://www.youtube.com/watch?v=m4ocCaoF8pM&list=SP19E2B21A15576E4C&index=1\n《聖嚴法師教淨土法門》導讀-第一堂-2/4 \nhttp://www.youtube.com/watch?v=GVrHCPkH6v4&list=SP19E2B21A15576E4C\n《聖嚴法師教淨土法門》導讀-第一堂-3/4 \nhttp://www.youtube.com/watch?v=ce_33TfenI4&list=SP19E2B21A15576E4C\n《聖嚴法師教淨土法門》導讀-第一堂-4/4 \nhttp://www.youtube.com/watch?v=oHSJkvgBAIE&list=SP19E2B21A15576E4C\n\n《聖嚴法師教淨土法門》導讀-第二堂-1/4 \nhttp://www.youtube.com/watch?v=PiFZBJ8WdtI\n《聖嚴法師教淨土法門》導讀-第二堂-2/4 \nhttp://www.youtube.com/watch?v=7YUr3OTmAEs\n《聖嚴法師教淨土法門》導讀-第二堂-3/4 \nhttp://www.youtube.com/watch?v=RfLOD42i-qk\n 《聖嚴法師教淨土法門》導讀-第二堂-4/4 \nhttp://www.youtube.com/watch?v=b1gbVsQjhw4\n\n《聖嚴法師教淨土法門》導讀-第三堂-1/4 \nhttp://www.youtube.com/watch?v=O5udERNqQgw\n《聖嚴法師教淨土法門》導讀-第三堂-2/4 \nhttp://www.youtube.com/watch?v=nTyxbC7iX1g\n《聖嚴法師教淨土法門》導讀-第三堂-3/4 \nhttp://www.youtube.com/watch?v=nw8lo6kDct8\n《聖嚴法師教淨土法門》導讀-第三堂-4/4 \nhttp://www.youtube.com/watch?v=1HkYeFdneL0\n\n《聖嚴法師教淨土法門》導讀-第四堂-1/4 \nhttp://www.youtube.com/watch?v=1NpxnqETMnc&list=SP92BCFF7B4AF36B03&index=1\n《聖嚴法師教淨土法門》導讀-第四堂-2/4 \nhttp://www.youtube.com/watch?v=UUoD9vleCxI&list=SP92BCFF7B4AF36B03\n《聖嚴法師教淨土法門》導讀-第四堂-3/4 \nhttp://www.youtube.com/watch?v=gIzf8w8GfAo&list=SP92BCFF7B4AF36B03\n《聖嚴法師教淨土法門》導讀-第四堂-4/4 \nhttp://www.youtube.com/watch?v=zJOKPZsdpD4&list=SP92BCFF7B4AF36B03');
INSERT INTO videos(vid, pid, title, description) VALUES('O5udERNqQgw', 'PLDuDoO_3m4cZAmvZ1jyXCnq4vEimSGkye', '《聖嚴法師教淨土法門》導讀-第三堂-1/4', '沒有一樣特定的東西或法門叫做禪，中國禪宗是「以無門為法門」，一切法門都是走向同一個目標，就是離苦得樂，消業除煩惱，念佛是從娑婆世界不清淨的環境轉變為清淨的樂土，禪法也是這樣。禪、淨兩個法門只是型態不同，但是功能類似、目標也是一致，因此，也勸禪修的人能夠發願往生西方淨土。無相念佛，就是念佛禪。念佛是禪的法門，是禪的修行方法之一。本週果舫法師要跟各位介紹無相念佛─念佛禪\n\n「法鼓講堂」每周三晚間7：00~9：00\n網路直播：http://www.dharmaschool.com/ddm_max/liveclass/liveclassroom.php\n\n《聖嚴法師教淨土法門》導讀-第一堂-1/4 \nhttp://www.youtube.com/watch?v=m4ocCaoF8pM&list=SP19E2B21A15576E4C&index=1\n《聖嚴法師教淨土法門》導讀-第一堂-2/4 \nhttp://www.youtube.com/watch?v=GVrHCPkH6v4&list=SP19E2B21A15576E4C\n《聖嚴法師教淨土法門》導讀-第一堂-3/4 \nhttp://www.youtube.com/watch?v=ce_33TfenI4&list=SP19E2B21A15576E4C\n《聖嚴法師教淨土法門》導讀-第一堂-4/4 \nhttp://www.youtube.com/watch?v=oHSJkvgBAIE&list=SP19E2B21A15576E4C\n\n《聖嚴法師教淨土法門》導讀-第二堂-1/4 \nhttp://www.youtube.com/watch?v=PiFZBJ8WdtI\n《聖嚴法師教淨土法門》導讀-第二堂-2/4 \nhttp://www.youtube.com/watch?v=7YUr3OTmAEs\n《聖嚴法師教淨土法門》導讀-第二堂-3/4 \nhttp://www.youtube.com/watch?v=RfLOD42i-qk\n 《聖嚴法師教淨土法門》導讀-第二堂-4/4 \nhttp://www.youtube.com/watch?v=b1gbVsQjhw4\n\n《聖嚴法師教淨土法門》導讀-第三堂-1/4 \nhttp://www.youtube.com/watch?v=O5udERNqQgw\n《聖嚴法師教淨土法門》導讀-第三堂-2/4 \nhttp://www.youtube.com/watch?v=nTyxbC7iX1g\n《聖嚴法師教淨土法門》導讀-第三堂-3/4 \nhttp://www.youtube.com/watch?v=nw8lo6kDct8\n《聖嚴法師教淨土法門》導讀-第三堂-4/4 \nhttp://www.youtube.com/watch?v=1HkYeFdneL0\n\n\n《聖嚴法師教淨土法門》導讀-第四堂-1/4 \nhttp://www.youtube.com/watch?v=1NpxnqETMnc&list=SP92BCFF7B4AF36B03&index=1\n《聖嚴法師教淨土法門》導讀-第四堂-2/4 \nhttp://www.youtube.com/watch?v=UUoD9vleCxI&list=SP92BCFF7B4AF36B03\n《聖嚴法師教淨土法門》導讀-第四堂-3/4 \nhttp://www.youtube.com/watch?v=gIzf8w8GfAo&list=SP92BCFF7B4AF36B03\n《聖嚴法師教淨土法門》導讀-第四堂-4/4 \nhttp://www.youtube.com/watch?v=zJOKPZsdpD4&list=SP92BCFF7B4AF36B03');
INSERT INTO videos(vid, pid, title, description) VALUES('nTyxbC7iX1g', 'PLDuDoO_3m4cZAmvZ1jyXCnq4vEimSGkye', '《聖嚴法師教淨土法門》導讀-第三堂-2/4', '沒有一樣特定的東西或法門叫做禪，中國禪宗是「以無門為法門」，一切法門都是走向同一個目標，就是離苦得樂，消業除煩惱，念佛是從娑婆世界不清淨的環境轉變為清淨的樂土，禪法也是這樣。禪、淨兩個法門只是型態不同，但是功能類似、目標也是一致，因此，也勸禪修的人能夠發願往生西方淨土。無相念佛，就是念佛禪。念佛是禪的法門，是禪的修行方法之一。本週果舫法師要跟各位介紹無相念佛─念佛禪\n\n「法鼓講堂」每周三晚間7：00~9：00\n網路直播：http://www.dharmaschool.com/ddm_max/liveclass/liveclassroom.php\n\n《聖嚴法師教淨土法門》導讀-第一堂-1/4 \nhttp://www.youtube.com/watch?v=m4ocCaoF8pM&list=SP19E2B21A15576E4C&index=1\n《聖嚴法師教淨土法門》導讀-第一堂-2/4 \nhttp://www.youtube.com/watch?v=GVrHCPkH6v4&list=SP19E2B21A15576E4C\n《聖嚴法師教淨土法門》導讀-第一堂-3/4 \nhttp://www.youtube.com/watch?v=ce_33TfenI4&list=SP19E2B21A15576E4C\n《聖嚴法師教淨土法門》導讀-第一堂-4/4 \nhttp://www.youtube.com/watch?v=oHSJkvgBAIE&list=SP19E2B21A15576E4C\n\n《聖嚴法師教淨土法門》導讀-第二堂-1/4 \nhttp://www.youtube.com/watch?v=PiFZBJ8WdtI\n《聖嚴法師教淨土法門》導讀-第二堂-2/4 \nhttp://www.youtube.com/watch?v=7YUr3OTmAEs\n《聖嚴法師教淨土法門》導讀-第二堂-3/4 \nhttp://www.youtube.com/watch?v=RfLOD42i-qk\n 《聖嚴法師教淨土法門》導讀-第二堂-4/4 \nhttp://www.youtube.com/watch?v=b1gbVsQjhw4\n\n《聖嚴法師教淨土法門》導讀-第三堂-1/4 \nhttp://www.youtube.com/watch?v=O5udERNqQgw\n《聖嚴法師教淨土法門》導讀-第三堂-2/4 \nhttp://www.youtube.com/watch?v=nTyxbC7iX1g\n《聖嚴法師教淨土法門》導讀-第三堂-3/4 \nhttp://www.youtube.com/watch?v=nw8lo6kDct8\n《聖嚴法師教淨土法門》導讀-第三堂-4/4 \nhttp://www.youtube.com/watch?v=1HkYeFdneL0\n\n\n《聖嚴法師教淨土法門》導讀-第四堂-1/4 \nhttp://www.youtube.com/watch?v=1NpxnqETMnc&list=SP92BCFF7B4AF36B03&index=1\n《聖嚴法師教淨土法門》導讀-第四堂-2/4 \nhttp://www.youtube.com/watch?v=UUoD9vleCxI&list=SP92BCFF7B4AF36B03\n《聖嚴法師教淨土法門》導讀-第四堂-3/4 \nhttp://www.youtube.com/watch?v=gIzf8w8GfAo&list=SP92BCFF7B4AF36B03\n《聖嚴法師教淨土法門》導讀-第四堂-4/4 \nhttp://www.youtube.com/watch?v=zJOKPZsdpD4&list=SP92BCFF7B4AF36B03');
INSERT INTO videos(vid, pid, title, description) VALUES('nw8lo6kDct8', 'PLDuDoO_3m4cZAmvZ1jyXCnq4vEimSGkye', '《聖嚴法師教淨土法門》導讀-第三堂-3/4', '沒有一樣特定的東西或法門叫做禪，中國禪宗是「以無門為法門」，一切法門都是走向同一個目標，就是離苦得樂，消業除煩惱，念佛是從娑婆世界不清淨的環境轉變為清淨的樂土，禪法也是這樣。禪、淨兩個法門只是型態不同，但是功能類似、目標也是一致，因此，也勸禪修的人能夠發願往生西方淨土。無相念佛，就是念佛禪。念佛是禪的法門，是禪的修行方法之一。本週果舫法師要跟各位介紹無相念佛─念佛禪\n\n「法鼓講堂」每周三晚間7：00~9：00\n網路直播：http://www.dharmaschool.com/ddm_max/liveclass/liveclassroom.php\n\n《聖嚴法師教淨土法門》導讀-第一堂-1/4 \nhttp://www.youtube.com/watch?v=m4ocCaoF8pM&list=SP19E2B21A15576E4C&index=1\n《聖嚴法師教淨土法門》導讀-第一堂-2/4 \nhttp://www.youtube.com/watch?v=GVrHCPkH6v4&list=SP19E2B21A15576E4C\n《聖嚴法師教淨土法門》導讀-第一堂-3/4 \nhttp://www.youtube.com/watch?v=ce_33TfenI4&list=SP19E2B21A15576E4C\n《聖嚴法師教淨土法門》導讀-第一堂-4/4 \nhttp://www.youtube.com/watch?v=oHSJkvgBAIE&list=SP19E2B21A15576E4C\n\n《聖嚴法師教淨土法門》導讀-第二堂-1/4 \nhttp://www.youtube.com/watch?v=PiFZBJ8WdtI\n《聖嚴法師教淨土法門》導讀-第二堂-2/4 \nhttp://www.youtube.com/watch?v=7YUr3OTmAEs\n《聖嚴法師教淨土法門》導讀-第二堂-3/4 \nhttp://www.youtube.com/watch?v=RfLOD42i-qk\n《聖嚴法師教淨土法門》導讀-第二堂-4/4 \nhttp://www.youtube.com/watch?v=b1gbVsQjhw4\n\n《聖嚴法師教淨土法門》導讀-第三堂-1/4 \nhttp://www.youtube.com/watch?v=O5udERNqQgw\n《聖嚴法師教淨土法門》導讀-第三堂-2/4 \nhttp://www.youtube.com/watch?v=nTyxbC7iX1g\n《聖嚴法師教淨土法門》導讀-第三堂-3/4 \nhttp://www.youtube.com/watch?v=nw8lo6kDct8\n《聖嚴法師教淨土法門》導讀-第三堂-4/4 \nhttp://www.youtube.com/watch?v=1HkYeFdneL0\n\n\n《聖嚴法師教淨土法門》導讀-第四堂-1/4 \nhttp://www.youtube.com/watch?v=1NpxnqETMnc&list=SP92BCFF7B4AF36B03&index=1\n《聖嚴法師教淨土法門》導讀-第四堂-2/4 \nhttp://www.youtube.com/watch?v=UUoD9vleCxI&list=SP92BCFF7B4AF36B03\n《聖嚴法師教淨土法門》導讀-第四堂-3/4 \nhttp://www.youtube.com/watch?v=gIzf8w8GfAo&list=SP92BCFF7B4AF36B03\n《聖嚴法師教淨土法門》導讀-第四堂-4/4 \nhttp://www.youtube.com/watch?v=zJOKPZsdpD4&list=SP92BCFF7B4AF36B03');
INSERT INTO videos(vid, pid, title, description) VALUES('1HkYeFdneL0', 'PLDuDoO_3m4cZAmvZ1jyXCnq4vEimSGkye', '《聖嚴法師教淨土法門》導讀-第三堂-4/4', '沒有一樣特定的東西或法門叫做禪，中國禪宗是「以無門為法門」，一切法門都是走向同一個目標，就是離苦得樂，消業除煩惱，念佛是從娑婆世界不清淨的環境轉變為清淨的樂土，禪法也是這樣。禪、淨兩個法門只是型態不同，但是功能類似、目標也是一致，因此，也勸禪修的人能夠發願往生西方淨土。無相念佛，就是念佛禪。念佛是禪的法門，是禪的修行方法之一。本週果舫法師要跟各位介紹無相念佛─念佛禪\n\n「法鼓講堂」每周三晚間7：00~9：00\n網路直播：http://www.dharmaschool.com/ddm_max/liveclass/liveclassroom.php\n\n《聖嚴法師教淨土法門》導讀-第一堂-1/4 \nhttp://www.youtube.com/watch?v=m4ocCaoF8pM&list=SP19E2B21A15576E4C&index=1\n《聖嚴法師教淨土法門》導讀-第一堂-2/4 \nhttp://www.youtube.com/watch?v=GVrHCPkH6v4&list=SP19E2B21A15576E4C\n《聖嚴法師教淨土法門》導讀-第一堂-3/4 \nhttp://www.youtube.com/watch?v=ce_33TfenI4&list=SP19E2B21A15576E4C\n《聖嚴法師教淨土法門》導讀-第一堂-4/4 \nhttp://www.youtube.com/watch?v=oHSJkvgBAIE&list=SP19E2B21A15576E4C\n\n《聖嚴法師教淨土法門》導讀-第二堂-1/4 \nhttp://www.youtube.com/watch?v=PiFZBJ8WdtI\n《聖嚴法師教淨土法門》導讀-第二堂-2/4 \nhttp://www.youtube.com/watch?v=7YUr3OTmAEs\n《聖嚴法師教淨土法門》導讀-第二堂-3/4 \nhttp://www.youtube.com/watch?v=RfLOD42i-qk\n 《聖嚴法師教淨土法門》導讀-第二堂-4/4 \nhttp://www.youtube.com/watch?v=b1gbVsQjhw4\n\n《聖嚴法師教淨土法門》導讀-第三堂-1/4 \nhttp://www.youtube.com/watch?v=O5udERNqQgw\n《聖嚴法師教淨土法門》導讀-第三堂-2/4 \nhttp://www.youtube.com/watch?v=nTyxbC7iX1g\n《聖嚴法師教淨土法門》導讀-第三堂-3/4 \nhttp://www.youtube.com/watch?v=nw8lo6kDct8\n《聖嚴法師教淨土法門》導讀-第三堂-4/4 \nhttp://www.youtube.com/watch?v=1HkYeFdneL0\n\n\n《聖嚴法師教淨土法門》導讀-第四堂-1/4 \nhttp://www.youtube.com/watch?v=1NpxnqETMnc&list=SP92BCFF7B4AF36B03&index=1\n《聖嚴法師教淨土法門》導讀-第四堂-2/4 \nhttp://www.youtube.com/watch?v=UUoD9vleCxI&list=SP92BCFF7B4AF36B03\n《聖嚴法師教淨土法門》導讀-第四堂-3/4 \nhttp://www.youtube.com/watch?v=gIzf8w8GfAo&list=SP92BCFF7B4AF36B03\n《聖嚴法師教淨土法門》導讀-第四堂-4/4 \nhttp://www.youtube.com/watch?v=zJOKPZsdpD4&list=SP92BCFF7B4AF36B03');
INSERT INTO videos(vid, pid, title, description) VALUES('1NpxnqETMnc', 'PLDuDoO_3m4cZAmvZ1jyXCnq4vEimSGkye', '《聖嚴法師教淨土法門》導讀-第四堂-1/4', '《阿彌陀經》為淨土三經之一，數十二部經中的「自說類」，少數幾部由佛主動宣說的經典之一。在《阿彌陀經》之中，佛陀介紹了西方淨土極樂世界的種種莊嚴、阿彌陀佛的由來與意義，佛陀更勸戒我們誦念阿彌陀佛之名號已往生西方淨土。果舫法師本週要藉由《聖嚴法師教淨土法門》一書帶領大家快速略讀《阿彌陀佛》\n\n「法鼓講堂」每周三晚間7：00~9：00\n網路直播：http://www.dharmaschool.com/ddm_max/liveclass/liveclassroom.php\n\n《聖嚴法師教淨土法門》導讀-第一堂-1/4 \nhttp://www.youtube.com/watch?v=m4ocCaoF8pM&list=SP19E2B21A15576E4C&index=1\n《聖嚴法師教淨土法門》導讀-第一堂-2/4 \nhttp://www.youtube.com/watch?v=GVrHCPkH6v4&list=SP19E2B21A15576E4C\n《聖嚴法師教淨土法門》導讀-第一堂-3/4 \nhttp://www.youtube.com/watch?v=ce_33TfenI4&list=SP19E2B21A15576E4C\n《聖嚴法師教淨土法門》導讀-第一堂-4/4 \nhttp://www.youtube.com/watch?v=oHSJkvgBAIE&list=SP19E2B21A15576E4C\n\n《聖嚴法師教淨土法門》導讀-第二堂-1/4 \nhttp://www.youtube.com/watch?v=PiFZBJ8WdtI\n《聖嚴法師教淨土法門》導讀-第二堂-2/4 \nhttp://www.youtube.com/watch?v=7YUr3OTmAEs\n《聖嚴法師教淨土法門》導讀-第二堂-3/4 \nhttp://www.youtube.com/watch?v=RfLOD42i-qk\n 《聖嚴法師教淨土法門》導讀-第二堂-4/4 \nhttp://www.youtube.com/watch?v=b1gbVsQjhw4\n\n《聖嚴法師教淨土法門》導讀-第三堂-1/4 \nhttp://www.youtube.com/watch?v=O5udERNqQgw\n《聖嚴法師教淨土法門》導讀-第三堂-2/4 \nhttp://www.youtube.com/watch?v=nTyxbC7iX1g\n《聖嚴法師教淨土法門》導讀-第三堂-3/4 \nhttp://www.youtube.com/watch?v=nw8lo6kDct8\n《聖嚴法師教淨土法門》導讀-第三堂-4/4 \nhttp://www.youtube.com/watch?v=1HkYeFdneL0\n\n\n《聖嚴法師教淨土法門》導讀-第四堂-1/4 \nhttp://www.youtube.com/watch?v=1NpxnqETMnc&list=SP92BCFF7B4AF36B03&index=1\n《聖嚴法師教淨土法門》導讀-第四堂-2/4 \nhttp://www.youtube.com/watch?v=UUoD9vleCxI&list=SP92BCFF7B4AF36B03\n《聖嚴法師教淨土法門》導讀-第四堂-3/4 \nhttp://www.youtube.com/watch?v=gIzf8w8GfAo&list=SP92BCFF7B4AF36B03\n《聖嚴法師教淨土法門》導讀-第四堂-4/4 \nhttp://www.youtube.com/watch?v=zJOKPZsdpD4&list=SP92BCFF7B4AF36B03');
INSERT INTO videos(vid, pid, title, description) VALUES('UUoD9vleCxI', 'PLDuDoO_3m4cZAmvZ1jyXCnq4vEimSGkye', '《聖嚴法師教淨土法門》導讀-第四堂-2/4', '《阿彌陀經》為淨土三經之一，數十二部經中的「自說類」，少數幾部由佛主動宣說的經典之一。在《阿彌陀經》之中，佛陀介紹了西方淨土極樂世界的種種莊嚴、阿彌陀佛的由來與意義，佛陀更勸戒我們誦念阿彌陀佛之名號已往生西方淨土。果舫法師本週要藉由《聖嚴法師教淨土法門》一書帶領大家快速略讀《阿彌陀佛》\n\n「法鼓講堂」每周三晚間7：00~9：00\n網路直播：http://www.dharmaschool.com/ddm_max/liveclass/liveclassroom.php\n\n《聖嚴法師教淨土法門》導讀-第一堂-1/4 \nhttp://www.youtube.com/watch?v=m4ocCaoF8pM&list=SP19E2B21A15576E4C&index=1\n《聖嚴法師教淨土法門》導讀-第一堂-2/4 \nhttp://www.youtube.com/watch?v=GVrHCPkH6v4&list=SP19E2B21A15576E4C\n《聖嚴法師教淨土法門》導讀-第一堂-3/4 \nhttp://www.youtube.com/watch?v=ce_33TfenI4&list=SP19E2B21A15576E4C\n《聖嚴法師教淨土法門》導讀-第一堂-4/4 \nhttp://www.youtube.com/watch?v=oHSJkvgBAIE&list=SP19E2B21A15576E4C\n\n《聖嚴法師教淨土法門》導讀-第二堂-1/4 \nhttp://www.youtube.com/watch?v=PiFZBJ8WdtI\n《聖嚴法師教淨土法門》導讀-第二堂-2/4 \nhttp://www.youtube.com/watch?v=7YUr3OTmAEs\n《聖嚴法師教淨土法門》導讀-第二堂-3/4 \nhttp://www.youtube.com/watch?v=RfLOD42i-qk\n 《聖嚴法師教淨土法門》導讀-第二堂-4/4 \nhttp://www.youtube.com/watch?v=b1gbVsQjhw4\n\n《聖嚴法師教淨土法門》導讀-第三堂-1/4 \nhttp://www.youtube.com/watch?v=O5udERNqQgw\n《聖嚴法師教淨土法門》導讀-第三堂-2/4 \nhttp://www.youtube.com/watch?v=nTyxbC7iX1g\n《聖嚴法師教淨土法門》導讀-第三堂-3/4 \nhttp://www.youtube.com/watch?v=nw8lo6kDct8\n《聖嚴法師教淨土法門》導讀-第三堂-4/4 \nhttp://www.youtube.com/watch?v=1HkYeFdneL0\n\n\n《聖嚴法師教淨土法門》導讀-第四堂-1/4 \nhttp://www.youtube.com/watch?v=1NpxnqETMnc&list=SP92BCFF7B4AF36B03&index=1\n《聖嚴法師教淨土法門》導讀-第四堂-2/4 \nhttp://www.youtube.com/watch?v=UUoD9vleCxI&list=SP92BCFF7B4AF36B03\n《聖嚴法師教淨土法門》導讀-第四堂-3/4 \nhttp://www.youtube.com/watch?v=gIzf8w8GfAo&list=SP92BCFF7B4AF36B03\n《聖嚴法師教淨土法門》導讀-第四堂-4/4 \nhttp://www.youtube.com/watch?v=zJOKPZsdpD4&list=SP92BCFF7B4AF36B03');
INSERT INTO videos(vid, pid, title, description) VALUES('gIzf8w8GfAo', 'PLDuDoO_3m4cZAmvZ1jyXCnq4vEimSGkye', '《聖嚴法師教淨土法門》導讀-第四堂-3/4', '《阿彌陀經》為淨土三經之一，數十二部經中的「自說類」，少數幾部由佛主動宣說的經典之一。在《阿彌陀經》之中，佛陀介紹了西方淨土極樂世界的種種莊嚴、阿彌陀佛的由來與意義，佛陀更勸戒我們誦念阿彌陀佛之名號已往生西方淨土。果舫法師本週要藉由《聖嚴法師教淨土法門》一書帶領大家快速略讀《阿彌陀佛》\n「法鼓講堂」每周三晚間7：00~9：00\n網路直播：http://www.dharmaschool.com/ddm_max/liveclass/liveclassroom.php\n\n《聖嚴法師教淨土法門》導讀-第一堂-1/4 \nhttp://www.youtube.com/watch?v=m4ocCaoF8pM&list=SP19E2B21A15576E4C&index=1\n《聖嚴法師教淨土法門》導讀-第一堂-2/4 \nhttp://www.youtube.com/watch?v=GVrHCPkH6v4&list=SP19E2B21A15576E4C\n《聖嚴法師教淨土法門》導讀-第一堂-3/4 \nhttp://www.youtube.com/watch?v=ce_33TfenI4&list=SP19E2B21A15576E4C\n《聖嚴法師教淨土法門》導讀-第一堂-4/4 \nhttp://www.youtube.com/watch?v=oHSJkvgBAIE&list=SP19E2B21A15576E4C\n\n《聖嚴法師教淨土法門》導讀-第二堂-1/4 \nhttp://www.youtube.com/watch?v=PiFZBJ8WdtI\n《聖嚴法師教淨土法門》導讀-第二堂-2/4 \nhttp://www.youtube.com/watch?v=7YUr3OTmAEs\n《聖嚴法師教淨土法門》導讀-第二堂-3/4 \nhttp://www.youtube.com/watch?v=RfLOD42i-qk\n 《聖嚴法師教淨土法門》導讀-第二堂-4/4 \nhttp://www.youtube.com/watch?v=b1gbVsQjhw4\n\n《聖嚴法師教淨土法門》導讀-第三堂-1/4 \nhttp://www.youtube.com/watch?v=O5udERNqQgw\n《聖嚴法師教淨土法門》導讀-第三堂-2/4 \nhttp://www.youtube.com/watch?v=nTyxbC7iX1g\n《聖嚴法師教淨土法門》導讀-第三堂-3/4 \nhttp://www.youtube.com/watch?v=nw8lo6kDct8\n《聖嚴法師教淨土法門》導讀-第三堂-4/4 \nhttp://www.youtube.com/watch?v=1HkYeFdneL0\n\n\n《聖嚴法師教淨土法門》導讀-第四堂-1/4 \nhttp://www.youtube.com/watch?v=1NpxnqETMnc&list=SP92BCFF7B4AF36B03&index=1\n《聖嚴法師教淨土法門》導讀-第四堂-2/4 \nhttp://www.youtube.com/watch?v=UUoD9vleCxI&list=SP92BCFF7B4AF36B03\n《聖嚴法師教淨土法門》導讀-第四堂-3/4 \nhttp://www.youtube.com/watch?v=gIzf8w8GfAo&list=SP92BCFF7B4AF36B03\n《聖嚴法師教淨土法門》導讀-第四堂-4/4 \nhttp://www.youtube.com/watch?v=zJOKPZsdpD4&list=SP92BCFF7B4AF36B03');
INSERT INTO videos(vid, pid, title, description) VALUES('zJOKPZsdpD4', 'PLDuDoO_3m4cZAmvZ1jyXCnq4vEimSGkye', '《聖嚴法師教淨土法門》導讀-第四堂-4/4', '《阿彌陀經》為淨土三經之一，數十二部經中的「自說類」，少數幾部由佛主動宣說的經典之一。在《阿彌陀經》之中，佛陀介紹了西方淨土極樂世界的種種莊嚴、阿彌陀佛的由來與意義，佛陀更勸戒我們誦念阿彌陀佛之名號已往生西方淨土。果舫法師本週要藉由《聖嚴法師教淨土法門》一書帶領大家快速略讀《阿彌陀佛》\n\n「法鼓講堂」每周三晚間7：00~9：00\n網路直播：http://www.dharmaschool.com/ddm_max/liveclass/liveclassroom.php\n\n《聖嚴法師教淨土法門》導讀-第一堂-1/4 \nhttp://www.youtube.com/watch?v=m4ocCaoF8pM&list=SP19E2B21A15576E4C&index=1\n《聖嚴法師教淨土法門》導讀-第一堂-2/4 \nhttp://www.youtube.com/watch?v=GVrHCPkH6v4&list=SP19E2B21A15576E4C\n《聖嚴法師教淨土法門》導讀-第一堂-3/4 \nhttp://www.youtube.com/watch?v=ce_33TfenI4&list=SP19E2B21A15576E4C\n《聖嚴法師教淨土法門》導讀-第一堂-4/4 \nhttp://www.youtube.com/watch?v=oHSJkvgBAIE&list=SP19E2B21A15576E4C\n\n《聖嚴法師教淨土法門》導讀-第二堂-1/4 \nhttp://www.youtube.com/watch?v=PiFZBJ8WdtI\n《聖嚴法師教淨土法門》導讀-第二堂-2/4 \nhttp://www.youtube.com/watch?v=7YUr3OTmAEs\n《聖嚴法師教淨土法門》導讀-第二堂-3/4 \nhttp://www.youtube.com/watch?v=RfLOD42i-qk\n 《聖嚴法師教淨土法門》導讀-第二堂-4/4 \nhttp://www.youtube.com/watch?v=b1gbVsQjhw4\n\n《聖嚴法師教淨土法門》導讀-第三堂-1/4 \nhttp://www.youtube.com/watch?v=O5udERNqQgw\n《聖嚴法師教淨土法門》導讀-第三堂-2/4 \nhttp://www.youtube.com/watch?v=nTyxbC7iX1g\n《聖嚴法師教淨土法門》導讀-第三堂-3/4 \nhttp://www.youtube.com/watch?v=nw8lo6kDct8\n《聖嚴法師教淨土法門》導讀-第三堂-4/4 \nhttp://www.youtube.com/watch?v=1HkYeFdneL0\n\n\n《聖嚴法師教淨土法門》導讀-第四堂-1/4 \nhttp://www.youtube.com/watch?v=1NpxnqETMnc&list=SP92BCFF7B4AF36B03&index=1\n《聖嚴法師教淨土法門》導讀-第四堂-2/4 \nhttp://www.youtube.com/watch?v=UUoD9vleCxI&list=SP92BCFF7B4AF36B03\n《聖嚴法師教淨土法門》導讀-第四堂-3/4 \nhttp://www.youtube.com/watch?v=gIzf8w8GfAo&list=SP92BCFF7B4AF36B03\n《聖嚴法師教淨土法門》導讀-第四堂-4/4 \nhttp://www.youtube.com/watch?v=zJOKPZsdpD4&list=SP92BCFF7B4AF36B03');
INSERT INTO playlist(pid, cid, title, description) VALUES('PLDuDoO_3m4cYdjXJalBZuk2x5ZlXK-SoI','UCMvjjfm8AFBLQvQC9gItWEw', '《金剛經》略解', '');
INSERT INTO videos(vid, pid, title, description) VALUES('MCJGmGWUkts', 'PLDuDoO_3m4cYdjXJalBZuk2x5ZlXK-SoI', '《金剛經》略解-第一講-1/4', '中國禪宗六祖慧能大師聽了《金剛經》中一句：「應無所住而生其心」，就言下大悟，《金剛經》從此成為中國人最嚮往的一部經典。《金剛經》是般若系列經典之一，在三藏經典中有著崇高的地位，饒富深理又不離日常生活中最基本的修行態度，故自古以來流通極廣。\n經中介紹的般若空慧，其強大的力量就像金剛一樣，能摧破煩惱，讓我們不被任何表相所阻礙，並以無住生心的力量，不斷提昇自己的生命層次，成就自利利他的菩薩道。\n\n瞬息萬變的現代社會，如何心不隨境轉？如何止息煩惱過得安適自在？凡所有相，皆是虛幻，經云：「一切有為法，如夢幻泡影，如露亦如電，應作如是觀」。 《金剛經》教我們用平常心，面對生活中的順逆境及生命的無常，在紛亂的紅塵中解套，自在無礙，做自己生命的主人。\n\n「法鼓講堂」每周三晚間7：00~9：00\n網路直播：http://www.dharmaschool.com/ddm_max/liveclass/liveclassroom.php\n\n《金剛經》略解-第一講-1/4 \nhttp://www.youtube.com/watch?v=MCJGmGWUkts&list=SP2DE2CC7B07E9D1E0&index=1\n《金剛經》略解-第一講-2/4 \nhttp://www.youtube.com/watch?v=BPRUVjgqBQA&list=SP2DE2CC7B07E9D1E0\n《金剛經》略解-第一講-3/4 \nhttp://www.youtube.com/watch?v=Fn8bbBXrIz0&list=SP2DE2CC7B07E9D1E0\n《金剛經》略解-第一講-4/4 \nhttp://www.youtube.com/watch?v=OW0wQsinO6U&list=SP2DE2CC7B07E9D1E0\n《金剛經》略解-第二講-1/5 \nhttp://www.youtube.com/watch?v=7DM4fXaSwaw&list=SP4B8D5869FB4CDFAE&index=1\n《金剛經》略解-第二講-2/5 \nhttp://www.youtube.com/watch?v=Ie660dvUx_Q&list=SP4B8D5869FB4CDFAE\n《金剛經》略解-第二講-3/5 \nhttp://www.youtube.com/watch?v=9JQFN1Ww2q0&list=SP4B8D5869FB4CDFAE\n《金剛經》略解-第二講-4/5 \nhttp://www.youtube.com/watch?v=Je_JIzxyrPg&list=SP4B8D5869FB4CDFAE\n《金剛經》略解-第二講-5/5 \nhttp://www.youtube.com/watch?v=qGkXKoINrTo&list=SP4B8D5869FB4CDFAE\n《金剛經》略解-第三講-1/5 \nhttp://www.youtube.com/watch?v=O9f0nRpPdWc&list=SP1904C43CB15388F0&index=1\n《金剛經》略解-第三講-2/5 \nhttp://www.youtube.com/watch?v=JAGCBJcq_lE&list=SP1904C43CB15388F0\n《金剛經》略解-第三講-3/5 \nhttp://www.youtube.com/watch?v=9VEZ0s23yg0&list=SP1904C43CB15388F0\n《金剛經》略解-第三講-4/5 \nhttp://www.youtube.com/watch?v=UgiOqDEUUZM&list=SP1904C43CB15388F0\n《金剛經》略解-第三講-5/5 \nhttp://www.youtube.com/watch?v=6oNEqE8Al44&list=SP1904C43CB15388F0\n\n《金剛經》略解-第四講-1/4 \nhttp://www.youtube.com/watch?v=AzpNGoCwUB4&list=SPB83A44A17D379511&index=1\n《金剛經》略解-第四講-2/4 \nhttp://www.youtube.com/watch?v=g2j1cY9AXVs&list=SPB83A44A17D379511\n《金剛經》略解-第四講-3/4 \nhttp://www.youtube.com/watch?v=aP0dACPa_2Q&list=SPB83A44A17D379511\n《金剛經》略解-第四講-4/4 \nhttp://www.youtube.com/watch?v=IvWb3vSluy4&list=SPB83A44A17D379511');
INSERT INTO videos(vid, pid, title, description) VALUES('BPRUVjgqBQA', 'PLDuDoO_3m4cYdjXJalBZuk2x5ZlXK-SoI', '《金剛經》略解-第一講-2/4', '中國禪宗六祖慧能大師聽了《金剛經》中一句：「應無所住而生其心」，就言下大悟，《金剛經》從此成為中國人最嚮往的一部經典。《金剛經》是般若系列經典之一，在三藏經典中有著崇高的地位，饒富深理又不離日常生活中最基本的修行態度，故自古以來流通極廣。經中介紹的般若空慧，其強大的力量就像金剛一樣，能摧破煩惱，讓我們不被任何表相所阻礙，並以無住生心的力量，不斷提昇自己的生命層次，成就自利利他的菩薩道。\n\n瞬息萬變的現代社會，如何心不隨境轉？如何止息煩惱過得安適自在？凡所有相，皆是虛幻，經云：「一切有為法，如夢幻泡影，如露亦如電，應作如是觀」。 《金剛經》教我們用平常心，面對生活中的順逆境及生命的無常，在紛亂的紅塵中解套，自在無礙，做自己生命的主人。\n\n「法鼓講堂」每周三晚間7：00~9：00\n網路直播：http://www.dharmaschool.com/ddm_max/liveclass/liveclassroom.php\n\n《金剛經》略解-第一講-1/4 \nhttp://www.youtube.com/watch?v=MCJGmGWUkts&list=SP2DE2CC7B07E9D1E0&index=1\n《金剛經》略解-第一講-2/4 \nhttp://www.youtube.com/watch?v=BPRUVjgqBQA&list=SP2DE2CC7B07E9D1E0\n《金剛經》略解-第一講-3/4 \nhttp://www.youtube.com/watch?v=Fn8bbBXrIz0&list=SP2DE2CC7B07E9D1E0\n《金剛經》略解-第一講-4/4 \nhttp://www.youtube.com/watch?v=OW0wQsinO6U&list=SP2DE2CC7B07E9D1E0\n《金剛經》略解-第二講-1/5 \nhttp://www.youtube.com/watch?v=7DM4fXaSwaw&list=SP4B8D5869FB4CDFAE&index=1\n《金剛經》略解-第二講-2/5 \nhttp://www.youtube.com/watch?v=Ie660dvUx_Q&list=SP4B8D5869FB4CDFAE\n《金剛經》略解-第二講-3/5 \nhttp://www.youtube.com/watch?v=9JQFN1Ww2q0&list=SP4B8D5869FB4CDFAE\n《金剛經》略解-第二講-4/5 \nhttp://www.youtube.com/watch?v=Je_JIzxyrPg&list=SP4B8D5869FB4CDFAE\n《金剛經》略解-第二講-5/5 \nhttp://www.youtube.com/watch?v=qGkXKoINrTo&list=SP4B8D5869FB4CDFAE\n《金剛經》略解-第三講-1/5 \nhttp://www.youtube.com/watch?v=O9f0nRpPdWc&list=SP1904C43CB15388F0&index=1\n《金剛經》略解-第三講-2/5 \nhttp://www.youtube.com/watch?v=JAGCBJcq_lE&list=SP1904C43CB15388F0\n《金剛經》略解-第三講-3/5 \nhttp://www.youtube.com/watch?v=9VEZ0s23yg0&list=SP1904C43CB15388F0\n《金剛經》略解-第三講-4/5 \nhttp://www.youtube.com/watch?v=UgiOqDEUUZM&list=SP1904C43CB15388F0\n《金剛經》略解-第三講-5/5 \nhttp://www.youtube.com/watch?v=6oNEqE8Al44&list=SP1904C43CB15388F0\n\n《金剛經》略解-第四講-1/4 \nhttp://www.youtube.com/watch?v=AzpNGoCwUB4&list=SPB83A44A17D379511&index=1\n《金剛經》略解-第四講-2/4 \nhttp://www.youtube.com/watch?v=g2j1cY9AXVs&list=SPB83A44A17D379511\n《金剛經》略解-第四講-3/4 \nhttp://www.youtube.com/watch?v=aP0dACPa_2Q&list=SPB83A44A17D379511\n《金剛經》略解-第四講-4/4 \nhttp://www.youtube.com/watch?v=IvWb3vSluy4&list=SPB83A44A17D379511');
INSERT INTO videos(vid, pid, title, description) VALUES('Fn8bbBXrIz0', 'PLDuDoO_3m4cYdjXJalBZuk2x5ZlXK-SoI', '《金剛經》略解-第一講-3/4', '中國禪宗六祖慧能大師聽了《金剛經》中一句：「應無所住而生其心」，就言下大悟，《金剛經》從此成為中國人最嚮往的一部經典。《金剛經》是般若系列經典之一，在三藏經典中有著崇高的地位，饒富深理又不離日常生活中最基本的修行態度，故自古以來流通極廣。\n經中介紹的般若空慧，其強大的力量就像金剛一樣，能摧破煩惱，讓我們不被任何表相所阻礙，並以無住生心的力量，不斷提昇自己的生命層次，成就自利利他的菩薩道。\n\n瞬息萬變的現代社會，如何心不隨境轉？如何止息煩惱過得安適自在？凡所有相，皆是虛幻，經云：「一切有為法，如夢幻泡影，如露亦如電，應作如是觀」。 《金剛經》教我們用平常心，面對生活中的順逆境及生命的無常，在紛亂的紅塵中解套，自在無礙，做自己生命的主人。\n\n「法鼓講堂」每周三晚間7：00~9：00\n網路直播：http://www.dharmaschool.com/ddm_max/liveclass/liveclassroom.php\n\n《金剛經》略解-第一講-1/4 \nhttp://www.youtube.com/watch?v=MCJGmGWUkts&list=SP2DE2CC7B07E9D1E0&index=1\n《金剛經》略解-第一講-2/4 \nhttp://www.youtube.com/watch?v=BPRUVjgqBQA&list=SP2DE2CC7B07E9D1E0\n《金剛經》略解-第一講-3/4 \nhttp://www.youtube.com/watch?v=Fn8bbBXrIz0&list=SP2DE2CC7B07E9D1E0\n《金剛經》略解-第一講-4/4 \nhttp://www.youtube.com/watch?v=OW0wQsinO6U&list=SP2DE2CC7B07E9D1E0\n《金剛經》略解-第二講-1/5 \nhttp://www.youtube.com/watch?v=7DM4fXaSwaw&list=SP4B8D5869FB4CDFAE&index=1\n《金剛經》略解-第二講-2/5 \nhttp://www.youtube.com/watch?v=Ie660dvUx_Q&list=SP4B8D5869FB4CDFAE\n《金剛經》略解-第二講-3/5 \nhttp://www.youtube.com/watch?v=9JQFN1Ww2q0&list=SP4B8D5869FB4CDFAE\n《金剛經》略解-第二講-4/5 \nhttp://www.youtube.com/watch?v=Je_JIzxyrPg&list=SP4B8D5869FB4CDFAE\n《金剛經》略解-第二講-5/5 \nhttp://www.youtube.com/watch?v=qGkXKoINrTo&list=SP4B8D5869FB4CDFAE\n《金剛經》略解-第三講-1/5 \nhttp://www.youtube.com/watch?v=O9f0nRpPdWc&list=SP1904C43CB15388F0&index=1\n《金剛經》略解-第三講-2/5 \nhttp://www.youtube.com/watch?v=JAGCBJcq_lE&list=SP1904C43CB15388F0\n《金剛經》略解-第三講-3/5 \nhttp://www.youtube.com/watch?v=9VEZ0s23yg0&list=SP1904C43CB15388F0\n《金剛經》略解-第三講-4/5 \nhttp://www.youtube.com/watch?v=UgiOqDEUUZM&list=SP1904C43CB15388F0\n《金剛經》略解-第三講-5/5 \nhttp://www.youtube.com/watch?v=6oNEqE8Al44&list=SP1904C43CB15388F0\n\n《金剛經》略解-第四講-1/4 \nhttp://www.youtube.com/watch?v=AzpNGoCwUB4&list=SPB83A44A17D379511&index=1\n《金剛經》略解-第四講-2/4 \nhttp://www.youtube.com/watch?v=g2j1cY9AXVs&list=SPB83A44A17D379511\n《金剛經》略解-第四講-3/4 \nhttp://www.youtube.com/watch?v=aP0dACPa_2Q&list=SPB83A44A17D379511\n《金剛經》略解-第四講-4/4 \nhttp://www.youtube.com/watch?v=IvWb3vSluy4&list=SPB83A44A17D379511');
INSERT INTO videos(vid, pid, title, description) VALUES('OW0wQsinO6U', 'PLDuDoO_3m4cYdjXJalBZuk2x5ZlXK-SoI', '《金剛經》略解-第一講-4/4', '中國禪宗六祖慧能大師聽了《金剛經》中一句：「應無所住而生其心」，就言下大悟，《金剛經》從此成為中國人最嚮往的一部經典。《金剛經》是般若系列經典之一，在三藏經典中有著崇高的地位，饒富深理又不離日常生活中最基本的修行態度，故自古以來流通極廣。經中介紹的般若空慧，其強大的力量就像金剛一樣，能摧破煩惱，讓我們不被任何表相所阻礙，並以無住生心的力量，不斷提昇自己的生命層次，成就自利利他的菩薩道。\n\n瞬息萬變的現代社會，如何心不隨境轉？如何止息煩惱過得安適自在？凡所有相，皆是虛幻，經云：「一切有為法，如夢幻泡影，如露亦如電，應作如是觀」。 《金剛經》教我們用平常心，面對生活中的順逆境及生命的無常，在紛亂的紅塵中解套，自在無礙，做自己生命的主人。\n\n「法鼓講堂」每周三晚間7：00~9：00\n網路直播：http://www.dharmaschool.com/ddm_max/liveclass/liveclassroom.php\n\n《金剛經》略解-第一講-1/4 \nhttp://www.youtube.com/watch?v=MCJGmGWUkts&list=SP2DE2CC7B07E9D1E0&index=1\n《金剛經》略解-第一講-2/4 \nhttp://www.youtube.com/watch?v=BPRUVjgqBQA&list=SP2DE2CC7B07E9D1E0\n《金剛經》略解-第一講-3/4 \nhttp://www.youtube.com/watch?v=Fn8bbBXrIz0&list=SP2DE2CC7B07E9D1E0\n《金剛經》略解-第一講-4/4 \nhttp://www.youtube.com/watch?v=OW0wQsinO6U&list=SP2DE2CC7B07E9D1E0\n《金剛經》略解-第二講-1/5 \nhttp://www.youtube.com/watch?v=7DM4fXaSwaw&list=SP4B8D5869FB4CDFAE&index=1\n《金剛經》略解-第二講-2/5 \nhttp://www.youtube.com/watch?v=Ie660dvUx_Q&list=SP4B8D5869FB4CDFAE\n《金剛經》略解-第二講-3/5 \nhttp://www.youtube.com/watch?v=9JQFN1Ww2q0&list=SP4B8D5869FB4CDFAE\n《金剛經》略解-第二講-4/5 \nhttp://www.youtube.com/watch?v=Je_JIzxyrPg&list=SP4B8D5869FB4CDFAE\n《金剛經》略解-第二講-5/5 \nhttp://www.youtube.com/watch?v=qGkXKoINrTo&list=SP4B8D5869FB4CDFAE\n《金剛經》略解-第三講-1/5 \nhttp://www.youtube.com/watch?v=O9f0nRpPdWc&list=SP1904C43CB15388F0&index=1\n《金剛經》略解-第三講-2/5 \nhttp://www.youtube.com/watch?v=JAGCBJcq_lE&list=SP1904C43CB15388F0\n《金剛經》略解-第三講-3/5 \nhttp://www.youtube.com/watch?v=9VEZ0s23yg0&list=SP1904C43CB15388F0\n《金剛經》略解-第三講-4/5 \nhttp://www.youtube.com/watch?v=UgiOqDEUUZM&list=SP1904C43CB15388F0\n《金剛經》略解-第三講-5/5 \nhttp://www.youtube.com/watch?v=6oNEqE8Al44&list=SP1904C43CB15388F0\n\n《金剛經》略解-第四講-1/4 \nhttp://www.youtube.com/watch?v=AzpNGoCwUB4&list=SPB83A44A17D379511&index=1\n《金剛經》略解-第四講-2/4 \nhttp://www.youtube.com/watch?v=g2j1cY9AXVs&list=SPB83A44A17D379511\n《金剛經》略解-第四講-3/4 \nhttp://www.youtube.com/watch?v=aP0dACPa_2Q&list=SPB83A44A17D379511\n《金剛經》略解-第四講-4/4 \nhttp://www.youtube.com/watch?v=IvWb3vSluy4&list=SPB83A44A17D379511');
INSERT INTO videos(vid, pid, title, description) VALUES('7DM4fXaSwaw', 'PLDuDoO_3m4cYdjXJalBZuk2x5ZlXK-SoI', '《金剛經》略解-第二講-1/5', '中國禪宗六祖慧能大師聽了《金剛經》中一句：「應無所住而生其心」，就言下大悟，《金剛經》從此成為中國人最嚮往的一部經典。《金剛經》是般若系列經典之一，在三藏經典中有著崇高的地位，饒富深理又不離日常生活中最基本的修行態度，故自古以來流通極廣。經中介紹的般若空慧，其強大的力量就像金剛一樣，能摧破煩惱，讓我們不被任何表相所阻礙，並以無住生心的力量，不斷提昇自己的生命層次，成就自利利他的菩薩道。\n\n瞬息萬變的現代社會，如何心不隨境轉？如何止息煩惱過得安適自在？凡所有相，皆是虛幻，經云：「一切有為法，如夢幻泡影，如露亦如電，應作如是觀」。 《金剛經》教我們用平常心，面對生活中的順逆境及生命的無常，在紛亂的紅塵中解套，自在無礙，做自己生命的主人。\n\n「法鼓講堂」每周三晚間7：00~9：00\n網路直播：http://www.dharmaschool.com/ddm_max/liveclass/liveclassroom.php\n\n《金剛經》略解-第一講-1/4 \nhttp://www.youtube.com/watch?v=MCJGmGWUkts&list=SP2DE2CC7B07E9D1E0&index=1\n《金剛經》略解-第一講-2/4 \nhttp://www.youtube.com/watch?v=BPRUVjgqBQA&list=SP2DE2CC7B07E9D1E0\n《金剛經》略解-第一講-3/4 \nhttp://www.youtube.com/watch?v=Fn8bbBXrIz0&list=SP2DE2CC7B07E9D1E0\n《金剛經》略解-第一講-4/4 \nhttp://www.youtube.com/watch?v=OW0wQsinO6U&list=SP2DE2CC7B07E9D1E0\n《金剛經》略解-第二講-1/5 \nhttp://www.youtube.com/watch?v=7DM4fXaSwaw&list=SP4B8D5869FB4CDFAE&index=1\n《金剛經》略解-第二講-2/5 \nhttp://www.youtube.com/watch?v=Ie660dvUx_Q&list=SP4B8D5869FB4CDFAE\n《金剛經》略解-第二講-3/5 \nhttp://www.youtube.com/watch?v=9JQFN1Ww2q0&list=SP4B8D5869FB4CDFAE\n《金剛經》略解-第二講-4/5 \nhttp://www.youtube.com/watch?v=Je_JIzxyrPg&list=SP4B8D5869FB4CDFAE\n《金剛經》略解-第二講-5/5 \nhttp://www.youtube.com/watch?v=qGkXKoINrTo&list=SP4B8D5869FB4CDFAE\n《金剛經》略解-第三講-1/5 \nhttp://www.youtube.com/watch?v=O9f0nRpPdWc&list=SP1904C43CB15388F0&index=1\n《金剛經》略解-第三講-2/5 \nhttp://www.youtube.com/watch?v=JAGCBJcq_lE&list=SP1904C43CB15388F0\n《金剛經》略解-第三講-3/5 \nhttp://www.youtube.com/watch?v=9VEZ0s23yg0&list=SP1904C43CB15388F0\n《金剛經》略解-第三講-4/5 \nhttp://www.youtube.com/watch?v=UgiOqDEUUZM&list=SP1904C43CB15388F0\n《金剛經》略解-第三講-5/5 \nhttp://www.youtube.com/watch?v=6oNEqE8Al44&list=SP1904C43CB15388F0\n\n《金剛經》略解-第四講-1/4 \nhttp://www.youtube.com/watch?v=AzpNGoCwUB4&list=SPB83A44A17D379511&index=1\n《金剛經》略解-第四講-2/4 \nhttp://www.youtube.com/watch?v=g2j1cY9AXVs&list=SPB83A44A17D379511\n《金剛經》略解-第四講-3/4 \nhttp://www.youtube.com/watch?v=aP0dACPa_2Q&list=SPB83A44A17D379511\n《金剛經》略解-第四講-4/4 \nhttp://www.youtube.com/watch?v=IvWb3vSluy4&list=SPB83A44A17D379511');
INSERT INTO videos(vid, pid, title, description) VALUES('Ie660dvUx_Q', 'PLDuDoO_3m4cYdjXJalBZuk2x5ZlXK-SoI', '《金剛經》略解-第二講-2/5', '中國禪宗六祖慧能大師聽了《金剛經》中一句：「應無所住而生其心」，就言下大悟，《金剛經》從此成為中國人最嚮往的一部經典。《金剛經》是般若系列經典之一，在三藏經典中有著崇高的地位，饒富深理又不離日常生活中最基本的修行態度，故自古以來流通極廣。經中介紹的般若空慧，其強大的力量就像金剛一樣，能摧破煩惱，讓我們不被任何表相所阻礙，並以無住生心的力量，不斷提昇自己的生命層次，成就自利利他的菩薩道。\n\n瞬息萬變的現代社會，如何心不隨境轉？如何止息煩惱過得安適自在？凡所有相，皆是虛幻，經云：「一切有為法，如夢幻泡影，如露亦如電，應作如是觀」。 《金剛經》教我們用平常心，面對生活中的順逆境及生命的無常，在紛亂的紅塵中解套，自在無礙，做自己生命的主人。\n\n「法鼓講堂」每周三晚間7：00~9：00\n網路直播：http://www.dharmaschool.com/ddm_max/liveclass/liveclassroom.php\n\n《金剛經》略解-第一講-1/4 \nhttp://www.youtube.com/watch?v=MCJGmGWUkts&list=SP2DE2CC7B07E9D1E0&index=1\n《金剛經》略解-第一講-2/4 \nhttp://www.youtube.com/watch?v=BPRUVjgqBQA&list=SP2DE2CC7B07E9D1E0\n《金剛經》略解-第一講-3/4 \nhttp://www.youtube.com/watch?v=Fn8bbBXrIz0&list=SP2DE2CC7B07E9D1E0\n《金剛經》略解-第一講-4/4 \nhttp://www.youtube.com/watch?v=OW0wQsinO6U&list=SP2DE2CC7B07E9D1E0\n《金剛經》略解-第二講-1/5 \nhttp://www.youtube.com/watch?v=7DM4fXaSwaw&list=SP4B8D5869FB4CDFAE&index=1\n《金剛經》略解-第二講-2/5 \nhttp://www.youtube.com/watch?v=Ie660dvUx_Q&list=SP4B8D5869FB4CDFAE\n《金剛經》略解-第二講-3/5 \nhttp://www.youtube.com/watch?v=9JQFN1Ww2q0&list=SP4B8D5869FB4CDFAE\n《金剛經》略解-第二講-4/5 \nhttp://www.youtube.com/watch?v=Je_JIzxyrPg&list=SP4B8D5869FB4CDFAE\n《金剛經》略解-第二講-5/5 \nhttp://www.youtube.com/watch?v=qGkXKoINrTo&list=SP4B8D5869FB4CDFAE\n《金剛經》略解-第三講-1/5 \nhttp://www.youtube.com/watch?v=O9f0nRpPdWc&list=SP1904C43CB15388F0&index=1\n《金剛經》略解-第三講-2/5 \nhttp://www.youtube.com/watch?v=JAGCBJcq_lE&list=SP1904C43CB15388F0\n《金剛經》略解-第三講-3/5 \nhttp://www.youtube.com/watch?v=9VEZ0s23yg0&list=SP1904C43CB15388F0\n《金剛經》略解-第三講-4/5 \nhttp://www.youtube.com/watch?v=UgiOqDEUUZM&list=SP1904C43CB15388F0\n《金剛經》略解-第三講-5/5 \nhttp://www.youtube.com/watch?v=6oNEqE8Al44&list=SP1904C43CB15388F0\n\n《金剛經》略解-第四講-1/4 \nhttp://www.youtube.com/watch?v=AzpNGoCwUB4&list=SPB83A44A17D379511&index=1\n《金剛經》略解-第四講-2/4 \nhttp://www.youtube.com/watch?v=g2j1cY9AXVs&list=SPB83A44A17D379511\n《金剛經》略解-第四講-3/4 \nhttp://www.youtube.com/watch?v=aP0dACPa_2Q&list=SPB83A44A17D379511\n《金剛經》略解-第四講-4/4 \nhttp://www.youtube.com/watch?v=IvWb3vSluy4&list=SPB83A44A17D379511');
INSERT INTO videos(vid, pid, title, description) VALUES('9JQFN1Ww2q0', 'PLDuDoO_3m4cYdjXJalBZuk2x5ZlXK-SoI', '《金剛經》略解-第二講-3/5', '中國禪宗六祖慧能大師聽了《金剛經》中一句：「應無所住而生其心」，就言下大悟，《金剛經》從此成為中國人最嚮往的一部經典。《金剛經》是般若系列經典之一，在三藏經典中有著崇高的地位，饒富深理又不離日常生活中最基本的修行態度，故自古以來流通極廣。經中介紹的般若空慧，其強大的力量就像金剛一樣，能摧破煩惱，讓我們不被任何表相所阻礙，並以無住生心的力量，不斷提昇自己的生命層次，成就自利利他的菩薩道。\n\n瞬息萬變的現代社會，如何心不隨境轉？如何止息煩惱過得安適自在？凡所有相，皆是虛幻，經云：「一切有為法，如夢幻泡影，如露亦如電，應作如是觀」。 《金剛經》教我們用平常心，面對生活中的順逆境及生命的無常，在紛亂的紅塵中解套，自在無礙，做自己生命的主人。\n\n「法鼓講堂」每周三晚間7：00~9：00\n網路直播：http://www.dharmaschool.com/ddm_max/liveclass/liveclassroom.php\n\n《金剛經》略解-第一講-1/4 \nhttp://www.youtube.com/watch?v=MCJGmGWUkts&list=SP2DE2CC7B07E9D1E0&index=1\n《金剛經》略解-第一講-2/4 \nhttp://www.youtube.com/watch?v=BPRUVjgqBQA&list=SP2DE2CC7B07E9D1E0\n《金剛經》略解-第一講-3/4 \nhttp://www.youtube.com/watch?v=Fn8bbBXrIz0&list=SP2DE2CC7B07E9D1E0\n《金剛經》略解-第一講-4/4 \nhttp://www.youtube.com/watch?v=OW0wQsinO6U&list=SP2DE2CC7B07E9D1E0\n《金剛經》略解-第二講-1/5 \nhttp://www.youtube.com/watch?v=7DM4fXaSwaw&list=SP4B8D5869FB4CDFAE&index=1\n《金剛經》略解-第二講-2/5 \nhttp://www.youtube.com/watch?v=Ie660dvUx_Q&list=SP4B8D5869FB4CDFAE\n《金剛經》略解-第二講-3/5 \nhttp://www.youtube.com/watch?v=9JQFN1Ww2q0&list=SP4B8D5869FB4CDFAE\n《金剛經》略解-第二講-4/5 \nhttp://www.youtube.com/watch?v=Je_JIzxyrPg&list=SP4B8D5869FB4CDFAE\n《金剛經》略解-第二講-5/5 \nhttp://www.youtube.com/watch?v=qGkXKoINrTo&list=SP4B8D5869FB4CDFAE\n《金剛經》略解-第三講-1/5 \nhttp://www.youtube.com/watch?v=O9f0nRpPdWc&list=SP1904C43CB15388F0&index=1\n《金剛經》略解-第三講-2/5 \nhttp://www.youtube.com/watch?v=JAGCBJcq_lE&list=SP1904C43CB15388F0\n《金剛經》略解-第三講-3/5 \nhttp://www.youtube.com/watch?v=9VEZ0s23yg0&list=SP1904C43CB15388F0\n《金剛經》略解-第三講-4/5 \nhttp://www.youtube.com/watch?v=UgiOqDEUUZM&list=SP1904C43CB15388F0\n《金剛經》略解-第三講-5/5 \nhttp://www.youtube.com/watch?v=6oNEqE8Al44&list=SP1904C43CB15388F0\n\n《金剛經》略解-第四講-1/4 \nhttp://www.youtube.com/watch?v=AzpNGoCwUB4&list=SPB83A44A17D379511&index=1\n《金剛經》略解-第四講-2/4 \nhttp://www.youtube.com/watch?v=g2j1cY9AXVs&list=SPB83A44A17D379511\n《金剛經》略解-第四講-3/4 \nhttp://www.youtube.com/watch?v=aP0dACPa_2Q&list=SPB83A44A17D379511\n《金剛經》略解-第四講-4/4 \nhttp://www.youtube.com/watch?v=IvWb3vSluy4&list=SPB83A44A17D379511');
INSERT INTO videos(vid, pid, title, description) VALUES('Je_JIzxyrPg', 'PLDuDoO_3m4cYdjXJalBZuk2x5ZlXK-SoI', '《金剛經》略解-第二講-4/5', '中國禪宗六祖慧能大師聽了《金剛經》中一句：「應無所住而生其心」，就言下大悟，《金剛經》從此成為中國人最嚮往的一部經典。《金剛經》是般若系列經典之一，在三藏經典中有著崇高的地位，饒富深理又不離日常生活中最基本的修行態度，故自古以來流通極廣。經中介紹的般若空慧，其強大的力量就像金剛一樣，能摧破煩惱，讓我們不被任何表相所阻礙，並以無住生心的力量，不斷提昇自己的生命層次，成就自利利他的菩薩道。\n\n瞬息萬變的現代社會，如何心不隨境轉？如何止息煩惱過得安適自在？凡所有相，皆是虛幻，經云：「一切有為法，如夢幻泡影，如露亦如電，應作如是觀」。 《金剛經》教我們用平常心，面對生活中的順逆境及生命的無常，在紛亂的紅塵中解套，自在無礙，做自己生命的主人。\n\n「法鼓講堂」每周三晚間7：00~9：00\n網路直播：http://www.dharmaschool.com/ddm_max/liveclass/liveclassroom.php\n\n《金剛經》略解-第一講-1/4 \nhttp://www.youtube.com/watch?v=MCJGmGWUkts&list=SP2DE2CC7B07E9D1E0&index=1\n《金剛經》略解-第一講-2/4 \nhttp://www.youtube.com/watch?v=BPRUVjgqBQA&list=SP2DE2CC7B07E9D1E0\n《金剛經》略解-第一講-3/4 \nhttp://www.youtube.com/watch?v=Fn8bbBXrIz0&list=SP2DE2CC7B07E9D1E0\n《金剛經》略解-第一講-4/4 \nhttp://www.youtube.com/watch?v=OW0wQsinO6U&list=SP2DE2CC7B07E9D1E0\n《金剛經》略解-第二講-1/5 \nhttp://www.youtube.com/watch?v=7DM4fXaSwaw&list=SP4B8D5869FB4CDFAE&index=1\n《金剛經》略解-第二講-2/5 \nhttp://www.youtube.com/watch?v=Ie660dvUx_Q&list=SP4B8D5869FB4CDFAE\n《金剛經》略解-第二講-3/5 \nhttp://www.youtube.com/watch?v=9JQFN1Ww2q0&list=SP4B8D5869FB4CDFAE\n《金剛經》略解-第二講-4/5 \nhttp://www.youtube.com/watch?v=Je_JIzxyrPg&list=SP4B8D5869FB4CDFAE\n《金剛經》略解-第二講-5/5 \nhttp://www.youtube.com/watch?v=qGkXKoINrTo&list=SP4B8D5869FB4CDFAE\n《金剛經》略解-第三講-1/5 \nhttp://www.youtube.com/watch?v=O9f0nRpPdWc&list=SP1904C43CB15388F0&index=1\n《金剛經》略解-第三講-2/5 \nhttp://www.youtube.com/watch?v=JAGCBJcq_lE&list=SP1904C43CB15388F0\n《金剛經》略解-第三講-3/5 \nhttp://www.youtube.com/watch?v=9VEZ0s23yg0&list=SP1904C43CB15388F0\n《金剛經》略解-第三講-4/5 \nhttp://www.youtube.com/watch?v=UgiOqDEUUZM&list=SP1904C43CB15388F0\n《金剛經》略解-第三講-5/5 \nhttp://www.youtube.com/watch?v=6oNEqE8Al44&list=SP1904C43CB15388F0\n\n《金剛經》略解-第四講-1/4 \nhttp://www.youtube.com/watch?v=AzpNGoCwUB4&list=SPB83A44A17D379511&index=1\n《金剛經》略解-第四講-2/4 \nhttp://www.youtube.com/watch?v=g2j1cY9AXVs&list=SPB83A44A17D379511\n《金剛經》略解-第四講-3/4 \nhttp://www.youtube.com/watch?v=aP0dACPa_2Q&list=SPB83A44A17D379511\n《金剛經》略解-第四講-4/4 \nhttp://www.youtube.com/watch?v=IvWb3vSluy4&list=SPB83A44A17D379511');
INSERT INTO videos(vid, pid, title, description) VALUES('qGkXKoINrTo', 'PLDuDoO_3m4cYdjXJalBZuk2x5ZlXK-SoI', '《金剛經》略解-第二講-5/5', '中國禪宗六祖慧能大師聽了《金剛經》中一句：「應無所住而生其心」，就言下大悟，《金剛經》從此成為中國人最嚮往的一部經典。《金剛經》是般若系列經典之一，在三藏經典中有著崇高的地位，饒富深理又不離日常生活中最基本的修行態度，故自古以來流通極廣。經中介紹的般若空慧，其強大的力量就像金剛一樣，能摧破煩惱，讓我們不被任何表相所阻礙，並以無住生心的力量，不斷提昇自己的生命層次，成就自利利他的菩薩道。\n\n瞬息萬變的現代社會，如何心不隨境轉？如何止息煩惱過得安適自在？凡所有相，皆是虛幻，經云：「一切有為法，如夢幻泡影，如露亦如電，應作如是觀」。 《金剛經》教我們用平常心，面對生活中的順逆境及生命的無常，在紛亂的紅塵中解套，自在無礙，做自己生命的主人。\n\n「法鼓講堂」每周三晚間7：00~9：00\n網路直播：http://www.dharmaschool.com/ddm_max/liveclass/liveclassroom.php\n\n《金剛經》略解-第一講-1/4 \nhttp://www.youtube.com/watch?v=MCJGmGWUkts&list=SP2DE2CC7B07E9D1E0&index=1\n《金剛經》略解-第一講-2/4 \nhttp://www.youtube.com/watch?v=BPRUVjgqBQA&list=SP2DE2CC7B07E9D1E0\n《金剛經》略解-第一講-3/4 \nhttp://www.youtube.com/watch?v=Fn8bbBXrIz0&list=SP2DE2CC7B07E9D1E0\n《金剛經》略解-第一講-4/4 \nhttp://www.youtube.com/watch?v=OW0wQsinO6U&list=SP2DE2CC7B07E9D1E0\n《金剛經》略解-第二講-1/5 \nhttp://www.youtube.com/watch?v=7DM4fXaSwaw&list=SP4B8D5869FB4CDFAE&index=1\n《金剛經》略解-第二講-2/5 \nhttp://www.youtube.com/watch?v=Ie660dvUx_Q&list=SP4B8D5869FB4CDFAE\n《金剛經》略解-第二講-3/5 \nhttp://www.youtube.com/watch?v=9JQFN1Ww2q0&list=SP4B8D5869FB4CDFAE\n《金剛經》略解-第二講-4/5 \nhttp://www.youtube.com/watch?v=Je_JIzxyrPg&list=SP4B8D5869FB4CDFAE\n《金剛經》略解-第二講-5/5 \nhttp://www.youtube.com/watch?v=qGkXKoINrTo&list=SP4B8D5869FB4CDFAE\n《金剛經》略解-第三講-1/5 \nhttp://www.youtube.com/watch?v=O9f0nRpPdWc&list=SP1904C43CB15388F0&index=1\n《金剛經》略解-第三講-2/5 \nhttp://www.youtube.com/watch?v=JAGCBJcq_lE&list=SP1904C43CB15388F0\n《金剛經》略解-第三講-3/5 \nhttp://www.youtube.com/watch?v=9VEZ0s23yg0&list=SP1904C43CB15388F0\n《金剛經》略解-第三講-4/5 \nhttp://www.youtube.com/watch?v=UgiOqDEUUZM&list=SP1904C43CB15388F0\n《金剛經》略解-第三講-5/5 \nhttp://www.youtube.com/watch?v=6oNEqE8Al44&list=SP1904C43CB15388F0\n\n《金剛經》略解-第四講-1/4 \nhttp://www.youtube.com/watch?v=AzpNGoCwUB4&list=SPB83A44A17D379511&index=1\n《金剛經》略解-第四講-2/4 \nhttp://www.youtube.com/watch?v=g2j1cY9AXVs&list=SPB83A44A17D379511\n《金剛經》略解-第四講-3/4 \nhttp://www.youtube.com/watch?v=aP0dACPa_2Q&list=SPB83A44A17D379511\n《金剛經》略解-第四講-4/4 \nhttp://www.youtube.com/watch?v=IvWb3vSluy4&list=SPB83A44A17D379511');
INSERT INTO videos(vid, pid, title, description) VALUES('O9f0nRpPdWc', 'PLDuDoO_3m4cYdjXJalBZuk2x5ZlXK-SoI', '《金剛經》略解-第三講-1/5', '中國禪宗六祖慧能大師聽了《金剛經》中一句：「應無所住而生其心」，就言下大悟，《金剛經》從此成為中國人最嚮往的一部經典。《金剛經》是般若系列經典之一，在三藏經典中有著崇高的地位，饒富深理又不離日常生活中最基本的修行態度，故自古以來流通極廣。經中介紹的般若空慧，其強大的力量就像金剛一樣，能摧破煩惱，讓我們不被任何表相所阻礙，並以無住生心的力量，不斷提昇自己的生命層次，成就自利利他的菩薩道。\n\n瞬息萬變的現代社會，如何心不隨境轉？如何止息煩惱過得安適自在？凡所有相，皆是虛幻，經云：「一切有為法，如夢幻泡影，如露亦如電，應作如是觀」。 《金剛經》教我們用平常心，面對生活中的順逆境及生命的無常，在紛亂的紅塵中解套，自在無礙，做自己生命的主人。\n\n「法鼓講堂」每周三晚間7：00~9：00\n網路直播：http://www.dharmaschool.com/ddm_max/liveclass/liveclassroom.php\nhttp://www.youtube.com/watch?v=5DjL0qnH4jM\n《金剛經》略解-第一講-1/4 \nhttp://www.youtube.com/watch?v=MCJGmGWUkts&list=SP2DE2CC7B07E9D1E0&index=1\n《金剛經》略解-第一講-2/4 \nhttp://www.youtube.com/watch?v=BPRUVjgqBQA&list=SP2DE2CC7B07E9D1E0\n《金剛經》略解-第一講-3/4 \nhttp://www.youtube.com/watch?v=Fn8bbBXrIz0&list=SP2DE2CC7B07E9D1E0\n《金剛經》略解-第一講-4/4 \nhttp://www.youtube.com/watch?v=OW0wQsinO6U&list=SP2DE2CC7B07E9D1E0\n《金剛經》略解-第二講-1/5 \nhttp://www.youtube.com/watch?v=7DM4fXaSwaw&list=SP4B8D5869FB4CDFAE&index=1\n《金剛經》略解-第二講-2/5 \nhttp://www.youtube.com/watch?v=Ie660dvUx_Q&list=SP4B8D5869FB4CDFAE\n《金剛經》略解-第二講-3/5 \nhttp://www.youtube.com/watch?v=9JQFN1Ww2q0&list=SP4B8D5869FB4CDFAE\n《金剛經》略解-第二講-4/5 \nhttp://www.youtube.com/watch?v=Je_JIzxyrPg&list=SP4B8D5869FB4CDFAE\n《金剛經》略解-第二講-5/5 \nhttp://www.youtube.com/watch?v=qGkXKoINrTo&list=SP4B8D5869FB4CDFAE\n《金剛經》略解-第三講-1/5 \nhttp://www.youtube.com/watch?v=O9f0nRpPdWc&list=SP1904C43CB15388F0&index=1\n《金剛經》略解-第三講-2/5 \nhttp://www.youtube.com/watch?v=JAGCBJcq_lE&list=SP1904C43CB15388F0\n《金剛經》略解-第三講-3/5 \nhttp://www.youtube.com/watch?v=9VEZ0s23yg0&list=SP1904C43CB15388F0\n《金剛經》略解-第三講-4/5 \nhttp://www.youtube.com/watch?v=UgiOqDEUUZM&list=SP1904C43CB15388F0\n《金剛經》略解-第三講-5/5 \nhttp://www.youtube.com/watch?v=6oNEqE8Al44&list=SP1904C43CB15388F0\n\n《金剛經》略解-第四講-1/4 \nhttp://www.youtube.com/watch?v=AzpNGoCwUB4&list=SPB83A44A17D379511&index=1\n《金剛經》略解-第四講-2/4 \nhttp://www.youtube.com/watch?v=g2j1cY9AXVs&list=SPB83A44A17D379511\n《金剛經》略解-第四講-3/4 \nhttp://www.youtube.com/watch?v=aP0dACPa_2Q&list=SPB83A44A17D379511\n《金剛經》略解-第四講-4/4 \nhttp://www.youtube.com/watch?v=IvWb3vSluy4&list=SPB83A44A17D379511');
INSERT INTO videos(vid, pid, title, description) VALUES('JAGCBJcq_lE', 'PLDuDoO_3m4cYdjXJalBZuk2x5ZlXK-SoI', '《金剛經》略解-第三講-2/5', '中國禪宗六祖慧能大師聽了《金剛經》中一句：「應無所住而生其心」，就言下大悟，《金剛經》從此成為中國人最嚮往的一部經典。《金剛經》是般若系列經典之一，在三藏經典中有著崇高的地位，饒富深理又不離日常生活中最基本的修行態度，故自古以來流通極廣。經中介紹的般若空慧，其強大的力量就像金剛一樣，能摧破煩惱，讓我們不被任何表相所阻礙，並以無住生心的力量，不斷提昇自己的生命層次，成就自利利他的菩薩道。\n\n瞬息萬變的現代社會，如何心不隨境轉？如何止息煩惱過得安適自在？凡所有相，皆是虛幻，經云：「一切有為法，如夢幻泡影，如露亦如電，應作如是觀」。 《金剛經》教我們用平常心，面對生活中的順逆境及生命的無常，在紛亂的紅塵中解套，自在無礙，做自己生命的主人。\n\n「法鼓講堂」每周三晚間7：00~9：00\n網路直播：http://www.dharmaschool.com/ddm_max/liveclass/liveclassroom.php\nhttp://www.youtube.com/watch?v=5DjL0qnH4jM\n《金剛經》略解-第一講-1/4 \nhttp://www.youtube.com/watch?v=MCJGmGWUkts&list=SP2DE2CC7B07E9D1E0&index=1\n《金剛經》略解-第一講-2/4 \nhttp://www.youtube.com/watch?v=BPRUVjgqBQA&list=SP2DE2CC7B07E9D1E0\n《金剛經》略解-第一講-3/4 \nhttp://www.youtube.com/watch?v=Fn8bbBXrIz0&list=SP2DE2CC7B07E9D1E0\n《金剛經》略解-第一講-4/4 \nhttp://www.youtube.com/watch?v=OW0wQsinO6U&list=SP2DE2CC7B07E9D1E0\n《金剛經》略解-第二講-1/5 \nhttp://www.youtube.com/watch?v=7DM4fXaSwaw&list=SP4B8D5869FB4CDFAE&index=1\n《金剛經》略解-第二講-2/5 \nhttp://www.youtube.com/watch?v=Ie660dvUx_Q&list=SP4B8D5869FB4CDFAE\n《金剛經》略解-第二講-3/5 \nhttp://www.youtube.com/watch?v=9JQFN1Ww2q0&list=SP4B8D5869FB4CDFAE\n《金剛經》略解-第二講-4/5 \nhttp://www.youtube.com/watch?v=Je_JIzxyrPg&list=SP4B8D5869FB4CDFAE\n《金剛經》略解-第二講-5/5 \nhttp://www.youtube.com/watch?v=qGkXKoINrTo&list=SP4B8D5869FB4CDFAE\n《金剛經》略解-第三講-1/5 \nhttp://www.youtube.com/watch?v=O9f0nRpPdWc&list=SP1904C43CB15388F0&index=1\n《金剛經》略解-第三講-2/5 \nhttp://www.youtube.com/watch?v=JAGCBJcq_lE&list=SP1904C43CB15388F0\n《金剛經》略解-第三講-3/5 \nhttp://www.youtube.com/watch?v=9VEZ0s23yg0&list=SP1904C43CB15388F0\n《金剛經》略解-第三講-4/5 \nhttp://www.youtube.com/watch?v=UgiOqDEUUZM&list=SP1904C43CB15388F0\n《金剛經》略解-第三講-5/5 \nhttp://www.youtube.com/watch?v=6oNEqE8Al44&list=SP1904C43CB15388F0\n\n《金剛經》略解-第四講-1/4 \nhttp://www.youtube.com/watch?v=AzpNGoCwUB4&list=SPB83A44A17D379511&index=1\n《金剛經》略解-第四講-2/4 \nhttp://www.youtube.com/watch?v=g2j1cY9AXVs&list=SPB83A44A17D379511\n《金剛經》略解-第四講-3/4 \nhttp://www.youtube.com/watch?v=aP0dACPa_2Q&list=SPB83A44A17D379511\n《金剛經》略解-第四講-4/4 \nhttp://www.youtube.com/watch?v=IvWb3vSluy4&list=SPB83A44A17D379511');
INSERT INTO videos(vid, pid, title, description) VALUES('9VEZ0s23yg0', 'PLDuDoO_3m4cYdjXJalBZuk2x5ZlXK-SoI', '《金剛經》略解-第三講-3/5', '中國禪宗六祖慧能大師聽了《金剛經》中一句：「應無所住而生其心」，就言下大悟，《金剛經》從此成為中國人最嚮往的一部經典。《金剛經》是般若系列經典之一，在三藏經典中有著崇高的地位，饒富深理又不離日常生活中最基本的修行態度，故自古以來流通極廣。經中介紹的般若空慧，其強大的力量就像金剛一樣，能摧破煩惱，讓我們不被任何表相所阻礙，並以無住生心的力量，不斷提昇自己的生命層次，成就自利利他的菩薩道。\n\n瞬息萬變的現代社會，如何心不隨境轉？如何止息煩惱過得安適自在？凡所有相，皆是虛幻，經云：「一切有為法，如夢幻泡影，如露亦如電，應作如是觀」。 《金剛經》教我們用平常心，面對生活中的順逆境及生命的無常，在紛亂的紅塵中解套，自在無礙，做自己生命的主人。\n\n「法鼓講堂」每周三晚間7：00~9：00\n網路直播：http://www.dharmaschool.com/ddm_max/liveclass/liveclassroom.php\nhttp://www.youtube.com/watch?v=5DjL0qnH4jM\n《金剛經》略解-第一講-1/4 \nhttp://www.youtube.com/watch?v=MCJGmGWUkts&list=SP2DE2CC7B07E9D1E0&index=1\n《金剛經》略解-第一講-2/4 \nhttp://www.youtube.com/watch?v=BPRUVjgqBQA&list=SP2DE2CC7B07E9D1E0\n《金剛經》略解-第一講-3/4 \nhttp://www.youtube.com/watch?v=Fn8bbBXrIz0&list=SP2DE2CC7B07E9D1E0\n《金剛經》略解-第一講-4/4 \nhttp://www.youtube.com/watch?v=OW0wQsinO6U&list=SP2DE2CC7B07E9D1E0\n《金剛經》略解-第二講-1/5 \nhttp://www.youtube.com/watch?v=7DM4fXaSwaw&list=SP4B8D5869FB4CDFAE&index=1\n《金剛經》略解-第二講-2/5 \nhttp://www.youtube.com/watch?v=Ie660dvUx_Q&list=SP4B8D5869FB4CDFAE\n《金剛經》略解-第二講-3/5 \nhttp://www.youtube.com/watch?v=9JQFN1Ww2q0&list=SP4B8D5869FB4CDFAE\n《金剛經》略解-第二講-4/5 \nhttp://www.youtube.com/watch?v=Je_JIzxyrPg&list=SP4B8D5869FB4CDFAE\n《金剛經》略解-第二講-5/5 \nhttp://www.youtube.com/watch?v=qGkXKoINrTo&list=SP4B8D5869FB4CDFAE\n《金剛經》略解-第三講-1/5 \nhttp://www.youtube.com/watch?v=O9f0nRpPdWc&list=SP1904C43CB15388F0&index=1\n《金剛經》略解-第三講-2/5 \nhttp://www.youtube.com/watch?v=JAGCBJcq_lE&list=SP1904C43CB15388F0\n《金剛經》略解-第三講-3/5 \nhttp://www.youtube.com/watch?v=9VEZ0s23yg0&list=SP1904C43CB15388F0\n《金剛經》略解-第三講-4/5 \nhttp://www.youtube.com/watch?v=UgiOqDEUUZM&list=SP1904C43CB15388F0\n《金剛經》略解-第三講-5/5 \nhttp://www.youtube.com/watch?v=6oNEqE8Al44&list=SP1904C43CB15388F0\n\n《金剛經》略解-第四講-1/4 \nhttp://www.youtube.com/watch?v=AzpNGoCwUB4&list=SPB83A44A17D379511&index=1\n《金剛經》略解-第四講-2/4 \nhttp://www.youtube.com/watch?v=g2j1cY9AXVs&list=SPB83A44A17D379511\n《金剛經》略解-第四講-3/4 \nhttp://www.youtube.com/watch?v=aP0dACPa_2Q&list=SPB83A44A17D379511\n《金剛經》略解-第四講-4/4 \nhttp://www.youtube.com/watch?v=IvWb3vSluy4&list=SPB83A44A17D379511');
INSERT INTO videos(vid, pid, title, description) VALUES('UgiOqDEUUZM', 'PLDuDoO_3m4cYdjXJalBZuk2x5ZlXK-SoI', '《金剛經》略解-第三講-4/5', '中國禪宗六祖慧能大師聽了《金剛經》中一句：「應無所住而生其心」，就言下大悟，《金剛經》從此成為中國人最嚮往的一部經典。《金剛經》是般若系列經典之一，在三藏經典中有著崇高的地位，饒富深理又不離日常生活中最基本的修行態度，故自古以來流通極廣。經中介紹的般若空慧，其強大的力量就像金剛一樣，能摧破煩惱，讓我們不被任何表相所阻礙，並以無住生心的力量，不斷提昇自己的生命層次，成就自利利他的菩薩道。\n\n瞬息萬變的現代社會，如何心不隨境轉？如何止息煩惱過得安適自在？凡所有相，皆是虛幻，經云：「一切有為法，如夢幻泡影，如露亦如電，應作如是觀」。 《金剛經》教我們用平常心，面對生活中的順逆境及生命的無常，在紛亂的紅塵中解套，自在無礙，做自己生命的主人。\n「法鼓講堂」每周三晚間7：00~9：00\n網路直播：http://www.dharmaschool.com/ddm_max/liveclass/liveclassroom.php\nhttp://www.youtube.com/watch?v=5DjL0qnH4jM\n《金剛經》略解-第一講-1/4 \nhttp://www.youtube.com/watch?v=MCJGmGWUkts&list=SP2DE2CC7B07E9D1E0&index=1\n《金剛經》略解-第一講-2/4 \nhttp://www.youtube.com/watch?v=BPRUVjgqBQA&list=SP2DE2CC7B07E9D1E0\n《金剛經》略解-第一講-3/4 \nhttp://www.youtube.com/watch?v=Fn8bbBXrIz0&list=SP2DE2CC7B07E9D1E0\n《金剛經》略解-第一講-4/4 \nhttp://www.youtube.com/watch?v=OW0wQsinO6U&list=SP2DE2CC7B07E9D1E0\n《金剛經》略解-第二講-1/5 \nhttp://www.youtube.com/watch?v=7DM4fXaSwaw&list=SP4B8D5869FB4CDFAE&index=1\n《金剛經》略解-第二講-2/5 \nhttp://www.youtube.com/watch?v=Ie660dvUx_Q&list=SP4B8D5869FB4CDFAE\n《金剛經》略解-第二講-3/5 \nhttp://www.youtube.com/watch?v=9JQFN1Ww2q0&list=SP4B8D5869FB4CDFAE\n《金剛經》略解-第二講-4/5 \nhttp://www.youtube.com/watch?v=Je_JIzxyrPg&list=SP4B8D5869FB4CDFAE\n《金剛經》略解-第二講-5/5 \nhttp://www.youtube.com/watch?v=qGkXKoINrTo&list=SP4B8D5869FB4CDFAE\n《金剛經》略解-第三講-1/5 \nhttp://www.youtube.com/watch?v=O9f0nRpPdWc&list=SP1904C43CB15388F0&index=1\n《金剛經》略解-第三講-2/5 \nhttp://www.youtube.com/watch?v=JAGCBJcq_lE&list=SP1904C43CB15388F0\n《金剛經》略解-第三講-3/5 \nhttp://www.youtube.com/watch?v=9VEZ0s23yg0&list=SP1904C43CB15388F0\n《金剛經》略解-第三講-4/5 \nhttp://www.youtube.com/watch?v=UgiOqDEUUZM&list=SP1904C43CB15388F0\n《金剛經》略解-第三講-5/5 \nhttp://www.youtube.com/watch?v=6oNEqE8Al44&list=SP1904C43CB15388F0\n\n《金剛經》略解-第四講-1/4 \nhttp://www.youtube.com/watch?v=AzpNGoCwUB4&list=SPB83A44A17D379511&index=1\n《金剛經》略解-第四講-2/4 \nhttp://www.youtube.com/watch?v=g2j1cY9AXVs&list=SPB83A44A17D379511\n《金剛經》略解-第四講-3/4 \nhttp://www.youtube.com/watch?v=aP0dACPa_2Q&list=SPB83A44A17D379511\n《金剛經》略解-第四講-4/4 \nhttp://www.youtube.com/watch?v=IvWb3vSluy4&list=SPB83A44A17D379511');
INSERT INTO videos(vid, pid, title, description) VALUES('6oNEqE8Al44', 'PLDuDoO_3m4cYdjXJalBZuk2x5ZlXK-SoI', '《金剛經》略解-第三講-5/5', '中國禪宗六祖慧能大師聽了《金剛經》中一句：「應無所住而生其心」，就言下大悟，《金剛經》從此成為中國人最嚮往的一部經典。《金剛經》是般若系列經典之一，在三藏經典中有著崇高的地位，饒富深理又不離日常生活中最基本的修行態度，故自古以來流通極廣。介紹的般若空慧，其強大的力量就像金剛一樣，能摧破煩惱，讓我們不被任何表相所阻礙，並以無住生心的力量，不斷提昇自己的生命層次，成就自利利他的菩薩道。\n\n瞬息萬變的現代社會，如何心不隨境轉？如何止息煩惱過得安適自在？凡所有相，皆是虛幻，經云：「一切有為法，如夢幻泡影，如露亦如電，應作如是觀」。 《金剛經》教我們用平常心，面對生活中的順逆境及生命的無常，在紛亂的紅塵中解套，自在無礙，做自己生命的主人。\n\n「法鼓講堂」每周三晚間7：00~9：00\n網路直播：http://www.dharmaschool.com/ddm_max/liveclass/liveclassroom.php\nhttp://www.youtube.com/watch?v=5DjL0qnH4jM\n《金剛經》略解-第一講-1/4 \nhttp://www.youtube.com/watch?v=MCJGmGWUkts&list=SP2DE2CC7B07E9D1E0&index=1\n《金剛經》略解-第一講-2/4 \nhttp://www.youtube.com/watch?v=BPRUVjgqBQA&list=SP2DE2CC7B07E9D1E0\n《金剛經》略解-第一講-3/4 \nhttp://www.youtube.com/watch?v=Fn8bbBXrIz0&list=SP2DE2CC7B07E9D1E0\n《金剛經》略解-第一講-4/4 \nhttp://www.youtube.com/watch?v=OW0wQsinO6U&list=SP2DE2CC7B07E9D1E0\n《金剛經》略解-第二講-1/5 \nhttp://www.youtube.com/watch?v=7DM4fXaSwaw&list=SP4B8D5869FB4CDFAE&index=1\n《金剛經》略解-第二講-2/5 \nhttp://www.youtube.com/watch?v=Ie660dvUx_Q&list=SP4B8D5869FB4CDFAE\n《金剛經》略解-第二講-3/5 \nhttp://www.youtube.com/watch?v=9JQFN1Ww2q0&list=SP4B8D5869FB4CDFAE\n《金剛經》略解-第二講-4/5 \nhttp://www.youtube.com/watch?v=Je_JIzxyrPg&list=SP4B8D5869FB4CDFAE\n《金剛經》略解-第二講-5/5 \nhttp://www.youtube.com/watch?v=qGkXKoINrTo&list=SP4B8D5869FB4CDFAE\n《金剛經》略解-第三講-1/5 \nhttp://www.youtube.com/watch?v=O9f0nRpPdWc&list=SP1904C43CB15388F0&index=1\n《金剛經》略解-第三講-2/5 \nhttp://www.youtube.com/watch?v=JAGCBJcq_lE&list=SP1904C43CB15388F0\n《金剛經》略解-第三講-3/5 \nhttp://www.youtube.com/watch?v=9VEZ0s23yg0&list=SP1904C43CB15388F0\n《金剛經》略解-第三講-4/5 \nhttp://www.youtube.com/watch?v=UgiOqDEUUZM&list=SP1904C43CB15388F0\n《金剛經》略解-第三講-5/5 \nhttp://www.youtube.com/watch?v=6oNEqE8Al44&list=SP1904C43CB15388F0\n\n《金剛經》略解-第四講-1/4 \nhttp://www.youtube.com/watch?v=AzpNGoCwUB4&list=SPB83A44A17D379511&index=1\n《金剛經》略解-第四講-2/4 \nhttp://www.youtube.com/watch?v=g2j1cY9AXVs&list=SPB83A44A17D379511\n《金剛經》略解-第四講-3/4 \nhttp://www.youtube.com/watch?v=aP0dACPa_2Q&list=SPB83A44A17D379511\n《金剛經》略解-第四講-4/4 \nhttp://www.youtube.com/watch?v=IvWb3vSluy4&list=SPB83A44A17D379511');
INSERT INTO videos(vid, pid, title, description) VALUES('AzpNGoCwUB4', 'PLDuDoO_3m4cYdjXJalBZuk2x5ZlXK-SoI', '《金剛經》略解-第四講-1/4', '中國禪宗六祖慧能大師聽了《金剛經》中一句：「應無所住而生其心」，就言下大悟，《金剛經》從此成為中國人最嚮往的一部經典。《金剛經》是般若系列經典之一，在三藏經典中有著崇高的地位，饒富深理又不離日常生活中最基本的修行態度，故自古以來流通極廣。經中介紹的般若空慧，其強大的力量就像金剛一樣，能摧破煩惱，讓我們不被任何表相所阻礙，並以無住生心的力量，不斷提昇自己的生命層次，成就自利利他的菩薩道。\n\n瞬息萬變的現代社會，如何心不隨境轉？如何止息煩惱過得安適自在？凡所有相，皆是虛幻，經云：「一切有為法，如夢幻泡影，如露亦如電，應作如是觀」。 《金剛經》教我們用平常心，面對生活中的順逆境及生命的無常，在紛亂的紅塵中解套，自在無礙，做自己生命的主人。\n\n「法鼓講堂」每周三晚間7：00~9：00\n網路直播：http://www.dharmaschool.com/ddm_max/liveclass/liveclassroom.php\n\n《金剛經》略解-第一講-1/4 \nhttp://www.youtube.com/watch?v=MCJGmGWUkts&list=SP2DE2CC7B07E9D1E0&index=1\n《金剛經》略解-第一講-2/4 \nhttp://www.youtube.com/watch?v=BPRUVjgqBQA&list=SP2DE2CC7B07E9D1E0\n《金剛經》略解-第一講-3/4 \nhttp://www.youtube.com/watch?v=Fn8bbBXrIz0&list=SP2DE2CC7B07E9D1E0\n《金剛經》略解-第一講-4/4 \nhttp://www.youtube.com/watch?v=OW0wQsinO6U&list=SP2DE2CC7B07E9D1E0\n《金剛經》略解-第二講-1/5 \nhttp://www.youtube.com/watch?v=7DM4fXaSwaw&list=SP4B8D5869FB4CDFAE&index=1\n《金剛經》略解-第二講-2/5 \nhttp://www.youtube.com/watch?v=Ie660dvUx_Q&list=SP4B8D5869FB4CDFAE\n《金剛經》略解-第二講-3/5 \nhttp://www.youtube.com/watch?v=9JQFN1Ww2q0&list=SP4B8D5869FB4CDFAE\n《金剛經》略解-第二講-4/5 \nhttp://www.youtube.com/watch?v=Je_JIzxyrPg&list=SP4B8D5869FB4CDFAE\n《金剛經》略解-第二講-5/5 \nhttp://www.youtube.com/watch?v=qGkXKoINrTo&list=SP4B8D5869FB4CDFAE\n《金剛經》略解-第三講-1/5 \nhttp://www.youtube.com/watch?v=O9f0nRpPdWc&list=SP1904C43CB15388F0&index=1\n《金剛經》略解-第三講-2/5 \nhttp://www.youtube.com/watch?v=JAGCBJcq_lE&list=SP1904C43CB15388F0\n《金剛經》略解-第三講-3/5 \nhttp://www.youtube.com/watch?v=9VEZ0s23yg0&list=SP1904C43CB15388F0\n《金剛經》略解-第三講-4/5 \nhttp://www.youtube.com/watch?v=UgiOqDEUUZM&list=SP1904C43CB15388F0\n《金剛經》略解-第三講-5/5 \nhttp://www.youtube.com/watch?v=6oNEqE8Al44&list=SP1904C43CB15388F0\n\n《金剛經》略解-第四講-1/4 \nhttp://www.youtube.com/watch?v=AzpNGoCwUB4&list=SPB83A44A17D379511&index=1\n《金剛經》略解-第四講-2/4 \nhttp://www.youtube.com/watch?v=g2j1cY9AXVs&list=SPB83A44A17D379511\n《金剛經》略解-第四講-3/4 \nhttp://www.youtube.com/watch?v=aP0dACPa_2Q&list=SPB83A44A17D379511\n《金剛經》略解-第四講-4/4 \nhttp://www.youtube.com/watch?v=IvWb3vSluy4&list=SPB83A44A17D379511');
INSERT INTO videos(vid, pid, title, description) VALUES('g2j1cY9AXVs', 'PLDuDoO_3m4cYdjXJalBZuk2x5ZlXK-SoI', '《金剛經》略解-第四講-2/4', '中國禪宗六祖慧能大師聽了《金剛經》中一句：「應無所住而生其心」，就言下大悟，《金剛經》從此成為中國人最嚮往的一部經典。《金剛經》是般若系列經典之一，在三藏經典中有著崇高的地位，饒富深理又不離日常生活中最基本的修行態度，故自古以來流通極廣。經中介紹的般若空慧，其強大的力量就像金剛一樣，能摧破煩惱，讓我們不被任何表相所阻礙，並以無住生心的力量，不斷提昇自己的生命層次，成就自利利他的菩薩道。\n\n瞬息萬變的現代社會，如何心不隨境轉？如何止息煩惱過得安適自在？凡所有相，皆是虛幻，經云：「一切有為法，如夢幻泡影，如露亦如電，應作如是觀」。 《金剛經》教我們用平常心，面對生活中的順逆境及生命的無常，在紛亂的紅塵中解套，自在無礙，做自己生命的主人。\n\n「法鼓講堂」每周三晚間7：00~9：00\n網路直播：http://www.dharmaschool.com/ddm_max/liveclass/liveclassroom.php\n\n《金剛經》略解-第一講-1/4 \nhttp://www.youtube.com/watch?v=MCJGmGWUkts&list=SP2DE2CC7B07E9D1E0&index=1\n《金剛經》略解-第一講-2/4 \nhttp://www.youtube.com/watch?v=BPRUVjgqBQA&list=SP2DE2CC7B07E9D1E0\n《金剛經》略解-第一講-3/4 \nhttp://www.youtube.com/watch?v=Fn8bbBXrIz0&list=SP2DE2CC7B07E9D1E0\n《金剛經》略解-第一講-4/4 \nhttp://www.youtube.com/watch?v=OW0wQsinO6U&list=SP2DE2CC7B07E9D1E0\n《金剛經》略解-第二講-1/5 \nhttp://www.youtube.com/watch?v=7DM4fXaSwaw&list=SP4B8D5869FB4CDFAE&index=1\n《金剛經》略解-第二講-2/5 \nhttp://www.youtube.com/watch?v=Ie660dvUx_Q&list=SP4B8D5869FB4CDFAE\n《金剛經》略解-第二講-3/5 \nhttp://www.youtube.com/watch?v=9JQFN1Ww2q0&list=SP4B8D5869FB4CDFAE\n《金剛經》略解-第二講-4/5 \nhttp://www.youtube.com/watch?v=Je_JIzxyrPg&list=SP4B8D5869FB4CDFAE\n《金剛經》略解-第二講-5/5 \nhttp://www.youtube.com/watch?v=qGkXKoINrTo&list=SP4B8D5869FB4CDFAE\n《金剛經》略解-第三講-1/5 \nhttp://www.youtube.com/watch?v=O9f0nRpPdWc&list=SP1904C43CB15388F0&index=1\n《金剛經》略解-第三講-2/5 \nhttp://www.youtube.com/watch?v=JAGCBJcq_lE&list=SP1904C43CB15388F0\n《金剛經》略解-第三講-3/5 \nhttp://www.youtube.com/watch?v=9VEZ0s23yg0&list=SP1904C43CB15388F0\n《金剛經》略解-第三講-4/5 \nhttp://www.youtube.com/watch?v=UgiOqDEUUZM&list=SP1904C43CB15388F0\n《金剛經》略解-第三講-5/5 \nhttp://www.youtube.com/watch?v=6oNEqE8Al44&list=SP1904C43CB15388F0\n\n《金剛經》略解-第四講-1/4 \nhttp://www.youtube.com/watch?v=AzpNGoCwUB4&list=SPB83A44A17D379511&index=1\n《金剛經》略解-第四講-2/4 \nhttp://www.youtube.com/watch?v=g2j1cY9AXVs&list=SPB83A44A17D379511\n《金剛經》略解-第四講-3/4 \nhttp://www.youtube.com/watch?v=aP0dACPa_2Q&list=SPB83A44A17D379511\n《金剛經》略解-第四講-4/4 \nhttp://www.youtube.com/watch?v=IvWb3vSluy4&list=SPB83A44A17D379511');
INSERT INTO videos(vid, pid, title, description) VALUES('aP0dACPa_2Q', 'PLDuDoO_3m4cYdjXJalBZuk2x5ZlXK-SoI', '《金剛經》略解-第四講-3/4', '中國禪宗六祖慧能大師聽了《金剛經》中一句：「應無所住而生其心」，就言下大悟，《金剛經》從此成為中國人最嚮往的一部經典。《金剛經》是般若系列經典之一，在三藏經典中有著崇高的地位，饒富深理又不離日常生活中最基本的修行態度，故自古以來流通極廣。經中介紹的般若空慧，其強大的力量就像金剛一樣，能摧破煩惱，讓我們不被任何表相所阻礙，並以無住生心的力量，不斷提昇自己的生命層次，成就自利利他的菩薩道。\n\n瞬息萬變的現代社會，如何心不隨境轉？如何止息煩惱過得安適自在？凡所有相，皆是虛幻，經云：「一切有為法，如夢幻泡影，如露亦如電，應作如是觀」。 《金剛經》教我們用平常心，面對生活中的順逆境及生命的無常，在紛亂的紅塵中解套，自在無礙，做自己生命的主人。\n「法鼓講堂」每周三晚間7：00~9：00\n網路直播：http://www.dharmaschool.com/ddm_max/liveclass/liveclassroom.php\n\n《金剛經》略解-第一講-1/4 \nhttp://www.youtube.com/watch?v=MCJGmGWUkts&list=SP2DE2CC7B07E9D1E0&index=1\n《金剛經》略解-第一講-2/4 \nhttp://www.youtube.com/watch?v=BPRUVjgqBQA&list=SP2DE2CC7B07E9D1E0\n《金剛經》略解-第一講-3/4 \nhttp://www.youtube.com/watch?v=Fn8bbBXrIz0&list=SP2DE2CC7B07E9D1E0\n《金剛經》略解-第一講-4/4 \nhttp://www.youtube.com/watch?v=OW0wQsinO6U&list=SP2DE2CC7B07E9D1E0\n《金剛經》略解-第二講-1/5 \nhttp://www.youtube.com/watch?v=7DM4fXaSwaw&list=SP4B8D5869FB4CDFAE&index=1\n《金剛經》略解-第二講-2/5 \nhttp://www.youtube.com/watch?v=Ie660dvUx_Q&list=SP4B8D5869FB4CDFAE\n《金剛經》略解-第二講-3/5 \nhttp://www.youtube.com/watch?v=9JQFN1Ww2q0&list=SP4B8D5869FB4CDFAE\n《金剛經》略解-第二講-4/5 \nhttp://www.youtube.com/watch?v=Je_JIzxyrPg&list=SP4B8D5869FB4CDFAE\n《金剛經》略解-第二講-5/5 \nhttp://www.youtube.com/watch?v=qGkXKoINrTo&list=SP4B8D5869FB4CDFAE\n《金剛經》略解-第三講-1/5 \nhttp://www.youtube.com/watch?v=O9f0nRpPdWc&list=SP1904C43CB15388F0&index=1\n《金剛經》略解-第三講-2/5 \nhttp://www.youtube.com/watch?v=JAGCBJcq_lE&list=SP1904C43CB15388F0\n《金剛經》略解-第三講-3/5 \nhttp://www.youtube.com/watch?v=9VEZ0s23yg0&list=SP1904C43CB15388F0\n《金剛經》略解-第三講-4/5 \nhttp://www.youtube.com/watch?v=UgiOqDEUUZM&list=SP1904C43CB15388F0\n《金剛經》略解-第三講-5/5 \nhttp://www.youtube.com/watch?v=6oNEqE8Al44&list=SP1904C43CB15388F0\n\n《金剛經》略解-第四講-1/4 \nhttp://www.youtube.com/watch?v=AzpNGoCwUB4&list=SPB83A44A17D379511&index=1\n《金剛經》略解-第四講-2/4 \nhttp://www.youtube.com/watch?v=g2j1cY9AXVs&list=SPB83A44A17D379511\n《金剛經》略解-第四講-3/4 \nhttp://www.youtube.com/watch?v=aP0dACPa_2Q&list=SPB83A44A17D379511\n《金剛經》略解-第四講-4/4 \nhttp://www.youtube.com/watch?v=IvWb3vSluy4&list=SPB83A44A17D379511');
INSERT INTO videos(vid, pid, title, description) VALUES('IvWb3vSluy4', 'PLDuDoO_3m4cYdjXJalBZuk2x5ZlXK-SoI', '《金剛經》略解-第四講-4/4', '中國禪宗六祖慧能大師聽了《金剛經》中一句：「應無所住而生其心」，就言下大悟，《金剛經》從此成為中國人最嚮往的一部經典。《金剛經》是般若系列經典之一，在三藏經典中有著崇高的地位，饒富深理又不離日常生活中最基本的修行態度，故自古以來流通極廣。經中介紹的般若空慧，其強大的力量就像金剛一樣，能摧破煩惱，讓我們不被任何表相所阻礙，並以無住生心的力量，不斷提昇自己的生命層次，成就自利利他的菩薩道。\n\n瞬息萬變的現代社會，如何心不隨境轉？如何止息煩惱過得安適自在？凡所有相，皆是虛幻，經云：「一切有為法，如夢幻泡影，如露亦如電，應作如是觀」。 《金剛經》教我們用平常心，面對生活中的順逆境及生命的無常，在紛亂的紅塵中解套，自在無礙，做自己生命的主人。\n\n「法鼓講堂」每周三晚間7：00~9：00\n網路直播：http://www.dharmaschool.com/ddm_max/liveclass/liveclassroom.php\n\n《金剛經》略解-第一講-1/4 \nhttp://www.youtube.com/watch?v=MCJGmGWUkts&list=SP2DE2CC7B07E9D1E0&index=1\n《金剛經》略解-第一講-2/4 \nhttp://www.youtube.com/watch?v=BPRUVjgqBQA&list=SP2DE2CC7B07E9D1E0\n《金剛經》略解-第一講-3/4 \nhttp://www.youtube.com/watch?v=Fn8bbBXrIz0&list=SP2DE2CC7B07E9D1E0\n《金剛經》略解-第一講-4/4 \nhttp://www.youtube.com/watch?v=OW0wQsinO6U&list=SP2DE2CC7B07E9D1E0\n《金剛經》略解-第二講-1/5 \nhttp://www.youtube.com/watch?v=7DM4fXaSwaw&list=SP4B8D5869FB4CDFAE&index=1\n《金剛經》略解-第二講-2/5 \nhttp://www.youtube.com/watch?v=Ie660dvUx_Q&list=SP4B8D5869FB4CDFAE\n《金剛經》略解-第二講-3/5 \nhttp://www.youtube.com/watch?v=9JQFN1Ww2q0&list=SP4B8D5869FB4CDFAE\n《金剛經》略解-第二講-4/5 \nhttp://www.youtube.com/watch?v=Je_JIzxyrPg&list=SP4B8D5869FB4CDFAE\n《金剛經》略解-第二講-5/5 \nhttp://www.youtube.com/watch?v=qGkXKoINrTo&list=SP4B8D5869FB4CDFAE\n《金剛經》略解-第三講-1/5 \nhttp://www.youtube.com/watch?v=O9f0nRpPdWc&list=SP1904C43CB15388F0&index=1\n《金剛經》略解-第三講-2/5 \nhttp://www.youtube.com/watch?v=JAGCBJcq_lE&list=SP1904C43CB15388F0\n《金剛經》略解-第三講-3/5 \nhttp://www.youtube.com/watch?v=9VEZ0s23yg0&list=SP1904C43CB15388F0\n《金剛經》略解-第三講-4/5 \nhttp://www.youtube.com/watch?v=UgiOqDEUUZM&list=SP1904C43CB15388F0\n《金剛經》略解-第三講-5/5 \nhttp://www.youtube.com/watch?v=6oNEqE8Al44&list=SP1904C43CB15388F0\n\n《金剛經》略解-第四講-1/4 \nhttp://www.youtube.com/watch?v=AzpNGoCwUB4&list=SPB83A44A17D379511&index=1\n《金剛經》略解-第四講-2/4 \nhttp://www.youtube.com/watch?v=g2j1cY9AXVs&list=SPB83A44A17D379511\n《金剛經》略解-第四講-3/4 \nhttp://www.youtube.com/watch?v=aP0dACPa_2Q&list=SPB83A44A17D379511\n《金剛經》略解-第四講-4/4 \nhttp://www.youtube.com/watch?v=IvWb3vSluy4&list=SPB83A44A17D379511');
INSERT INTO playlist(pid, cid, title, description) VALUES('PLDuDoO_3m4caKVT6CWQxfTtWfzAcMi-P9','UCMvjjfm8AFBLQvQC9gItWEw', '《普賢菩薩行願讚》的修行法要', '');
INSERT INTO videos(vid, pid, title, description) VALUES('eplQk8WuKLM', 'PLDuDoO_3m4caKVT6CWQxfTtWfzAcMi-P9', '《普賢菩薩行願讚》的修行法要-第一堂-1/4', '佛教徒每日早晚課誦的「八十八佛大懺悔文」，其中懺悔文的主要部份，就是出於《普賢行願讚》，可見得此讚的重要性。《普賢行願讚》也是《華嚴經》的心要，介紹普賢菩薩的修行法門，讚歎普賢菩薩的「十大願」，是諸願之中為最尊貴、最殊勝的，所以被稱為「普賢願王」。普賢不但發了十個大願，發願之後，又按自己的發心去修行，所以稱之為普賢「行願」。行和願如鳥的雙翼、車的兩輪，缺一不可。因此，普賢菩薩的行與願，正是讓我們應該努力學習的。\n\n「法鼓講堂」每周三晚間7：00~9：00\n網路直播：http://www.dharmaschool.com/ddm_max/liveclass/liveclassroom.php\n\n《普賢菩薩行願讚》的修行法要-第一堂-1/4 \nhttp://www.youtube.com/watch?v=eplQk8WuKLM&list=SPBA37938A4334DE0D&index=1\n《普賢菩薩行願讚》的修行法要-第一堂-2/4 \nhttp://www.youtube.com/watch?v=m-yarDUafME\n《普賢菩薩行願讚》的修行法要-第一堂-3/4 \nhttp://www.youtube.com/watch?v=S8sPNE2yd9A\n《普賢菩薩行願讚》的修行法要-第一堂-4/4 \nhttp://www.youtube.com/watch?v=DVgECxlb8-Y\n\n《普賢菩薩行願讚》的修行法要-第二堂-1/4 \nhttp://www.youtube.com/watch?v=yNOXcFwNwDk&list=SPA7D228C1CFF73DE7&index=1\n《普賢菩薩行願讚》的修行法要-第二堂-2/4 \nhttp://www.youtube.com/watch?v=9i9cAlZ-zjM&list=SPA7D228C1CFF73DE7\n《普賢菩薩行願讚》的修行法要-第二堂-3/4 \nhttp://www.youtube.com/watch?v=q2ll4qrzH1k&list=SPA7D228C1CFF73DE7&index=3\n《普賢菩薩行願讚》的修行法要-第二堂-4/4 \nhttp://www.youtube.com/watch?v=SAyVH__-6Mc&list=SPA7D228C1CFF73DE7\n《普賢菩薩行願讚》的修行法要-第三堂-1/4 \nhttp://www.youtube.com/watch?v=kw5QmJ314Mc&list=SPBB54B2F3895ADB29&index=1\n《普賢菩薩行願讚》的修行法要-第三堂-2/4 \nhttp://www.youtube.com/watch?v=K8u919wrAVo&list=SPBB54B2F3895ADB29&index=2\n《普賢菩薩行願讚》的修行法要-第三堂-3/4 \nhttp://www.youtube.com/watch?v=Blpzqr0NVPI\n《普賢菩薩行願讚》的修行法要-第三堂-4/4 \nhttp://www.youtube.com/watch?v=QdWej64BqRY\n\n《普賢菩薩行願讚》的修行法要-第四堂-1/4 \nhttp://www.youtube.com/watch?v=pZCcSMccjl0&list=SPE24484F0ABA14BE2&index=1\n《普賢菩薩行願讚》的修行法要-第四堂-2/4 \nhttp://www.youtube.com/watch?v=mY20cbNeLSs&list=SPE24484F0ABA14BE2\n《普賢菩薩行願讚》的修行法要-第四堂-3/4 \nhttp://www.youtube.com/watch?v=5CN-7QfpGys\n《普賢菩薩行願讚》的修行法要-第四堂-4/4 \nhttp://www.youtube.com/watch?v=QzycRi_BtZQ\n\n我們只要依普賢行願發心，用實際行動去實踐大願，就能功德圓滿，成就佛道！\n\n本課程是法鼓講堂「《普賢菩薩行願讚》的修行法要」的第一堂課，邀請您與普賢菩薩一起發願、行願。');
INSERT INTO videos(vid, pid, title, description) VALUES('m-yarDUafME', 'PLDuDoO_3m4caKVT6CWQxfTtWfzAcMi-P9', '《普賢菩薩行願讚》的修行法要-第一堂-2/4', '佛教徒每日早晚課誦的「八十八佛大懺悔文」，其中懺悔文的主要部份，就是出於《普賢行願讚》，可見得此讚的重要性。《普賢行願讚》也是《華嚴經》的心要，介紹普賢菩薩的修行法門，讚歎普賢菩薩的「十大願」，是諸願之中為最尊貴、最殊勝的，所以被稱為「普賢願王」。普賢不但發了十個大願，發願之後，又按自己的發心去修行，所以稱之為普賢「行願」。行和願如鳥的雙翼、車的兩輪，缺一不可。因此，普賢菩薩的行與願，正是讓我們應該努力學習的。我們只要依普賢行願發心，用實際行動去實踐大願，就能功德圓滿，成就佛道！\n\n本課程是法鼓講堂「《普賢菩薩行願讚》的修行法要」的第一堂課，邀請您與普賢菩薩一起發願、行願。\n\n「法鼓講堂」每周三晚間7：00~9：00\n網路直播：http://www.dharmaschool.com/ddm_max/liveclass/liveclassroom.php\n\n《普賢菩薩行願讚》的修行法要-第一堂-1/4 \nhttp://www.youtube.com/watch?v=eplQk8WuKLM&list=SPBA37938A4334DE0D&index=1\n《普賢菩薩行願讚》的修行法要-第一堂-2/4 \nhttp://www.youtube.com/watch?v=m-yarDUafME\n《普賢菩薩行願讚》的修行法要-第一堂-3/4 \nhttp://www.youtube.com/watch?v=S8sPNE2yd9A\n《普賢菩薩行願讚》的修行法要-第一堂-4/4 \nhttp://www.youtube.com/watch?v=DVgECxlb8-Y\n\n《普賢菩薩行願讚》的修行法要-第二堂-1/4 \nhttp://www.youtube.com/watch?v=yNOXcFwNwDk&list=SPA7D228C1CFF73DE7&index=1\n《普賢菩薩行願讚》的修行法要-第二堂-2/4 \nhttp://www.youtube.com/watch?v=9i9cAlZ-zjM&list=SPA7D228C1CFF73DE7\n《普賢菩薩行願讚》的修行法要-第二堂-3/4 \nhttp://www.youtube.com/watch?v=q2ll4qrzH1k&list=SPA7D228C1CFF73DE7&index=3\n《普賢菩薩行願讚》的修行法要-第二堂-4/4 \nhttp://www.youtube.com/watch?v=SAyVH__-6Mc&list=SPA7D228C1CFF73DE7\n《普賢菩薩行願讚》的修行法要-第三堂-1/4 \nhttp://www.youtube.com/watch?v=kw5QmJ314Mc&list=SPBB54B2F3895ADB29&index=1\n《普賢菩薩行願讚》的修行法要-第三堂-2/4 \nhttp://www.youtube.com/watch?v=K8u919wrAVo&list=SPBB54B2F3895ADB29&index=2\n《普賢菩薩行願讚》的修行法要-第三堂-3/4 \nhttp://www.youtube.com/watch?v=Blpzqr0NVPI\n《普賢菩薩行願讚》的修行法要-第三堂-4/4 \nhttp://www.youtube.com/watch?v=QdWej64BqRY\n\n《普賢菩薩行願讚》的修行法要-第四堂-1/4 \nhttp://www.youtube.com/watch?v=pZCcSMccjl0&list=SPE24484F0ABA14BE2&index=1\n《普賢菩薩行願讚》的修行法要-第四堂-2/4 \nhttp://www.youtube.com/watch?v=mY20cbNeLSs&list=SPE24484F0ABA14BE2\n《普賢菩薩行願讚》的修行法要-第四堂-3/4 \nhttp://www.youtube.com/watch?v=5CN-7QfpGys\n《普賢菩薩行願讚》的修行法要-第四堂-4/4 \nhttp://www.youtube.com/watch?v=QzycRi_BtZQ');
INSERT INTO videos(vid, pid, title, description) VALUES('S8sPNE2yd9A', 'PLDuDoO_3m4caKVT6CWQxfTtWfzAcMi-P9', '《普賢菩薩行願讚》的修行法要-第一堂-3/4', '佛教徒每日早晚課誦的「八十八佛大懺悔文」，其中懺悔文的主要部份，就是出於《普賢行願讚》，可見得此讚的重要性。《普賢行願讚》也是《華嚴經》的心要，介紹普賢菩薩的修行法門，讚歎普賢菩薩的「十大願」，是諸願之中為最尊貴、最殊勝的，所以被稱為「普賢願王」。普賢不但發了十個大願，發願之後，又按自己的發心去修行，所以稱之為普賢「行願」。行和願如鳥的雙翼、車的兩輪，缺一不可。因此，普賢菩薩的行與願，正是讓我們應該努力學習的。我們只要依普賢行願發心，用實際行動去實踐大願，就能功德圓滿，成就佛道！\n\n本課程是法鼓講堂「《普賢菩薩行願讚》的修行法要」的第一堂課，邀請您與普賢菩薩一起發願、行願。\n\n「法鼓講堂」每周三晚間7：00~9：00\n網路直播：http://www.dharmaschool.com/ddm_max/liveclass/liveclassroom.php\n\n《普賢菩薩行願讚》的修行法要-第一堂-1/4 \nhttp://www.youtube.com/watch?v=eplQk8WuKLM&list=SPBA37938A4334DE0D&index=1\n《普賢菩薩行願讚》的修行法要-第一堂-2/4 \nhttp://www.youtube.com/watch?v=m-yarDUafME\n《普賢菩薩行願讚》的修行法要-第一堂-3/4 \nhttp://www.youtube.com/watch?v=S8sPNE2yd9A\n《普賢菩薩行願讚》的修行法要-第一堂-4/4 \nhttp://www.youtube.com/watch?v=DVgECxlb8-Y\n\n《普賢菩薩行願讚》的修行法要-第二堂-1/4 \nhttp://www.youtube.com/watch?v=yNOXcFwNwDk&list=SPA7D228C1CFF73DE7&index=1\n《普賢菩薩行願讚》的修行法要-第二堂-2/4 \nhttp://www.youtube.com/watch?v=9i9cAlZ-zjM&list=SPA7D228C1CFF73DE7\n《普賢菩薩行願讚》的修行法要-第二堂-3/4 \nhttp://www.youtube.com/watch?v=q2ll4qrzH1k&list=SPA7D228C1CFF73DE7&index=3\n《普賢菩薩行願讚》的修行法要-第二堂-4/4 \nhttp://www.youtube.com/watch?v=SAyVH__-6Mc&list=SPA7D228C1CFF73DE7\n《普賢菩薩行願讚》的修行法要-第三堂-1/4 \nhttp://www.youtube.com/watch?v=kw5QmJ314Mc&list=SPBB54B2F3895ADB29&index=1\n《普賢菩薩行願讚》的修行法要-第三堂-2/4 \nhttp://www.youtube.com/watch?v=K8u919wrAVo&list=SPBB54B2F3895ADB29&index=2\n《普賢菩薩行願讚》的修行法要-第三堂-3/4 \nhttp://www.youtube.com/watch?v=Blpzqr0NVPI\n《普賢菩薩行願讚》的修行法要-第三堂-4/4 \nhttp://www.youtube.com/watch?v=QdWej64BqRY\n\n《普賢菩薩行願讚》的修行法要-第四堂-1/4 \nhttp://www.youtube.com/watch?v=pZCcSMccjl0&list=SPE24484F0ABA14BE2&index=1\n《普賢菩薩行願讚》的修行法要-第四堂-2/4 \nhttp://www.youtube.com/watch?v=mY20cbNeLSs&list=SPE24484F0ABA14BE2\n《普賢菩薩行願讚》的修行法要-第四堂-3/4 \nhttp://www.youtube.com/watch?v=5CN-7QfpGys\n《普賢菩薩行願讚》的修行法要-第四堂-4/4 \nhttp://www.youtube.com/watch?v=QzycRi_BtZQ');
INSERT INTO videos(vid, pid, title, description) VALUES('DVgECxlb8-Y', 'PLDuDoO_3m4caKVT6CWQxfTtWfzAcMi-P9', '《普賢菩薩行願讚》的修行法要-第一堂-4/4', '佛教徒每日早晚課誦的「八十八佛大懺悔文」，其中懺悔文的主要部份，就是出於《普賢行願讚》，可見得此讚的重要性。《普賢行願讚》也是《華嚴經》的心要，介紹普賢菩薩的修行法門，讚歎普賢菩薩的「十大願」，是諸願之中為最尊貴、最殊勝的，所以被稱為「普賢願王」。普賢不但發了十個大願，發願之後，又按自己的發心去修行，所以稱之為普賢「行願」。行和願如鳥的雙翼、車的兩輪，缺一不可。因此，普賢菩薩的行與願，正是讓我們應該努力學習的。我們只要依普賢行願發心，用實際行動去實踐大願，就能功德圓滿，成就佛道！\n\n本課程是法鼓講堂「《普賢菩薩行願讚》的修行法要」的第一堂課，邀請您與普賢菩薩一起發願、行願。\n\n「法鼓講堂」每周三晚間7：00~9：00\n網路直播：http://www.dharmaschool.com/ddm_max/liveclass/liveclassroom.php\n\n《普賢菩薩行願讚》的修行法要-第一堂-1/4 \nhttp://www.youtube.com/watch?v=eplQk8WuKLM&list=SPBA37938A4334DE0D&index=1\n《普賢菩薩行願讚》的修行法要-第一堂-2/4 \nhttp://www.youtube.com/watch?v=m-yarDUafME\n《普賢菩薩行願讚》的修行法要-第一堂-3/4 \nhttp://www.youtube.com/watch?v=S8sPNE2yd9A\n《普賢菩薩行願讚》的修行法要-第一堂-4/4 \nhttp://www.youtube.com/watch?v=DVgECxlb8-Y\n\n《普賢菩薩行願讚》的修行法要-第二堂-1/4 \nhttp://www.youtube.com/watch?v=yNOXcFwNwDk&list=SPA7D228C1CFF73DE7&index=1\n《普賢菩薩行願讚》的修行法要-第二堂-2/4 \nhttp://www.youtube.com/watch?v=9i9cAlZ-zjM&list=SPA7D228C1CFF73DE7\n《普賢菩薩行願讚》的修行法要-第二堂-3/4 \nhttp://www.youtube.com/watch?v=q2ll4qrzH1k&list=SPA7D228C1CFF73DE7&index=3\n《普賢菩薩行願讚》的修行法要-第二堂-4/4 \nhttp://www.youtube.com/watch?v=SAyVH__-6Mc&list=SPA7D228C1CFF73DE7\n《普賢菩薩行願讚》的修行法要-第三堂-1/4 \nhttp://www.youtube.com/watch?v=kw5QmJ314Mc&list=SPBB54B2F3895ADB29&index=1\n《普賢菩薩行願讚》的修行法要-第三堂-2/4 \nhttp://www.youtube.com/watch?v=K8u919wrAVo&list=SPBB54B2F3895ADB29&index=2\n《普賢菩薩行願讚》的修行法要-第三堂-3/4 \nhttp://www.youtube.com/watch?v=Blpzqr0NVPI\n《普賢菩薩行願讚》的修行法要-第三堂-4/4 \nhttp://www.youtube.com/watch?v=QdWej64BqRY\n\n《普賢菩薩行願讚》的修行法要-第四堂-1/4 \nhttp://www.youtube.com/watch?v=pZCcSMccjl0&list=SPE24484F0ABA14BE2&index=1\n《普賢菩薩行願讚》的修行法要-第四堂-2/4 \nhttp://www.youtube.com/watch?v=mY20cbNeLSs&list=SPE24484F0ABA14BE2\n《普賢菩薩行願讚》的修行法要-第四堂-3/4 \nhttp://www.youtube.com/watch?v=5CN-7QfpGys\n《普賢菩薩行願讚》的修行法要-第四堂-4/4 \nhttp://www.youtube.com/watch?v=QzycRi_BtZQ');
INSERT INTO videos(vid, pid, title, description) VALUES('yNOXcFwNwDk', 'PLDuDoO_3m4caKVT6CWQxfTtWfzAcMi-P9', '《普賢菩薩行願讚》的修行法要-第二堂-1/4', '「金剛非堅，願力最堅。」「虛空有盡，我願無窮。」聖嚴法師的這句話便是最佳的註釋。\n「願」為什麼會這麼重要？因為「願力」是成佛的根本，也是成就一切事物的力量。而普賢行願是無盡行願，能在一切生中相續不斷地對我們自己產生作用。不受時間、空間的影響，願的力量能攝持著我們的心，向著成佛之道邁進。本課程是法鼓講堂「《普賢菩薩行願讚》的修行法要」的第二堂課，邀請您與普賢菩薩一起發願、行願。\n\n「法鼓講堂」每周三晚間7：00~9：00\n網路直播：http://www.dharmaschool.com/ddm_max/liveclass/liveclassroom.php\n\n《普賢菩薩行願讚》的修行法要-第一堂-1/4 \nhttp://www.youtube.com/watch?v=eplQk8WuKLM&list=SPBA37938A4334DE0D&index=1\n《普賢菩薩行願讚》的修行法要-第一堂-2/4 \nhttp://www.youtube.com/watch?v=m-yarDUafME\n《普賢菩薩行願讚》的修行法要-第一堂-3/4 \nhttp://www.youtube.com/watch?v=S8sPNE2yd9A\n《普賢菩薩行願讚》的修行法要-第一堂-4/4 \nhttp://www.youtube.com/watch?v=DVgECxlb8-Y\n\n《普賢菩薩行願讚》的修行法要-第二堂-1/4 \nhttp://www.youtube.com/watch?v=yNOXcFwNwDk&list=SPA7D228C1CFF73DE7&index=1\n《普賢菩薩行願讚》的修行法要-第二堂-2/4 \nhttp://www.youtube.com/watch?v=9i9cAlZ-zjM&list=SPA7D228C1CFF73DE7\n《普賢菩薩行願讚》的修行法要-第二堂-3/4 \nhttp://www.youtube.com/watch?v=q2ll4qrzH1k&list=SPA7D228C1CFF73DE7&index=3\n《普賢菩薩行願讚》的修行法要-第二堂-4/4 \nhttp://www.youtube.com/watch?v=SAyVH__-6Mc&list=SPA7D228C1CFF73DE7\n《普賢菩薩行願讚》的修行法要-第三堂-1/4 \nhttp://www.youtube.com/watch?v=kw5QmJ314Mc&list=SPBB54B2F3895ADB29&index=1\n《普賢菩薩行願讚》的修行法要-第三堂-2/4 \nhttp://www.youtube.com/watch?v=K8u919wrAVo&list=SPBB54B2F3895ADB29&index=2\n《普賢菩薩行願讚》的修行法要-第三堂-3/4 \nhttp://www.youtube.com/watch?v=Blpzqr0NVPI\n《普賢菩薩行願讚》的修行法要-第三堂-4/4 \nhttp://www.youtube.com/watch?v=QdWej64BqRY\n\n《普賢菩薩行願讚》的修行法要-第四堂-1/4 \nhttp://www.youtube.com/watch?v=pZCcSMccjl0&list=SPE24484F0ABA14BE2&index=1\n《普賢菩薩行願讚》的修行法要-第四堂-2/4 \nhttp://www.youtube.com/watch?v=mY20cbNeLSs&list=SPE24484F0ABA14BE2\n《普賢菩薩行願讚》的修行法要-第四堂-3/4 \nhttp://www.youtube.com/watch?v=5CN-7QfpGys\n《普賢菩薩行願讚》的修行法要-第四堂-4/4 \nhttp://www.youtube.com/watch?v=QzycRi_BtZQ');
INSERT INTO videos(vid, pid, title, description) VALUES('9i9cAlZ-zjM', 'PLDuDoO_3m4caKVT6CWQxfTtWfzAcMi-P9', '《普賢菩薩行願讚》的修行法要-第二堂-2/4', '「金剛非堅，願力最堅。」「虛空有盡，我願無窮。」聖嚴法師的這句話便是最佳的註釋。\n「願」為什麼會這麼重要？因為「願力」是成佛的根本，也是成就一切事物的力量。而普賢行願是無盡行願，能在一切生中相續不斷地對我們自己產生作用。不受時間、空間的影響，願的力量能攝持著我們的心，向著成佛之道邁進。本課程是法鼓講堂「《普賢菩薩行願讚》的修行法要」的第二堂課，邀請您與普賢菩薩一起發願、行願。\n\n「法鼓講堂」每周三晚間7：00~9：00\n網路直播：http://www.dharmaschool.com/ddm_max/liveclass/liveclassroom.php\n\n《普賢菩薩行願讚》的修行法要-第一堂-1/4 \nhttp://www.youtube.com/watch?v=eplQk8WuKLM&list=SPBA37938A4334DE0D&index=1\n《普賢菩薩行願讚》的修行法要-第一堂-2/4 \nhttp://www.youtube.com/watch?v=m-yarDUafME\n《普賢菩薩行願讚》的修行法要-第一堂-3/4 \nhttp://www.youtube.com/watch?v=S8sPNE2yd9A\n《普賢菩薩行願讚》的修行法要-第一堂-4/4 \nhttp://www.youtube.com/watch?v=DVgECxlb8-Y\n\n《普賢菩薩行願讚》的修行法要-第二堂-1/4 \nhttp://www.youtube.com/watch?v=yNOXcFwNwDk&list=SPA7D228C1CFF73DE7&index=1\n《普賢菩薩行願讚》的修行法要-第二堂-2/4 \nhttp://www.youtube.com/watch?v=9i9cAlZ-zjM&list=SPA7D228C1CFF73DE7\n《普賢菩薩行願讚》的修行法要-第二堂-3/4 \nhttp://www.youtube.com/watch?v=q2ll4qrzH1k&list=SPA7D228C1CFF73DE7&index=3\n《普賢菩薩行願讚》的修行法要-第二堂-4/4 \nhttp://www.youtube.com/watch?v=SAyVH__-6Mc&list=SPA7D228C1CFF73DE7\n《普賢菩薩行願讚》的修行法要-第三堂-1/4 \nhttp://www.youtube.com/watch?v=kw5QmJ314Mc&list=SPBB54B2F3895ADB29&index=1\n《普賢菩薩行願讚》的修行法要-第三堂-2/4 \nhttp://www.youtube.com/watch?v=K8u919wrAVo&list=SPBB54B2F3895ADB29&index=2\n《普賢菩薩行願讚》的修行法要-第三堂-3/4 \nhttp://www.youtube.com/watch?v=Blpzqr0NVPI\n《普賢菩薩行願讚》的修行法要-第三堂-4/4 \nhttp://www.youtube.com/watch?v=QdWej64BqRY\n\n《普賢菩薩行願讚》的修行法要-第四堂-1/4 \nhttp://www.youtube.com/watch?v=pZCcSMccjl0&list=SPE24484F0ABA14BE2&index=1\n《普賢菩薩行願讚》的修行法要-第四堂-2/4 \nhttp://www.youtube.com/watch?v=mY20cbNeLSs&list=SPE24484F0ABA14BE2\n《普賢菩薩行願讚》的修行法要-第四堂-3/4 \nhttp://www.youtube.com/watch?v=5CN-7QfpGys\n《普賢菩薩行願讚》的修行法要-第四堂-4/4 \nhttp://www.youtube.com/watch?v=QzycRi_BtZQ');
INSERT INTO videos(vid, pid, title, description) VALUES('q2ll4qrzH1k', 'PLDuDoO_3m4caKVT6CWQxfTtWfzAcMi-P9', '《普賢菩薩行願讚》的修行法要-第二堂-3/4', '「金剛非堅，願力最堅。」「虛空有盡，我願無窮。」聖嚴法師的這句話便是最佳的註釋。\n「願」為什麼會這麼重要？因為「願力」是成佛的根本，也是成就一切事物的力量。而普賢行願是無盡行願，能在一切生中相續不斷地對我們自己產生作用。不受時間、空間的影響，願的力量能攝持著我們的心，向著成佛之道邁進。本課程是法鼓講堂「《普賢菩薩行願讚》的修行法要」的第二堂課，邀請您與普賢菩薩一起發願、行願。\n\n「法鼓講堂」每周三晚間7：00~9：00\n網路直播：http://www.dharmaschool.com/ddm_max/liveclass/liveclassroom.php\n\n《普賢菩薩行願讚》的修行法要-第一堂-1/4 \nhttp://www.youtube.com/watch?v=eplQk8WuKLM&list=SPBA37938A4334DE0D&index=1\n《普賢菩薩行願讚》的修行法要-第一堂-2/4 \nhttp://www.youtube.com/watch?v=m-yarDUafME\n《普賢菩薩行願讚》的修行法要-第一堂-3/4 \nhttp://www.youtube.com/watch?v=S8sPNE2yd9A\n《普賢菩薩行願讚》的修行法要-第一堂-4/4 \nhttp://www.youtube.com/watch?v=DVgECxlb8-Y\n\n《普賢菩薩行願讚》的修行法要-第二堂-1/4 \nhttp://www.youtube.com/watch?v=yNOXcFwNwDk&list=SPA7D228C1CFF73DE7&index=1\n《普賢菩薩行願讚》的修行法要-第二堂-2/4 \nhttp://www.youtube.com/watch?v=9i9cAlZ-zjM&list=SPA7D228C1CFF73DE7\n《普賢菩薩行願讚》的修行法要-第二堂-3/4 \nhttp://www.youtube.com/watch?v=q2ll4qrzH1k&list=SPA7D228C1CFF73DE7&index=3\n《普賢菩薩行願讚》的修行法要-第二堂-4/4 \nhttp://www.youtube.com/watch?v=SAyVH__-6Mc&list=SPA7D228C1CFF73DE7\n《普賢菩薩行願讚》的修行法要-第三堂-1/4 \nhttp://www.youtube.com/watch?v=kw5QmJ314Mc&list=SPBB54B2F3895ADB29&index=1\n《普賢菩薩行願讚》的修行法要-第三堂-2/4 \nhttp://www.youtube.com/watch?v=K8u919wrAVo&list=SPBB54B2F3895ADB29&index=2\n《普賢菩薩行願讚》的修行法要-第三堂-3/4 \nhttp://www.youtube.com/watch?v=Blpzqr0NVPI\n《普賢菩薩行願讚》的修行法要-第三堂-4/4 \nhttp://www.youtube.com/watch?v=QdWej64BqRY\n\n《普賢菩薩行願讚》的修行法要-第四堂-1/4 \nhttp://www.youtube.com/watch?v=pZCcSMccjl0&list=SPE24484F0ABA14BE2&index=1\n《普賢菩薩行願讚》的修行法要-第四堂-2/4 \nhttp://www.youtube.com/watch?v=mY20cbNeLSs&list=SPE24484F0ABA14BE2\n《普賢菩薩行願讚》的修行法要-第四堂-3/4 \nhttp://www.youtube.com/watch?v=5CN-7QfpGys\n《普賢菩薩行願讚》的修行法要-第四堂-4/4 \nhttp://www.youtube.com/watch?v=QzycRi_BtZQ');
INSERT INTO videos(vid, pid, title, description) VALUES('SAyVH__-6Mc', 'PLDuDoO_3m4caKVT6CWQxfTtWfzAcMi-P9', '《普賢菩薩行願讚》的修行法要-第二堂-4/4', '「金剛非堅，願力最堅。」「虛空有盡，我願無窮。」聖嚴法師的這句話便是最佳的註釋。\n「願」為什麼會這麼重要？因為「願力」是成佛的根本，也是成就一切事物的力量。而普賢行願是無盡行願，能在一切生中相續不斷地對我們自己產生作用。不受時間、空間的影響，願的力量能攝持著我們的心，向著成佛之道邁進。本課程是法鼓講堂「《普賢菩薩行願讚》的修行法要」的第二堂課，邀請您與普賢菩薩一起發願、行願。\n\n「法鼓講堂」每周三晚間7：00~9：00\n網路直播：http://www.dharmaschool.com/ddm_max/liveclass/liveclassroom.php\n\n《普賢菩薩行願讚》的修行法要-第一堂-1/4 \nhttp://www.youtube.com/watch?v=eplQk8WuKLM&list=SPBA37938A4334DE0D&index=1\n《普賢菩薩行願讚》的修行法要-第一堂-2/4 \nhttp://www.youtube.com/watch?v=m-yarDUafME\n《普賢菩薩行願讚》的修行法要-第一堂-3/4 \nhttp://www.youtube.com/watch?v=S8sPNE2yd9A\n《普賢菩薩行願讚》的修行法要-第一堂-4/4 \nhttp://www.youtube.com/watch?v=DVgECxlb8-Y\n\n《普賢菩薩行願讚》的修行法要-第二堂-1/4 \nhttp://www.youtube.com/watch?v=yNOXcFwNwDk&list=SPA7D228C1CFF73DE7&index=1\n《普賢菩薩行願讚》的修行法要-第二堂-2/4 \nhttp://www.youtube.com/watch?v=9i9cAlZ-zjM&list=SPA7D228C1CFF73DE7\n《普賢菩薩行願讚》的修行法要-第二堂-3/4 \nhttp://www.youtube.com/watch?v=q2ll4qrzH1k&list=SPA7D228C1CFF73DE7&index=3\n《普賢菩薩行願讚》的修行法要-第二堂-4/4 \nhttp://www.youtube.com/watch?v=SAyVH__-6Mc&list=SPA7D228C1CFF73DE7\n《普賢菩薩行願讚》的修行法要-第三堂-1/4 \nhttp://www.youtube.com/watch?v=kw5QmJ314Mc&list=SPBB54B2F3895ADB29&index=1\n《普賢菩薩行願讚》的修行法要-第三堂-2/4 \nhttp://www.youtube.com/watch?v=K8u919wrAVo&list=SPBB54B2F3895ADB29&index=2\n《普賢菩薩行願讚》的修行法要-第三堂-3/4 \nhttp://www.youtube.com/watch?v=Blpzqr0NVPI\n《普賢菩薩行願讚》的修行法要-第三堂-4/4 \nhttp://www.youtube.com/watch?v=QdWej64BqRY\n\n《普賢菩薩行願讚》的修行法要-第四堂-1/4 \nhttp://www.youtube.com/watch?v=pZCcSMccjl0&list=SPE24484F0ABA14BE2&index=1\n《普賢菩薩行願讚》的修行法要-第四堂-2/4 \nhttp://www.youtube.com/watch?v=mY20cbNeLSs&list=SPE24484F0ABA14BE2\n《普賢菩薩行願讚》的修行法要-第四堂-3/4 \nhttp://www.youtube.com/watch?v=5CN-7QfpGys\n《普賢菩薩行願讚》的修行法要-第四堂-4/4 \nhttp://www.youtube.com/watch?v=QzycRi_BtZQ');
INSERT INTO videos(vid, pid, title, description) VALUES('kw5QmJ314Mc', 'PLDuDoO_3m4caKVT6CWQxfTtWfzAcMi-P9', '《普賢菩薩行願讚》的修行法要-第三堂-1/4', '《佛說譬喻經》裡的〈攀藤食蜜喻〉中，我們一出世便如故事中的旅人，旅行於人生的旅途上。既是旅途便有目的地，每一個人終將面臨人生的終點。問題是，我們要賦予自己這段人生的旅途甚麼樣的目的與意義？佛陀說：「人生(身)難得」既然已經在這條人生的路途上更當發願精進修行，遠離老虎的追趕，免除懸於藤上的不安，踏實於佛國淨土之中!!本課程是法鼓講堂「《普賢菩薩行願讚》的修行法要」的第三堂課。常持法師以這篇〈攀藤食蜜喻〉勉勵我們學習文殊菩薩的智慧，學習普賢菩薩發願修行，邀請您與普賢菩薩一起發願、行願。\n\n「法鼓講堂」每周三晚間7：00~9：00\n網路直播：http://www.dharmaschool.com/ddm_max/liveclass/liveclassroom.php\n\n《普賢菩薩行願讚》的修行法要-第一堂-1/4 \nhttp://www.youtube.com/watch?v=eplQk8WuKLM&list=SPBA37938A4334DE0D&index=1\n《普賢菩薩行願讚》的修行法要-第一堂-2/4 \nhttp://www.youtube.com/watch?v=m-yarDUafME\n《普賢菩薩行願讚》的修行法要-第一堂-3/4 \nhttp://www.youtube.com/watch?v=S8sPNE2yd9A\n《普賢菩薩行願讚》的修行法要-第一堂-4/4 \nhttp://www.youtube.com/watch?v=DVgECxlb8-Y\n\n《普賢菩薩行願讚》的修行法要-第二堂-1/4 \nhttp://www.youtube.com/watch?v=yNOXcFwNwDk&list=SPA7D228C1CFF73DE7&index=1\n《普賢菩薩行願讚》的修行法要-第二堂-2/4 \nhttp://www.youtube.com/watch?v=9i9cAlZ-zjM&list=SPA7D228C1CFF73DE7\n《普賢菩薩行願讚》的修行法要-第二堂-3/4 \nhttp://www.youtube.com/watch?v=q2ll4qrzH1k&list=SPA7D228C1CFF73DE7&index=3\n《普賢菩薩行願讚》的修行法要-第二堂-4/4 \nhttp://www.youtube.com/watch?v=SAyVH__-6Mc&list=SPA7D228C1CFF73DE7\n《普賢菩薩行願讚》的修行法要-第三堂-1/4 \nhttp://www.youtube.com/watch?v=kw5QmJ314Mc&list=SPBB54B2F3895ADB29&index=1\n《普賢菩薩行願讚》的修行法要-第三堂-2/4 \nhttp://www.youtube.com/watch?v=K8u919wrAVo&list=SPBB54B2F3895ADB29&index=2\n《普賢菩薩行願讚》的修行法要-第三堂-3/4 \nhttp://www.youtube.com/watch?v=Blpzqr0NVPI\n《普賢菩薩行願讚》的修行法要-第三堂-4/4 \nhttp://www.youtube.com/watch?v=QdWej64BqRY\n\n《普賢菩薩行願讚》的修行法要-第四堂-1/4 \nhttp://www.youtube.com/watch?v=pZCcSMccjl0&list=SPE24484F0ABA14BE2&index=1\n《普賢菩薩行願讚》的修行法要-第四堂-2/4 \nhttp://www.youtube.com/watch?v=mY20cbNeLSs&list=SPE24484F0ABA14BE2\n《普賢菩薩行願讚》的修行法要-第四堂-3/4 \nhttp://www.youtube.com/watch?v=5CN-7QfpGys\n《普賢菩薩行願讚》的修行法要-第四堂-4/4 \nhttp://www.youtube.com/watch?v=QzycRi_BtZQ');
INSERT INTO videos(vid, pid, title, description) VALUES('K8u919wrAVo', 'PLDuDoO_3m4caKVT6CWQxfTtWfzAcMi-P9', '《普賢菩薩行願讚》的修行法要-第三堂-2/4', '《佛說譬喻經》裡的〈攀藤食蜜喻〉中，我們一出世便如故事中的旅人，旅行於人生的旅途上。既是旅途便有目的地，每一個人終將面臨人生的終點。問題是，我們要賦予自己這段人生的旅途甚麼樣的目的與意義？佛陀說：「人生(身)難得」既然已經在這條人生的路途上更當發願精進修行，遠離老虎的追趕，免除懸於藤上的不安，踏實於佛國淨土之中!!本課程是法鼓講堂「《普賢菩薩行願讚》的修行法要」的第三堂課。常持法師以這篇〈攀藤食蜜喻〉勉勵我們學習文殊菩薩的智慧，學習普賢菩薩發願修行，邀請您與普賢菩薩一起發願、行願。\n\n「法鼓講堂」每周三晚間7：00~9：00\n網路直播：http://www.dharmaschool.com/ddm_max/liveclass/liveclassroom.php\n\n《普賢菩薩行願讚》的修行法要-第一堂-1/4 \nhttp://www.youtube.com/watch?v=eplQk8WuKLM&list=SPBA37938A4334DE0D&index=1\n《普賢菩薩行願讚》的修行法要-第一堂-2/4 \nhttp://www.youtube.com/watch?v=m-yarDUafME\n《普賢菩薩行願讚》的修行法要-第一堂-3/4 \nhttp://www.youtube.com/watch?v=S8sPNE2yd9A\n《普賢菩薩行願讚》的修行法要-第一堂-4/4 \nhttp://www.youtube.com/watch?v=DVgECxlb8-Y\n\n《普賢菩薩行願讚》的修行法要-第二堂-1/4 \nhttp://www.youtube.com/watch?v=yNOXcFwNwDk&list=SPA7D228C1CFF73DE7&index=1\n《普賢菩薩行願讚》的修行法要-第二堂-2/4 \nhttp://www.youtube.com/watch?v=9i9cAlZ-zjM&list=SPA7D228C1CFF73DE7\n《普賢菩薩行願讚》的修行法要-第二堂-3/4 \nhttp://www.youtube.com/watch?v=q2ll4qrzH1k&list=SPA7D228C1CFF73DE7&index=3\n《普賢菩薩行願讚》的修行法要-第二堂-4/4 \nhttp://www.youtube.com/watch?v=SAyVH__-6Mc&list=SPA7D228C1CFF73DE7\n《普賢菩薩行願讚》的修行法要-第三堂-1/4 \nhttp://www.youtube.com/watch?v=kw5QmJ314Mc&list=SPBB54B2F3895ADB29&index=1\n《普賢菩薩行願讚》的修行法要-第三堂-2/4 \nhttp://www.youtube.com/watch?v=K8u919wrAVo&list=SPBB54B2F3895ADB29&index=2\n《普賢菩薩行願讚》的修行法要-第三堂-3/4 \nhttp://www.youtube.com/watch?v=Blpzqr0NVPI\n《普賢菩薩行願讚》的修行法要-第三堂-4/4 \nhttp://www.youtube.com/watch?v=QdWej64BqRY\n\n《普賢菩薩行願讚》的修行法要-第四堂-1/4 \nhttp://www.youtube.com/watch?v=pZCcSMccjl0&list=SPE24484F0ABA14BE2&index=1\n《普賢菩薩行願讚》的修行法要-第四堂-2/4 \nhttp://www.youtube.com/watch?v=mY20cbNeLSs&list=SPE24484F0ABA14BE2\n《普賢菩薩行願讚》的修行法要-第四堂-3/4 \nhttp://www.youtube.com/watch?v=5CN-7QfpGys\n《普賢菩薩行願讚》的修行法要-第四堂-4/4 \nhttp://www.youtube.com/watch?v=QzycRi_BtZQ');
INSERT INTO videos(vid, pid, title, description) VALUES('Blpzqr0NVPI', 'PLDuDoO_3m4caKVT6CWQxfTtWfzAcMi-P9', '《普賢菩薩行願讚》的修行法要-第三堂-3/4', '《佛說譬喻經》裡的〈攀藤食蜜喻〉中，我們一出世便如故事中的旅人，旅行於人生的旅途上。既是旅途便有目的地，每一個人終將面臨人生的終點。問題是，我們要賦予自己這段人生的旅途甚麼樣的目的與意義？佛陀說：「人生(身)難得」既然已經在這條人生的路途上更當發願精進修行，遠離老虎的追趕，免除懸於藤上的不安，踏實於佛國淨土之中!!\n本課程是法鼓講堂「《普賢菩薩行願讚》的修行法要」的第三堂課。常持法師以這篇〈攀藤食蜜喻〉勉勵我們學習文殊菩薩的智慧，學習普賢菩薩發願修行，邀請您與普賢菩薩一起發願、行願。\n\n\n「法鼓講堂」每周三晚間7：00~9：00\n網路直播：http://www.dharmaschool.com/ddm_max/liveclass/liveclassroom.php\n\n《普賢菩薩行願讚》的修行法要-第一堂-1/4 \nhttp://www.youtube.com/watch?v=eplQk8WuKLM&list=SPBA37938A4334DE0D&index=1\n《普賢菩薩行願讚》的修行法要-第一堂-2/4 \nhttp://www.youtube.com/watch?v=m-yarDUafME\n《普賢菩薩行願讚》的修行法要-第一堂-3/4 \nhttp://www.youtube.com/watch?v=S8sPNE2yd9A\n《普賢菩薩行願讚》的修行法要-第一堂-4/4 \nhttp://www.youtube.com/watch?v=DVgECxlb8-Y\n\n《普賢菩薩行願讚》的修行法要-第二堂-1/4 \nhttp://www.youtube.com/watch?v=yNOXcFwNwDk&list=SPA7D228C1CFF73DE7&index=1\n《普賢菩薩行願讚》的修行法要-第二堂-2/4 \nhttp://www.youtube.com/watch?v=9i9cAlZ-zjM&list=SPA7D228C1CFF73DE7\n《普賢菩薩行願讚》的修行法要-第二堂-3/4 \nhttp://www.youtube.com/watch?v=q2ll4qrzH1k&list=SPA7D228C1CFF73DE7&index=3\n《普賢菩薩行願讚》的修行法要-第二堂-4/4 \nhttp://www.youtube.com/watch?v=SAyVH__-6Mc&list=SPA7D228C1CFF73DE7\n《普賢菩薩行願讚》的修行法要-第三堂-1/4 \nhttp://www.youtube.com/watch?v=kw5QmJ314Mc&list=SPBB54B2F3895ADB29&index=1\n《普賢菩薩行願讚》的修行法要-第三堂-2/4 \nhttp://www.youtube.com/watch?v=K8u919wrAVo&list=SPBB54B2F3895ADB29&index=2\n《普賢菩薩行願讚》的修行法要-第三堂-3/4 \nhttp://www.youtube.com/watch?v=Blpzqr0NVPI\n《普賢菩薩行願讚》的修行法要-第三堂-4/4 \nhttp://www.youtube.com/watch?v=QdWej64BqRY\n\n《普賢菩薩行願讚》的修行法要-第四堂-1/4 \nhttp://www.youtube.com/watch?v=pZCcSMccjl0&list=SPE24484F0ABA14BE2&index=1\n《普賢菩薩行願讚》的修行法要-第四堂-2/4 \nhttp://www.youtube.com/watch?v=mY20cbNeLSs&list=SPE24484F0ABA14BE2\n《普賢菩薩行願讚》的修行法要-第四堂-3/4 \nhttp://www.youtube.com/watch?v=5CN-7QfpGys\n《普賢菩薩行願讚》的修行法要-第四堂-4/4 \nhttp://www.youtube.com/watch?v=QzycRi_BtZQ');
INSERT INTO videos(vid, pid, title, description) VALUES('QdWej64BqRY', 'PLDuDoO_3m4caKVT6CWQxfTtWfzAcMi-P9', '《普賢菩薩行願讚》的修行法要-第三堂-4/4', '《佛說譬喻經》裡的〈攀藤食蜜喻〉中，我們一出世便如故事中的旅人，旅行於人生的旅途上。既是旅途便有目的地，每一個人終將面臨人生的終點。問題是，我們要賦予自己這段人生的旅途甚麼樣的目的與意義？佛陀說：「人生(身)難得」既然已經在這條人生的路途上更當發願精進修行，遠離老虎的追趕，免除懸於藤上的不安，踏實於佛國淨土之中!!本課程是法鼓講堂「《普賢菩薩行願讚》的修行法要」的第三堂課。常持法師以這篇〈攀藤食蜜喻〉勉勵我們學習文殊菩薩的智慧，學習普賢菩薩發願修行，邀請您與普賢菩薩一起發願、行願。\n\n「法鼓講堂」每周三晚間7：00~9：00\n網路直播：http://www.dharmaschool.com/ddm_max/liveclass/liveclassroom.php\n\n《普賢菩薩行願讚》的修行法要-第一堂-1/4 \nhttp://www.youtube.com/watch?v=eplQk8WuKLM&list=SPBA37938A4334DE0D&index=1\n《普賢菩薩行願讚》的修行法要-第一堂-2/4 \nhttp://www.youtube.com/watch?v=m-yarDUafME\n《普賢菩薩行願讚》的修行法要-第一堂-3/4 \nhttp://www.youtube.com/watch?v=S8sPNE2yd9A\n《普賢菩薩行願讚》的修行法要-第一堂-4/4 \nhttp://www.youtube.com/watch?v=DVgECxlb8-Y\n\n《普賢菩薩行願讚》的修行法要-第二堂-1/4 \nhttp://www.youtube.com/watch?v=yNOXcFwNwDk&list=SPA7D228C1CFF73DE7&index=1\n《普賢菩薩行願讚》的修行法要-第二堂-2/4 \nhttp://www.youtube.com/watch?v=9i9cAlZ-zjM&list=SPA7D228C1CFF73DE7\n《普賢菩薩行願讚》的修行法要-第二堂-3/4 \nhttp://www.youtube.com/watch?v=q2ll4qrzH1k&list=SPA7D228C1CFF73DE7&index=3\n《普賢菩薩行願讚》的修行法要-第二堂-4/4 \nhttp://www.youtube.com/watch?v=SAyVH__-6Mc&list=SPA7D228C1CFF73DE7\n《普賢菩薩行願讚》的修行法要-第三堂-1/4 \nhttp://www.youtube.com/watch?v=kw5QmJ314Mc&list=SPBB54B2F3895ADB29&index=1\n《普賢菩薩行願讚》的修行法要-第三堂-2/4 \nhttp://www.youtube.com/watch?v=K8u919wrAVo&list=SPBB54B2F3895ADB29&index=2\n《普賢菩薩行願讚》的修行法要-第三堂-3/4 \nhttp://www.youtube.com/watch?v=Blpzqr0NVPI\n《普賢菩薩行願讚》的修行法要-第三堂-4/4 \nhttp://www.youtube.com/watch?v=QdWej64BqRY\n\n《普賢菩薩行願讚》的修行法要-第四堂-1/4 \nhttp://www.youtube.com/watch?v=pZCcSMccjl0&list=SPE24484F0ABA14BE2&index=1\n《普賢菩薩行願讚》的修行法要-第四堂-2/4 \nhttp://www.youtube.com/watch?v=mY20cbNeLSs&list=SPE24484F0ABA14BE2\n《普賢菩薩行願讚》的修行法要-第四堂-3/4 \nhttp://www.youtube.com/watch?v=5CN-7QfpGys\n《普賢菩薩行願讚》的修行法要-第四堂-4/4 \nhttp://www.youtube.com/watch?v=QzycRi_BtZQ');
INSERT INTO videos(vid, pid, title, description) VALUES('pZCcSMccjl0', 'PLDuDoO_3m4caKVT6CWQxfTtWfzAcMi-P9', '《普賢菩薩行願讚》的修行法要-第四堂-1/4', '修行重在聞、思、修、證，解行並重。《普賢菩薩行願讚》不僅僅讚嘆普賢菩薩的大行大願，仔細誦讀、思維，《普賢菩薩行願讚》更是我們修行菩薩道的最佳指引。本課程是法鼓講堂：《普賢菩薩行願讚》的修行法要中的最後一講，常持法師邀請您一起學習普賢菩薩的行願力。\n\n「法鼓講堂」每周三晚間7：00~9：00\n網路直播：http://www.dharmaschool.com/ddm_max/liveclass/liveclassroom.php\n\n《普賢菩薩行願讚》的修行法要-第一堂-1/4 \nhttp://www.youtube.com/watch?v=eplQk8WuKLM&list=SPBA37938A4334DE0D&index=1\n《普賢菩薩行願讚》的修行法要-第一堂-2/4 \nhttp://www.youtube.com/watch?v=m-yarDUafME\n《普賢菩薩行願讚》的修行法要-第一堂-3/4 \nhttp://www.youtube.com/watch?v=S8sPNE2yd9A\n《普賢菩薩行願讚》的修行法要-第一堂-4/4 \nhttp://www.youtube.com/watch?v=DVgECxlb8-Y\n\n《普賢菩薩行願讚》的修行法要-第二堂-1/4 \nhttp://www.youtube.com/watch?v=yNOXcFwNwDk&list=SPA7D228C1CFF73DE7&index=1\n《普賢菩薩行願讚》的修行法要-第二堂-2/4 \nhttp://www.youtube.com/watch?v=9i9cAlZ-zjM&list=SPA7D228C1CFF73DE7\n《普賢菩薩行願讚》的修行法要-第二堂-3/4 \nhttp://www.youtube.com/watch?v=q2ll4qrzH1k&list=SPA7D228C1CFF73DE7&index=3\n《普賢菩薩行願讚》的修行法要-第二堂-4/4 \nhttp://www.youtube.com/watch?v=SAyVH__-6Mc&list=SPA7D228C1CFF73DE7\n《普賢菩薩行願讚》的修行法要-第三堂-1/4 \nhttp://www.youtube.com/watch?v=kw5QmJ314Mc&list=SPBB54B2F3895ADB29&index=1\n《普賢菩薩行願讚》的修行法要-第三堂-2/4 \nhttp://www.youtube.com/watch?v=K8u919wrAVo&list=SPBB54B2F3895ADB29&index=2\n《普賢菩薩行願讚》的修行法要-第三堂-3/4 \nhttp://www.youtube.com/watch?v=Blpzqr0NVPI\n《普賢菩薩行願讚》的修行法要-第三堂-4/4 \nhttp://www.youtube.com/watch?v=QdWej64BqRY\n\n《普賢菩薩行願讚》的修行法要-第四堂-1/4 \nhttp://www.youtube.com/watch?v=pZCcSMccjl0&list=SPE24484F0ABA14BE2&index=1\n《普賢菩薩行願讚》的修行法要-第四堂-2/4 \nhttp://www.youtube.com/watch?v=mY20cbNeLSs&list=SPE24484F0ABA14BE2\n《普賢菩薩行願讚》的修行法要-第四堂-3/4 \nhttp://www.youtube.com/watch?v=5CN-7QfpGys\n《普賢菩薩行願讚》的修行法要-第四堂-4/4 \nhttp://www.youtube.com/watch?v=QzycRi_BtZQ');
INSERT INTO videos(vid, pid, title, description) VALUES('mY20cbNeLSs', 'PLDuDoO_3m4caKVT6CWQxfTtWfzAcMi-P9', '《普賢菩薩行願讚》的修行法要-第四堂-2/4', '修行重在聞、思、修、證，解行並重。《普賢菩薩行願讚》不僅僅讚嘆普賢菩薩的大行大願，仔細誦讀、思維，《普賢菩薩行願讚》更是我們修行菩薩道的最佳指引。本課程是法鼓講堂：《普賢菩薩行願讚》的修行法要中的最後一講，常持法師邀請您一起學習普賢菩薩的行願力。\n\n「法鼓講堂」每周三晚間7：00~9：00\n網路直播：http://www.dharmaschool.com/ddm_max/liveclass/liveclassroom.php\n\n《普賢菩薩行願讚》的修行法要-第一堂-1/4 \nhttp://www.youtube.com/watch?v=eplQk8WuKLM&list=SPBA37938A4334DE0D&index=1\n《普賢菩薩行願讚》的修行法要-第一堂-2/4 \nhttp://www.youtube.com/watch?v=m-yarDUafME\n《普賢菩薩行願讚》的修行法要-第一堂-3/4 \nhttp://www.youtube.com/watch?v=S8sPNE2yd9A\n《普賢菩薩行願讚》的修行法要-第一堂-4/4 \nhttp://www.youtube.com/watch?v=DVgECxlb8-Y\n\n《普賢菩薩行願讚》的修行法要-第二堂-1/4 \nhttp://www.youtube.com/watch?v=yNOXcFwNwDk&list=SPA7D228C1CFF73DE7&index=1\n《普賢菩薩行願讚》的修行法要-第二堂-2/4 \nhttp://www.youtube.com/watch?v=9i9cAlZ-zjM&list=SPA7D228C1CFF73DE7\n《普賢菩薩行願讚》的修行法要-第二堂-3/4 \nhttp://www.youtube.com/watch?v=q2ll4qrzH1k&list=SPA7D228C1CFF73DE7&index=3\n《普賢菩薩行願讚》的修行法要-第二堂-4/4 \nhttp://www.youtube.com/watch?v=SAyVH__-6Mc&list=SPA7D228C1CFF73DE7\n《普賢菩薩行願讚》的修行法要-第三堂-1/4 \nhttp://www.youtube.com/watch?v=kw5QmJ314Mc&list=SPBB54B2F3895ADB29&index=1\n《普賢菩薩行願讚》的修行法要-第三堂-2/4 \nhttp://www.youtube.com/watch?v=K8u919wrAVo&list=SPBB54B2F3895ADB29&index=2\n《普賢菩薩行願讚》的修行法要-第三堂-3/4 \nhttp://www.youtube.com/watch?v=Blpzqr0NVPI\n《普賢菩薩行願讚》的修行法要-第三堂-4/4 \nhttp://www.youtube.com/watch?v=QdWej64BqRY\n\n《普賢菩薩行願讚》的修行法要-第四堂-1/4 \nhttp://www.youtube.com/watch?v=pZCcSMccjl0&list=SPE24484F0ABA14BE2&index=1\n《普賢菩薩行願讚》的修行法要-第四堂-2/4 \nhttp://www.youtube.com/watch?v=mY20cbNeLSs&list=SPE24484F0ABA14BE2\n《普賢菩薩行願讚》的修行法要-第四堂-3/4 \nhttp://www.youtube.com/watch?v=5CN-7QfpGys\n《普賢菩薩行願讚》的修行法要-第四堂-4/4 \nhttp://www.youtube.com/watch?v=QzycRi_BtZQ');
INSERT INTO videos(vid, pid, title, description) VALUES('5CN-7QfpGys', 'PLDuDoO_3m4caKVT6CWQxfTtWfzAcMi-P9', '《普賢菩薩行願讚》的修行法要-第四堂-3/4', '修行重在聞、思、修、證，解行並重。《普賢菩薩行願讚》不僅僅讚嘆普賢菩薩的大行大願，仔細誦讀、思維，《普賢菩薩行願讚》更是我們修行菩薩道的最佳指引。本課程是法鼓講堂：《普賢菩薩行願讚》的修行法要中的最後一講，常持法師邀請您一起學習普賢菩薩的行願力。\n\n「法鼓講堂」每周三晚間7：00~9：00\n網路直播：http://www.dharmaschool.com/ddm_max/liveclass/liveclassroom.php\n\n《普賢菩薩行願讚》的修行法要-第一堂-1/4 \nhttp://www.youtube.com/watch?v=eplQk8WuKLM&list=SPBA37938A4334DE0D&index=1\n《普賢菩薩行願讚》的修行法要-第一堂-2/4 \nhttp://www.youtube.com/watch?v=m-yarDUafME\n《普賢菩薩行願讚》的修行法要-第一堂-3/4 \nhttp://www.youtube.com/watch?v=S8sPNE2yd9A\n《普賢菩薩行願讚》的修行法要-第一堂-4/4 \nhttp://www.youtube.com/watch?v=DVgECxlb8-Y\n\n《普賢菩薩行願讚》的修行法要-第二堂-1/4 \nhttp://www.youtube.com/watch?v=yNOXcFwNwDk&list=SPA7D228C1CFF73DE7&index=1\n《普賢菩薩行願讚》的修行法要-第二堂-2/4 \nhttp://www.youtube.com/watch?v=9i9cAlZ-zjM&list=SPA7D228C1CFF73DE7\n《普賢菩薩行願讚》的修行法要-第二堂-3/4 \nhttp://www.youtube.com/watch?v=q2ll4qrzH1k&list=SPA7D228C1CFF73DE7&index=3\n《普賢菩薩行願讚》的修行法要-第二堂-4/4 \nhttp://www.youtube.com/watch?v=SAyVH__-6Mc&list=SPA7D228C1CFF73DE7\n《普賢菩薩行願讚》的修行法要-第三堂-1/4 \nhttp://www.youtube.com/watch?v=kw5QmJ314Mc&list=SPBB54B2F3895ADB29&index=1\n《普賢菩薩行願讚》的修行法要-第三堂-2/4 \nhttp://www.youtube.com/watch?v=K8u919wrAVo&list=SPBB54B2F3895ADB29&index=2\n《普賢菩薩行願讚》的修行法要-第三堂-3/4 \nhttp://www.youtube.com/watch?v=Blpzqr0NVPI\n《普賢菩薩行願讚》的修行法要-第三堂-4/4 \nhttp://www.youtube.com/watch?v=QdWej64BqRY\n\n《普賢菩薩行願讚》的修行法要-第四堂-1/4 \nhttp://www.youtube.com/watch?v=pZCcSMccjl0&list=SPE24484F0ABA14BE2&index=1\n《普賢菩薩行願讚》的修行法要-第四堂-2/4 \nhttp://www.youtube.com/watch?v=mY20cbNeLSs&list=SPE24484F0ABA14BE2\n《普賢菩薩行願讚》的修行法要-第四堂-3/4 \nhttp://www.youtube.com/watch?v=5CN-7QfpGys\n《普賢菩薩行願讚》的修行法要-第四堂-4/4 \nhttp://www.youtube.com/watch?v=QzycRi_BtZQ');
INSERT INTO videos(vid, pid, title, description) VALUES('QzycRi_BtZQ', 'PLDuDoO_3m4caKVT6CWQxfTtWfzAcMi-P9', '《普賢菩薩行願讚》的修行法要-第四堂-4/4', '修行重在聞、思、修、證，解行並重。《普賢菩薩行願讚》不僅僅讚嘆普賢菩薩的大行大願，仔細誦讀、思維，《普賢菩薩行願讚》更是我們修行菩薩道的最佳指引。本課程是法鼓講堂：《普賢菩薩行願讚》的修行法要中的最後一講，常持法師邀請您一起學習普賢菩薩的行願力。\n\n「法鼓講堂」每周三晚間7：00~9：00\n網路直播：http://www.dharmaschool.com/ddm_max/liveclass/liveclassroom.php\n\n《普賢菩薩行願讚》的修行法要-第一堂-1/4 \nhttp://www.youtube.com/watch?v=eplQk8WuKLM&list=SPBA37938A4334DE0D&index=1\n《普賢菩薩行願讚》的修行法要-第一堂-2/4 \nhttp://www.youtube.com/watch?v=m-yarDUafME\n《普賢菩薩行願讚》的修行法要-第一堂-3/4 \nhttp://www.youtube.com/watch?v=S8sPNE2yd9A\n《普賢菩薩行願讚》的修行法要-第一堂-4/4 \nhttp://www.youtube.com/watch?v=DVgECxlb8-Y\n\n《普賢菩薩行願讚》的修行法要-第二堂-1/4 \nhttp://www.youtube.com/watch?v=yNOXcFwNwDk&list=SPA7D228C1CFF73DE7&index=1\n《普賢菩薩行願讚》的修行法要-第二堂-2/4 \nhttp://www.youtube.com/watch?v=9i9cAlZ-zjM&list=SPA7D228C1CFF73DE7\n《普賢菩薩行願讚》的修行法要-第二堂-3/4 \nhttp://www.youtube.com/watch?v=q2ll4qrzH1k&list=SPA7D228C1CFF73DE7&index=3\n《普賢菩薩行願讚》的修行法要-第二堂-4/4 \nhttp://www.youtube.com/watch?v=SAyVH__-6Mc&list=SPA7D228C1CFF73DE7\n《普賢菩薩行願讚》的修行法要-第三堂-1/4 \nhttp://www.youtube.com/watch?v=kw5QmJ314Mc&list=SPBB54B2F3895ADB29&index=1\n《普賢菩薩行願讚》的修行法要-第三堂-2/4 \nhttp://www.youtube.com/watch?v=K8u919wrAVo&list=SPBB54B2F3895ADB29&index=2\n《普賢菩薩行願讚》的修行法要-第三堂-3/4 \nhttp://www.youtube.com/watch?v=Blpzqr0NVPI\n《普賢菩薩行願讚》的修行法要-第三堂-4/4 \nhttp://www.youtube.com/watch?v=QdWej64BqRY\n\n《普賢菩薩行願讚》的修行法要-第四堂-1/4 \nhttp://www.youtube.com/watch?v=pZCcSMccjl0&list=SPE24484F0ABA14BE2&index=1\n《普賢菩薩行願讚》的修行法要-第四堂-2/4 \nhttp://www.youtube.com/watch?v=mY20cbNeLSs&list=SPE24484F0ABA14BE2\n《普賢菩薩行願讚》的修行法要-第四堂-3/4 \nhttp://www.youtube.com/watch?v=5CN-7QfpGys\n《普賢菩薩行願讚》的修行法要-第四堂-4/4 \nhttp://www.youtube.com/watch?v=QzycRi_BtZQ');
INSERT INTO playlist(pid, cid, title, description) VALUES('PLDuDoO_3m4cbGYW7HpEOQ67FsnQqYzvlo','UCMvjjfm8AFBLQvQC9gItWEw', '《法鼓全集》導讀系列(1)總論', '緬懷聖嚴法師圓寂五週年\r\n2014年起推出《法鼓全集》導讀系列課程\r\n共以六大主題呈現，以深入法師著述中的智慧與弘化脈絡\r\n\r\n第一集總論\r\n邀您一同概覽聖嚴法師一生的智慧瑰寶\r\n領略法師的深廣大願，學習法師歷事鍊心的生活智慧\r\n以拓展自己的生命視野');
INSERT INTO videos(vid, pid, title, description) VALUES('mk4S0r3IN7M', 'PLDuDoO_3m4cbGYW7HpEOQ67FsnQqYzvlo', '《法鼓全集》導讀系列(1)總論--三講之一', '《法鼓全集》導讀系列(1)總論--三講之一-講義：\nhttps://drive.google.com/folderview?id=0B2fBOTGh9qaEVWptdjRhREpHaFU&usp=sharing\n\n2014年，時值聖嚴法師圓寂五周年，元月份起【Live直播課程--法鼓講堂】將推出《法鼓全集》導讀系列課程，共以六大主題「總論」、「認識聖嚴師父、法鼓山」、「建立正信」、「三學精進」、「專修法門」以及「生活實踐」呈現，期望透過導讀帶領大眾深入法師著述的智慧與脈絡。一月份首先邀請到過去曾在法鼓文化擔任總編輯的果毅法師來為大家做連續三次的精彩導讀，讓您對100本的《法鼓全集》有一個全貌的認識。精彩內容，您千萬不要錯過喔！');
INSERT INTO videos(vid, pid, title, description) VALUES('IFQyPQX9dLE', 'PLDuDoO_3m4cbGYW7HpEOQ67FsnQqYzvlo', '《法鼓全集》導讀系列(1)總論--三講之二', '《法鼓全集》導讀系列(1)總論--三講之二-講義：\nhttps://drive.google.com/folderview?id=0B2fBOTGh9qaEemltdG11bXJjMmM&usp=sharing\n\n上週【法鼓全集導讀：總論】第一堂課，果毅法師提綱挈領講述了聖嚴師父寫作的動機、目的與歷程等，有如一把「智慧之鑰」，引領大眾進入師父的法海大門。 接下來的兩堂課，將真正進入寶藏深處，探其精華，您千萬別錯過喔！​');
INSERT INTO videos(vid, pid, title, description) VALUES('yyPepDxIGDY', 'PLDuDoO_3m4cbGYW7HpEOQ67FsnQqYzvlo', '《法鼓全集》導讀系列(1)總論--三講之三', '《法鼓全集》導讀系列(1)總論--三講之三-講義：\nhttps://drive.google.com/folderview?id=0B2fBOTGh9qaEYlU3RGNNNEJtc2M&usp=sharing\n\n隨著課程進入尾聲，本周講堂將介紹法鼓全集最後幾輯的內容，包括了學佛入門、自傳遊記、經典釋義及生活佛法等類別。在這幾類書籍中，聖嚴師父將艱澀的佛法義理，化為社會大眾容易理解與運用的觀念和方法，透過果毅法師精闢又不失感性的導讀與解說，讓我們更完整地掌握《法鼓全集》的梗概，以便輕鬆敲開這座寶庫的大門，一窺當中的智慧寶藏喔！');
INSERT INTO playlist(pid, cid, title, description) VALUES('PLDuDoO_3m4caBKRoKTG2mdH5mxOaXhhO5','UCMvjjfm8AFBLQvQC9gItWEw', '《三時繫念佛事》概說', '彌陀法門佛事《三時繫念》，旨在闡述即禪即淨，由元朝中峰明本禪師所提倡，示告行者「南無阿彌陀佛」六字洪名的殊勝功勳，眾生昏亂的妄心如濁水，六字洪名如寶珠投入濁水，能使妄心隨念寂滅。隨著儀軌繫念，句句洪名如利劍橫按當軒，斬盡無明煩亂，直到一心不亂、能所兩忘，阿彌陀佛即是我心，我心即是淨土，永離茫茫業海與生死輪迴之苦。\r\n  邀請您，隨同法師的引領，一同繫念阿彌陀佛名號，照見本自清淨佛性。');
INSERT INTO videos(vid, pid, title, description) VALUES('0l6NXnur_oM', 'PLDuDoO_3m4caBKRoKTG2mdH5mxOaXhhO5', '《三時繫念佛事》概說-五講之一', '〈三時繫念〉是中峰明本禪師在元朝皇帝大舉密教的環境下，寫下了復興禪修與淨土法門的〈三時繫念〉儀軌。其中盡是一代禪師的實修心要與悲心大願。主法法師白文更是文句優美而直指人心。10月份法鼓講堂邀請到果傳法師來為大家介紹「三時繫念佛事概說」，課程精彩可期，您千萬別錯過囉！');
INSERT INTO videos(vid, pid, title, description) VALUES('Ej3wL0-b6Us', 'PLDuDoO_3m4caBKRoKTG2mdH5mxOaXhhO5', '《三時繫念佛事》概說-五講之二', '〈三時繫念〉是中峰明本禪師在元朝皇帝大舉密教的環境下，寫下了復興禪修與淨土法門的〈三時繫念〉儀軌。其中盡是一代禪師的實修心要與悲心大願。主法法師白文更是文句優美而直指人心。10月份法鼓講堂邀請到果傳法師來為大家介紹「三時繫念佛事概說」，課程精彩可期，您千萬別錯過囉！');
INSERT INTO videos(vid, pid, title, description) VALUES('LmlXmaMQNEU', 'PLDuDoO_3m4caBKRoKTG2mdH5mxOaXhhO5', '《三時繫念佛事》概說-五講之三', '「一稱阿彌陀佛名號，能滅八萬億劫生死眾苦。」中峰明本禪師的《三時繫念佛事》，「三時」的儀軌修行內容大體相同，主要有念誦《阿彌陀經》、〈往生咒〉、普賢菩薩十大願及懺悔業障等。本週課程，果傳法師將繼續為大眾解說它的重要意涵，精彩課程，您千萬別錯過喔！');
INSERT INTO videos(vid, pid, title, description) VALUES('YKUOWNDCQTM', 'PLDuDoO_3m4caBKRoKTG2mdH5mxOaXhhO5', '《三時繫念佛事》概說-五講之四', '法會是漢傳佛教極具特色的修持法門，透過音聲梵唱定慧雙修，隨文觀照法義可以開啟智慧。在吟詠梵唱中止斷妄想煩惱，不僅自己能夠修定與安心，並能傳遞佛教對社會、對世界的關懷。邀請大家繼續透過本月份的講座，深入領略〈三時繫念佛事〉的修持。');
INSERT INTO videos(vid, pid, title, description) VALUES('1F8ebGBHcSA', 'PLDuDoO_3m4caBKRoKTG2mdH5mxOaXhhO5', '《三時繫念佛事》概說-五講之五', '「往昔所造諸惡業，皆由無始貪瞋癡。從身語意之所生，一切罪根皆懺悔。」冥陽兩利的三時繫念佛事，引領參與者從心地上修行，懺悔三業，離苦得樂。本週課程即將進入「第三時」佛事的解說，精彩內容讓我們一起來圓滿！');
INSERT INTO playlist(pid, cid, title, description) VALUES('PLDuDoO_3m4caEs2e3qPtGP0RhGOu5bd43','UCMvjjfm8AFBLQvQC9gItWEw', '佛說觀普賢菩薩行法經', '《佛說觀普賢菩薩行法經》與《法華經》、《無量義經》合稱「法華三經」，相對於《無量義經》被視為《法華經》的開經，此經則被視為《法華經》的結經。\r\n    普賢菩薩的大行大願，本就是佛子們應學習效法的，佛在涅槃前的三個月，特為大眾宣說此經，這部以普賢菩薩為名之經，不僅呼應了《法華經》的重要內容，更是觀修大乘實相懺悔法門的一部重要經典。所謂「若欲懺悔者，端坐念實相，眾罪如霜露，慧日能消除」，如何體解實相之理，懺悔我們的六情根，這是大乘行者，尤其是有興趣修學法華系列者，應該把握機會聽聞及學習的一部經典。');
INSERT INTO videos(vid, pid, title, description) VALUES('c_YIMWxrhe8', 'PLDuDoO_3m4caEs2e3qPtGP0RhGOu5bd43', '佛說觀普賢菩薩行法經-四講之一', '本月中元節，您是否正要參加梁皇寶懺、地藏懺等法會呢？\n此時法鼓講堂特別推出《佛說觀普賢菩薩行法經》，經典中說明瞭如何懺悔六根之罪，是大乘懺悔法門與拜懺法會的起源經典。聽了課程後，將更能體驗懺悔法門的清淨與殊勝，您千萬別錯過囉。');
INSERT INTO videos(vid, pid, title, description) VALUES('_RZO9tD8GLE', 'PLDuDoO_3m4caEs2e3qPtGP0RhGOu5bd43', '佛說觀普賢菩薩行法經 四講之二', '對大家來說，這部經典可能有點陌生，其實這部經典是佛入涅盤前三個月特地講說的，與《法華經》、《無量義經》合稱「法華三經」。\n本經以普賢菩薩為名，不僅呼應了《法華經》的重要內容，更是觀修大乘實相懺悔法門的一部重要經典。所謂「若欲懺悔者，端坐念實相，眾罪如霜露，慧日能消除」，如何體解實相之理，懺悔我們的六情根，這是大乘行者，尤其是有興趣修學法華系列者，應該把握機會聽聞及學習的一部經典。精彩課程，您千萬別錯過囉。');
INSERT INTO videos(vid, pid, title, description) VALUES('cnxWCIjq93I', 'PLDuDoO_3m4caEs2e3qPtGP0RhGOu5bd43', '佛說觀普賢菩薩行法經-四講之三', '《佛說觀普賢菩薩行法經》主要是說明透過觀念普賢菩薩而懺悔六根之罪，本周課程進度即將正式講解六根懺，就讓我們繼續透過果見法師深入淺出的闡釋，一同來認識這部觀修普賢菩薩及大乘實相懺悔法門的重要經典。');
INSERT INTO videos(vid, pid, title, description) VALUES('6ICiO3BeXfY', 'PLDuDoO_3m4caEs2e3qPtGP0RhGOu5bd43', '佛說觀普賢菩薩行法經-四講之四', '因颱風、講師出國而延宕許久的課，終於要圓滿了。\n如何守護六根、清淨六根，《佛說觀普賢菩薩行法經》提供了具體的實踐方法──透過念佛、讀誦、禮拜、懺悔等修持方式，幫助我們成就佛道。本週，果見法師將解說經中最重要的「六根懺」，以及出家、在家之懺法差異。精彩的課程，讓我們共同來圓滿喔！');
INSERT INTO playlist(pid, cid, title, description) VALUES('PLDuDoO_3m4cYovakLGv2YXQZ6aHOUmHnH','UCMvjjfm8AFBLQvQC9gItWEw', '神會禪師的悟境', '「頓悟」能成為中國禪法的特色，神會禪師功不可沒。他致力守護住六祖惠能的禪法正統，在重重波折中寫下歷史名篇《顯宗記》，立定南頓北漸禪宗兩門。並讓「無念為宗」的頓悟心法得以普傳中國。\r\n本次課程果醒法師將以其實修體驗，深入解說神會禪師的悟道心法，為您提供一把開啟智慧的心鑰。');
INSERT INTO videos(vid, pid, title, description) VALUES('jyHhNlEGlaQ', 'PLDuDoO_3m4cYovakLGv2YXQZ6aHOUmHnH', '神會禪師的悟境-四講之一', '六祖弟子--神會禪師是讓禪宗頓悟心法得以普傳的重要人物，其所作的〈顯宗記〉，則是以《壇經》的「無念為宗」作主題，向世人呈現惠能大師的《壇經》宗旨。本月份講堂邀請到現任法鼓山紐約東初禪寺、象崗道場住持--果醒法師來為大家授課，透過法師多年實修的體驗，深入淺出地解說神會禪師的悟道心法，為你我提供一把開啟智慧的入門心鑰。精彩課程，您千萬別錯過囉！');
INSERT INTO videos(vid, pid, title, description) VALUES('Dg6tWOgxbBo', 'PLDuDoO_3m4cYovakLGv2YXQZ6aHOUmHnH', '神會禪師的悟境-四講之二', '神會禪師的《顯宗記》透過「無念為宗、無作為本」引領禪子們將所有一切的念頭全部擺下來，正念也好，雜念也好，全部擺下；亦不要造作，不要將心待悟，不要用心來修心。那麼是不是說什麼事情也不需要做呢？當然不是囉！反倒是透過箇中智慧的領悟，少一分無明煩惱，多顯一分智慧，也多見一分佛性。歡迎大家透過課程一起來一窺究竟喔！');
INSERT INTO videos(vid, pid, title, description) VALUES('pCqIftYcUak', 'PLDuDoO_3m4cYovakLGv2YXQZ6aHOUmHnH', '神會禪師的悟境-四講之三', '法鼓講堂七月份的講座「神會禪師的悟境」，果醒法師以「海水」（本體）和「波浪」（外相）做精彩的比喻，帶領我們大眾在生活中時時檢視自己是否常常受困於外相的迷霧之中暈頭轉向、煩惱不已，若能當下反思與洞見其中的虛假不實，必能淺嚐箇中的智慧喜樂！精彩萬分的課程，您千萬別錯過囉！');
INSERT INTO videos(vid, pid, title, description) VALUES('ubtYooNa5ws', 'PLDuDoO_3m4cYovakLGv2YXQZ6aHOUmHnH', '神會禪師的悟境-四講之四', '什麼是無念？無念是沒有知覺嗎？無念是沒有反應嗎？法師告訴我們無念並不是把自己當木頭人，也不是對所有事物冷漠沒感覺，更不是不思惟。而是有覺知，但不與煩惱心相應，而與戒定慧相應。透過法師的精妙譬喻，讓我們在平日待人接物時，能拂去煩惱的障蔽，拿掉自我的盔甲，走近他人的內心。精彩課程，您千萬別錯過囉！');
INSERT INTO playlist(pid, cid, title, description) VALUES('PLDuDoO_3m4caf8hga5qy2dlrq8jcVu8mO','UCMvjjfm8AFBLQvQC9gItWEw', '自家寶藏《如來藏經》譯釋', '《如來藏經》文中代表語句：「我以佛眼而觀見，一切有情住佛位 ， 是故我常說妙法，令得三身具佛智。」經中宣講了一切眾生恒常具足如來藏，一切眾生皆可成佛的教義，不僅強烈地鼓舞了眾生對自己的自信，也使得眾生即便面對窮凶惡極之徒，仍不失「放下屠刀、立地成佛」的信心。如此殊勝的精采課程，讓我們一起來圓滿喔。');
INSERT INTO videos(vid, pid, title, description) VALUES('8g7lTa09HB0', 'PLDuDoO_3m4caf8hga5qy2dlrq8jcVu8mO', '自家寶藏《如來藏經》議釋  四講之一', '《如來藏經》說眾生都是寶庫，蘊含著成佛的無限可能。經中九種精闢的譬喻，如同一幅生動清晰的尋寶圖，層層引領我們按圖索驥，開發遺忘的自家寶藏。本周開始，講堂邀請到現任「聖嚴書院佛學班」講師--朱秀容老師來為大家授課。透過老師精闢入理的引導，帶領我們尋回本有的寶珠，讓生命散發慈悲與智慧的光芒。');
INSERT INTO videos(vid, pid, title, description) VALUES('OJOijJ5BXLA', 'PLDuDoO_3m4caf8hga5qy2dlrq8jcVu8mO', '自家寶藏《如來藏經》議釋  四講之二', '聖嚴法師曾說：「如來藏思想，既可滿足哲學思辨的要求，也可滿足信仰的要求，可以連接緣起性空的源頭，也可貫通究竟實在的諸法實相。」如此圓融的思想，我們怎能不熟悉呢！本周就讓我們繼續透過秀容老師深入淺出的闡述，一同尋覓塵封許久的自心寶藏。');
INSERT INTO videos(vid, pid, title, description) VALUES('nJGwTuxeX18', 'PLDuDoO_3m4caf8hga5qy2dlrq8jcVu8mO', '自家寶藏《如來藏經》議釋  四講之三', '如來藏思想啟發的是一種「平等」的宗教精神，闡明你我毋論身份的尊卑、性別的男女，皆具清淨的佛性；乃至凡夫與諸佛，雖有煩惱和解脫的差異，但清淨的質性、證悟的潛能，卻平等無異。本周就讓我們繼續透過秀容老師殷切慈悲、生動活潑的講解，啟動開藏顯性的挖寶工程吧。');
INSERT INTO videos(vid, pid, title, description) VALUES('3sKNAOH2Knw', 'PLDuDoO_3m4caf8hga5qy2dlrq8jcVu8mO', '自家寶藏《如來藏經》議釋  四講之四', '《如來藏經》文中代表語句：「我以佛眼而觀見，一切有情住佛位 ， 是故我常說妙法，令得三身具佛智。」經中宣講了一切眾生恒常具足如來藏，一切眾生皆可成佛的教義，不僅強烈地鼓舞了眾生對自己的自信，也使得眾生即便面對窮凶惡極之徒，仍不失「放下屠刀、立地成佛」的信心。如此殊勝的精采課程，讓我們一起來圓滿喔。');
INSERT INTO playlist(pid, cid, title, description) VALUES('PLDuDoO_3m4cZ1pUOK23NSPNPNS-g2cyI_','UCMvjjfm8AFBLQvQC9gItWEw', '佛陀的解毒妙方--化解貪毒', '「諸苦所因，貪欲為本；若滅貪欲，無所依止。──法華經卷二．譬喻品」這個偈子闡明，各種痛苦煩惱的根源是貪欲，如果把貪欲的問題解決，就等於拔除了苦果根源。由此可見「貪」是眾苦之本，若不先治此病，便永遠在苦海中浮沈。本周就讓我們繼續跟隨常慧法師精彩生動的講述，逐一認識「貪」的多變樣貌，進而運用《阿含經》中所說的解毒妙方，活出無毒自在的人生。');
INSERT INTO videos(vid, pid, title, description) VALUES('Fj7eMn4t38U', 'PLDuDoO_3m4cZ1pUOK23NSPNPNS-g2cyI_', '佛陀的解毒妙方一化解貪毒-四講之一', '您是否時常感覺不快樂、不滿足呢？您是否想要停下追逐的腳步，好好享受生活、品味生命呢？本月份法鼓講堂邀請到法鼓山僧團法師--常慧法師，引領我們一同向娑婆世界的大醫王求解藥，藉由領受釋迦牟尼佛在《阿含經》中所說的解毒妙方，解除「貪毒」的束縛，讓我們的生命更自在而豐足。');
INSERT INTO videos(vid, pid, title, description) VALUES('OQ5u-Qk2jN0', 'PLDuDoO_3m4cZ1pUOK23NSPNPNS-g2cyI_', '佛陀的解毒妙方一化解貪毒-四講之二', '「諸苦所因，貪欲為本；若滅貪欲，無所依止。──法華經卷二．譬喻品」這個偈子闡明，各種痛苦煩惱的根源是貪欲，如果把貪欲的問題解決，就等於拔除了苦果根源。由此可見「貪」是眾苦之本，若不先治此病，便永遠在苦海中浮沈。本周就讓我們繼續跟隨常慧法師精彩生動的講述，逐一認識「貪」的多變樣貌，進而運用《阿含經》中所說的解毒妙方，活出無毒自在的人生。');
INSERT INTO videos(vid, pid, title, description) VALUES('9FLEDHADFf4', 'PLDuDoO_3m4cZ1pUOK23NSPNPNS-g2cyI_', '佛陀的解毒妙方一化解貪毒-四講之三', '上次課程介紹了佛法如何將「貪愛」細密的剖析，讓我們看清了這顆不滿足的心，本周課程將為您帶來佛陀的解毒秘方，讓我們運用《阿含經》的智慧法語，超越貪愛所帶來的苦惱。');
INSERT INTO videos(vid, pid, title, description) VALUES('aT0Nk6aKBUo', 'PLDuDoO_3m4cZ1pUOK23NSPNPNS-g2cyI_', '佛陀的解毒妙方一化解貪毒四講之四', '上周課程帶領我們認識「 究竟斷貪」的願景與境界，本周開始則會為大家一一闡明，如何在日常生活之中活用佛陀的解毒秘方，在每個貪欲熾盛的當下，層層超越與出離。精彩課程，邀請您一同來圓滿！');
INSERT INTO playlist(pid, cid, title, description) VALUES('PLDuDoO_3m4cbzkcbnHDzwIYFiwZo1lRbQ','UCMvjjfm8AFBLQvQC9gItWEw', '尋覓真心：《楞嚴經》卷一導讀 (講師：胡健財老師)', '眾生迷於萬法，不知真實，即使「修行」也可能是依著錯誤的知見而追逐。\r\n\r\n《楞嚴經》揭示依「真心」而修的重要，並提出二十五圓通，就路還家，由解而行，因行而證，是指導禪修的寶典。第一卷的內容，即是如來徵問阿難尊者心目何在？指出「見性是心」的道理，本次課程將從第一卷深入講解真心的意義，找回生命自覺的力量。');
INSERT INTO videos(vid, pid, title, description) VALUES('kO-MOezmbN8', 'PLDuDoO_3m4cbzkcbnHDzwIYFiwZo1lRbQ', '尋覓真心：《楞嚴經》卷一導讀-四講之一', '眾生迷於萬法，不知真實，即使「修行」也可能是依著錯誤的知見而追逐。\n《楞嚴經》揭示依「真心」而修的重要，並提出二十五圓通，就路還家，由解而行，因行而證，是指導禪修的寶典。第一卷的內容，即是如來徵問阿難尊者心目何在？指出「見性是心」的道理，本次課程將從第一卷深入講解真心的意義，找回生命自覺的力量。');
INSERT INTO videos(vid, pid, title, description) VALUES('mcx__k6x0_4', 'PLDuDoO_3m4cbzkcbnHDzwIYFiwZo1lRbQ', '尋覓真心：《楞嚴經》卷一導讀-四講之二', '《楞嚴經》請法因緣為阿難不能抗拒魔咒幻術困於淫室，無定力來抵抗，險些破了出家重戒，於是，殷勤啟請如來傳授妙定，但妙定須從「真心」體悟中修來，倘若不知真心，即使是「見善發心，亦是妄想」！故佛陀為了破妄顯真，七次詰問阿難識心「今何所在？」此即是著名的「七處徵心」之事。精闢入理的層層問答，邀請大家透過經文一同來領略。');
INSERT INTO videos(vid, pid, title, description) VALUES('Pv-9zvDuV74', 'PLDuDoO_3m4cbzkcbnHDzwIYFiwZo1lRbQ', '尋覓真心：《楞嚴經》卷一導讀-四講之三', '「七處徵心」是破除眾生對妄心的誤認，就連「能推」之心也被判為「前塵虛妄相想」，因此，阿難持續追問到底「真心」究竟在哪裏？於是，如來藉「見性」作比喻，共有十番的說明，稱為「十番顯見」。本周就讓我們繼續透過胡老師深入淺出的導讀，深度領略如來的層層譬喻，以期一窺「真心」的輪廓。');
INSERT INTO videos(vid, pid, title, description) VALUES('3AmXmgg9WAU', 'PLDuDoO_3m4cbzkcbnHDzwIYFiwZo1lRbQ', '尋覓真心：《楞嚴經》卷一導讀-四講之四', '「眾生心」與「佛心」本質無異，但凡夫的心容易受客塵影響而浮動，並產生煩惱。本集順著經文開始說明見性不動，動者是塵，藉由如來的精妙譬喻，引領眾生體會「不動」的心境，讓我們在這個生滅去來的六塵世界中，不論外境怎麼動，我們的心也能安定自在！');
INSERT INTO playlist(pid, cid, title, description) VALUES('PLDuDoO_3m4ca2xSN41uFZoT7RvHUZoneF','UCMvjjfm8AFBLQvQC9gItWEw', '標本兼治的《藥師經》(講師：果謙法師)', '除了眾所周知的消災延壽、解病救苦，《藥師經》更是一帖自淨化他的良藥，讓東方琉璃淨土實現於當下。\n讀誦《藥師經》、修持藥師法門，不只能得現世安樂。從轉化對苦難的認知，到身心的淨化；從仰仗藥師如來的慈悲願力，到效法藥師如來行菩薩道，展現的就是生命的昇華。以十二大願為修行藍圖，在自我淨化與提昇的當下，即是成就他人。讓我們共同來發願，深入藥師如來的大願與修行法門，人人化身為藥師如來，誓願救脫一切眾生的苦難。');
INSERT INTO videos(vid, pid, title, description) VALUES('GQx5CsBHRUY', 'PLDuDoO_3m4ca2xSN41uFZoT7RvHUZoneF', '標本兼治的《藥師經》四講之一', '「藥師」，本可為一切佛的通稱，因為佛能體察眾生的種種病情，施設種種法藥。而東方淨­土的如來，特別重視消災免難，特重於治理眾生身病，所以特以藥師為名。本單元講師將帶­領我們認識《藥師經》的經題，以及藥師如來在過去生中，所發的菩提心願與其所行的大悲­願行，乃至最後成就無上佛果與清淨光明的琉璃世界。讓我們每一個人也能依此大願去實行­，不但讓個人小小災難可以消除，就是整個國家社會甚至整個世界，也可轉為莊嚴淨土。\n\n「法鼓講堂」每周三晚間7：00~9：00\n網路直播：http://www.dharmaschool.com/ddm_max/liveclass/liveclassroom.php');
INSERT INTO videos(vid, pid, title, description) VALUES('g9aaq0Yz0Hk', 'PLDuDoO_3m4ca2xSN41uFZoT7RvHUZoneF', '標本兼治的《藥師經》四講之二', '本單元講題，將依經文逐一分別敘說藥師如來的十二大願。從第一大願為生佛平等願；此後­，便是思想的正確 ，行為的合理，生活的豐富，缺陷的加以彌補，病患的予以救治，苦痛的予以安樂。十二大­願之中，不但著重衣食等物質生活，又注意到教育，健康，正常的娛樂，願願都可以達到人­類的和樂生存。由此可以看出，學佛並非死後才有好處。而這一點，藥師如來的十二大願，­啟示得最為清楚、明白。精彩內容盡在本周課程，您千萬別錯過喔！\n\n「法鼓講堂」每周三晚間7：00~9：00\n網路直播：http://www.dharmaschool.com/ddm_max/liveclass/liveclassroom.php');
INSERT INTO videos(vid, pid, title, description) VALUES('-6VNgwAR8d4', 'PLDuDoO_3m4ca2xSN41uFZoT7RvHUZoneF', '標本兼治的《藥師經》四講之三', '藥師如來，依過去因中的本願力，及現證佛果的無邊功德，救度一切苦難眾生。度眾生主要­是慈悲，而慈悲是內在的，須有高度的善巧方便，才能表現出來。本次講座，法師將帶領我­們逐一認識藥師佛為這個苦難世間所示現的種種善巧方便之法，讓我們可以依法修行，進而­得到無量利益。精彩內容盡在本周課程，您千萬別錯過喔！\n\n「法鼓講堂」每周三晚間7：00~9：00\n網路直播：http://www.dharmaschool.com/ddm_max/liveclass/liveclassroom.php');
INSERT INTO videos(vid, pid, title, description) VALUES('4Cbo_oF_4E8', 'PLDuDoO_3m4ca2xSN41uFZoT7RvHUZoneF', '標本兼治的《藥師經》四講之四', '藥師經最廣為人知的便是經中文義提及：眾生凡有病難或遭其他厄難，無論如何險惡，甚至­已經死相現前，只要按照藥師法門去履行，都可仗佛願力加被，獲得免難延命。然而依佛法­說，人的生存或死亡，係決定於其自身的因果業報；因果，是必然而不變的法則，應死即死­，如瓜熟蒂落，誰也更移不了，何能消災而不死 ？若是可行，又該如何達成呢？本次講題，法師將一一為我們解惑釋疑，精彩內容不容錯過­喔！\n\n「法鼓講堂」每周三晚間7：00~9：00\n網路直播：http://www.dharmaschool.com/index.html');
INSERT INTO playlist(pid, cid, title, description) VALUES('PLDuDoO_3m4cZK_yaALf0agVGouwBBLY23','UCMvjjfm8AFBLQvQC9gItWEw', '維摩經與心靈環保 (講師 常延法師)', '法鼓山一直以來所提倡的心靈環保，以及建設人間淨土的理念依據，便是出於著名的《維摩­­經》。本周第一講針對《維摩經》對「心淨」的看法&《維摩經》對實現淨土的主張，加­以­探討闡述。期望透過深入淺出的課程，讓更多人了解如何藉由「心淨」的環保工程，讓­人間­淨土在我們的內心一一展現。');
INSERT INTO videos(vid, pid, title, description) VALUES('10JlnRepndY', 'PLDuDoO_3m4cZK_yaALf0agVGouwBBLY23', '《維摩經》與心靈環保-第一堂', '法鼓山一直以來所提倡的心靈環保，以及建設人間淨土的理念依據，便是出於著名的《維摩­經》。本周第一講針對《維摩經》對「心淨」的看法&《維摩經》對實現淨土的主張，加以­探討闡述。期望透過深入淺出的課程，讓更多人了解如何藉由「心淨」的環保工程，讓人間­淨土在我們的內心一一展現。\n\n「法鼓講堂」每周三晚間7：00~9：00\n網路直播：http://www.dharmaschool.com/ddm_max/l');
INSERT INTO videos(vid, pid, title, description) VALUES('L--VnzhQ52o', 'PLDuDoO_3m4cZK_yaALf0agVGouwBBLY23', '《維摩經》與心靈環保-第二堂', '人類心靈貧窮的問題積累至今，除了造成全球的氣候失序、天災地變等等的問題，近年來心­靈疾病的普遍化，也嚴重威脅著社會的祥和與安定。 如今「心靈環保」儼然已經成為全球人類刻不容緩的努力目標。第二講，法師將帶領我們從­《維摩經》來了解心靈環保的實踐方法，讓我們逐步朝向「自淨化他」的方向前進，也期望­有更多人能夠一起加入，共同成為安定人心與社會的心靈工程師。\n\n「法鼓講堂」每周三晚間7：00~9：00\n網路直播：http://www.dharmaschool.com/ddm_max/l');
INSERT INTO videos(vid, pid, title, description) VALUES('M3-Ib2yO-Ig', 'PLDuDoO_3m4cZK_yaALf0agVGouwBBLY23', '《維摩經》與心靈環保-第三堂', '第三講，法師將繼續為我們說明《維摩經》對實現淨土的主張，讓我們更加深入的體認­何謂「一念清淨，一念見淨土；念念清淨，念念見淨土」，使得人人從自身的心淨、行淨做­起，進而帶動身邊的家人、同事們也能共同在人間體驗到淨土的實現。');
INSERT INTO videos(vid, pid, title, description) VALUES('InTcEo0MkeI', 'PLDuDoO_3m4cZK_yaALf0agVGouwBBLY23', '《維摩經》與心靈環保-第四堂', '本單元講次，將帶領我們從《維摩經》認識《心靈環保》的三個修行次第，讓我們從自私自­利的自我身心觀照，漸漸淨化到能以「無我觀」來調伏自己的心，再以「觀眾生苦」生起大­悲願心，期望最終能使我們大家認識到「無染無求」又精進化世的佛的境界。講座內容精彩­可期，您千萬別錯過喔！');
INSERT INTO playlist(pid, cid, title, description) VALUES('PLDuDoO_3m4caiMywEjzWKKtu-21GtNVjB','UCMvjjfm8AFBLQvQC9gItWEw', '楞嚴與默照話頭 (講師：果醒法師)', '阿難尊者歎言：「一向多聞，未全道力」，聽經、解經不如行經，禪修法門更是體驗佛法深義的利器，本月果醒法師，將以生活化的譬喻精闢解說，用默照禪、話頭禪來實踐《楞嚴經》。');
INSERT INTO videos(vid, pid, title, description) VALUES('yqQoexuREFw', 'PLDuDoO_3m4caiMywEjzWKKtu-21GtNVjB', '楞嚴與默照話頭-四講之一', '《楞嚴經》是一部備受推崇，卻不易理解的經典。2013年的開始，講堂邀請到法鼓山美國象岡道場住持--果醒法師來為大家授課。多年深入《楞嚴經》，並曾擔任法鼓山禪堂堂主的果醒法師，以提綱挈領並融合漢傳禪修的「默照禪」、「話頭禪」的方式來引領我們逐步契入甚深的楞嚴世界。精采內容，您一定別錯過囉 。\n\n「法鼓講堂」每周三晚間7：00~9：00\n網路直播：http://www.dharmaschool.com/ddm_max/liveclass/liveclassroom.php');
INSERT INTO videos(vid, pid, title, description) VALUES('hwzHPNB5t5s', 'PLDuDoO_3m4caiMywEjzWKKtu-21GtNVjB', '楞嚴與默照話頭-四講之二', '人的本性原來無雜無礙、靈明洞徹，但因妄想執著，以致起惑造業，輪迴六道。究竟該如何離諸妄想，明一切智呢？本周讓我們繼續透過果醒法師精闢入理的解說，依《楞嚴經》的智慧，從妄想差別之中，一窺平等無礙的世界。');
INSERT INTO videos(vid, pid, title, description) VALUES('ZmC1wNVInsQ', 'PLDuDoO_3m4caiMywEjzWKKtu-21GtNVjB', '楞嚴與默照話頭-四講之三', '世尊云：「奇哉奇哉，一切眾生，皆具如來智慧德相，但因妄想執著，不能證得，若離妄想，一切智，自然智，即得現前。」這是說一切眾生都有佛性，我們若能透過修行，達至內心清淨、智慧湛然，這樣，佛性便能顯發。本講次果醒法師將繼續帶領大家領略《楞嚴經》的經義，從而透過法鼓山所傳承的漢傳禪法來勘破人生種種幻像，開發眾生本具的清淨光明心。');
INSERT INTO videos(vid, pid, title, description) VALUES('tAMWxdM8mrU', 'PLDuDoO_3m4caiMywEjzWKKtu-21GtNVjB', '楞嚴與默照話頭-四講之四', '智慧跟知識何處不同呢？知識從分別妄想之中生；智慧不是，智慧實是自性裡本來就有的，只當遮蔽它的層層雲霧(妄想執著)消散時，智慧就如同虛空一般，一直都在，不動不滅。而佛法便是驅散這雲霧的風，禪法則是體驗佛法深義的利器，本周就讓我們繼續依循法師的帶領，深入「《楞嚴經》與默照禪、話頭禪」的智慧，從而遠塵離垢見智慧。精彩課程，邀請您一同來圓滿。');
INSERT INTO playlist(pid, cid, title, description) VALUES('PLDuDoO_3m4cahg1AADV5vmubWn4eg1JfX','UCMvjjfm8AFBLQvQC9gItWEw', '《大乘稻稈經》(講師：果徹法師)', '《大乘稻芉經》是由一片稻畦的生長，而開演出的一部有關緣起的經典。某日，佛與弟子經過一處稻田，看見稻禾正欣然成長，於是佛對隨行的弟子開示：「若見因緣，彼即見法；若見於法，即能見佛。」就這樣，佛不再語，默然行去。佛的這段開示，究竟說了什麼？透過本月課程，果徹法師將帶您重溫舍利弗的疑問，深入體解彌勒尊者的殷殷釋解，進而納受佛在那一片稻田所映襯的天空下，所說的最生活化的佛法，也是最究竟的佛法。');
INSERT INTO videos(vid, pid, title, description) VALUES('gSyrYLNAy48', 'PLDuDoO_3m4cahg1AADV5vmubWn4eg1JfX', '《大乘稻芉經》五講之一', '《大乘稻竿經》是由一片稻畦的生長，而開演出的一部有關緣起的經典。某日，佛與弟子經過一處稻田，看見稻禾正欣然成長，於是佛對隨行的弟子開示：「若見因緣，彼即見法；若見於法，即能見佛。」就這樣，佛不再語，默然行去。您是否對這樣信手拈來的開示很是嚮往呢？是否迫不及待的想要深入了解呢？本周講堂，邀請到僧伽大學講師--果徹法師，帶領我們一起來重溫世尊所說最生活化，也是最究竟的佛法。\n\n「法鼓講堂」每周三晚間，直播收視頁：http://www.dharmaschool.com/ddm_max/liveclass/liveclassroom.php\n\n遇見緣起《大乘稻芉經》五講之二 \nhttp://www.youtube.com/watch?v=OuLS9Tm7vVg&list=PLDuDoO_3m4cahg1AADV5vmubWn4eg1JfX&index=2\n遇見緣起《大乘稻芉經》五講之三\nhttp://www.youtube.com/watch?v=2fh8FtehuBM\n遇見緣起《大乘稻芉經》五講之四 \nhttp://www.youtube.com/watch?v=opevy6rTBHM\n遇見緣起《大乘稻芉經》五講之五\nhttp://www.youtube.com/watch?v=YUDZpXdRwX0');
INSERT INTO videos(vid, pid, title, description) VALUES('OuLS9Tm7vVg', 'PLDuDoO_3m4cahg1AADV5vmubWn4eg1JfX', '《大乘稻芉經》五講之二', '《稻稈經》是中觀學派極為重視之典籍，是一部解說緣起法非常透徹的經典。本次課程，邀請到研究稻稈經多年的果徹法師來帶領大家一窺其中的甚深法義，相信透過法師深入淺出的說明，以及條理分明的圖表輔助，一定會讓大眾對這部經典有更進一步的認識與體會。\n\n「法鼓講堂」每周三晚間7：00~9：00，直播：http://www.dharmaschool.com/ddm_max/liveclass/liveclassroom.php\n遇見緣起《大乘稻芉經》五講之一 \nhttp://www.youtube.com/watch?v=gSyrYLNAy48&list=PLDuDoO_3m4cahg1AADV5vmubWn4eg1JfX&index=1\n遇見緣起《大乘稻芉經》五講之三\nhttp://www.youtube.com/watch?v=2fh8FtehuBM\n遇見緣起《大乘稻芉經》五講之四 \nhttp://www.youtube.com/watch?v=opevy6rTBHM\n遇見緣起《大乘稻芉經》五講之五\nhttp://www.youtube.com/watch?v=YUDZpXdRwX0');
INSERT INTO videos(vid, pid, title, description) VALUES('2fh8FtehuBM', 'PLDuDoO_3m4cahg1AADV5vmubWn4eg1JfX', '《大乘稻芉經》五講之三', '世尊覺悟了「緣起」法則，發現了一切法、一切現象都沒有永恆不變的自性，所以成了佛，而佛將這些真理告訴我們之後，大家都聽到了，也願意接受了，但是為何我們的煩惱仍是如此濁重呢？究竟我們要如何才能看穿緣起緣滅﹐觀照五蘊皆空﹐度一切苦厄呢? 本周讓我們繼續透過《稻稈經》的智慧，領略緣起法則的個中堂奧。\n\n\n「法鼓講堂」每周三晚間7：00~9：00\n網路直播：http://www.dharmaschool.com/ddm_max/liveclass/liveclassroom.php\n\n遇見緣起《大乘稻芉經》五講之一 \nhttp://www.youtube.com/watch?v=gSyrYLNAy48&list=PLDuDoO_3m4cahg1AADV5vmubWn4eg1JfX&index=1\n遇見緣起《大乘稻芉經》五講之二 \nhttp://www.youtube.com/watch?v=OuLS9Tm7vVg&list=PLDuDoO_3m4cahg1AADV5vmubWn4eg1JfX&index=2\n遇見緣起《大乘稻芉經》五講之四 \nhttp://www.youtube.com/watch?v=opevy6rTBHM\n遇見緣起《大乘稻芉經》五講之五\nhttp://www.youtube.com/watch?v=YUDZpXdRwX0\n心靈環保經濟學-三講之一 \nhttp://www.youtube.com/watch?v=jRcElvzU4Qs&list=PLDuDoO_3m4cY46Ku6AShwmefGiAEx3UNn&index=1\n心靈環保經濟學-三講之二 \nhttp://www.youtube.com/watch?v=5y15EGFshI4\n心靈環保經濟學-三講之三 \nhttp://www.youtube.com/watch?v=BYuoeljWOpM');
INSERT INTO videos(vid, pid, title, description) VALUES('opevy6rTBHM', 'PLDuDoO_3m4cahg1AADV5vmubWn4eg1JfX', '《大乘稻芉經》五講之四', '本周，法師將為我們導讀《大乘稻竿經》的經文，透過精闢入理、條理分明的圖表輔助，帶領我們更詳實地掌握經文深義，進而找出學佛的方向。 精彩課程，您千萬別錯過囉。\n\n\n「法鼓講堂」每周三晚間7：00~9：00\n網路直播：http://www.dharmaschool.com/ddm_max/liveclass/liveclassroom.php\n\n遇見緣起《大乘稻芉經》五講之一 \nhttp://www.youtube.com/watch?v=gSyrYLNAy48&list=PLDuDoO_3m4cahg1AADV5vmubWn4eg1JfX&index=1\n遇見緣起《大乘稻芉經》五講之二 \nhttp://www.youtube.com/watch?v=OuLS9Tm7vVg&list=PLDuDoO_3m4cahg1AADV5vmubWn4eg1JfX&index=2\n遇見緣起《大乘稻芉經》五講之三\nhttp://www.youtube.com/watch?v=2fh8FtehuBM\n遇見緣起《大乘稻芉經》五講之五\nhttp://www.youtube.com/watch?v=YUDZpXdRwX0\n心靈環保經濟學-三講之一 \nhttp://www.youtube.com/watch?v=jRcElvzU4Qs&list=PLDuDoO_3m4cY46Ku6AShwmefGiAEx3UNn&index=1\n心靈環保經濟學-三講之二 \nhttp://www.youtube.com/watch?v=5y15EGFshI4\n心靈環保經濟學-三講之三 \nhttp://www.youtube.com/watch?v=BYuoeljWOpM');
INSERT INTO videos(vid, pid, title, description) VALUES('YUDZpXdRwX0', 'PLDuDoO_3m4cahg1AADV5vmubWn4eg1JfX', '《大乘稻芉經》五講之五', '佛陀說：由於人有無明，所以有種種苦惱， 唯有看透了緣起法則，無明滅，則諸苦滅盡。本周就讓我們繼續透過《稻稈經》的智慧，一同領略離苦得樂的真義。\n\n\n「法鼓講堂」每周三晚間7：00~9：00\n網路直播：http://www.dharmaschool.com/ddm_max/liveclass/liveclassroom.php\n\n遇見緣起《大乘稻芉經》五講之一 \nhttp://www.youtube.com/watch?v=gSyrYLNAy48&list=PLDuDoO_3m4cahg1AADV5vmubWn4eg1JfX&index=1\n遇見緣起《大乘稻芉經》五講之二 \nhttp://www.youtube.com/watch?v=OuLS9Tm7vVg&list=PLDuDoO_3m4cahg1AADV5vmubWn4eg1JfX&index=2\n遇見緣起《大乘稻芉經》五講之三\nhttp://www.youtube.com/watch?v=2fh8FtehuBM\n遇見緣起《大乘稻芉經》五講之四 \nhttp://www.youtube.com/watch?v=opevy6rTBHM\n心靈環保經濟學-三講之一 \nhttp://www.youtube.com/watch?v=jRcElvzU4Qs&list=PLDuDoO_3m4cY46Ku6AShwmefGiAEx3UNn&index=1\n心靈環保經濟學-三講之二 \nhttp://www.youtube.com/watch?v=5y15EGFshI4\n心靈環保經濟學-三講之三 \nhttp://www.youtube.com/watch?v=BYuoeljWOpM');
INSERT INTO playlist(pid, cid, title, description) VALUES('PLDuDoO_3m4cY46Ku6AShwmefGiAEx3UNn','UCMvjjfm8AFBLQvQC9gItWEw', '心靈環保經濟學（講師：果光 法師）', '契合着世界經濟環境所面臨的種種困境與挑戰，本周法鼓講堂邀請到經濟學者出身的果光法師，以法鼓山心靈環保中的「四要」、「四福」，作為生產、消費、分配理論的核心，提出少欲利他的「心靈環保經濟學」，嘗試回應當前全球金融、環境危機，並帶領大眾學習運用佛法的經濟主張，一起來開發生命無盡的寶藏。精彩課程，邀請您一同來領略。');
INSERT INTO videos(vid, pid, title, description) VALUES('jRcElvzU4Qs', 'PLDuDoO_3m4cY46Ku6AShwmefGiAEx3UNn', '心靈環保經濟學-三講之一', '契合着世界經濟環境所面臨的種種困境與挑戰，本周法鼓講堂邀請到經濟學者出身的果光法師，以法鼓山心靈環保中的「四要」、「四福」，作為生產、消費、分配理論的核心，提出少欲利他的「心靈環保經濟學」，嘗試回應當前全球金融、環境危機，並帶領大眾學習運用佛法的經濟主張，一起來開發生命無盡的寶藏。精彩課程，邀請您一同來領略。\n\n「法鼓講堂」每周三晚間7：00~9：00\n網路直播：http://www.dharmaschool.com/ddm_max/liveclass/liveclassroom.php\n\n心靈環保經濟學-三講之二 \nhttp://www.youtube.com/watch?v=5y15EGFshI4\n心靈環保經濟學-三講之三 \nhttp://www.youtube.com/watch?v=BYuoeljWOpM\n觀音妙智─耳根圓通法門-四講之一 \nhttp://www.youtube.com/watch?v=olQ0jZxrhls&list=PL511DC453F7FE54F3&index=1\n觀音妙智─耳根圓通法門-四講之二 \nhttp://www.youtube.com/watch?v=dDY6JyeZjxw\n觀音妙智─耳根圓通法門-四講之三\nhttp://www.youtube.com/watch?v=FCyUVaDzH5M\n觀音妙智─耳根圓通法門-四講之四 \nhttp://www.youtube.com/watch?v=D48DewzdHTg');
INSERT INTO videos(vid, pid, title, description) VALUES('5y15EGFshI4', 'PLDuDoO_3m4cY46Ku6AShwmefGiAEx3UNn', '心靈環保經濟學-三講之二', '心靈匱乏是真正的貧窮。二十一世紀心經濟主張──「心靈環保經濟學」，肯定能滿足所有人內在的需求，這才是對全人類真正有用的經濟學。如果人們能從佛法的觀點，來做決定與選擇，並身體力行，生活必然充滿平安、健康、快樂、幸福。精彩課程，邀您一起來參與。\n\n「法鼓講堂」每周三晚間7：00~9：00\n網路直播：http://www.dharmaschool.com/ddm_max/liveclass/liveclassroom.php\n\n心靈環保經濟學-三講之一 \nhttp://www.youtube.com/watch?v=jRcElvzU4Qs&list=PLDuDoO_3m4cY46Ku6AShwmefGiAEx3UNn&index=1\n心靈環保經濟學-三講之三 \nhttp://www.youtube.com/watch?v=BYuoeljWOpM\n觀音妙智─耳根圓通法門-四講之一 \nhttp://www.youtube.com/watch?v=olQ0jZxrhls&list=PL511DC453F7FE54F3&index=1\n觀音妙智─耳根圓通法門-四講之二 \nhttp://www.youtube.com/watch?v=dDY6JyeZjxw\n觀音妙智─耳根圓通法門-四講之三\nhttp://www.youtube.com/watch?v=FCyUVaDzH5M\n觀音妙智─耳根圓通法門-四講之四 \nhttp://www.youtube.com/watch?v=D48DewzdHTg');
INSERT INTO videos(vid, pid, title, description) VALUES('BYuoeljWOpM', 'PLDuDoO_3m4cY46Ku6AShwmefGiAEx3UNn', '心靈環保經濟學-三講之三', '本周講座，將繼續闡明聖嚴法師所勾勒出的「心靈環保」的理念與實踐之藍圖；從探討「四種環保」、「心五四運動」、及「心六倫」等主題中，來呈現這以智慧為導的經濟主張。想要了解其中的甚深智慧嗎？那您千萬別錯過本周課程喔。\n\n「法鼓講堂」每周三晚間7：00~9：00\n網路直播：http://www.dharmaschool.com/ddm_max/liveclass/liveclassroom.php\n\n心靈環保經濟學-三講之一 \nhttp://www.youtube.com/watch?v=jRcElvzU4Qs&list=PLDuDoO_3m4cY46Ku6AShwmefGiAEx3UNn&index=1\n心靈環保經濟學-三講之二 \nhttp://www.youtube.com/watch?v=5y15EGFshI4\n觀音妙智─耳根圓通法門-四講之一 \nhttp://www.youtube.com/watch?v=olQ0jZxrhls&list=PL511DC453F7FE54F3&index=1\n觀音妙智─耳根圓通法門-四講之二 \nhttp://www.youtube.com/watch?v=dDY6JyeZjxw\n觀音妙智─耳根圓通法門-四講之三\nhttp://www.youtube.com/watch?v=FCyUVaDzH5M\n觀音妙智─耳根圓通法門-四講之四 \nhttp://www.youtube.com/watch?v=D48DewzdHTg');
INSERT INTO playlist(pid, cid, title, description) VALUES('PL511DC453F7FE54F3','UCMvjjfm8AFBLQvQC9gItWEw', '觀音妙智（講師：果鏡 法師）', '');
INSERT INTO videos(vid, pid, title, description) VALUES('olQ0jZxrhls', 'PL511DC453F7FE54F3', '觀音妙智-四講之一', '觀音法門的特性是「聞」──以耳根聞聲而證悟，但其並非聽聞外在的聲音，而是向內反聞聲音的自性，也就是「空性」。若能聞見空性，即能與諸佛的智慧圓滿相應。如何將這樣殊勝的耳根圓通法門，落實於生活中，體驗觀世自在的智慧呢？精彩內容，邀請您一同來領略。\n\n「法鼓講堂」每周三晚間7：00~9：00\n網路直播：http://www.dharmaschool.com/ddm_max/liveclass/liveclassroom.php\n\n觀音妙智─耳根圓通法門-四講之二 \nhttp://www.youtube.com/watch?v=dDY6JyeZjxw\n觀音妙智─耳根圓通法門-四講之三\nhttp://www.youtube.com/watch?v=FCyUVaDzH5M\n觀音妙智─耳根圓通法門-四講之四 \nhttp://www.youtube.com/watch?v=D48DewzdHTg\n心的經典-三講之一 \nhttp://www.youtube.com/watch?v=WXdvo0AtHkM&list=PL244D774952C55268&index=1\n心的經典-三講之二\nhttp://www.youtube.com/watch?v=pznmnHSGj7M\n心的經典-三講之三\nhttp://www.youtube.com/watch?v=CJ0XVXbxuDI');
INSERT INTO videos(vid, pid, title, description) VALUES('dDY6JyeZjxw', 'PL511DC453F7FE54F3', '觀音妙智-四講之二', '聖嚴法師的《觀音妙智》是一部令人讚歎的巨作！因為它闡述了一個耳朵可以「看」，眼睛可以「聽」——所謂「六根互用」的甚深法門。本周法鼓講堂邀請中華佛研所所長--果鏡法師，為我們深入淺出的導讀《觀音妙智》，帶領大眾一同遨遊觀世音菩薩的廣大智慧海。精彩內容，您千萬別錯過喔！\n\n「法鼓講堂」每周三晚間7：00~9：00\n網路直播：http://www.dharmaschool.com/ddm_max/liveclass/liveclassroom.php\n\n觀音妙智─耳根圓通法門-四講之一 \nhttp://www.youtube.com/watch?v=olQ0jZxrhls&list=PL511DC453F7FE54F3&index=1\n觀音妙智─耳根圓通法門-四講之三\nhttp://www.youtube.com/watch?v=FCyUVaDzH5M\n觀音妙智─耳根圓通法門-四講之四 \nhttp://www.youtube.com/watch?v=D48DewzdHTg\n心的經典-三講之一 \nhttp://www.youtube.com/watch?v=WXdvo0AtHkM&list=PL244D774952C55268&index=1\n心的經典-三講之二\nhttp://www.youtube.com/watch?v=pznmnHSGj7M\n心的經典-三講之三\nhttp://www.youtube.com/watch?v=CJ0XVXbxuDI\n《楞嚴經》與生命圓滿之追求-四講之一 \nhttp://www.youtube.com/watch?v=SBtCWroWWG0&list=PLAD011A414EC21584&index=1\n《楞嚴經》與生命圓滿之追求-四講之二 \nhttp://www.youtube.com/watch?v=L5hKeyiT58w\n《楞嚴經》與生命圓滿之追求-四講之三\nhttp://www.youtube.com/watch?v=t1K6uZ9XlAk\n《楞嚴經》與生命圓滿之追求-四講之四 \nhttp://www.youtube.com/watch?v=1a2rdVPttn8\n《普門品》尋聲救苦觀世音-四講之一 \nhttp://www.youtube.com/watch?v=wgv2QINeuuU&list=PLD715B3EA5F3D1644&index=1');
INSERT INTO videos(vid, pid, title, description) VALUES('FCyUVaDzH5M', 'PL511DC453F7FE54F3', '觀音妙智-四講之三', '觀音菩薩覺照一切有聲之聲、無聲之聲，而體達空性、證入三昧，故能自在示現三十二應化身，聞聲救苦。聖嚴法師的《觀音妙智》以解行並重的角度，詮釋觀音菩薩的悲、智、願、行，引導現代人修觀音定慧法門。精彩課程，盡在本周法鼓講堂，您千萬別錯過。\n\n「法鼓講堂」每周三晚間7：00~9：00\n網路直播：http://www.dharmaschool.com/ddm_max/liveclass/liveclassroom.php\n\n觀音妙智─耳根圓通法門-四講之一 \nhttp://www.youtube.com/watch?v=olQ0jZxrhls&list=PL511DC453F7FE54F3&index=1\n觀音妙智─耳根圓通法門-四講之二 \nhttp://www.youtube.com/watch?v=dDY6JyeZjxw\n觀音妙智─耳根圓通法門-四講之四 \nhttp://www.youtube.com/watch?v=D48DewzdHTg\n心的經典-三講之一 \nhttp://www.youtube.com/watch?v=WXdvo0AtHkM&list=PL244D774952C55268&index=1\n心的經典-三講之二\nhttp://www.youtube.com/watch?v=pznmnHSGj7M\n心的經典-三講之三\nhttp://www.youtube.com/watch?v=CJ0XVXbxuDI\n《楞嚴經》與生命圓滿之追求-四講之一 \nhttp://www.youtube.com/watch?v=SBtCWroWWG0&list=PLAD011A414EC21584&index=1\n《楞嚴經》與生命圓滿之追求-四講之二 \nhttp://www.youtube.com/watch?v=L5hKeyiT58w\n《楞嚴經》與生命圓滿之追求-四講之三\nhttp://www.youtube.com/watch?v=t1K6uZ9XlAk\n《楞嚴經》與生命圓滿之追求-四講之四 \nhttp://www.youtube.com/watch?v=1a2rdVPttn8\n《普門品》尋聲救苦觀世音-四講之一 \nhttp://www.youtube.com/watch?v=wgv2QINeuuU&list=PLD715B3EA5F3D1644&index=1');
INSERT INTO videos(vid, pid, title, description) VALUES('D48DewzdHTg', 'PL511DC453F7FE54F3', '觀音妙智-四講之四', '《楞嚴經》裡共有二十五位菩薩，每位都依各自的法門修行而徹底開悟，每位菩薩皆能上合十方諸佛同一慈力，下合一切眾生同一悲仰，這就是菩薩的圓通。 透過法師經精闢入理的解說，讓我們一同來領略諸大菩薩的甚深智慧。精彩內容，您千萬別錯過喔！\n\n「法鼓講堂」每周三晚間7：00~9：00\n網路直播：http://www.dharmaschool.com/ddm_max/liveclass/liveclassroom.php\n\n觀音妙智─耳根圓通法門-四講之一 \nhttp://www.youtube.com/watch?v=olQ0jZxrhls&list=PL511DC453F7FE54F3&index=1\n觀音妙智─耳根圓通法門-四講之二 \nhttp://www.youtube.com/watch?v=dDY6JyeZjxw\n觀音妙智─耳根圓通法門-四講之三\nhttp://www.youtube.com/watch?v=FCyUVaDzH5M\n心的經典-三講之一 \nhttp://www.youtube.com/watch?v=WXdvo0AtHkM&list=PL244D774952C55268&index=1\n心的經典-三講之二\nhttp://www.youtube.com/watch?v=pznmnHSGj7M\n心的經典-三講之三\nhttp://www.youtube.com/watch?v=CJ0XVXbxuDI\n《楞嚴經》與生命圓滿之追求-四講之一 \nhttp://www.youtube.com/watch?v=SBtCWroWWG0&list=PLAD011A414EC21584&index=1\n《楞嚴經》與生命圓滿之追求-四講之二 \nhttp://www.youtube.com/watch?v=L5hKeyiT58w\n《楞嚴經》與生命圓滿之追求-四講之三\nhttp://www.youtube.com/watch?v=t1K6uZ9XlAk\n《楞嚴經》與生命圓滿之追求-四講之四 \nhttp://www.youtube.com/watch?v=1a2rdVPttn8\n《普門品》尋聲救苦觀世音-四講之一 \nhttp://www.youtube.com/watch?v=wgv2QINeuuU&list=PLD715B3EA5F3D1644&index=1');
INSERT INTO playlist(pid, cid, title, description) VALUES('PL244D774952C55268','UCMvjjfm8AFBLQvQC9gItWEw', '心的經典（講師：大常 法師）', '《心經》是佛法的心要，短短二百六十個字，呈現最精要的修行指南。 \r\n    優美的深意，舖陳出佛教的人類觀、宇宙觀、三世觀等，讓人打開視野，開拓出寬廣的人生。扼要的指引現代人，在生活中應用佛法，層層超越，提昇生命的價值。課程深入淺出的演繹，邀請您來體驗佛法與心的對話。');
INSERT INTO videos(vid, pid, title, description) VALUES('WXdvo0AtHkM', 'PL244D774952C55268', '心的經典-三講之一', '《心經》是三藏聖典中流傳最廣，被人持誦講解最多的大乘經典之一，以原始佛法為基礎、大乘的空義為靈魂，雖然僅有二百六十個字，卻是最精要的佛法概論與修行指南。本月份的法鼓講堂，邀請到僧伽大學講師--大常法師，帶領我們深度領略《心經》的甚深智慧，進而於生活中應用佛法，層層超越，提昇生命的價值。精彩課程，邀請您一同來參與。\n\n「法鼓講堂」每周三晚間7：00~9：00\n網路直播：http://www.dharmaschool.com/ddm_max/liveclass/liveclassroom.php\n\n心的經典-三講之二\nhttp://www.youtube.com/watch?v=pznmnHSGj7M\n心的經典-三講之三\nhttp://www.youtube.com/watch?v=CJ0XVXbxuDI\n《楞嚴經》與生命圓滿之追求-四講之一 \nhttp://www.youtube.com/watch?v=SBtCWroWWG0&list=PLAD011A414EC21584&index=1\n《楞嚴經》與生命圓滿之追求-四講之二 \nhttp://www.youtube.com/watch?v=L5hKeyiT58w\n《楞嚴經》與生命圓滿之追求-四講之三\nhttp://www.youtube.com/watch?v=t1K6uZ9XlAk\n《楞嚴經》與生命圓滿之追求-四講之四 \nhttp://www.youtube.com/watch?v=1a2rdVPttn8\n《普門品》尋聲救苦觀世音-四講之一 \nhttp://www.youtube.com/watch?v=wgv2QINeuuU&list=PLD715B3EA5F3D1644&index=1\n《普門品》尋聲救苦觀世音-四講之二 \nhttp://www.youtube.com/watch?v=ora2vmruSeo');
INSERT INTO videos(vid, pid, title, description) VALUES('pznmnHSGj7M', 'PL244D774952C55268', '心的經典-三講之二', '《心經》分析人生、生命、生活的現象，皆離不開五蘊，雖在五蘊之內，卻能照見五蘊皆空，使得一切的苦厄獲得解脫；並且更深一層地指出，雖然知道五蘊組成的身心世界是空的，若能不執著於空，也不執著於有，便能夠落實於慈悲的實踐和智慧的超越。本周講堂，邀請您一起來體驗生命的自在超越。\n\n「法鼓講堂」每周三晚間7：00~9：00\n網路直播：http://www.dharmaschool.com/ddm_max/liveclass/liveclassroom.php\n\n心的經典-三講之一 \nhttp://www.youtube.com/watch?v=WXdvo0AtHkM&list=PL244D774952C55268&index=1\n\n《楞嚴經》與生命圓滿之追求-四講之一 \nhttp://www.youtube.com/watch?v=SBtCWroWWG0&list=PLAD011A414EC21584&index=1\n《楞嚴經》與生命圓滿之追求-四講之二 \nhttp://www.youtube.com/watch?v=L5hKeyiT58w\n《楞嚴經》與生命圓滿之追求-四講之三\nhttp://www.youtube.com/watch?v=t1K6uZ9XlAk\n《楞嚴經》與生命圓滿之追求-四講之四 \nhttp://www.youtube.com/watch?v=1a2rdVPttn8\n《普門品》尋聲救苦觀世音-四講之一 \nhttp://www.youtube.com/watch?v=wgv2QINeuuU&list=PLD715B3EA5F3D1644&index=1\n《普門品》尋聲救苦觀世音-四講之二 \nhttp://www.youtube.com/watch?v=ora2vmruSeo');
INSERT INTO videos(vid, pid, title, description) VALUES('CJ0XVXbxuDI', 'PL244D774952C55268', '心的經典-三講之三', '《心經》經文「無無明，亦無無明盡；乃至無老死，亦無老死盡」。從「無明」到「老死」是人類生命三世流轉的過程，稱為三世十二因緣，也就是過去世、現在世、未來世，緣生緣滅的關係。許多人都會問，為什麼父母要把我生下來？活在這世界上究竟是為了什麼呢？將來死了之後又會如何呢？聖嚴法師說：「這些問題都要從十二因緣來得到答案。」本周講堂，邀請您一同來探尋生命究竟的答案。\n\n「法鼓講堂」每周三晚間7：00~9：00\n網路直播：http://www.dharmaschool.com/ddm_max/liveclass/liveclassroom.php\n\n心的經典-三講之一 \nhttp://www.youtube.com/watch?v=WXdvo0AtHkM&list=PL244D774952C55268&index=1\n心的經典-三講之三\nhttp://www.youtube.com/watch?v=CJ0XVXbxuDI\n《楞嚴經》與生命圓滿之追求-四講之一 \nhttp://www.youtube.com/watch?v=SBtCWroWWG0&list=PLAD011A414EC21584&index=1\n《楞嚴經》與生命圓滿之追求-四講之二 \nhttp://www.youtube.com/watch?v=L5hKeyiT58w\n《楞嚴經》與生命圓滿之追求-四講之三\nhttp://www.youtube.com/watch?v=t1K6uZ9XlAk\n《楞嚴經》與生命圓滿之追求-四講之四 \nhttp://www.youtube.com/watch?v=1a2rdVPttn8\n《普門品》尋聲救苦觀世音-四講之一 \nhttp://www.youtube.com/watch?v=wgv2QINeuuU&list=PLD715B3EA5F3D1644&index=1\n《普門品》尋聲救苦觀世音-四講之二 \nhttp://www.youtube.com/watch?v=ora2vmruSeo');
INSERT INTO playlist(pid, cid, title, description) VALUES('PLAD011A414EC21584','UCMvjjfm8AFBLQvQC9gItWEw', '《楞嚴經》與生命圓滿之追求(講師：胡建財)', '《楞嚴經》是一部講述轉迷為悟的經典。通過《楞嚴經》，讓我們反省生命的迷失，並從迷失中覺悟，從虛妄中發現真實。\r\n萬法唯心所現，心態決定生活的品質，修行的目標，即是了解我們這顆心，步步回歸，「捨妄歸真」。具體而言，則是依《楞嚴經》「觀音法門」悲智雙修，以學觀音、做觀音為努力，完成生命圓滿之追求。\r\n\r\n\r\n講師介紹：華梵大學中文系副教授。\r\n參考書籍：《大佛頂首楞嚴經》。');
INSERT INTO videos(vid, pid, title, description) VALUES('SBtCWroWWG0', 'PLAD011A414EC21584', '《楞嚴經》與生命圓滿之追求-四講之一', '《楞嚴經》是一部轉迷為悟寶典。第一講：「生命的智慧」即將登場。滾滾紅塵，您感到失落與困惑嗎？在講師精闢的解說中，引導您深入經意，勘破世間真相，不再迷失，開發生命的大智慧。\n\n「法鼓講堂」每周三晚間7：00~9：00\n網路直播：http://www.dharmaschool.com/ddm_max/liveclass/liveclassroom.php\n\n《楞嚴經》與生命圓滿之追求-四講之二 \nhttp://www.youtube.com/watch?v=L5hKeyiT58w\n《楞嚴經》與生命圓滿之追求-四講之三\nhttp://www.youtube.com/watch?v=t1K6uZ9XlAk\n《楞嚴經》與生命圓滿之追求-四講之四 \nhttp://www.youtube.com/watch?v=1a2rdVPttn8\n\n觀音妙智─耳根圓通法門-四講之一 \nhttp://www.youtube.com/watch?v=olQ0jZxrhls&list=PL511DC453F7FE54F3&index=1\n觀音妙智─耳根圓通法門-四講之二 \nhttp://www.youtube.com/watch?v=dDY6JyeZjxw\n觀音妙智─耳根圓通法門-四講之三\nhttp://www.youtube.com/watch?v=FCyUVaDzH5M\n觀音妙智─耳根圓通法門-四講之四 \nhttp://www.youtube.com/watch?v=D48DewzdHTg\n\n《普門品》尋聲救苦觀世音-四講之一 \nhttp://www.youtube.com/watch?v=wgv2QINeuuU&list=PLD715B3EA5F3D1644&index=1');
INSERT INTO videos(vid, pid, title, description) VALUES('L5hKeyiT58w', 'PLAD011A414EC21584', '《楞嚴經》與生命圓滿之追求-四講之二', '《楞嚴經》與生命圓滿之追求系列講座，第二單元將帶領我們一同進入「 生命迷失的探討」與「生命的發現與肯定」，讓眾生通過《楞嚴經》，深刻地反省生命，進而從迷失中一一覺悟。精闢入理的精彩課程，邀請您一同來領略。\n\n「法鼓講堂」每周三晚間7：00~9：00\n網路直播：http://www.dharmaschool.com/ddm_max/liveclass/liveclassroom.php\n\n《楞嚴經》與生命圓滿之追求-四講之一 \nhttp://www.youtube.com/watch?v=SBtCWroWWG0&list=PLAD011A414EC21584&index=1\n《楞嚴經》與生命圓滿之追求-四講之三\nhttp://www.youtube.com/watch?v=t1K6uZ9XlAk\n《楞嚴經》與生命圓滿之追求-四講之四 \nhttp://www.youtube.com/watch?v=1a2rdVPttn8\n\n觀音妙智─耳根圓通法門-四講之一 \nhttp://www.youtube.com/watch?v=olQ0jZxrhls&list=PL511DC453F7FE54F3&index=1\n觀音妙智─耳根圓通法門-四講之二 \nhttp://www.youtube.com/watch?v=dDY6JyeZjxw\n觀音妙智─耳根圓通法門-四講之三\nhttp://www.youtube.com/watch?v=FCyUVaDzH5M\n觀音妙智─耳根圓通法門-四講之四 \nhttp://www.youtube.com/watch?v=D48DewzdHTg\n\n《普門品》尋聲救苦觀世音-四講之一 \nhttp://www.youtube.com/watch?v=wgv2QINeuuU&list=PLD715B3EA5F3D1644&index=1');
INSERT INTO videos(vid, pid, title, description) VALUES('t1K6uZ9XlAk', 'PLAD011A414EC21584', '《楞嚴經》與生命圓滿之追求-四講之三', '《楞嚴經》與生命圓滿之追求系列講座，第三單元講題為「四科七大」之虛妄與「二十五圓通」之智慧。究竟何謂「四科七大」與「二十五圓通」呢？這些觀念與方法又是如何引領我們從虛妄中發現實相，進而提昇我們的生命品質呢？精采可期的課程內容，您千萬別錯過喔。\n\n「法鼓講堂」每周三晚間7：00~9：00\n網路直播：http://www.dharmaschool.com/ddm_max/liveclass/liveclassroom.php\n\n《楞嚴經》與生命圓滿之追求-四講之一 \nhttp://www.youtube.com/watch?v=SBtCWroWWG0&list=PLAD011A414EC21584&index=1\n《楞嚴經》與生命圓滿之追求-四講之二 \nhttp://www.youtube.com/watch?v=L5hKeyiT58w\n《楞嚴經》與生命圓滿之追求-四講之四 \nhttp://www.youtube.com/watch?v=1a2rdVPttn8\n\n觀音妙智─耳根圓通法門-四講之一 \nhttp://www.youtube.com/watch?v=olQ0jZxrhls&list=PL511DC453F7FE54F3&index=1\n觀音妙智─耳根圓通法門-四講之二 \nhttp://www.youtube.com/watch?v=dDY6JyeZjxw\n觀音妙智─耳根圓通法門-四講之三\nhttp://www.youtube.com/watch?v=FCyUVaDzH5M\n觀音妙智─耳根圓通法門-四講之四 \nhttp://www.youtube.com/watch?v=D48DewzdHTg\n\n《普門品》尋聲救苦觀世音-四講之一 \nhttp://www.youtube.com/watch?v=wgv2QINeuuU&list=PLD715B3EA5F3D1644&index=1');
INSERT INTO videos(vid, pid, title, description) VALUES('1a2rdVPttn8', 'PLAD011A414EC21584', '《楞嚴經》與生命圓滿之追求-四講之四', '本周主題：楞嚴經「耳根圓通法門」觀音菩薩用耳根修行，反聞聞自性，從迷轉悟，證得如來妙智，且以廣大慈悲願力化無量身，悲智雙運廣度一切眾生。究竟何謂耳根圓通法門呢？反聞聞自性又該如何練習？精彩可期的課程，將為您揭曉殊勝的耳根圓通法門！\n\n「法鼓講堂」每周三晚間7：00~9：00\n網路直播：http://www.dharmaschool.com/ddm_max/liveclass/liveclassroom.php\n\n《楞嚴經》與生命圓滿之追求-四講之一 \nhttp://www.youtube.com/watch?v=SBtCWroWWG0&list=PLAD011A414EC21584&index=1\n《楞嚴經》與生命圓滿之追求-四講之二 \nhttp://www.youtube.com/watch?v=L5hKeyiT58w\n《楞嚴經》與生命圓滿之追求-四講之三\nhttp://www.youtube.com/watch?v=t1K6uZ9XlAk\n\n觀音妙智─耳根圓通法門-四講之一 \nhttp://www.youtube.com/watch?v=olQ0jZxrhls&list=PL511DC453F7FE54F3&index=1\n觀音妙智─耳根圓通法門-四講之二 \nhttp://www.youtube.com/watch?v=dDY6JyeZjxw\n觀音妙智─耳根圓通法門-四講之三\nhttp://www.youtube.com/watch?v=FCyUVaDzH5M\n\n《普門品》尋聲救苦觀世音-四講之一 \nhttp://www.youtube.com/watch?v=wgv2QINeuuU&list=PLD715B3EA5F3D1644&index=1');
INSERT INTO playlist(pid, cid, title, description) VALUES('PLD715B3EA5F3D1644','UCMvjjfm8AFBLQvQC9gItWEw', '觀世音菩薩普門品（講師：果竣法師）', '《普門品》是《法華經》之中，流通最廣的一品。而觀音菩薩救濟苦難、度脫眾生的形象，更是菩薩行者的最佳典範。本月份法鼓講堂邀請到僧伽大學講師--果竣法師為我們深入解­說《普門品》，讓我們一起來學習觀世音菩薩的普門示現，在現實生活中，提昇自己，利益他人。精彩課程，您千萬別錯過喔。');
INSERT INTO videos(vid, pid, title, description) VALUES('wgv2QINeuuU', 'PLD715B3EA5F3D1644', '觀世音菩薩普門品-四講之一', '《普門品》是《法華經》之中，流通最廣的一品。而觀音菩薩救濟苦難、度脫眾生的形象，更是菩薩行者的最佳典範。本月份法鼓講堂邀請到僧伽大學講師--果竣法師為我們深入解說《普門品》，讓我們一起來學習觀世音菩薩的普門示現，在現實生活中，提昇自己，利益他人。精彩課程，您千萬別錯過喔。\n\n「法鼓講堂」每周三晚間7：00~9：00\n網路直播：http://www.dharmaschool.com/ddm_max/liveclass/liveclassroom.php\n\n 《普門品》尋聲救苦觀世音-四講之二 \nhttp://www.youtube.com/watch?v=ora2vmruSeo\n《普門品》尋聲救苦觀世音-四講之三 \nhttp://www.youtube.com/watch?v=x-RGMTDhXkA\n《普門品》尋聲救苦觀世音-四講之四 \nhttp://www.youtube.com/watch?v=Uqt41g8oXZE\n\n心的經典-三講之一 \nhttp://www.youtube.com/watch?v=WXdvo0AtHkM&list=PL244D774952C55268&index=1\n心的經典-三講之二\nhttp://www.youtube.com/watch?v=pznmnHSGj7M\n心的經典-三講之三\nhttp://www.youtube.com/watch?v=CJ0XVXbxuDI\n\n《八十八佛洪名寶懺》-四講之一 \nhttp://www.youtube.com/watch?v=trdlN_zzDKE&list=PL40F9D6CC8BC18ACC&index=1\n《八十八佛洪名寶懺》-四講之二 \nhttp://www.youtube.com/watch?v=yAD4gM2yGbk');
INSERT INTO videos(vid, pid, title, description) VALUES('ora2vmruSeo', 'PLD715B3EA5F3D1644', '觀世音菩薩普門品-四講之二', '《普門品》中說到：「 如應以何身得度者，觀世音菩薩即現何身而為說法。」觀音菩薩為利益、安樂一切眾生，化無量身，有求必應。而觀世音菩薩究竟有多少化身呢？觀音菩薩又是如何來化導娑婆世界的苦難呢？本周果竣法師將帶領我們一一了解觀音菩薩的大悲、大智與大力。課程內容精彩可期，邀請您一同領略。\n\n「法鼓講堂」每周三晚間7：00~9：00\n網路直播：http://www.dharmaschool.com/ddm_max/liveclass/liveclassroom.php\n\n《普門品》尋聲救苦觀世音-四講之一 \nhttp://www.youtube.com/watch?v=wgv2QINeuuU&list=PLD715B3EA5F3D1644&index=1\n《普門品》尋聲救苦觀世音-四講之三 \nhttp://www.youtube.com/watch?v=x-RGMTDhXkA\n《普門品》尋聲救苦觀世音-四講之四 \nhttp://www.youtube.com/watch?v=Uqt41g8oXZE\n\n心的經典-三講之一 \nhttp://www.youtube.com/watch?v=WXdvo0AtHkM&list=PL244D774952C55268&index=1\n心的經典-三講之二\nhttp://www.youtube.com/watch?v=pznmnHSGj7M\n心的經典-三講之三\nhttp://www.youtube.com/watch?v=CJ0XVXbxuDI\n\n《八十八佛洪名寶懺》-四講之一 \nhttp://www.youtube.com/watch?v=trdlN_zzDKE&list=PL40F9D6CC8BC18ACC&index=1\n《八十八佛洪名寶懺》-四講之二 \nhttp://www.youtube.com/watch?v=yAD4gM2yGbk');
INSERT INTO videos(vid, pid, title, description) VALUES('x-RGMTDhXkA', 'PLD715B3EA5F3D1644', '觀世音菩薩普門品-四講之三', '觀世音菩薩，無量劫來，成就大慈大悲法門，救拔眾生。於生死苦海之中，為眾生作船筏，於無明的黑暗長夜之中，為眾生作明燈。《普門品》中，更是清楚說到當眾生以虔誠、清淨心一心稱念觀音聖號，無苦不拔，無樂不予。本周果竣法師將為我們深入解說大慈大悲觀音菩薩的無量功德力，令一切聽聞者皆能信解、受持。精彩課程，您千萬別錯過喔。\n\n「法鼓講堂」每周三晚間7：00~9：00\n網路直播：http://www.dharmaschool.com/ddm_max/liveclass/liveclassroom.php\n\n《普門品》尋聲救苦觀世音-四講之一 \nhttp://www.youtube.com/watch?v=wgv2QINeuuU&list=PLD715B3EA5F3D1644&index=1\n《普門品》尋聲救苦觀世音-四講之二 \nhttp://www.youtube.com/watch?v=ora2vmruSeo\n《普門品》尋聲救苦觀世音-四講之四 \nhttp://www.youtube.com/watch?v=Uqt41g8oXZE\n\n心的經典-三講之一 \nhttp://www.youtube.com/watch?v=WXdvo0AtHkM&list=PL244D774952C55268&index=1\n心的經典-三講之二\nhttp://www.youtube.com/watch?v=pznmnHSGj7M\n心的經典-三講之三\nhttp://www.youtube.com/watch?v=CJ0XVXbxuDI\n\n《八十八佛洪名寶懺》-四講之一 \nhttp://www.youtube.com/watch?v=trdlN_zzDKE&list=PL40F9D6CC8BC18ACC&index=1\n《八十八佛洪名寶懺》-四講之二 \nhttp://www.youtube.com/watch?v=yAD4gM2yGbk');
INSERT INTO videos(vid, pid, title, description) VALUES('Uqt41g8oXZE', 'PLD715B3EA5F3D1644', '觀世音菩薩普門品-四講之四', '現今社會的苦難、災禍頻生，人心的不安與苦痛實是迫切需要觀音菩薩的慈悲救拔。本月份的法鼓講堂，誠摯邀請大家一同來聆聽《觀世音菩薩普門品》，並祈願一切眾生皆能恆念觀世音菩薩聖號，並在日常生活之中學習觀世音菩薩悲心救苦、慈心予樂的精神，使得日益嚴重的人我對立、仇恨、鬥爭皆能逐一消彌於無形，一切眾生皆能生活幸福，心靈快樂！精彩課程，邀您一同領略。\n\n「法鼓講堂」每周三晚間7：00~9：00\n網路直播：http://www.dharmaschool.com/ddm_max/liveclass/liveclassroom.php\n\n《普門品》尋聲救苦觀世音-四講之一 \nhttp://www.youtube.com/watch?v=wgv2QINeuuU&list=PLD715B3EA5F3D1644&index=1\n《普門品》尋聲救苦觀世音-四講之二 \nhttp://www.youtube.com/watch?v=ora2vmruSeo\n《普門品》尋聲救苦觀世音-四講之三 \nhttp://www.youtube.com/watch?v=x-RGMTDhXkA\n\n心的經典-三講之一 \nhttp://www.youtube.com/watch?v=WXdvo0AtHkM&list=PL244D774952C55268&index=1\n心的經典-三講之二\nhttp://www.youtube.com/watch?v=pznmnHSGj7M\n心的經典-三講之三\nhttp://www.youtube.com/watch?v=CJ0XVXbxuDI\n\n《八十八佛洪名寶懺》-四講之一 \nhttp://www.youtube.com/watch?v=trdlN_zzDKE&list=PL40F9D6CC8BC18ACC&index=1\n《八十八佛洪名寶懺》-四講之二 \nhttp://www.youtube.com/watch?v=yAD4gM2yGbk');
INSERT INTO playlist(pid, cid, title, description) VALUES('PL5E30DCA4DF9F4D66','UCMvjjfm8AFBLQvQC9gItWEw', '極樂世界共遨遊《阿彌陀經》（講師：果竣法師）', '');
INSERT INTO videos(vid, pid, title, description) VALUES('4NGbwIldQUA', 'PL5E30DCA4DF9F4D66', '極樂世界共遨遊--《阿彌陀經》-第一講', '聖嚴法師曾說：若念佛人相信阿彌陀佛的本願功德，全在每一聲的佛號之中，也全在自己當下念佛的一念之中。若能如此，則一念念佛時，一念見淨土，念念念佛時，念念見淨土。本周講座，果竣法師將為我們介紹《阿彌陀經》與《人間淨土》的甚深意涵，讓我們在儲備彌陀淨土資糧的同時，也能體驗人間淨土的實現。');
INSERT INTO videos(vid, pid, title, description) VALUES('4IL0XfKZJY0', 'PL5E30DCA4DF9F4D66', '極樂世界共遨遊--《阿彌陀經》-第二講', '娑婆教主釋迦世尊，總在各處經典之中，大力稱揚、讚歎阿彌陀佛的願力宏深。不論上智下愚，只要相信阿彌陀佛的願力，願生西方淨土，即蒙慈悲攝受。本周第二講，法師將為我們介紹「阿彌陀佛最深的願望」，帶領大家一同進入阿彌陀佛的慈悲願海之中，共同感受大願彌陀的無盡呵護。');
INSERT INTO videos(vid, pid, title, description) VALUES('q4mOSOXFtgQ', 'PL5E30DCA4DF9F4D66', '極樂世界共遨遊--《阿彌陀經》-第三講', '彌陀大願王以其慈悲願力，發願接引娑婆眾生至西方淨土。本周講座，法師將為我們介紹《阿彌陀經》的修行方法與次第，讓我們更懂得如何準備行囊，以赴阿彌陀佛之約喔！精彩內容，您千萬別錯過喔！');
INSERT INTO videos(vid, pid, title, description) VALUES('mWJQz9nMxeg', 'PL5E30DCA4DF9F4D66', '極樂世界共遨遊--《阿彌陀經》-第四講', '本周課程，果竣法師將為我們講述《阿彌陀經》的清淨之道與禪淨不二。透過法師平易近人、深入淺出的闡釋，讓我們突破宗派的框架與藩籬，一同認識禪淨不二的殊勝義涵與真諦。');
INSERT INTO playlist(pid, cid, title, description) VALUES('PLE473948C4128662C','UCMvjjfm8AFBLQvQC9gItWEw', '諸佛的搖籃《菩薩戒指要》導讀（講師：果會法師）', '');
INSERT INTO videos(vid, pid, title, description) VALUES('fpyVgVHTaDI', 'PLE473948C4128662C', '諸佛的搖籃 《菩薩戒指要》導讀之一', '三世諸佛，皆因受持菩薩戒而成佛。從初發心的凡夫菩薩，到最後圓滿佛果，這一路陪伴、指引、護持我們的，正是涵攝一切善法的菩薩戒。而這樣殊勝的菩薩戒適合現代人受持嗎？­受戒後，會不會很難持守呢？在生活中，會不會有很多限制呢？本周講座將一一為您解惑釋疑，精彩內容您千萬別錯過喔！\r\n\r\n「法鼓講堂」每周三晚間7：00~9：00\r\n網路直播：http://www.dharmaschool.com/ddm_max/liveclass/liveclassroom.php');
INSERT INTO videos(vid, pid, title, description) VALUES('fdfQlu8TBc4', 'PLE473948C4128662C', '諸佛的搖籃 《菩薩戒指要》導讀之二', '聖嚴師父曾說：「菩薩戒的內涵，是以清淨的身心，增長慈悲與智慧的功德。故從佛教著述中，探明菩薩戒的心要，就在於僧俗四眾都能通用的三聚、十善、十無盡戒。」而什麼是三­聚、十善、十無盡戒呢？本周講座將一一詳細探討、說明，精彩內容您別錯過喔！\r\n\r\n「法鼓講堂」每周三晚間7：00~9：00\r\n網路直播：http://www.dharmaschool.com/ddm_max/liveclass/liveclassroom.php');
INSERT INTO videos(vid, pid, title, description) VALUES('ABYLku1RSjI', 'PLE473948C4128662C', '諸佛的搖籃 《菩薩戒指要》導讀之三', '聖嚴法師時常勉勵大眾：「有戒可犯是菩薩，無戒可犯是外道。」受持菩薩戒，或是不受持菩薩戒，究竟對學佛的我們有什麼差別呢？是否有什麼樣的增益或減損呢？本周講座會逐一­的闡述與解答，精彩內容您千萬別錯過！\r\n\r\n「法鼓講堂」每周三晚間7：00~9：00\r\n網路直播：http://www.dharmaschool.com/ddm_max/liveclass/liveclassroom.php');
INSERT INTO playlist(pid, cid, title, description) VALUES('PL63936B63DF85EE2A','UCMvjjfm8AFBLQvQC9gItWEw', '禪門必修-從心靈環保出發 (講師：果興法師)', '');
INSERT INTO videos(vid, pid, title, description) VALUES('ewqPd79GYv8', 'PL63936B63DF85EE2A', '禪門必修--從心靈環保出發-四講之四', '果興法師將為我們講述「止觀法門」與「默照禪」。默照禪法，能幫助我們處理憂慮、煩惱、興奮等情緒；無論在行住坐臥，或人際互動中，都能輕鬆體驗禪法的無盡妙用。\r\n\r\n「法鼓講堂」每周三晚間7：00~9：00\r\n網路直播：http://www.dharmaschool.com/ddm_max/liveclass/liveclassroom.php');
INSERT INTO videos(vid, pid, title, description) VALUES('BryUB7sUDjI', 'PL63936B63DF85EE2A', '禪門必修--從心靈環保出發-四講之三', '本周果興法師將為我們詳實的解說「般若法門」：空的智慧，以及體驗「空性」最有力的禪修行方法：「話頭禪」。話頭被喻為「金剛王寶劍」，破魔障、斷妄念的威力驚人，豐富的­內容，絕對精采可期，您千萬別錯過囉！\r\n\r\n「法鼓講堂」每周三晚間7：00~9：00\r\n網路直播：http://www.dharmaschool.com/ddm_max/liveclass/liveclassroom.php');
INSERT INTO videos(vid, pid, title, description) VALUES('QH2bOmXNA2Y', 'PL63936B63DF85EE2A', '禪門必修--從心靈環保出發-四講之二', '聖嚴師父說：「禪是法鼓山的根本法門，但我們亦鼓勵人人念佛，也每年定期舉辦佛七共修」。究竟念佛與禪修如何相輔相成與融會貫通呢？本周講座將為您詳細分析與解說喔！\r\n\r\n「法鼓講堂」每周三晚間7：00~9：00\r\n網路直播：http://www.dharmaschool.com/ddm_max/liveclass/liveclassroom.php');
INSERT INTO videos(vid, pid, title, description) VALUES('Yq7WKaz9i-I', 'PL63936B63DF85EE2A', '禪門必修--從心靈環保出發-四講之一', '自達摩祖師將禪法帶入中國以來，迄今已開演出不少各具特色的禪修方法。本月份法鼓講堂將分四個講次，逐一為大家介紹「安般禪」、「念佛禪」、「話頭禪」與「默照禪」，希望­透過一系列的課程安排，讓大家對禪法有更廣、更深的認識與了解。而本周首先推出的主題為「觀音法門與安般禪」。究竟什麼是安般禪呢？什麼是觀音法門呢？這些修行方法對我們­又有什麼樣的幫助呢？精彩可期的內容，盡在本周課程，您千萬別錯過喔。\r\n\r\n「法鼓講堂」每周三晚間7：00~9：00\r\n網路直播：http://www.dharmaschool.com/ddm_max/liveclass/liveclassroom.php');
INSERT INTO playlist(pid, cid, title, description) VALUES('PL40F9D6CC8BC18ACC','UCMvjjfm8AFBLQvQC9gItWEw', '《八十八佛洪名寶懺》（講師：果慨法師）', '禮懺是修習戒、定、慧的重要行法，而「八十八佛洪名寶懺」是最普遍的懺法，更是佛門弟子每日晚課念誦的懺悔文。本次法鼓講堂將邀請法鼓山僧團三學院監院果慨法師為我們講述《八十八佛洪名寶懺》，帶領大家深入懺悔法門，正確認識懺法的殊勝妙用，精彩課程您千萬別錯過喔。');
INSERT INTO videos(vid, pid, title, description) VALUES('trdlN_zzDKE', 'PL40F9D6CC8BC18ACC', '《八十八佛洪名寶懺》-四講之一', '禮懺是修習戒、定、慧的重要行法，而「八十八佛洪名寶懺」是最普遍的懺法，更是佛門弟子每日晚課念誦的懺悔文。本次法鼓講堂將邀請法鼓山僧團果慨法師為我們講述《八十八佛洪名寶懺》，帶領大家深入懺悔法門，正確認識懺法的殊勝妙用，精彩課程您千萬別錯過喔。\n\n課程講義：\n講義\nhttp://web.ddm.org.tw/main/download.aspx?dlid=86&dlfn=2012-0411-01.pdf\n講義-2\nhttp://web.ddm.org.tw/main/download.aspx?dlid=88&dlfn=2012-0411-02.pdf\n\n「法鼓講堂」每周三晚間7：00~9：00\n網路直播：http://www.dharmaschool.com/ddm_max/liveclass/liveclassroom.php\n\n《八十八佛洪名寶懺》-四講之二 \nhttp://www.youtube.com/watch?v=yAD4gM2yGbk\n《八十八佛洪名寶懺》-四講之三\nhttp://www.youtube.com/watch?v=yjfP0WMIkFk\n《八十八佛洪名寶懺》-四講之四 \nhttp://www.youtube.com/watch?v=g7MD5An0cA8\n《永嘉證道歌》-（四講之一 ）-1/4 \nhttp://www.youtube.com/watch?v=gW9lsL229ec&list=PL3687DD4DA0D0ACF3&index=1\n《永嘉證道歌》-（四講之一 ）-2/4 \nhttp://www.youtube.com/watch?v=KpDbb3cISsw\n《永嘉證道歌》-（四講之三 ） \nhttp://www.youtube.com/watch?v=s_op_8OkJFc\n《永嘉證道歌》-（四講之四 ） \n\nhttp://www.youtube.com/watch?v=5DjL0qnH4jM\n極樂世界共遨遊--《阿彌陀經》-第一講-1/4 \nhttp://www.youtube.com/watch?v=BjlGBkMmlzo&list=PL5E30DCA4DF9F4D66&index=1');
INSERT INTO videos(vid, pid, title, description) VALUES('yAD4gM2yGbk', 'PL40F9D6CC8BC18ACC', '《八十八佛洪名寶懺》-四講之二', '本周講座，果慨法師將繼續引領我們確切掌握懺悔法門的殊勝妙用及其精神，透過法師深入淺出的闡釋，讓我們在禮拜八十八佛之時，能徹底發起懺悔眾過、斷惡修善之心，並透過虔敬禮讚諸佛功德之行，廣發大乘菩提之心。課程內容精彩可期，邀請您一同來領略。\n\n「法鼓講堂」每周三晚間7：00~9：00\n網路直播：http://www.dharmaschool.com/ddm_max/liveclass/liveclassroom.php\n\n《八十八佛洪名寶懺》-四講之一 \nhttp://www.youtube.com/watch?v=trdlN_zzDKE&list=PL40F9D6CC8BC18ACC&index=1\n《八十八佛洪名寶懺》-四講之三\nhttp://www.youtube.com/watch?v=yjfP0WMIkFk\n《八十八佛洪名寶懺》-四講之四 \nhttp://www.youtube.com/watch?v=g7MD5An0cA8\n《永嘉證道歌》-（四講之一 ）-1/4 \nhttp://www.youtube.com/watch?v=gW9lsL229ec&list=PL3687DD4DA0D0ACF3&index=1\n《永嘉證道歌》-（四講之一 ）-2/4 \nhttp://www.youtube.com/watch?v=KpDbb3cISsw\n《永嘉證道歌》-（四講之三 ） \nhttp://www.youtube.com/watch?v=s_op_8OkJFc\n《永嘉證道歌》-（四講之四 ） \n\nhttp://www.youtube.com/watch?v=5DjL0qnH4jM\n極樂世界共遨遊--《阿彌陀經》-第一講-1/4 \nhttp://www.youtube.com/watch?v=BjlGBkMmlzo&list=PL5E30DCA4DF9F4D66&index=1');
INSERT INTO videos(vid, pid, title, description) VALUES('yjfP0WMIkFk', 'PL40F9D6CC8BC18ACC', '《八十八佛洪名寶懺》-四講之三', '經典中說「發露懺悔」能對身心有積極的淨化作用。但什麼是「發露」？如何才能如實的發露懺悔呢？本周課程，帶您領略懺悔法門的真義，與實際運用的方法，並徹底認識自己、提昇自己。課程內容精彩可期，邀請您一同來領略。\n\n「法鼓講堂」每周三晚間7：00~9：00\n網路直播：http://www.dharmaschool.com/ddm_max/liveclass/liveclassroom.php\n\n《八十八佛洪名寶懺》-四講之一 \nhttp://www.youtube.com/watch?v=trdlN_zzDKE&list=PL40F9D6CC8BC18ACC&index=1\n《八十八佛洪名寶懺》-四講之二 \nhttp://www.youtube.com/watch?v=yAD4gM2yGbk\n《八十八佛洪名寶懺》-四講之四 \nhttp://www.youtube.com/watch?v=g7MD5An0cA8\n\n《永嘉證道歌》-（四講之一 ）-1/4 \nhttp://www.youtube.com/watch?v=gW9lsL229ec&list=PL3687DD4DA0D0ACF3&index=1\n《永嘉證道歌》-（四講之一 ）-2/4 \nhttp://www.youtube.com/watch?v=KpDbb3cISsw\n《永嘉證道歌》-（四講之三 ） \nhttp://www.youtube.com/watch?v=s_op_8OkJFc\n《永嘉證道歌》-（四講之四 ） \n\nhttp://www.youtube.com/watch?v=5DjL0qnH4jM\n極樂世界共遨遊--《阿彌陀經》-第一講-1/4 \nhttp://www.youtube.com/watch?v=BjlGBkMmlzo&list=PL5E30DCA4DF9F4D66&index=1');
INSERT INTO videos(vid, pid, title, description) VALUES('g7MD5An0cA8', 'PL40F9D6CC8BC18ACC', '《八十八佛洪名寶懺》-四講之四', '古德常言：懺悔的功能在於承認錯誤，並勇於面對罪過的責任，承認與面對之後，還需至誠發願從今爾後改過自新，讓自己的身口意三業能夠漸漸地轉向慈悲與智慧的方向邁進。本周第四講，法師將帶領我們深切體認發願的力用與層次，讓我們透過懺悔發願的方法，徹底消彌前非、改過遷善。精彩課程，邀您一同來領略。\n\n「法鼓講堂」每周三晚間7：00~9：00\n網路直播：http://www.dharmaschool.com/ddm_max/liveclass/liveclassroom.php\n\n《八十八佛洪名寶懺》-四講之一 \nhttp://www.youtube.com/watch?v=trdlN_zzDKE&list=PL40F9D6CC8BC18ACC&index=1\n《八十八佛洪名寶懺》-四講之二 \nhttp://www.youtube.com/watch?v=yAD4gM2yGbk\n《八十八佛洪名寶懺》-四講之三\nhttp://www.youtube.com/watch?v=yjfP0WMIkFk\n\n《永嘉證道歌》-（四講之一 ）-1/4 \nhttp://www.youtube.com/watch?v=gW9lsL229ec&list=PL3687DD4DA0D0ACF3&index=1\n《永嘉證道歌》-（四講之一 ）-2/4 \nhttp://www.youtube.com/watch?v=KpDbb3cISsw\n《永嘉證道歌》-（四講之三 ） \nhttp://www.youtube.com/watch?v=s_op_8OkJFc\n《永嘉證道歌》-（四講之四 ） \n\nhttp://www.youtube.com/watch?v=5DjL0qnH4jM\n極樂世界共遨遊--《阿彌陀經》-第一講-1/4 \nhttp://www.youtube.com/watch?v=BjlGBkMmlzo&list=PL5E30DCA4DF9F4D66&index=1');
INSERT INTO playlist(pid, cid, title, description) VALUES('PL3687DD4DA0D0ACF3','UCMvjjfm8AFBLQvQC9gItWEw', '《永嘉大師證道歌》釋義（講師：果毅法師）', '傳承千古的《永嘉證道歌》，透過普化中心副督監果毅法師深入淺出的闡釋，引領我們一同穿越時空的藩籬，貼近永嘉大師證悟的印跡，幫助禪修者深入修行，體會禪的不可思議之境。本周講次即將進入尾聲，內容精彩可期，您千萬別錯過囉。');
INSERT INTO videos(vid, pid, title, description) VALUES('wsM8ZHcSzz4', 'PL3687DD4DA0D0ACF3', '《永嘉大師證道歌》釋義-（四講之一 ）', '永嘉禪師曾參詣六祖慧能大師，受到六祖的印可而留住一宿，留下「一宿覺」的佳話。《證道歌》內容單刀直指，意境深遠，清楚說明了悟前悟後的修行方法與態度。並指導我們如何­修行、如何生活、如何看待這個世界，用禪法自助助人。精彩課程邀您一同來深入這千古傳誦的智慧法語。\n\n「法鼓講堂」每周三晚間7：00~9：00\n網路直播：http://www.dharmaschool.com/ddm_max/liveclass/liveclassroom.php');
INSERT INTO videos(vid, pid, title, description) VALUES('FHgMZCFQp1c', 'PL3687DD4DA0D0ACF3', '《永嘉大師證道歌》釋義-（四講之二 ）', '《永嘉證道歌》傳誦千年，是理路清晰、層次分明、易解易行的智慧法語，透過果毅法師深入淺出的講解，並搭配精彩、生動的佛典故事，帶領我們一窺永嘉大師充滿智慧的內心世界。精彩課程，您千萬別錯過了。\n\n「法鼓講堂」每周三晚間7：00~9：00\n網路直播：http://www.dharmaschool.com/ddm_max/liveclass/liveclassroom.php\n\n《永嘉證道歌》-（四講之一 ）-1/4 \nhttp://www.youtube.com/watch?v=gW9lsL229ec&list=PL3687DD4DA0D0ACF3&index=1\n《永嘉證道歌》-（四講之一 ）-2/4 \nhttp://www.youtube.com/watch?v=KpDbb3cISsw\n《永嘉證道歌》-（四講之一 ）-3/4 \nhttp://www.youtube.com/watch?v=fueUqpIaLfI&list=PL3687DD4DA0D0ACF3&index=3\n《永嘉證道歌》-（四講之一 ）-4/4 \nhttp://www.youtube.com/watch?v=5ymB61aeows&list=PL3687DD4DA0D0ACF3&index=4\n《永嘉證道歌》-（四講之三 ） \nhttp://www.youtube.com/watch?v=s_op_8OkJFc\n《永嘉證道歌》-（四講之四 ） \n\nhttp://www.youtube.com/watch?v=5DjL0qnH4jM\n極樂世界共遨遊--《阿彌陀經》-第一講-1/4 \nhttp://www.youtube.com/watch?v=BjlGBkMmlzo&list=PL5E30DCA4DF9F4D66&index=1\n極樂世界共遨遊--《阿彌陀經》-第一講-2/4 \nhttp://www.youtube.com/watch?v=0CZfMmgV8Wk\n極樂世界共遨遊--《阿彌陀經》-第一講-3/4\nhttp://www.youtube.com/watch?v=LQ8FLwjhXig\n極樂世界共遨遊--《阿彌陀經》-第一講-4/4\nhttp://www.youtube.com/watch?v=FYKYSGVyzHM\n極樂世界共遨遊--《阿彌陀經》-第二講-1/4 \nhttp://www.youtube.com/watch?v=vPeD-cYokx0\n極樂世界共遨遊--《阿彌陀經》-第二講-2/4 \nhttp://www.youtube.com/watch?v=KGOVwlvyZ2w\n極樂世界共遨遊--《阿彌陀經》-第二講-3/4\nhttp://www.youtube.com/watch?v=nN_RAoFxDGU\n極樂世界共遨遊--《阿彌陀經》-第二講-4/4 \nhttp://www.youtube.com/watch?v=GW2sdeySRhM\n極樂世界共遨遊--《阿彌陀經》-第三講-1/4 \nhttp://www.youtube.com/watch?v=h4bU5SHmWE8\n極樂世界共遨遊--《阿彌陀經》-第三講-2/4 \nhttp://www.youtube.com/watch?v=PUB0rT0olrA\n極樂世界共遨遊--《阿彌陀經》-第三講-3/4 \nhttp://www.youtube.com/watch?v=y_Uh6-hkuYs\n極樂世界共遨遊--《阿彌陀經》-第三講-4/4 \nhttp://www.youtube.com/watch?v=EusOjdjX9QM\n極樂世界共遨遊--《阿彌陀經》-第四講-1/4 \nhttp://www.youtube.com/watch?v=PxgxwKd22RA\n極樂世界共遨遊--《阿彌陀經》-第四講-2/4 \nhttp://www.youtube.com/watch?v=am4vz_TtcY0\n極樂世界共遨遊--《阿彌陀經》-第四講-3/4 \nhttp://www.youtube.com/watch?v=vhVx1sjIqks\n極樂世界共遨遊--《阿彌陀經》-第四講-4/4 \nhttp://www.youtube.com/watch?v=2rXsHPa5FrY\n諸佛的搖籃--《菩薩戒指要》導讀-（三講之一）-1/3 \nhttp://www.youtube.com/watch?v=6pI3phA-Lio&list=PLE473948C4128662C&index=1');
INSERT INTO videos(vid, pid, title, description) VALUES('s_op_8OkJFc', 'PL3687DD4DA0D0ACF3', '《永嘉大師證道歌》釋義-（四講之三 ）', '本周講座延續《永嘉證道歌》的偈頌講解，透過普化中心副督監果毅法師精闢入理又活潑的分享，引領我們將永嘉大師的智慧法語活用於自身的日常生活之中。課程內容精彩萬分，邀­請您一同來領略。\n\n「法鼓講堂」每周三晚間7：00~9：00\n網路直播：http://www.dharmaschool.com/ddm_max/liveclass/liveclassroom.php\n\n《永嘉證道歌》-（四講之一 ）-1/4 \nhttp://www.youtube.com/watch?v=gW9lsL229ec&list=PL3687DD4DA0D0ACF3&index=1\n《永嘉證道歌》-（四講之一 ）-2/4 \nhttp://www.youtube.com/watch?v=KpDbb3cISsw\n《永嘉證道歌》-（四講之一 ）-3/4 \nhttp://www.youtube.com/watch?v=fueUqpIaLfI&list=PL3687DD4DA0D0ACF3&index=3\n《永嘉證道歌》-（四講之一 ）-4/4 \nhttp://www.youtube.com/watch?v=5ymB61aeows&list=PL3687DD4DA0D0ACF3&index=4\n《永嘉證道歌》-（四講之二 ） \nhttp://www.youtube.com/watch?v=FHgMZCFQp1c&list=PL3687DD4DA0D0ACF3&index=6\n《永嘉證道歌》-（四講之四 ） \n\nhttp://www.youtube.com/watch?v=5DjL0qnH4jM\n極樂世界共遨遊--《阿彌陀經》-第一講-1/4 \nhttp://www.youtube.com/watch?v=BjlGBkMmlzo&list=PL5E30DCA4DF9F4D66&index=1\n極樂世界共遨遊--《阿彌陀經》-第一講-2/4 \nhttp://www.youtube.com/watch?v=0CZfMmgV8Wk\n極樂世界共遨遊--《阿彌陀經》-第一講-3/4\nhttp://www.youtube.com/watch?v=LQ8FLwjhXig\n極樂世界共遨遊--《阿彌陀經》-第一講-4/4\nhttp://www.youtube.com/watch?v=FYKYSGVyzHM\n極樂世界共遨遊--《阿彌陀經》-第二講-1/4 \nhttp://www.youtube.com/watch?v=vPeD-cYokx0\n極樂世界共遨遊--《阿彌陀經》-第二講-2/4 \nhttp://www.youtube.com/watch?v=KGOVwlvyZ2w\n極樂世界共遨遊--《阿彌陀經》-第二講-3/4\nhttp://www.youtube.com/watch?v=nN_RAoFxDGU\n極樂世界共遨遊--《阿彌陀經》-第二講-4/4 \nhttp://www.youtube.com/watch?v=GW2sdeySRhM\n極樂世界共遨遊--《阿彌陀經》-第三講-1/4 \nhttp://www.youtube.com/watch?v=h4bU5SHmWE8\n極樂世界共遨遊--《阿彌陀經》-第三講-2/4 \nhttp://www.youtube.com/watch?v=PUB0rT0olrA\n極樂世界共遨遊--《阿彌陀經》-第三講-3/4 \nhttp://www.youtube.com/watch?v=y_Uh6-hkuYs\n極樂世界共遨遊--《阿彌陀經》-第三講-4/4 \nhttp://www.youtube.com/watch?v=EusOjdjX9QM\n極樂世界共遨遊--《阿彌陀經》-第四講-1/4 \nhttp://www.youtube.com/watch?v=PxgxwKd22RA\n極樂世界共遨遊--《阿彌陀經》-第四講-2/4 \nhttp://www.youtube.com/watch?v=am4vz_TtcY0\n極樂世界共遨遊--《阿彌陀經》-第四講-3/4 \nhttp://www.youtube.com/watch?v=vhVx1sjIqks\n極樂世界共遨遊--《阿彌陀經》-第四講-4/4 \nhttp://www.youtube.com/watch?v=2rXsHPa5FrY\n諸佛的搖籃--《菩薩戒指要》導讀-（三講之一）-1/3 \nhttp://www.youtube.com/watch?v=6pI3phA-Lio&list=PLE473948C4128662C&index=1');
INSERT INTO videos(vid, pid, title, description) VALUES('5DjL0qnH4jM', 'PL3687DD4DA0D0ACF3', '《永嘉大師證道歌》釋義-（四講之四 ）', '傳承千古的《永嘉證道歌》，透過普化中心副督監果毅法師深入淺出的闡釋，引領我們一同穿越時空的藩籬，貼近永嘉大師證悟的印跡，幫助禪修者深入修行，體會禪的不可思議之境。本周講次即將進入尾聲，內容精彩可期，您千萬別錯過囉。\n\n「法鼓講堂」每周三晚間7：00~9：00\n網路直播：http://www.dharmaschool.com/ddm_max/liveclass/liveclassroom.php\n\n《永嘉證道歌》-（四講之一 ）-1/4 \nhttp://www.youtube.com/watch?v=gW9lsL229ec&list=PL3687DD4DA0D0ACF3&index=1\n《永嘉證道歌》-（四講之一 ）-2/4 \nhttp://www.youtube.com/watch?v=KpDbb3cISsw\n《永嘉證道歌》-（四講之一 ）-3/4 \nhttp://www.youtube.com/watch?v=fueUqpIaLfI&list=PL3687DD4DA0D0ACF3&index=3\n《永嘉證道歌》-（四講之一 ）-4/4 \nhttp://www.youtube.com/watch?v=5ymB61aeows&list=PL3687DD4DA0D0ACF3&index=4\n《永嘉證道歌》-（四講之二 ） \nhttp://www.youtube.com/watch?v=FHgMZCFQp1c&list=PL3687DD4DA0D0ACF3&index=6\n《永嘉證道歌》-（四講之三 ） \nhttp://www.youtube.com/watch?v=s_op_8OkJFc\n\n極樂世界共遨遊--《阿彌陀經》-第一講-1/4 \nhttp://www.youtube.com/watch?v=BjlGBkMmlzo&list=PL5E30DCA4DF9F4D66&index=1\n極樂世界共遨遊--《阿彌陀經》-第一講-2/4 \nhttp://www.youtube.com/watch?v=0CZfMmgV8Wk\n極樂世界共遨遊--《阿彌陀經》-第一講-3/4\nhttp://www.youtube.com/watch?v=LQ8FLwjhXig\n極樂世界共遨遊--《阿彌陀經》-第一講-4/4\nhttp://www.youtube.com/watch?v=FYKYSGVyzHM\n極樂世界共遨遊--《阿彌陀經》-第二講-1/4 \nhttp://www.youtube.com/watch?v=vPeD-cYokx0\n極樂世界共遨遊--《阿彌陀經》-第二講-2/4 \nhttp://www.youtube.com/watch?v=KGOVwlvyZ2w\n極樂世界共遨遊--《阿彌陀經》-第二講-3/4\nhttp://www.youtube.com/watch?v=nN_RAoFxDGU\n極樂世界共遨遊--《阿彌陀經》-第二講-4/4 \nhttp://www.youtube.com/watch?v=GW2sdeySRhM\n極樂世界共遨遊--《阿彌陀經》-第三講-1/4 \nhttp://www.youtube.com/watch?v=h4bU5SHmWE8\n極樂世界共遨遊--《阿彌陀經》-第三講-2/4 \nhttp://www.youtube.com/watch?v=PUB0rT0olrA\n極樂世界共遨遊--《阿彌陀經》-第三講-3/4 \nhttp://www.youtube.com/watch?v=y_Uh6-hkuYs\n極樂世界共遨遊--《阿彌陀經》-第三講-4/4 \nhttp://www.youtube.com/watch?v=EusOjdjX9QM\n極樂世界共遨遊--《阿彌陀經》-第四講-1/4 \nhttp://www.youtube.com/watch?v=PxgxwKd22RA\n極樂世界共遨遊--《阿彌陀經》-第四講-2/4 \nhttp://www.youtube.com/watch?v=am4vz_TtcY0\n極樂世界共遨遊--《阿彌陀經》-第四講-3/4 \nhttp://www.youtube.com/watch?v=vhVx1sjIqks\n極樂世界共遨遊--《阿彌陀經》-第四講-4/4 \nhttp://www.youtube.com/watch?v=2rXsHPa5FrY\n諸佛的搖籃--《菩薩戒指要》導讀-（三講之一）-1/3 \nhttp://www.youtube.com/watch?v=6pI3phA-Lio&list=PLE473948C4128662C&index=1');
INSERT INTO playlist(pid, cid, title, description) VALUES('PLE24484F0ABA14BE2','UCMvjjfm8AFBLQvQC9gItWEw', '《普賢菩薩行願讚》的修行法要-第四堂', '修行重在聞、思、修、證，解行並重。\r\n《普賢菩薩行願讚》不僅僅讚嘆普賢菩薩的大行大願，仔細誦讀、思維，《普賢菩薩行願讚》更是我們修行菩薩道的最佳指引。\r\n\r\n本課程是法鼓講堂：《普賢菩薩行願讚》的修行法要中的最後一講，常持法師邀請您一起學習普賢菩薩的行願力。');
INSERT INTO videos(vid, pid, title, description) VALUES('pZCcSMccjl0', 'PLE24484F0ABA14BE2', '《普賢菩薩行願讚》的修行法要-第四堂-1/4', '修行重在聞、思、修、證，解行並重。《普賢菩薩行願讚》不僅僅讚嘆普賢菩薩的大行大願，仔細誦讀、思維，《普賢菩薩行願讚》更是我們修行菩薩道的最佳指引。本課程是法鼓講堂：《普賢菩薩行願讚》的修行法要中的最後一講，常持法師邀請您一起學習普賢菩薩的行願力。\n\n「法鼓講堂」每周三晚間7：00~9：00\n網路直播：http://www.dharmaschool.com/ddm_max/liveclass/liveclassroom.php\n\n《普賢菩薩行願讚》的修行法要-第一堂-1/4 \nhttp://www.youtube.com/watch?v=eplQk8WuKLM&list=SPBA37938A4334DE0D&index=1\n《普賢菩薩行願讚》的修行法要-第一堂-2/4 \nhttp://www.youtube.com/watch?v=m-yarDUafME\n《普賢菩薩行願讚》的修行法要-第一堂-3/4 \nhttp://www.youtube.com/watch?v=S8sPNE2yd9A\n《普賢菩薩行願讚》的修行法要-第一堂-4/4 \nhttp://www.youtube.com/watch?v=DVgECxlb8-Y\n\n《普賢菩薩行願讚》的修行法要-第二堂-1/4 \nhttp://www.youtube.com/watch?v=yNOXcFwNwDk&list=SPA7D228C1CFF73DE7&index=1\n《普賢菩薩行願讚》的修行法要-第二堂-2/4 \nhttp://www.youtube.com/watch?v=9i9cAlZ-zjM&list=SPA7D228C1CFF73DE7\n《普賢菩薩行願讚》的修行法要-第二堂-3/4 \nhttp://www.youtube.com/watch?v=q2ll4qrzH1k&list=SPA7D228C1CFF73DE7&index=3\n《普賢菩薩行願讚》的修行法要-第二堂-4/4 \nhttp://www.youtube.com/watch?v=SAyVH__-6Mc&list=SPA7D228C1CFF73DE7\n《普賢菩薩行願讚》的修行法要-第三堂-1/4 \nhttp://www.youtube.com/watch?v=kw5QmJ314Mc&list=SPBB54B2F3895ADB29&index=1\n《普賢菩薩行願讚》的修行法要-第三堂-2/4 \nhttp://www.youtube.com/watch?v=K8u919wrAVo&list=SPBB54B2F3895ADB29&index=2\n《普賢菩薩行願讚》的修行法要-第三堂-3/4 \nhttp://www.youtube.com/watch?v=Blpzqr0NVPI\n《普賢菩薩行願讚》的修行法要-第三堂-4/4 \nhttp://www.youtube.com/watch?v=QdWej64BqRY\n\n《普賢菩薩行願讚》的修行法要-第四堂-1/4 \nhttp://www.youtube.com/watch?v=pZCcSMccjl0&list=SPE24484F0ABA14BE2&index=1\n《普賢菩薩行願讚》的修行法要-第四堂-2/4 \nhttp://www.youtube.com/watch?v=mY20cbNeLSs&list=SPE24484F0ABA14BE2\n《普賢菩薩行願讚》的修行法要-第四堂-3/4 \nhttp://www.youtube.com/watch?v=5CN-7QfpGys\n《普賢菩薩行願讚》的修行法要-第四堂-4/4 \nhttp://www.youtube.com/watch?v=QzycRi_BtZQ');
INSERT INTO videos(vid, pid, title, description) VALUES('mY20cbNeLSs', 'PLE24484F0ABA14BE2', '《普賢菩薩行願讚》的修行法要-第四堂-2/4', '修行重在聞、思、修、證，解行並重。《普賢菩薩行願讚》不僅僅讚嘆普賢菩薩的大行大願，仔細誦讀、思維，《普賢菩薩行願讚》更是我們修行菩薩道的最佳指引。本課程是法鼓講堂：《普賢菩薩行願讚》的修行法要中的最後一講，常持法師邀請您一起學習普賢菩薩的行願力。\n\n「法鼓講堂」每周三晚間7：00~9：00\n網路直播：http://www.dharmaschool.com/ddm_max/liveclass/liveclassroom.php\n\n《普賢菩薩行願讚》的修行法要-第一堂-1/4 \nhttp://www.youtube.com/watch?v=eplQk8WuKLM&list=SPBA37938A4334DE0D&index=1\n《普賢菩薩行願讚》的修行法要-第一堂-2/4 \nhttp://www.youtube.com/watch?v=m-yarDUafME\n《普賢菩薩行願讚》的修行法要-第一堂-3/4 \nhttp://www.youtube.com/watch?v=S8sPNE2yd9A\n《普賢菩薩行願讚》的修行法要-第一堂-4/4 \nhttp://www.youtube.com/watch?v=DVgECxlb8-Y\n\n《普賢菩薩行願讚》的修行法要-第二堂-1/4 \nhttp://www.youtube.com/watch?v=yNOXcFwNwDk&list=SPA7D228C1CFF73DE7&index=1\n《普賢菩薩行願讚》的修行法要-第二堂-2/4 \nhttp://www.youtube.com/watch?v=9i9cAlZ-zjM&list=SPA7D228C1CFF73DE7\n《普賢菩薩行願讚》的修行法要-第二堂-3/4 \nhttp://www.youtube.com/watch?v=q2ll4qrzH1k&list=SPA7D228C1CFF73DE7&index=3\n《普賢菩薩行願讚》的修行法要-第二堂-4/4 \nhttp://www.youtube.com/watch?v=SAyVH__-6Mc&list=SPA7D228C1CFF73DE7\n《普賢菩薩行願讚》的修行法要-第三堂-1/4 \nhttp://www.youtube.com/watch?v=kw5QmJ314Mc&list=SPBB54B2F3895ADB29&index=1\n《普賢菩薩行願讚》的修行法要-第三堂-2/4 \nhttp://www.youtube.com/watch?v=K8u919wrAVo&list=SPBB54B2F3895ADB29&index=2\n《普賢菩薩行願讚》的修行法要-第三堂-3/4 \nhttp://www.youtube.com/watch?v=Blpzqr0NVPI\n《普賢菩薩行願讚》的修行法要-第三堂-4/4 \nhttp://www.youtube.com/watch?v=QdWej64BqRY\n\n《普賢菩薩行願讚》的修行法要-第四堂-1/4 \nhttp://www.youtube.com/watch?v=pZCcSMccjl0&list=SPE24484F0ABA14BE2&index=1\n《普賢菩薩行願讚》的修行法要-第四堂-2/4 \nhttp://www.youtube.com/watch?v=mY20cbNeLSs&list=SPE24484F0ABA14BE2\n《普賢菩薩行願讚》的修行法要-第四堂-3/4 \nhttp://www.youtube.com/watch?v=5CN-7QfpGys\n《普賢菩薩行願讚》的修行法要-第四堂-4/4 \nhttp://www.youtube.com/watch?v=QzycRi_BtZQ');
INSERT INTO videos(vid, pid, title, description) VALUES('5CN-7QfpGys', 'PLE24484F0ABA14BE2', '《普賢菩薩行願讚》的修行法要-第四堂-3/4', '修行重在聞、思、修、證，解行並重。《普賢菩薩行願讚》不僅僅讚嘆普賢菩薩的大行大願，仔細誦讀、思維，《普賢菩薩行願讚》更是我們修行菩薩道的最佳指引。本課程是法鼓講堂：《普賢菩薩行願讚》的修行法要中的最後一講，常持法師邀請您一起學習普賢菩薩的行願力。\n\n「法鼓講堂」每周三晚間7：00~9：00\n網路直播：http://www.dharmaschool.com/ddm_max/liveclass/liveclassroom.php\n\n《普賢菩薩行願讚》的修行法要-第一堂-1/4 \nhttp://www.youtube.com/watch?v=eplQk8WuKLM&list=SPBA37938A4334DE0D&index=1\n《普賢菩薩行願讚》的修行法要-第一堂-2/4 \nhttp://www.youtube.com/watch?v=m-yarDUafME\n《普賢菩薩行願讚》的修行法要-第一堂-3/4 \nhttp://www.youtube.com/watch?v=S8sPNE2yd9A\n《普賢菩薩行願讚》的修行法要-第一堂-4/4 \nhttp://www.youtube.com/watch?v=DVgECxlb8-Y\n\n《普賢菩薩行願讚》的修行法要-第二堂-1/4 \nhttp://www.youtube.com/watch?v=yNOXcFwNwDk&list=SPA7D228C1CFF73DE7&index=1\n《普賢菩薩行願讚》的修行法要-第二堂-2/4 \nhttp://www.youtube.com/watch?v=9i9cAlZ-zjM&list=SPA7D228C1CFF73DE7\n《普賢菩薩行願讚》的修行法要-第二堂-3/4 \nhttp://www.youtube.com/watch?v=q2ll4qrzH1k&list=SPA7D228C1CFF73DE7&index=3\n《普賢菩薩行願讚》的修行法要-第二堂-4/4 \nhttp://www.youtube.com/watch?v=SAyVH__-6Mc&list=SPA7D228C1CFF73DE7\n《普賢菩薩行願讚》的修行法要-第三堂-1/4 \nhttp://www.youtube.com/watch?v=kw5QmJ314Mc&list=SPBB54B2F3895ADB29&index=1\n《普賢菩薩行願讚》的修行法要-第三堂-2/4 \nhttp://www.youtube.com/watch?v=K8u919wrAVo&list=SPBB54B2F3895ADB29&index=2\n《普賢菩薩行願讚》的修行法要-第三堂-3/4 \nhttp://www.youtube.com/watch?v=Blpzqr0NVPI\n《普賢菩薩行願讚》的修行法要-第三堂-4/4 \nhttp://www.youtube.com/watch?v=QdWej64BqRY\n\n《普賢菩薩行願讚》的修行法要-第四堂-1/4 \nhttp://www.youtube.com/watch?v=pZCcSMccjl0&list=SPE24484F0ABA14BE2&index=1\n《普賢菩薩行願讚》的修行法要-第四堂-2/4 \nhttp://www.youtube.com/watch?v=mY20cbNeLSs&list=SPE24484F0ABA14BE2\n《普賢菩薩行願讚》的修行法要-第四堂-3/4 \nhttp://www.youtube.com/watch?v=5CN-7QfpGys\n《普賢菩薩行願讚》的修行法要-第四堂-4/4 \nhttp://www.youtube.com/watch?v=QzycRi_BtZQ');
INSERT INTO videos(vid, pid, title, description) VALUES('QzycRi_BtZQ', 'PLE24484F0ABA14BE2', '《普賢菩薩行願讚》的修行法要-第四堂-4/4', '修行重在聞、思、修、證，解行並重。《普賢菩薩行願讚》不僅僅讚嘆普賢菩薩的大行大願，仔細誦讀、思維，《普賢菩薩行願讚》更是我們修行菩薩道的最佳指引。本課程是法鼓講堂：《普賢菩薩行願讚》的修行法要中的最後一講，常持法師邀請您一起學習普賢菩薩的行願力。\n\n「法鼓講堂」每周三晚間7：00~9：00\n網路直播：http://www.dharmaschool.com/ddm_max/liveclass/liveclassroom.php\n\n《普賢菩薩行願讚》的修行法要-第一堂-1/4 \nhttp://www.youtube.com/watch?v=eplQk8WuKLM&list=SPBA37938A4334DE0D&index=1\n《普賢菩薩行願讚》的修行法要-第一堂-2/4 \nhttp://www.youtube.com/watch?v=m-yarDUafME\n《普賢菩薩行願讚》的修行法要-第一堂-3/4 \nhttp://www.youtube.com/watch?v=S8sPNE2yd9A\n《普賢菩薩行願讚》的修行法要-第一堂-4/4 \nhttp://www.youtube.com/watch?v=DVgECxlb8-Y\n\n《普賢菩薩行願讚》的修行法要-第二堂-1/4 \nhttp://www.youtube.com/watch?v=yNOXcFwNwDk&list=SPA7D228C1CFF73DE7&index=1\n《普賢菩薩行願讚》的修行法要-第二堂-2/4 \nhttp://www.youtube.com/watch?v=9i9cAlZ-zjM&list=SPA7D228C1CFF73DE7\n《普賢菩薩行願讚》的修行法要-第二堂-3/4 \nhttp://www.youtube.com/watch?v=q2ll4qrzH1k&list=SPA7D228C1CFF73DE7&index=3\n《普賢菩薩行願讚》的修行法要-第二堂-4/4 \nhttp://www.youtube.com/watch?v=SAyVH__-6Mc&list=SPA7D228C1CFF73DE7\n《普賢菩薩行願讚》的修行法要-第三堂-1/4 \nhttp://www.youtube.com/watch?v=kw5QmJ314Mc&list=SPBB54B2F3895ADB29&index=1\n《普賢菩薩行願讚》的修行法要-第三堂-2/4 \nhttp://www.youtube.com/watch?v=K8u919wrAVo&list=SPBB54B2F3895ADB29&index=2\n《普賢菩薩行願讚》的修行法要-第三堂-3/4 \nhttp://www.youtube.com/watch?v=Blpzqr0NVPI\n《普賢菩薩行願讚》的修行法要-第三堂-4/4 \nhttp://www.youtube.com/watch?v=QdWej64BqRY\n\n《普賢菩薩行願讚》的修行法要-第四堂-1/4 \nhttp://www.youtube.com/watch?v=pZCcSMccjl0&list=SPE24484F0ABA14BE2&index=1\n《普賢菩薩行願讚》的修行法要-第四堂-2/4 \nhttp://www.youtube.com/watch?v=mY20cbNeLSs&list=SPE24484F0ABA14BE2\n《普賢菩薩行願讚》的修行法要-第四堂-3/4 \nhttp://www.youtube.com/watch?v=5CN-7QfpGys\n《普賢菩薩行願讚》的修行法要-第四堂-4/4 \nhttp://www.youtube.com/watch?v=QzycRi_BtZQ');
INSERT INTO playlist(pid, cid, title, description) VALUES('PLBB54B2F3895ADB29','UCMvjjfm8AFBLQvQC9gItWEw', '《普賢菩薩行願讚》的修行法要-第三堂', '《佛說譬喻經》裡的〈攀藤食蜜喻〉中，我們一出世便如故事中的旅人，旅行於人生的旅途上。既是旅途便有目的地，每一個人終將面臨人生的終點。問題是，我們要賦予自己這段人生的旅途甚麼樣的目的與意義？\r\n\r\n佛陀說：「人生(身)難得」既然已經在這條人生的路途上更當發願精進修行，遠離老虎的追趕，免除懸於藤上的不安，踏實於佛國淨土之中!!\r\n\r\n本課程是法鼓講堂「《普賢菩薩行願讚》的修行法要」的第三堂課。常持法師以這篇〈攀藤食蜜喻〉勉勵我們學習文殊菩薩的智慧，學習普賢菩薩發願修行，邀請您與普賢菩薩一起發願、行願。');
INSERT INTO videos(vid, pid, title, description) VALUES('kw5QmJ314Mc', 'PLBB54B2F3895ADB29', '《普賢菩薩行願讚》的修行法要-第三堂-1/4', '《佛說譬喻經》裡的〈攀藤食蜜喻〉中，我們一出世便如故事中的旅人，旅行於人生的旅途上。既是旅途便有目的地，每一個人終將面臨人生的終點。問題是，我們要賦予自己這段人生的旅途甚麼樣的目的與意義？佛陀說：「人生(身)難得」既然已經在這條人生的路途上更當發願精進修行，遠離老虎的追趕，免除懸於藤上的不安，踏實於佛國淨土之中!!本課程是法鼓講堂「《普賢菩薩行願讚》的修行法要」的第三堂課。常持法師以這篇〈攀藤食蜜喻〉勉勵我們學習文殊菩薩的智慧，學習普賢菩薩發願修行，邀請您與普賢菩薩一起發願、行願。\n\n「法鼓講堂」每周三晚間7：00~9：00\n網路直播：http://www.dharmaschool.com/ddm_max/liveclass/liveclassroom.php\n\n《普賢菩薩行願讚》的修行法要-第一堂-1/4 \nhttp://www.youtube.com/watch?v=eplQk8WuKLM&list=SPBA37938A4334DE0D&index=1\n《普賢菩薩行願讚》的修行法要-第一堂-2/4 \nhttp://www.youtube.com/watch?v=m-yarDUafME\n《普賢菩薩行願讚》的修行法要-第一堂-3/4 \nhttp://www.youtube.com/watch?v=S8sPNE2yd9A\n《普賢菩薩行願讚》的修行法要-第一堂-4/4 \nhttp://www.youtube.com/watch?v=DVgECxlb8-Y\n\n《普賢菩薩行願讚》的修行法要-第二堂-1/4 \nhttp://www.youtube.com/watch?v=yNOXcFwNwDk&list=SPA7D228C1CFF73DE7&index=1\n《普賢菩薩行願讚》的修行法要-第二堂-2/4 \nhttp://www.youtube.com/watch?v=9i9cAlZ-zjM&list=SPA7D228C1CFF73DE7\n《普賢菩薩行願讚》的修行法要-第二堂-3/4 \nhttp://www.youtube.com/watch?v=q2ll4qrzH1k&list=SPA7D228C1CFF73DE7&index=3\n《普賢菩薩行願讚》的修行法要-第二堂-4/4 \nhttp://www.youtube.com/watch?v=SAyVH__-6Mc&list=SPA7D228C1CFF73DE7\n《普賢菩薩行願讚》的修行法要-第三堂-1/4 \nhttp://www.youtube.com/watch?v=kw5QmJ314Mc&list=SPBB54B2F3895ADB29&index=1\n《普賢菩薩行願讚》的修行法要-第三堂-2/4 \nhttp://www.youtube.com/watch?v=K8u919wrAVo&list=SPBB54B2F3895ADB29&index=2\n《普賢菩薩行願讚》的修行法要-第三堂-3/4 \nhttp://www.youtube.com/watch?v=Blpzqr0NVPI\n《普賢菩薩行願讚》的修行法要-第三堂-4/4 \nhttp://www.youtube.com/watch?v=QdWej64BqRY\n\n《普賢菩薩行願讚》的修行法要-第四堂-1/4 \nhttp://www.youtube.com/watch?v=pZCcSMccjl0&list=SPE24484F0ABA14BE2&index=1\n《普賢菩薩行願讚》的修行法要-第四堂-2/4 \nhttp://www.youtube.com/watch?v=mY20cbNeLSs&list=SPE24484F0ABA14BE2\n《普賢菩薩行願讚》的修行法要-第四堂-3/4 \nhttp://www.youtube.com/watch?v=5CN-7QfpGys\n《普賢菩薩行願讚》的修行法要-第四堂-4/4 \nhttp://www.youtube.com/watch?v=QzycRi_BtZQ');
INSERT INTO videos(vid, pid, title, description) VALUES('K8u919wrAVo', 'PLBB54B2F3895ADB29', '《普賢菩薩行願讚》的修行法要-第三堂-2/4', '《佛說譬喻經》裡的〈攀藤食蜜喻〉中，我們一出世便如故事中的旅人，旅行於人生的旅途上。既是旅途便有目的地，每一個人終將面臨人生的終點。問題是，我們要賦予自己這段人生的旅途甚麼樣的目的與意義？佛陀說：「人生(身)難得」既然已經在這條人生的路途上更當發願精進修行，遠離老虎的追趕，免除懸於藤上的不安，踏實於佛國淨土之中!!本課程是法鼓講堂「《普賢菩薩行願讚》的修行法要」的第三堂課。常持法師以這篇〈攀藤食蜜喻〉勉勵我們學習文殊菩薩的智慧，學習普賢菩薩發願修行，邀請您與普賢菩薩一起發願、行願。\n\n「法鼓講堂」每周三晚間7：00~9：00\n網路直播：http://www.dharmaschool.com/ddm_max/liveclass/liveclassroom.php\n\n《普賢菩薩行願讚》的修行法要-第一堂-1/4 \nhttp://www.youtube.com/watch?v=eplQk8WuKLM&list=SPBA37938A4334DE0D&index=1\n《普賢菩薩行願讚》的修行法要-第一堂-2/4 \nhttp://www.youtube.com/watch?v=m-yarDUafME\n《普賢菩薩行願讚》的修行法要-第一堂-3/4 \nhttp://www.youtube.com/watch?v=S8sPNE2yd9A\n《普賢菩薩行願讚》的修行法要-第一堂-4/4 \nhttp://www.youtube.com/watch?v=DVgECxlb8-Y\n\n《普賢菩薩行願讚》的修行法要-第二堂-1/4 \nhttp://www.youtube.com/watch?v=yNOXcFwNwDk&list=SPA7D228C1CFF73DE7&index=1\n《普賢菩薩行願讚》的修行法要-第二堂-2/4 \nhttp://www.youtube.com/watch?v=9i9cAlZ-zjM&list=SPA7D228C1CFF73DE7\n《普賢菩薩行願讚》的修行法要-第二堂-3/4 \nhttp://www.youtube.com/watch?v=q2ll4qrzH1k&list=SPA7D228C1CFF73DE7&index=3\n《普賢菩薩行願讚》的修行法要-第二堂-4/4 \nhttp://www.youtube.com/watch?v=SAyVH__-6Mc&list=SPA7D228C1CFF73DE7\n《普賢菩薩行願讚》的修行法要-第三堂-1/4 \nhttp://www.youtube.com/watch?v=kw5QmJ314Mc&list=SPBB54B2F3895ADB29&index=1\n《普賢菩薩行願讚》的修行法要-第三堂-2/4 \nhttp://www.youtube.com/watch?v=K8u919wrAVo&list=SPBB54B2F3895ADB29&index=2\n《普賢菩薩行願讚》的修行法要-第三堂-3/4 \nhttp://www.youtube.com/watch?v=Blpzqr0NVPI\n《普賢菩薩行願讚》的修行法要-第三堂-4/4 \nhttp://www.youtube.com/watch?v=QdWej64BqRY\n\n《普賢菩薩行願讚》的修行法要-第四堂-1/4 \nhttp://www.youtube.com/watch?v=pZCcSMccjl0&list=SPE24484F0ABA14BE2&index=1\n《普賢菩薩行願讚》的修行法要-第四堂-2/4 \nhttp://www.youtube.com/watch?v=mY20cbNeLSs&list=SPE24484F0ABA14BE2\n《普賢菩薩行願讚》的修行法要-第四堂-3/4 \nhttp://www.youtube.com/watch?v=5CN-7QfpGys\n《普賢菩薩行願讚》的修行法要-第四堂-4/4 \nhttp://www.youtube.com/watch?v=QzycRi_BtZQ');
INSERT INTO videos(vid, pid, title, description) VALUES('Blpzqr0NVPI', 'PLBB54B2F3895ADB29', '《普賢菩薩行願讚》的修行法要-第三堂-3/4', '《佛說譬喻經》裡的〈攀藤食蜜喻〉中，我們一出世便如故事中的旅人，旅行於人生的旅途上。既是旅途便有目的地，每一個人終將面臨人生的終點。問題是，我們要賦予自己這段人生的旅途甚麼樣的目的與意義？佛陀說：「人生(身)難得」既然已經在這條人生的路途上更當發願精進修行，遠離老虎的追趕，免除懸於藤上的不安，踏實於佛國淨土之中!!\n本課程是法鼓講堂「《普賢菩薩行願讚》的修行法要」的第三堂課。常持法師以這篇〈攀藤食蜜喻〉勉勵我們學習文殊菩薩的智慧，學習普賢菩薩發願修行，邀請您與普賢菩薩一起發願、行願。\n\n\n「法鼓講堂」每周三晚間7：00~9：00\n網路直播：http://www.dharmaschool.com/ddm_max/liveclass/liveclassroom.php\n\n《普賢菩薩行願讚》的修行法要-第一堂-1/4 \nhttp://www.youtube.com/watch?v=eplQk8WuKLM&list=SPBA37938A4334DE0D&index=1\n《普賢菩薩行願讚》的修行法要-第一堂-2/4 \nhttp://www.youtube.com/watch?v=m-yarDUafME\n《普賢菩薩行願讚》的修行法要-第一堂-3/4 \nhttp://www.youtube.com/watch?v=S8sPNE2yd9A\n《普賢菩薩行願讚》的修行法要-第一堂-4/4 \nhttp://www.youtube.com/watch?v=DVgECxlb8-Y\n\n《普賢菩薩行願讚》的修行法要-第二堂-1/4 \nhttp://www.youtube.com/watch?v=yNOXcFwNwDk&list=SPA7D228C1CFF73DE7&index=1\n《普賢菩薩行願讚》的修行法要-第二堂-2/4 \nhttp://www.youtube.com/watch?v=9i9cAlZ-zjM&list=SPA7D228C1CFF73DE7\n《普賢菩薩行願讚》的修行法要-第二堂-3/4 \nhttp://www.youtube.com/watch?v=q2ll4qrzH1k&list=SPA7D228C1CFF73DE7&index=3\n《普賢菩薩行願讚》的修行法要-第二堂-4/4 \nhttp://www.youtube.com/watch?v=SAyVH__-6Mc&list=SPA7D228C1CFF73DE7\n《普賢菩薩行願讚》的修行法要-第三堂-1/4 \nhttp://www.youtube.com/watch?v=kw5QmJ314Mc&list=SPBB54B2F3895ADB29&index=1\n《普賢菩薩行願讚》的修行法要-第三堂-2/4 \nhttp://www.youtube.com/watch?v=K8u919wrAVo&list=SPBB54B2F3895ADB29&index=2\n《普賢菩薩行願讚》的修行法要-第三堂-3/4 \nhttp://www.youtube.com/watch?v=Blpzqr0NVPI\n《普賢菩薩行願讚》的修行法要-第三堂-4/4 \nhttp://www.youtube.com/watch?v=QdWej64BqRY\n\n《普賢菩薩行願讚》的修行法要-第四堂-1/4 \nhttp://www.youtube.com/watch?v=pZCcSMccjl0&list=SPE24484F0ABA14BE2&index=1\n《普賢菩薩行願讚》的修行法要-第四堂-2/4 \nhttp://www.youtube.com/watch?v=mY20cbNeLSs&list=SPE24484F0ABA14BE2\n《普賢菩薩行願讚》的修行法要-第四堂-3/4 \nhttp://www.youtube.com/watch?v=5CN-7QfpGys\n《普賢菩薩行願讚》的修行法要-第四堂-4/4 \nhttp://www.youtube.com/watch?v=QzycRi_BtZQ');
INSERT INTO videos(vid, pid, title, description) VALUES('QdWej64BqRY', 'PLBB54B2F3895ADB29', '《普賢菩薩行願讚》的修行法要-第三堂-4/4', '《佛說譬喻經》裡的〈攀藤食蜜喻〉中，我們一出世便如故事中的旅人，旅行於人生的旅途上。既是旅途便有目的地，每一個人終將面臨人生的終點。問題是，我們要賦予自己這段人生的旅途甚麼樣的目的與意義？佛陀說：「人生(身)難得」既然已經在這條人生的路途上更當發願精進修行，遠離老虎的追趕，免除懸於藤上的不安，踏實於佛國淨土之中!!本課程是法鼓講堂「《普賢菩薩行願讚》的修行法要」的第三堂課。常持法師以這篇〈攀藤食蜜喻〉勉勵我們學習文殊菩薩的智慧，學習普賢菩薩發願修行，邀請您與普賢菩薩一起發願、行願。\n\n「法鼓講堂」每周三晚間7：00~9：00\n網路直播：http://www.dharmaschool.com/ddm_max/liveclass/liveclassroom.php\n\n《普賢菩薩行願讚》的修行法要-第一堂-1/4 \nhttp://www.youtube.com/watch?v=eplQk8WuKLM&list=SPBA37938A4334DE0D&index=1\n《普賢菩薩行願讚》的修行法要-第一堂-2/4 \nhttp://www.youtube.com/watch?v=m-yarDUafME\n《普賢菩薩行願讚》的修行法要-第一堂-3/4 \nhttp://www.youtube.com/watch?v=S8sPNE2yd9A\n《普賢菩薩行願讚》的修行法要-第一堂-4/4 \nhttp://www.youtube.com/watch?v=DVgECxlb8-Y\n\n《普賢菩薩行願讚》的修行法要-第二堂-1/4 \nhttp://www.youtube.com/watch?v=yNOXcFwNwDk&list=SPA7D228C1CFF73DE7&index=1\n《普賢菩薩行願讚》的修行法要-第二堂-2/4 \nhttp://www.youtube.com/watch?v=9i9cAlZ-zjM&list=SPA7D228C1CFF73DE7\n《普賢菩薩行願讚》的修行法要-第二堂-3/4 \nhttp://www.youtube.com/watch?v=q2ll4qrzH1k&list=SPA7D228C1CFF73DE7&index=3\n《普賢菩薩行願讚》的修行法要-第二堂-4/4 \nhttp://www.youtube.com/watch?v=SAyVH__-6Mc&list=SPA7D228C1CFF73DE7\n《普賢菩薩行願讚》的修行法要-第三堂-1/4 \nhttp://www.youtube.com/watch?v=kw5QmJ314Mc&list=SPBB54B2F3895ADB29&index=1\n《普賢菩薩行願讚》的修行法要-第三堂-2/4 \nhttp://www.youtube.com/watch?v=K8u919wrAVo&list=SPBB54B2F3895ADB29&index=2\n《普賢菩薩行願讚》的修行法要-第三堂-3/4 \nhttp://www.youtube.com/watch?v=Blpzqr0NVPI\n《普賢菩薩行願讚》的修行法要-第三堂-4/4 \nhttp://www.youtube.com/watch?v=QdWej64BqRY\n\n《普賢菩薩行願讚》的修行法要-第四堂-1/4 \nhttp://www.youtube.com/watch?v=pZCcSMccjl0&list=SPE24484F0ABA14BE2&index=1\n《普賢菩薩行願讚》的修行法要-第四堂-2/4 \nhttp://www.youtube.com/watch?v=mY20cbNeLSs&list=SPE24484F0ABA14BE2\n《普賢菩薩行願讚》的修行法要-第四堂-3/4 \nhttp://www.youtube.com/watch?v=5CN-7QfpGys\n《普賢菩薩行願讚》的修行法要-第四堂-4/4 \nhttp://www.youtube.com/watch?v=QzycRi_BtZQ');
INSERT INTO playlist(pid, cid, title, description) VALUES('PLA7D228C1CFF73DE7','UCMvjjfm8AFBLQvQC9gItWEw', '《普賢菩薩行願讚》的修行法要-第二堂', '「金剛非堅，願力最堅。」\r\n「虛空有盡，我願無窮。」聖嚴法師的這句話便是最佳的註釋。\r\n「願」為什麼會這麼重要？因為「願力」是成佛的根本，也是成就一切事物的力量。而普賢行願是無盡行願，能在一切生中相續不斷地對我們自己產生作用。不受時間、空間的影響，願的力量能攝持著我們的心，向著成佛之道邁進。\r\n\r\n本課程是法鼓講堂「《普賢菩薩行願讚》的修行法要」的第二堂課，邀請您與普賢菩薩一起發願、行願。');
INSERT INTO videos(vid, pid, title, description) VALUES('yNOXcFwNwDk', 'PLA7D228C1CFF73DE7', '《普賢菩薩行願讚》的修行法要-第二堂-1/4', '「金剛非堅，願力最堅。」「虛空有盡，我願無窮。」聖嚴法師的這句話便是最佳的註釋。\n「願」為什麼會這麼重要？因為「願力」是成佛的根本，也是成就一切事物的力量。而普賢行願是無盡行願，能在一切生中相續不斷地對我們自己產生作用。不受時間、空間的影響，願的力量能攝持著我們的心，向著成佛之道邁進。本課程是法鼓講堂「《普賢菩薩行願讚》的修行法要」的第二堂課，邀請您與普賢菩薩一起發願、行願。\n\n「法鼓講堂」每周三晚間7：00~9：00\n網路直播：http://www.dharmaschool.com/ddm_max/liveclass/liveclassroom.php\n\n《普賢菩薩行願讚》的修行法要-第一堂-1/4 \nhttp://www.youtube.com/watch?v=eplQk8WuKLM&list=SPBA37938A4334DE0D&index=1\n《普賢菩薩行願讚》的修行法要-第一堂-2/4 \nhttp://www.youtube.com/watch?v=m-yarDUafME\n《普賢菩薩行願讚》的修行法要-第一堂-3/4 \nhttp://www.youtube.com/watch?v=S8sPNE2yd9A\n《普賢菩薩行願讚》的修行法要-第一堂-4/4 \nhttp://www.youtube.com/watch?v=DVgECxlb8-Y\n\n《普賢菩薩行願讚》的修行法要-第二堂-1/4 \nhttp://www.youtube.com/watch?v=yNOXcFwNwDk&list=SPA7D228C1CFF73DE7&index=1\n《普賢菩薩行願讚》的修行法要-第二堂-2/4 \nhttp://www.youtube.com/watch?v=9i9cAlZ-zjM&list=SPA7D228C1CFF73DE7\n《普賢菩薩行願讚》的修行法要-第二堂-3/4 \nhttp://www.youtube.com/watch?v=q2ll4qrzH1k&list=SPA7D228C1CFF73DE7&index=3\n《普賢菩薩行願讚》的修行法要-第二堂-4/4 \nhttp://www.youtube.com/watch?v=SAyVH__-6Mc&list=SPA7D228C1CFF73DE7\n《普賢菩薩行願讚》的修行法要-第三堂-1/4 \nhttp://www.youtube.com/watch?v=kw5QmJ314Mc&list=SPBB54B2F3895ADB29&index=1\n《普賢菩薩行願讚》的修行法要-第三堂-2/4 \nhttp://www.youtube.com/watch?v=K8u919wrAVo&list=SPBB54B2F3895ADB29&index=2\n《普賢菩薩行願讚》的修行法要-第三堂-3/4 \nhttp://www.youtube.com/watch?v=Blpzqr0NVPI\n《普賢菩薩行願讚》的修行法要-第三堂-4/4 \nhttp://www.youtube.com/watch?v=QdWej64BqRY\n\n《普賢菩薩行願讚》的修行法要-第四堂-1/4 \nhttp://www.youtube.com/watch?v=pZCcSMccjl0&list=SPE24484F0ABA14BE2&index=1\n《普賢菩薩行願讚》的修行法要-第四堂-2/4 \nhttp://www.youtube.com/watch?v=mY20cbNeLSs&list=SPE24484F0ABA14BE2\n《普賢菩薩行願讚》的修行法要-第四堂-3/4 \nhttp://www.youtube.com/watch?v=5CN-7QfpGys\n《普賢菩薩行願讚》的修行法要-第四堂-4/4 \nhttp://www.youtube.com/watch?v=QzycRi_BtZQ');
INSERT INTO videos(vid, pid, title, description) VALUES('9i9cAlZ-zjM', 'PLA7D228C1CFF73DE7', '《普賢菩薩行願讚》的修行法要-第二堂-2/4', '「金剛非堅，願力最堅。」「虛空有盡，我願無窮。」聖嚴法師的這句話便是最佳的註釋。\n「願」為什麼會這麼重要？因為「願力」是成佛的根本，也是成就一切事物的力量。而普賢行願是無盡行願，能在一切生中相續不斷地對我們自己產生作用。不受時間、空間的影響，願的力量能攝持著我們的心，向著成佛之道邁進。本課程是法鼓講堂「《普賢菩薩行願讚》的修行法要」的第二堂課，邀請您與普賢菩薩一起發願、行願。\n\n「法鼓講堂」每周三晚間7：00~9：00\n網路直播：http://www.dharmaschool.com/ddm_max/liveclass/liveclassroom.php\n\n《普賢菩薩行願讚》的修行法要-第一堂-1/4 \nhttp://www.youtube.com/watch?v=eplQk8WuKLM&list=SPBA37938A4334DE0D&index=1\n《普賢菩薩行願讚》的修行法要-第一堂-2/4 \nhttp://www.youtube.com/watch?v=m-yarDUafME\n《普賢菩薩行願讚》的修行法要-第一堂-3/4 \nhttp://www.youtube.com/watch?v=S8sPNE2yd9A\n《普賢菩薩行願讚》的修行法要-第一堂-4/4 \nhttp://www.youtube.com/watch?v=DVgECxlb8-Y\n\n《普賢菩薩行願讚》的修行法要-第二堂-1/4 \nhttp://www.youtube.com/watch?v=yNOXcFwNwDk&list=SPA7D228C1CFF73DE7&index=1\n《普賢菩薩行願讚》的修行法要-第二堂-2/4 \nhttp://www.youtube.com/watch?v=9i9cAlZ-zjM&list=SPA7D228C1CFF73DE7\n《普賢菩薩行願讚》的修行法要-第二堂-3/4 \nhttp://www.youtube.com/watch?v=q2ll4qrzH1k&list=SPA7D228C1CFF73DE7&index=3\n《普賢菩薩行願讚》的修行法要-第二堂-4/4 \nhttp://www.youtube.com/watch?v=SAyVH__-6Mc&list=SPA7D228C1CFF73DE7\n《普賢菩薩行願讚》的修行法要-第三堂-1/4 \nhttp://www.youtube.com/watch?v=kw5QmJ314Mc&list=SPBB54B2F3895ADB29&index=1\n《普賢菩薩行願讚》的修行法要-第三堂-2/4 \nhttp://www.youtube.com/watch?v=K8u919wrAVo&list=SPBB54B2F3895ADB29&index=2\n《普賢菩薩行願讚》的修行法要-第三堂-3/4 \nhttp://www.youtube.com/watch?v=Blpzqr0NVPI\n《普賢菩薩行願讚》的修行法要-第三堂-4/4 \nhttp://www.youtube.com/watch?v=QdWej64BqRY\n\n《普賢菩薩行願讚》的修行法要-第四堂-1/4 \nhttp://www.youtube.com/watch?v=pZCcSMccjl0&list=SPE24484F0ABA14BE2&index=1\n《普賢菩薩行願讚》的修行法要-第四堂-2/4 \nhttp://www.youtube.com/watch?v=mY20cbNeLSs&list=SPE24484F0ABA14BE2\n《普賢菩薩行願讚》的修行法要-第四堂-3/4 \nhttp://www.youtube.com/watch?v=5CN-7QfpGys\n《普賢菩薩行願讚》的修行法要-第四堂-4/4 \nhttp://www.youtube.com/watch?v=QzycRi_BtZQ');
INSERT INTO videos(vid, pid, title, description) VALUES('q2ll4qrzH1k', 'PLA7D228C1CFF73DE7', '《普賢菩薩行願讚》的修行法要-第二堂-3/4', '「金剛非堅，願力最堅。」「虛空有盡，我願無窮。」聖嚴法師的這句話便是最佳的註釋。\n「願」為什麼會這麼重要？因為「願力」是成佛的根本，也是成就一切事物的力量。而普賢行願是無盡行願，能在一切生中相續不斷地對我們自己產生作用。不受時間、空間的影響，願的力量能攝持著我們的心，向著成佛之道邁進。本課程是法鼓講堂「《普賢菩薩行願讚》的修行法要」的第二堂課，邀請您與普賢菩薩一起發願、行願。\n\n「法鼓講堂」每周三晚間7：00~9：00\n網路直播：http://www.dharmaschool.com/ddm_max/liveclass/liveclassroom.php\n\n《普賢菩薩行願讚》的修行法要-第一堂-1/4 \nhttp://www.youtube.com/watch?v=eplQk8WuKLM&list=SPBA37938A4334DE0D&index=1\n《普賢菩薩行願讚》的修行法要-第一堂-2/4 \nhttp://www.youtube.com/watch?v=m-yarDUafME\n《普賢菩薩行願讚》的修行法要-第一堂-3/4 \nhttp://www.youtube.com/watch?v=S8sPNE2yd9A\n《普賢菩薩行願讚》的修行法要-第一堂-4/4 \nhttp://www.youtube.com/watch?v=DVgECxlb8-Y\n\n《普賢菩薩行願讚》的修行法要-第二堂-1/4 \nhttp://www.youtube.com/watch?v=yNOXcFwNwDk&list=SPA7D228C1CFF73DE7&index=1\n《普賢菩薩行願讚》的修行法要-第二堂-2/4 \nhttp://www.youtube.com/watch?v=9i9cAlZ-zjM&list=SPA7D228C1CFF73DE7\n《普賢菩薩行願讚》的修行法要-第二堂-3/4 \nhttp://www.youtube.com/watch?v=q2ll4qrzH1k&list=SPA7D228C1CFF73DE7&index=3\n《普賢菩薩行願讚》的修行法要-第二堂-4/4 \nhttp://www.youtube.com/watch?v=SAyVH__-6Mc&list=SPA7D228C1CFF73DE7\n《普賢菩薩行願讚》的修行法要-第三堂-1/4 \nhttp://www.youtube.com/watch?v=kw5QmJ314Mc&list=SPBB54B2F3895ADB29&index=1\n《普賢菩薩行願讚》的修行法要-第三堂-2/4 \nhttp://www.youtube.com/watch?v=K8u919wrAVo&list=SPBB54B2F3895ADB29&index=2\n《普賢菩薩行願讚》的修行法要-第三堂-3/4 \nhttp://www.youtube.com/watch?v=Blpzqr0NVPI\n《普賢菩薩行願讚》的修行法要-第三堂-4/4 \nhttp://www.youtube.com/watch?v=QdWej64BqRY\n\n《普賢菩薩行願讚》的修行法要-第四堂-1/4 \nhttp://www.youtube.com/watch?v=pZCcSMccjl0&list=SPE24484F0ABA14BE2&index=1\n《普賢菩薩行願讚》的修行法要-第四堂-2/4 \nhttp://www.youtube.com/watch?v=mY20cbNeLSs&list=SPE24484F0ABA14BE2\n《普賢菩薩行願讚》的修行法要-第四堂-3/4 \nhttp://www.youtube.com/watch?v=5CN-7QfpGys\n《普賢菩薩行願讚》的修行法要-第四堂-4/4 \nhttp://www.youtube.com/watch?v=QzycRi_BtZQ');
INSERT INTO videos(vid, pid, title, description) VALUES('SAyVH__-6Mc', 'PLA7D228C1CFF73DE7', '《普賢菩薩行願讚》的修行法要-第二堂-4/4', '「金剛非堅，願力最堅。」「虛空有盡，我願無窮。」聖嚴法師的這句話便是最佳的註釋。\n「願」為什麼會這麼重要？因為「願力」是成佛的根本，也是成就一切事物的力量。而普賢行願是無盡行願，能在一切生中相續不斷地對我們自己產生作用。不受時間、空間的影響，願的力量能攝持著我們的心，向著成佛之道邁進。本課程是法鼓講堂「《普賢菩薩行願讚》的修行法要」的第二堂課，邀請您與普賢菩薩一起發願、行願。\n\n「法鼓講堂」每周三晚間7：00~9：00\n網路直播：http://www.dharmaschool.com/ddm_max/liveclass/liveclassroom.php\n\n《普賢菩薩行願讚》的修行法要-第一堂-1/4 \nhttp://www.youtube.com/watch?v=eplQk8WuKLM&list=SPBA37938A4334DE0D&index=1\n《普賢菩薩行願讚》的修行法要-第一堂-2/4 \nhttp://www.youtube.com/watch?v=m-yarDUafME\n《普賢菩薩行願讚》的修行法要-第一堂-3/4 \nhttp://www.youtube.com/watch?v=S8sPNE2yd9A\n《普賢菩薩行願讚》的修行法要-第一堂-4/4 \nhttp://www.youtube.com/watch?v=DVgECxlb8-Y\n\n《普賢菩薩行願讚》的修行法要-第二堂-1/4 \nhttp://www.youtube.com/watch?v=yNOXcFwNwDk&list=SPA7D228C1CFF73DE7&index=1\n《普賢菩薩行願讚》的修行法要-第二堂-2/4 \nhttp://www.youtube.com/watch?v=9i9cAlZ-zjM&list=SPA7D228C1CFF73DE7\n《普賢菩薩行願讚》的修行法要-第二堂-3/4 \nhttp://www.youtube.com/watch?v=q2ll4qrzH1k&list=SPA7D228C1CFF73DE7&index=3\n《普賢菩薩行願讚》的修行法要-第二堂-4/4 \nhttp://www.youtube.com/watch?v=SAyVH__-6Mc&list=SPA7D228C1CFF73DE7\n《普賢菩薩行願讚》的修行法要-第三堂-1/4 \nhttp://www.youtube.com/watch?v=kw5QmJ314Mc&list=SPBB54B2F3895ADB29&index=1\n《普賢菩薩行願讚》的修行法要-第三堂-2/4 \nhttp://www.youtube.com/watch?v=K8u919wrAVo&list=SPBB54B2F3895ADB29&index=2\n《普賢菩薩行願讚》的修行法要-第三堂-3/4 \nhttp://www.youtube.com/watch?v=Blpzqr0NVPI\n《普賢菩薩行願讚》的修行法要-第三堂-4/4 \nhttp://www.youtube.com/watch?v=QdWej64BqRY\n\n《普賢菩薩行願讚》的修行法要-第四堂-1/4 \nhttp://www.youtube.com/watch?v=pZCcSMccjl0&list=SPE24484F0ABA14BE2&index=1\n《普賢菩薩行願讚》的修行法要-第四堂-2/4 \nhttp://www.youtube.com/watch?v=mY20cbNeLSs&list=SPE24484F0ABA14BE2\n《普賢菩薩行願讚》的修行法要-第四堂-3/4 \nhttp://www.youtube.com/watch?v=5CN-7QfpGys\n《普賢菩薩行願讚》的修行法要-第四堂-4/4 \nhttp://www.youtube.com/watch?v=QzycRi_BtZQ');
INSERT INTO playlist(pid, cid, title, description) VALUES('PLBA37938A4334DE0D','UCMvjjfm8AFBLQvQC9gItWEw', '《普賢菩薩行願讚》的修行法要-第一堂', '佛教徒每日早晚課誦的「八十八佛大懺悔文」，其中懺悔文的主要部份，就是出於《普賢行願讚》，可見得此讚的重要性。\r\n\r\n《普賢行願讚》也是《華嚴經》的心要，介紹普賢菩薩的修行法門，讚歎普賢菩薩的「十大願」，是諸願之中為最尊貴、最殊勝的，所以被稱為「普賢願王」。\r\n\r\n普賢不但發了十個大願，發願之後，又按自己的發心去修行，所以稱之為普賢「行願」。行和願如鳥的雙翼、車的兩輪，缺一不可。因此，普賢菩薩的行與願，正是讓我們應該努力學習的。\r\n\r\n我們只要依普賢行願發心，用實際行動去實踐大願，就能功德圓滿，成就佛道！\r\n\r\n本課程是法鼓講堂「《普賢菩薩行願讚》的修行法要」的第一堂課，邀請您與普賢菩薩一起發願、行願。');
INSERT INTO videos(vid, pid, title, description) VALUES('eplQk8WuKLM', 'PLBA37938A4334DE0D', '《普賢菩薩行願讚》的修行法要-第一堂-1/4', '佛教徒每日早晚課誦的「八十八佛大懺悔文」，其中懺悔文的主要部份，就是出於《普賢行願讚》，可見得此讚的重要性。《普賢行願讚》也是《華嚴經》的心要，介紹普賢菩薩的修行法門，讚歎普賢菩薩的「十大願」，是諸願之中為最尊貴、最殊勝的，所以被稱為「普賢願王」。普賢不但發了十個大願，發願之後，又按自己的發心去修行，所以稱之為普賢「行願」。行和願如鳥的雙翼、車的兩輪，缺一不可。因此，普賢菩薩的行與願，正是讓我們應該努力學習的。\n\n「法鼓講堂」每周三晚間7：00~9：00\n網路直播：http://www.dharmaschool.com/ddm_max/liveclass/liveclassroom.php\n\n《普賢菩薩行願讚》的修行法要-第一堂-1/4 \nhttp://www.youtube.com/watch?v=eplQk8WuKLM&list=SPBA37938A4334DE0D&index=1\n《普賢菩薩行願讚》的修行法要-第一堂-2/4 \nhttp://www.youtube.com/watch?v=m-yarDUafME\n《普賢菩薩行願讚》的修行法要-第一堂-3/4 \nhttp://www.youtube.com/watch?v=S8sPNE2yd9A\n《普賢菩薩行願讚》的修行法要-第一堂-4/4 \nhttp://www.youtube.com/watch?v=DVgECxlb8-Y\n\n《普賢菩薩行願讚》的修行法要-第二堂-1/4 \nhttp://www.youtube.com/watch?v=yNOXcFwNwDk&list=SPA7D228C1CFF73DE7&index=1\n《普賢菩薩行願讚》的修行法要-第二堂-2/4 \nhttp://www.youtube.com/watch?v=9i9cAlZ-zjM&list=SPA7D228C1CFF73DE7\n《普賢菩薩行願讚》的修行法要-第二堂-3/4 \nhttp://www.youtube.com/watch?v=q2ll4qrzH1k&list=SPA7D228C1CFF73DE7&index=3\n《普賢菩薩行願讚》的修行法要-第二堂-4/4 \nhttp://www.youtube.com/watch?v=SAyVH__-6Mc&list=SPA7D228C1CFF73DE7\n《普賢菩薩行願讚》的修行法要-第三堂-1/4 \nhttp://www.youtube.com/watch?v=kw5QmJ314Mc&list=SPBB54B2F3895ADB29&index=1\n《普賢菩薩行願讚》的修行法要-第三堂-2/4 \nhttp://www.youtube.com/watch?v=K8u919wrAVo&list=SPBB54B2F3895ADB29&index=2\n《普賢菩薩行願讚》的修行法要-第三堂-3/4 \nhttp://www.youtube.com/watch?v=Blpzqr0NVPI\n《普賢菩薩行願讚》的修行法要-第三堂-4/4 \nhttp://www.youtube.com/watch?v=QdWej64BqRY\n\n《普賢菩薩行願讚》的修行法要-第四堂-1/4 \nhttp://www.youtube.com/watch?v=pZCcSMccjl0&list=SPE24484F0ABA14BE2&index=1\n《普賢菩薩行願讚》的修行法要-第四堂-2/4 \nhttp://www.youtube.com/watch?v=mY20cbNeLSs&list=SPE24484F0ABA14BE2\n《普賢菩薩行願讚》的修行法要-第四堂-3/4 \nhttp://www.youtube.com/watch?v=5CN-7QfpGys\n《普賢菩薩行願讚》的修行法要-第四堂-4/4 \nhttp://www.youtube.com/watch?v=QzycRi_BtZQ\n\n我們只要依普賢行願發心，用實際行動去實踐大願，就能功德圓滿，成就佛道！\n\n本課程是法鼓講堂「《普賢菩薩行願讚》的修行法要」的第一堂課，邀請您與普賢菩薩一起發願、行願。');
INSERT INTO videos(vid, pid, title, description) VALUES('m-yarDUafME', 'PLBA37938A4334DE0D', '《普賢菩薩行願讚》的修行法要-第一堂-2/4', '佛教徒每日早晚課誦的「八十八佛大懺悔文」，其中懺悔文的主要部份，就是出於《普賢行願讚》，可見得此讚的重要性。《普賢行願讚》也是《華嚴經》的心要，介紹普賢菩薩的修行法門，讚歎普賢菩薩的「十大願」，是諸願之中為最尊貴、最殊勝的，所以被稱為「普賢願王」。普賢不但發了十個大願，發願之後，又按自己的發心去修行，所以稱之為普賢「行願」。行和願如鳥的雙翼、車的兩輪，缺一不可。因此，普賢菩薩的行與願，正是讓我們應該努力學習的。我們只要依普賢行願發心，用實際行動去實踐大願，就能功德圓滿，成就佛道！\n\n本課程是法鼓講堂「《普賢菩薩行願讚》的修行法要」的第一堂課，邀請您與普賢菩薩一起發願、行願。\n\n「法鼓講堂」每周三晚間7：00~9：00\n網路直播：http://www.dharmaschool.com/ddm_max/liveclass/liveclassroom.php\n\n《普賢菩薩行願讚》的修行法要-第一堂-1/4 \nhttp://www.youtube.com/watch?v=eplQk8WuKLM&list=SPBA37938A4334DE0D&index=1\n《普賢菩薩行願讚》的修行法要-第一堂-2/4 \nhttp://www.youtube.com/watch?v=m-yarDUafME\n《普賢菩薩行願讚》的修行法要-第一堂-3/4 \nhttp://www.youtube.com/watch?v=S8sPNE2yd9A\n《普賢菩薩行願讚》的修行法要-第一堂-4/4 \nhttp://www.youtube.com/watch?v=DVgECxlb8-Y\n\n《普賢菩薩行願讚》的修行法要-第二堂-1/4 \nhttp://www.youtube.com/watch?v=yNOXcFwNwDk&list=SPA7D228C1CFF73DE7&index=1\n《普賢菩薩行願讚》的修行法要-第二堂-2/4 \nhttp://www.youtube.com/watch?v=9i9cAlZ-zjM&list=SPA7D228C1CFF73DE7\n《普賢菩薩行願讚》的修行法要-第二堂-3/4 \nhttp://www.youtube.com/watch?v=q2ll4qrzH1k&list=SPA7D228C1CFF73DE7&index=3\n《普賢菩薩行願讚》的修行法要-第二堂-4/4 \nhttp://www.youtube.com/watch?v=SAyVH__-6Mc&list=SPA7D228C1CFF73DE7\n《普賢菩薩行願讚》的修行法要-第三堂-1/4 \nhttp://www.youtube.com/watch?v=kw5QmJ314Mc&list=SPBB54B2F3895ADB29&index=1\n《普賢菩薩行願讚》的修行法要-第三堂-2/4 \nhttp://www.youtube.com/watch?v=K8u919wrAVo&list=SPBB54B2F3895ADB29&index=2\n《普賢菩薩行願讚》的修行法要-第三堂-3/4 \nhttp://www.youtube.com/watch?v=Blpzqr0NVPI\n《普賢菩薩行願讚》的修行法要-第三堂-4/4 \nhttp://www.youtube.com/watch?v=QdWej64BqRY\n\n《普賢菩薩行願讚》的修行法要-第四堂-1/4 \nhttp://www.youtube.com/watch?v=pZCcSMccjl0&list=SPE24484F0ABA14BE2&index=1\n《普賢菩薩行願讚》的修行法要-第四堂-2/4 \nhttp://www.youtube.com/watch?v=mY20cbNeLSs&list=SPE24484F0ABA14BE2\n《普賢菩薩行願讚》的修行法要-第四堂-3/4 \nhttp://www.youtube.com/watch?v=5CN-7QfpGys\n《普賢菩薩行願讚》的修行法要-第四堂-4/4 \nhttp://www.youtube.com/watch?v=QzycRi_BtZQ');
INSERT INTO videos(vid, pid, title, description) VALUES('S8sPNE2yd9A', 'PLBA37938A4334DE0D', '《普賢菩薩行願讚》的修行法要-第一堂-3/4', '佛教徒每日早晚課誦的「八十八佛大懺悔文」，其中懺悔文的主要部份，就是出於《普賢行願讚》，可見得此讚的重要性。《普賢行願讚》也是《華嚴經》的心要，介紹普賢菩薩的修行法門，讚歎普賢菩薩的「十大願」，是諸願之中為最尊貴、最殊勝的，所以被稱為「普賢願王」。普賢不但發了十個大願，發願之後，又按自己的發心去修行，所以稱之為普賢「行願」。行和願如鳥的雙翼、車的兩輪，缺一不可。因此，普賢菩薩的行與願，正是讓我們應該努力學習的。我們只要依普賢行願發心，用實際行動去實踐大願，就能功德圓滿，成就佛道！\n\n本課程是法鼓講堂「《普賢菩薩行願讚》的修行法要」的第一堂課，邀請您與普賢菩薩一起發願、行願。\n\n「法鼓講堂」每周三晚間7：00~9：00\n網路直播：http://www.dharmaschool.com/ddm_max/liveclass/liveclassroom.php\n\n《普賢菩薩行願讚》的修行法要-第一堂-1/4 \nhttp://www.youtube.com/watch?v=eplQk8WuKLM&list=SPBA37938A4334DE0D&index=1\n《普賢菩薩行願讚》的修行法要-第一堂-2/4 \nhttp://www.youtube.com/watch?v=m-yarDUafME\n《普賢菩薩行願讚》的修行法要-第一堂-3/4 \nhttp://www.youtube.com/watch?v=S8sPNE2yd9A\n《普賢菩薩行願讚》的修行法要-第一堂-4/4 \nhttp://www.youtube.com/watch?v=DVgECxlb8-Y\n\n《普賢菩薩行願讚》的修行法要-第二堂-1/4 \nhttp://www.youtube.com/watch?v=yNOXcFwNwDk&list=SPA7D228C1CFF73DE7&index=1\n《普賢菩薩行願讚》的修行法要-第二堂-2/4 \nhttp://www.youtube.com/watch?v=9i9cAlZ-zjM&list=SPA7D228C1CFF73DE7\n《普賢菩薩行願讚》的修行法要-第二堂-3/4 \nhttp://www.youtube.com/watch?v=q2ll4qrzH1k&list=SPA7D228C1CFF73DE7&index=3\n《普賢菩薩行願讚》的修行法要-第二堂-4/4 \nhttp://www.youtube.com/watch?v=SAyVH__-6Mc&list=SPA7D228C1CFF73DE7\n《普賢菩薩行願讚》的修行法要-第三堂-1/4 \nhttp://www.youtube.com/watch?v=kw5QmJ314Mc&list=SPBB54B2F3895ADB29&index=1\n《普賢菩薩行願讚》的修行法要-第三堂-2/4 \nhttp://www.youtube.com/watch?v=K8u919wrAVo&list=SPBB54B2F3895ADB29&index=2\n《普賢菩薩行願讚》的修行法要-第三堂-3/4 \nhttp://www.youtube.com/watch?v=Blpzqr0NVPI\n《普賢菩薩行願讚》的修行法要-第三堂-4/4 \nhttp://www.youtube.com/watch?v=QdWej64BqRY\n\n《普賢菩薩行願讚》的修行法要-第四堂-1/4 \nhttp://www.youtube.com/watch?v=pZCcSMccjl0&list=SPE24484F0ABA14BE2&index=1\n《普賢菩薩行願讚》的修行法要-第四堂-2/4 \nhttp://www.youtube.com/watch?v=mY20cbNeLSs&list=SPE24484F0ABA14BE2\n《普賢菩薩行願讚》的修行法要-第四堂-3/4 \nhttp://www.youtube.com/watch?v=5CN-7QfpGys\n《普賢菩薩行願讚》的修行法要-第四堂-4/4 \nhttp://www.youtube.com/watch?v=QzycRi_BtZQ');
INSERT INTO videos(vid, pid, title, description) VALUES('DVgECxlb8-Y', 'PLBA37938A4334DE0D', '《普賢菩薩行願讚》的修行法要-第一堂-4/4', '佛教徒每日早晚課誦的「八十八佛大懺悔文」，其中懺悔文的主要部份，就是出於《普賢行願讚》，可見得此讚的重要性。《普賢行願讚》也是《華嚴經》的心要，介紹普賢菩薩的修行法門，讚歎普賢菩薩的「十大願」，是諸願之中為最尊貴、最殊勝的，所以被稱為「普賢願王」。普賢不但發了十個大願，發願之後，又按自己的發心去修行，所以稱之為普賢「行願」。行和願如鳥的雙翼、車的兩輪，缺一不可。因此，普賢菩薩的行與願，正是讓我們應該努力學習的。我們只要依普賢行願發心，用實際行動去實踐大願，就能功德圓滿，成就佛道！\n\n本課程是法鼓講堂「《普賢菩薩行願讚》的修行法要」的第一堂課，邀請您與普賢菩薩一起發願、行願。\n\n「法鼓講堂」每周三晚間7：00~9：00\n網路直播：http://www.dharmaschool.com/ddm_max/liveclass/liveclassroom.php\n\n《普賢菩薩行願讚》的修行法要-第一堂-1/4 \nhttp://www.youtube.com/watch?v=eplQk8WuKLM&list=SPBA37938A4334DE0D&index=1\n《普賢菩薩行願讚》的修行法要-第一堂-2/4 \nhttp://www.youtube.com/watch?v=m-yarDUafME\n《普賢菩薩行願讚》的修行法要-第一堂-3/4 \nhttp://www.youtube.com/watch?v=S8sPNE2yd9A\n《普賢菩薩行願讚》的修行法要-第一堂-4/4 \nhttp://www.youtube.com/watch?v=DVgECxlb8-Y\n\n《普賢菩薩行願讚》的修行法要-第二堂-1/4 \nhttp://www.youtube.com/watch?v=yNOXcFwNwDk&list=SPA7D228C1CFF73DE7&index=1\n《普賢菩薩行願讚》的修行法要-第二堂-2/4 \nhttp://www.youtube.com/watch?v=9i9cAlZ-zjM&list=SPA7D228C1CFF73DE7\n《普賢菩薩行願讚》的修行法要-第二堂-3/4 \nhttp://www.youtube.com/watch?v=q2ll4qrzH1k&list=SPA7D228C1CFF73DE7&index=3\n《普賢菩薩行願讚》的修行法要-第二堂-4/4 \nhttp://www.youtube.com/watch?v=SAyVH__-6Mc&list=SPA7D228C1CFF73DE7\n《普賢菩薩行願讚》的修行法要-第三堂-1/4 \nhttp://www.youtube.com/watch?v=kw5QmJ314Mc&list=SPBB54B2F3895ADB29&index=1\n《普賢菩薩行願讚》的修行法要-第三堂-2/4 \nhttp://www.youtube.com/watch?v=K8u919wrAVo&list=SPBB54B2F3895ADB29&index=2\n《普賢菩薩行願讚》的修行法要-第三堂-3/4 \nhttp://www.youtube.com/watch?v=Blpzqr0NVPI\n《普賢菩薩行願讚》的修行法要-第三堂-4/4 \nhttp://www.youtube.com/watch?v=QdWej64BqRY\n\n《普賢菩薩行願讚》的修行法要-第四堂-1/4 \nhttp://www.youtube.com/watch?v=pZCcSMccjl0&list=SPE24484F0ABA14BE2&index=1\n《普賢菩薩行願讚》的修行法要-第四堂-2/4 \nhttp://www.youtube.com/watch?v=mY20cbNeLSs&list=SPE24484F0ABA14BE2\n《普賢菩薩行願讚》的修行法要-第四堂-3/4 \nhttp://www.youtube.com/watch?v=5CN-7QfpGys\n《普賢菩薩行願讚》的修行法要-第四堂-4/4 \nhttp://www.youtube.com/watch?v=QzycRi_BtZQ');
INSERT INTO playlist(pid, cid, title, description) VALUES('PLB83A44A17D379511','UCMvjjfm8AFBLQvQC9gItWEw', '《金剛經》略解-第四講', '中國禪宗六祖慧能大師聽了《金剛經》中一句：「應無所住而生其心」，就言下大悟，《金剛經》從此成為中國人最嚮往的一部經典。\r\n\r\n《金剛經》是般若系列經典之一，在三藏經典中有著崇高的地位，饒富深理又不離日常生活中最基本的修行態度，故自古以來流通極廣。\r\n\r\n經中介紹的般若空慧，其強大的力量就像金剛一樣，能摧破煩惱，讓我們不被任何表相所阻礙，並以無住生心的力量，不斷提昇自己的生命層次，成就自利利他的菩薩道。\r\n\r\n瞬息萬變的現代社會，如何心不隨境轉？如何止息煩惱過得安適自在？凡所有相，皆是虛幻，經云：「一切有為法，如夢幻泡影，如露亦如電，應作如是觀」。 《金剛經》教我們用平常心，面對生活中的順逆境及生命的無常，在紛亂的紅塵中解套，自在無礙，做自己生命的主人。');
INSERT INTO videos(vid, pid, title, description) VALUES('AzpNGoCwUB4', 'PLB83A44A17D379511', '《金剛經》略解-第四講-1/4', '中國禪宗六祖慧能大師聽了《金剛經》中一句：「應無所住而生其心」，就言下大悟，《金剛經》從此成為中國人最嚮往的一部經典。《金剛經》是般若系列經典之一，在三藏經典中有著崇高的地位，饒富深理又不離日常生活中最基本的修行態度，故自古以來流通極廣。經中介紹的般若空慧，其強大的力量就像金剛一樣，能摧破煩惱，讓我們不被任何表相所阻礙，並以無住生心的力量，不斷提昇自己的生命層次，成就自利利他的菩薩道。\n\n瞬息萬變的現代社會，如何心不隨境轉？如何止息煩惱過得安適自在？凡所有相，皆是虛幻，經云：「一切有為法，如夢幻泡影，如露亦如電，應作如是觀」。 《金剛經》教我們用平常心，面對生活中的順逆境及生命的無常，在紛亂的紅塵中解套，自在無礙，做自己生命的主人。\n\n「法鼓講堂」每周三晚間7：00~9：00\n網路直播：http://www.dharmaschool.com/ddm_max/liveclass/liveclassroom.php\n\n《金剛經》略解-第一講-1/4 \nhttp://www.youtube.com/watch?v=MCJGmGWUkts&list=SP2DE2CC7B07E9D1E0&index=1\n《金剛經》略解-第一講-2/4 \nhttp://www.youtube.com/watch?v=BPRUVjgqBQA&list=SP2DE2CC7B07E9D1E0\n《金剛經》略解-第一講-3/4 \nhttp://www.youtube.com/watch?v=Fn8bbBXrIz0&list=SP2DE2CC7B07E9D1E0\n《金剛經》略解-第一講-4/4 \nhttp://www.youtube.com/watch?v=OW0wQsinO6U&list=SP2DE2CC7B07E9D1E0\n《金剛經》略解-第二講-1/5 \nhttp://www.youtube.com/watch?v=7DM4fXaSwaw&list=SP4B8D5869FB4CDFAE&index=1\n《金剛經》略解-第二講-2/5 \nhttp://www.youtube.com/watch?v=Ie660dvUx_Q&list=SP4B8D5869FB4CDFAE\n《金剛經》略解-第二講-3/5 \nhttp://www.youtube.com/watch?v=9JQFN1Ww2q0&list=SP4B8D5869FB4CDFAE\n《金剛經》略解-第二講-4/5 \nhttp://www.youtube.com/watch?v=Je_JIzxyrPg&list=SP4B8D5869FB4CDFAE\n《金剛經》略解-第二講-5/5 \nhttp://www.youtube.com/watch?v=qGkXKoINrTo&list=SP4B8D5869FB4CDFAE\n《金剛經》略解-第三講-1/5 \nhttp://www.youtube.com/watch?v=O9f0nRpPdWc&list=SP1904C43CB15388F0&index=1\n《金剛經》略解-第三講-2/5 \nhttp://www.youtube.com/watch?v=JAGCBJcq_lE&list=SP1904C43CB15388F0\n《金剛經》略解-第三講-3/5 \nhttp://www.youtube.com/watch?v=9VEZ0s23yg0&list=SP1904C43CB15388F0\n《金剛經》略解-第三講-4/5 \nhttp://www.youtube.com/watch?v=UgiOqDEUUZM&list=SP1904C43CB15388F0\n《金剛經》略解-第三講-5/5 \nhttp://www.youtube.com/watch?v=6oNEqE8Al44&list=SP1904C43CB15388F0\n\n《金剛經》略解-第四講-1/4 \nhttp://www.youtube.com/watch?v=AzpNGoCwUB4&list=SPB83A44A17D379511&index=1\n《金剛經》略解-第四講-2/4 \nhttp://www.youtube.com/watch?v=g2j1cY9AXVs&list=SPB83A44A17D379511\n《金剛經》略解-第四講-3/4 \nhttp://www.youtube.com/watch?v=aP0dACPa_2Q&list=SPB83A44A17D379511\n《金剛經》略解-第四講-4/4 \nhttp://www.youtube.com/watch?v=IvWb3vSluy4&list=SPB83A44A17D379511');
INSERT INTO videos(vid, pid, title, description) VALUES('g2j1cY9AXVs', 'PLB83A44A17D379511', '《金剛經》略解-第四講-2/4', '中國禪宗六祖慧能大師聽了《金剛經》中一句：「應無所住而生其心」，就言下大悟，《金剛經》從此成為中國人最嚮往的一部經典。《金剛經》是般若系列經典之一，在三藏經典中有著崇高的地位，饒富深理又不離日常生活中最基本的修行態度，故自古以來流通極廣。經中介紹的般若空慧，其強大的力量就像金剛一樣，能摧破煩惱，讓我們不被任何表相所阻礙，並以無住生心的力量，不斷提昇自己的生命層次，成就自利利他的菩薩道。\n\n瞬息萬變的現代社會，如何心不隨境轉？如何止息煩惱過得安適自在？凡所有相，皆是虛幻，經云：「一切有為法，如夢幻泡影，如露亦如電，應作如是觀」。 《金剛經》教我們用平常心，面對生活中的順逆境及生命的無常，在紛亂的紅塵中解套，自在無礙，做自己生命的主人。\n\n「法鼓講堂」每周三晚間7：00~9：00\n網路直播：http://www.dharmaschool.com/ddm_max/liveclass/liveclassroom.php\n\n《金剛經》略解-第一講-1/4 \nhttp://www.youtube.com/watch?v=MCJGmGWUkts&list=SP2DE2CC7B07E9D1E0&index=1\n《金剛經》略解-第一講-2/4 \nhttp://www.youtube.com/watch?v=BPRUVjgqBQA&list=SP2DE2CC7B07E9D1E0\n《金剛經》略解-第一講-3/4 \nhttp://www.youtube.com/watch?v=Fn8bbBXrIz0&list=SP2DE2CC7B07E9D1E0\n《金剛經》略解-第一講-4/4 \nhttp://www.youtube.com/watch?v=OW0wQsinO6U&list=SP2DE2CC7B07E9D1E0\n《金剛經》略解-第二講-1/5 \nhttp://www.youtube.com/watch?v=7DM4fXaSwaw&list=SP4B8D5869FB4CDFAE&index=1\n《金剛經》略解-第二講-2/5 \nhttp://www.youtube.com/watch?v=Ie660dvUx_Q&list=SP4B8D5869FB4CDFAE\n《金剛經》略解-第二講-3/5 \nhttp://www.youtube.com/watch?v=9JQFN1Ww2q0&list=SP4B8D5869FB4CDFAE\n《金剛經》略解-第二講-4/5 \nhttp://www.youtube.com/watch?v=Je_JIzxyrPg&list=SP4B8D5869FB4CDFAE\n《金剛經》略解-第二講-5/5 \nhttp://www.youtube.com/watch?v=qGkXKoINrTo&list=SP4B8D5869FB4CDFAE\n《金剛經》略解-第三講-1/5 \nhttp://www.youtube.com/watch?v=O9f0nRpPdWc&list=SP1904C43CB15388F0&index=1\n《金剛經》略解-第三講-2/5 \nhttp://www.youtube.com/watch?v=JAGCBJcq_lE&list=SP1904C43CB15388F0\n《金剛經》略解-第三講-3/5 \nhttp://www.youtube.com/watch?v=9VEZ0s23yg0&list=SP1904C43CB15388F0\n《金剛經》略解-第三講-4/5 \nhttp://www.youtube.com/watch?v=UgiOqDEUUZM&list=SP1904C43CB15388F0\n《金剛經》略解-第三講-5/5 \nhttp://www.youtube.com/watch?v=6oNEqE8Al44&list=SP1904C43CB15388F0\n\n《金剛經》略解-第四講-1/4 \nhttp://www.youtube.com/watch?v=AzpNGoCwUB4&list=SPB83A44A17D379511&index=1\n《金剛經》略解-第四講-2/4 \nhttp://www.youtube.com/watch?v=g2j1cY9AXVs&list=SPB83A44A17D379511\n《金剛經》略解-第四講-3/4 \nhttp://www.youtube.com/watch?v=aP0dACPa_2Q&list=SPB83A44A17D379511\n《金剛經》略解-第四講-4/4 \nhttp://www.youtube.com/watch?v=IvWb3vSluy4&list=SPB83A44A17D379511');
INSERT INTO videos(vid, pid, title, description) VALUES('aP0dACPa_2Q', 'PLB83A44A17D379511', '《金剛經》略解-第四講-3/4', '中國禪宗六祖慧能大師聽了《金剛經》中一句：「應無所住而生其心」，就言下大悟，《金剛經》從此成為中國人最嚮往的一部經典。《金剛經》是般若系列經典之一，在三藏經典中有著崇高的地位，饒富深理又不離日常生活中最基本的修行態度，故自古以來流通極廣。經中介紹的般若空慧，其強大的力量就像金剛一樣，能摧破煩惱，讓我們不被任何表相所阻礙，並以無住生心的力量，不斷提昇自己的生命層次，成就自利利他的菩薩道。\n\n瞬息萬變的現代社會，如何心不隨境轉？如何止息煩惱過得安適自在？凡所有相，皆是虛幻，經云：「一切有為法，如夢幻泡影，如露亦如電，應作如是觀」。 《金剛經》教我們用平常心，面對生活中的順逆境及生命的無常，在紛亂的紅塵中解套，自在無礙，做自己生命的主人。\n「法鼓講堂」每周三晚間7：00~9：00\n網路直播：http://www.dharmaschool.com/ddm_max/liveclass/liveclassroom.php\n\n《金剛經》略解-第一講-1/4 \nhttp://www.youtube.com/watch?v=MCJGmGWUkts&list=SP2DE2CC7B07E9D1E0&index=1\n《金剛經》略解-第一講-2/4 \nhttp://www.youtube.com/watch?v=BPRUVjgqBQA&list=SP2DE2CC7B07E9D1E0\n《金剛經》略解-第一講-3/4 \nhttp://www.youtube.com/watch?v=Fn8bbBXrIz0&list=SP2DE2CC7B07E9D1E0\n《金剛經》略解-第一講-4/4 \nhttp://www.youtube.com/watch?v=OW0wQsinO6U&list=SP2DE2CC7B07E9D1E0\n《金剛經》略解-第二講-1/5 \nhttp://www.youtube.com/watch?v=7DM4fXaSwaw&list=SP4B8D5869FB4CDFAE&index=1\n《金剛經》略解-第二講-2/5 \nhttp://www.youtube.com/watch?v=Ie660dvUx_Q&list=SP4B8D5869FB4CDFAE\n《金剛經》略解-第二講-3/5 \nhttp://www.youtube.com/watch?v=9JQFN1Ww2q0&list=SP4B8D5869FB4CDFAE\n《金剛經》略解-第二講-4/5 \nhttp://www.youtube.com/watch?v=Je_JIzxyrPg&list=SP4B8D5869FB4CDFAE\n《金剛經》略解-第二講-5/5 \nhttp://www.youtube.com/watch?v=qGkXKoINrTo&list=SP4B8D5869FB4CDFAE\n《金剛經》略解-第三講-1/5 \nhttp://www.youtube.com/watch?v=O9f0nRpPdWc&list=SP1904C43CB15388F0&index=1\n《金剛經》略解-第三講-2/5 \nhttp://www.youtube.com/watch?v=JAGCBJcq_lE&list=SP1904C43CB15388F0\n《金剛經》略解-第三講-3/5 \nhttp://www.youtube.com/watch?v=9VEZ0s23yg0&list=SP1904C43CB15388F0\n《金剛經》略解-第三講-4/5 \nhttp://www.youtube.com/watch?v=UgiOqDEUUZM&list=SP1904C43CB15388F0\n《金剛經》略解-第三講-5/5 \nhttp://www.youtube.com/watch?v=6oNEqE8Al44&list=SP1904C43CB15388F0\n\n《金剛經》略解-第四講-1/4 \nhttp://www.youtube.com/watch?v=AzpNGoCwUB4&list=SPB83A44A17D379511&index=1\n《金剛經》略解-第四講-2/4 \nhttp://www.youtube.com/watch?v=g2j1cY9AXVs&list=SPB83A44A17D379511\n《金剛經》略解-第四講-3/4 \nhttp://www.youtube.com/watch?v=aP0dACPa_2Q&list=SPB83A44A17D379511\n《金剛經》略解-第四講-4/4 \nhttp://www.youtube.com/watch?v=IvWb3vSluy4&list=SPB83A44A17D379511');
INSERT INTO videos(vid, pid, title, description) VALUES('IvWb3vSluy4', 'PLB83A44A17D379511', '《金剛經》略解-第四講-4/4', '中國禪宗六祖慧能大師聽了《金剛經》中一句：「應無所住而生其心」，就言下大悟，《金剛經》從此成為中國人最嚮往的一部經典。《金剛經》是般若系列經典之一，在三藏經典中有著崇高的地位，饒富深理又不離日常生活中最基本的修行態度，故自古以來流通極廣。經中介紹的般若空慧，其強大的力量就像金剛一樣，能摧破煩惱，讓我們不被任何表相所阻礙，並以無住生心的力量，不斷提昇自己的生命層次，成就自利利他的菩薩道。\n\n瞬息萬變的現代社會，如何心不隨境轉？如何止息煩惱過得安適自在？凡所有相，皆是虛幻，經云：「一切有為法，如夢幻泡影，如露亦如電，應作如是觀」。 《金剛經》教我們用平常心，面對生活中的順逆境及生命的無常，在紛亂的紅塵中解套，自在無礙，做自己生命的主人。\n\n「法鼓講堂」每周三晚間7：00~9：00\n網路直播：http://www.dharmaschool.com/ddm_max/liveclass/liveclassroom.php\n\n《金剛經》略解-第一講-1/4 \nhttp://www.youtube.com/watch?v=MCJGmGWUkts&list=SP2DE2CC7B07E9D1E0&index=1\n《金剛經》略解-第一講-2/4 \nhttp://www.youtube.com/watch?v=BPRUVjgqBQA&list=SP2DE2CC7B07E9D1E0\n《金剛經》略解-第一講-3/4 \nhttp://www.youtube.com/watch?v=Fn8bbBXrIz0&list=SP2DE2CC7B07E9D1E0\n《金剛經》略解-第一講-4/4 \nhttp://www.youtube.com/watch?v=OW0wQsinO6U&list=SP2DE2CC7B07E9D1E0\n《金剛經》略解-第二講-1/5 \nhttp://www.youtube.com/watch?v=7DM4fXaSwaw&list=SP4B8D5869FB4CDFAE&index=1\n《金剛經》略解-第二講-2/5 \nhttp://www.youtube.com/watch?v=Ie660dvUx_Q&list=SP4B8D5869FB4CDFAE\n《金剛經》略解-第二講-3/5 \nhttp://www.youtube.com/watch?v=9JQFN1Ww2q0&list=SP4B8D5869FB4CDFAE\n《金剛經》略解-第二講-4/5 \nhttp://www.youtube.com/watch?v=Je_JIzxyrPg&list=SP4B8D5869FB4CDFAE\n《金剛經》略解-第二講-5/5 \nhttp://www.youtube.com/watch?v=qGkXKoINrTo&list=SP4B8D5869FB4CDFAE\n《金剛經》略解-第三講-1/5 \nhttp://www.youtube.com/watch?v=O9f0nRpPdWc&list=SP1904C43CB15388F0&index=1\n《金剛經》略解-第三講-2/5 \nhttp://www.youtube.com/watch?v=JAGCBJcq_lE&list=SP1904C43CB15388F0\n《金剛經》略解-第三講-3/5 \nhttp://www.youtube.com/watch?v=9VEZ0s23yg0&list=SP1904C43CB15388F0\n《金剛經》略解-第三講-4/5 \nhttp://www.youtube.com/watch?v=UgiOqDEUUZM&list=SP1904C43CB15388F0\n《金剛經》略解-第三講-5/5 \nhttp://www.youtube.com/watch?v=6oNEqE8Al44&list=SP1904C43CB15388F0\n\n《金剛經》略解-第四講-1/4 \nhttp://www.youtube.com/watch?v=AzpNGoCwUB4&list=SPB83A44A17D379511&index=1\n《金剛經》略解-第四講-2/4 \nhttp://www.youtube.com/watch?v=g2j1cY9AXVs&list=SPB83A44A17D379511\n《金剛經》略解-第四講-3/4 \nhttp://www.youtube.com/watch?v=aP0dACPa_2Q&list=SPB83A44A17D379511\n《金剛經》略解-第四講-4/4 \nhttp://www.youtube.com/watch?v=IvWb3vSluy4&list=SPB83A44A17D379511');
INSERT INTO playlist(pid, cid, title, description) VALUES('PL1904C43CB15388F0','UCMvjjfm8AFBLQvQC9gItWEw', '《金剛經》略解-第三講', '中國禪宗六祖慧能大師聽了《金剛經》中一句：「應無所住而生其心」，就言下大悟，《金剛經》從此成為中國人最嚮往的一部經典。\r\n\r\n《金剛經》是般若系列經典之一，在三藏經典中有著崇高的地位，饒富深理又不離日常生活中最基本的修行態度，故自古以來流通極廣。\r\n\r\n經中介紹的般若空慧，其強大的力量就像金剛一樣，能摧破煩惱，讓我們不被任何表相所阻礙，並以無住生心的力量，不斷提昇自己的生命層次，成就自利利他的菩薩道。\r\n\r\n瞬息萬變的現代社會，如何心不隨境轉？如何止息煩惱過得安適自在？凡所有相，皆是虛幻，經云：「一切有為法，如夢幻泡影，如露亦如電，應作如是觀」。 《金剛經》教我們用平常心，面對生活中的順逆境及生命的無常，在紛亂的紅塵中解套，自在無礙，做自己生命的主人。');
INSERT INTO videos(vid, pid, title, description) VALUES('O9f0nRpPdWc', 'PL1904C43CB15388F0', '《金剛經》略解-第三講-1/5', '中國禪宗六祖慧能大師聽了《金剛經》中一句：「應無所住而生其心」，就言下大悟，《金剛經》從此成為中國人最嚮往的一部經典。《金剛經》是般若系列經典之一，在三藏經典中有著崇高的地位，饒富深理又不離日常生活中最基本的修行態度，故自古以來流通極廣。經中介紹的般若空慧，其強大的力量就像金剛一樣，能摧破煩惱，讓我們不被任何表相所阻礙，並以無住生心的力量，不斷提昇自己的生命層次，成就自利利他的菩薩道。\n\n瞬息萬變的現代社會，如何心不隨境轉？如何止息煩惱過得安適自在？凡所有相，皆是虛幻，經云：「一切有為法，如夢幻泡影，如露亦如電，應作如是觀」。 《金剛經》教我們用平常心，面對生活中的順逆境及生命的無常，在紛亂的紅塵中解套，自在無礙，做自己生命的主人。\n\n「法鼓講堂」每周三晚間7：00~9：00\n網路直播：http://www.dharmaschool.com/ddm_max/liveclass/liveclassroom.php\nhttp://www.youtube.com/watch?v=5DjL0qnH4jM\n《金剛經》略解-第一講-1/4 \nhttp://www.youtube.com/watch?v=MCJGmGWUkts&list=SP2DE2CC7B07E9D1E0&index=1\n《金剛經》略解-第一講-2/4 \nhttp://www.youtube.com/watch?v=BPRUVjgqBQA&list=SP2DE2CC7B07E9D1E0\n《金剛經》略解-第一講-3/4 \nhttp://www.youtube.com/watch?v=Fn8bbBXrIz0&list=SP2DE2CC7B07E9D1E0\n《金剛經》略解-第一講-4/4 \nhttp://www.youtube.com/watch?v=OW0wQsinO6U&list=SP2DE2CC7B07E9D1E0\n《金剛經》略解-第二講-1/5 \nhttp://www.youtube.com/watch?v=7DM4fXaSwaw&list=SP4B8D5869FB4CDFAE&index=1\n《金剛經》略解-第二講-2/5 \nhttp://www.youtube.com/watch?v=Ie660dvUx_Q&list=SP4B8D5869FB4CDFAE\n《金剛經》略解-第二講-3/5 \nhttp://www.youtube.com/watch?v=9JQFN1Ww2q0&list=SP4B8D5869FB4CDFAE\n《金剛經》略解-第二講-4/5 \nhttp://www.youtube.com/watch?v=Je_JIzxyrPg&list=SP4B8D5869FB4CDFAE\n《金剛經》略解-第二講-5/5 \nhttp://www.youtube.com/watch?v=qGkXKoINrTo&list=SP4B8D5869FB4CDFAE\n《金剛經》略解-第三講-1/5 \nhttp://www.youtube.com/watch?v=O9f0nRpPdWc&list=SP1904C43CB15388F0&index=1\n《金剛經》略解-第三講-2/5 \nhttp://www.youtube.com/watch?v=JAGCBJcq_lE&list=SP1904C43CB15388F0\n《金剛經》略解-第三講-3/5 \nhttp://www.youtube.com/watch?v=9VEZ0s23yg0&list=SP1904C43CB15388F0\n《金剛經》略解-第三講-4/5 \nhttp://www.youtube.com/watch?v=UgiOqDEUUZM&list=SP1904C43CB15388F0\n《金剛經》略解-第三講-5/5 \nhttp://www.youtube.com/watch?v=6oNEqE8Al44&list=SP1904C43CB15388F0\n\n《金剛經》略解-第四講-1/4 \nhttp://www.youtube.com/watch?v=AzpNGoCwUB4&list=SPB83A44A17D379511&index=1\n《金剛經》略解-第四講-2/4 \nhttp://www.youtube.com/watch?v=g2j1cY9AXVs&list=SPB83A44A17D379511\n《金剛經》略解-第四講-3/4 \nhttp://www.youtube.com/watch?v=aP0dACPa_2Q&list=SPB83A44A17D379511\n《金剛經》略解-第四講-4/4 \nhttp://www.youtube.com/watch?v=IvWb3vSluy4&list=SPB83A44A17D379511');
INSERT INTO videos(vid, pid, title, description) VALUES('JAGCBJcq_lE', 'PL1904C43CB15388F0', '《金剛經》略解-第三講-2/5', '中國禪宗六祖慧能大師聽了《金剛經》中一句：「應無所住而生其心」，就言下大悟，《金剛經》從此成為中國人最嚮往的一部經典。《金剛經》是般若系列經典之一，在三藏經典中有著崇高的地位，饒富深理又不離日常生活中最基本的修行態度，故自古以來流通極廣。經中介紹的般若空慧，其強大的力量就像金剛一樣，能摧破煩惱，讓我們不被任何表相所阻礙，並以無住生心的力量，不斷提昇自己的生命層次，成就自利利他的菩薩道。\n\n瞬息萬變的現代社會，如何心不隨境轉？如何止息煩惱過得安適自在？凡所有相，皆是虛幻，經云：「一切有為法，如夢幻泡影，如露亦如電，應作如是觀」。 《金剛經》教我們用平常心，面對生活中的順逆境及生命的無常，在紛亂的紅塵中解套，自在無礙，做自己生命的主人。\n\n「法鼓講堂」每周三晚間7：00~9：00\n網路直播：http://www.dharmaschool.com/ddm_max/liveclass/liveclassroom.php\nhttp://www.youtube.com/watch?v=5DjL0qnH4jM\n《金剛經》略解-第一講-1/4 \nhttp://www.youtube.com/watch?v=MCJGmGWUkts&list=SP2DE2CC7B07E9D1E0&index=1\n《金剛經》略解-第一講-2/4 \nhttp://www.youtube.com/watch?v=BPRUVjgqBQA&list=SP2DE2CC7B07E9D1E0\n《金剛經》略解-第一講-3/4 \nhttp://www.youtube.com/watch?v=Fn8bbBXrIz0&list=SP2DE2CC7B07E9D1E0\n《金剛經》略解-第一講-4/4 \nhttp://www.youtube.com/watch?v=OW0wQsinO6U&list=SP2DE2CC7B07E9D1E0\n《金剛經》略解-第二講-1/5 \nhttp://www.youtube.com/watch?v=7DM4fXaSwaw&list=SP4B8D5869FB4CDFAE&index=1\n《金剛經》略解-第二講-2/5 \nhttp://www.youtube.com/watch?v=Ie660dvUx_Q&list=SP4B8D5869FB4CDFAE\n《金剛經》略解-第二講-3/5 \nhttp://www.youtube.com/watch?v=9JQFN1Ww2q0&list=SP4B8D5869FB4CDFAE\n《金剛經》略解-第二講-4/5 \nhttp://www.youtube.com/watch?v=Je_JIzxyrPg&list=SP4B8D5869FB4CDFAE\n《金剛經》略解-第二講-5/5 \nhttp://www.youtube.com/watch?v=qGkXKoINrTo&list=SP4B8D5869FB4CDFAE\n《金剛經》略解-第三講-1/5 \nhttp://www.youtube.com/watch?v=O9f0nRpPdWc&list=SP1904C43CB15388F0&index=1\n《金剛經》略解-第三講-2/5 \nhttp://www.youtube.com/watch?v=JAGCBJcq_lE&list=SP1904C43CB15388F0\n《金剛經》略解-第三講-3/5 \nhttp://www.youtube.com/watch?v=9VEZ0s23yg0&list=SP1904C43CB15388F0\n《金剛經》略解-第三講-4/5 \nhttp://www.youtube.com/watch?v=UgiOqDEUUZM&list=SP1904C43CB15388F0\n《金剛經》略解-第三講-5/5 \nhttp://www.youtube.com/watch?v=6oNEqE8Al44&list=SP1904C43CB15388F0\n\n《金剛經》略解-第四講-1/4 \nhttp://www.youtube.com/watch?v=AzpNGoCwUB4&list=SPB83A44A17D379511&index=1\n《金剛經》略解-第四講-2/4 \nhttp://www.youtube.com/watch?v=g2j1cY9AXVs&list=SPB83A44A17D379511\n《金剛經》略解-第四講-3/4 \nhttp://www.youtube.com/watch?v=aP0dACPa_2Q&list=SPB83A44A17D379511\n《金剛經》略解-第四講-4/4 \nhttp://www.youtube.com/watch?v=IvWb3vSluy4&list=SPB83A44A17D379511');
INSERT INTO videos(vid, pid, title, description) VALUES('9VEZ0s23yg0', 'PL1904C43CB15388F0', '《金剛經》略解-第三講-3/5', '中國禪宗六祖慧能大師聽了《金剛經》中一句：「應無所住而生其心」，就言下大悟，《金剛經》從此成為中國人最嚮往的一部經典。《金剛經》是般若系列經典之一，在三藏經典中有著崇高的地位，饒富深理又不離日常生活中最基本的修行態度，故自古以來流通極廣。經中介紹的般若空慧，其強大的力量就像金剛一樣，能摧破煩惱，讓我們不被任何表相所阻礙，並以無住生心的力量，不斷提昇自己的生命層次，成就自利利他的菩薩道。\n\n瞬息萬變的現代社會，如何心不隨境轉？如何止息煩惱過得安適自在？凡所有相，皆是虛幻，經云：「一切有為法，如夢幻泡影，如露亦如電，應作如是觀」。 《金剛經》教我們用平常心，面對生活中的順逆境及生命的無常，在紛亂的紅塵中解套，自在無礙，做自己生命的主人。\n\n「法鼓講堂」每周三晚間7：00~9：00\n網路直播：http://www.dharmaschool.com/ddm_max/liveclass/liveclassroom.php\nhttp://www.youtube.com/watch?v=5DjL0qnH4jM\n《金剛經》略解-第一講-1/4 \nhttp://www.youtube.com/watch?v=MCJGmGWUkts&list=SP2DE2CC7B07E9D1E0&index=1\n《金剛經》略解-第一講-2/4 \nhttp://www.youtube.com/watch?v=BPRUVjgqBQA&list=SP2DE2CC7B07E9D1E0\n《金剛經》略解-第一講-3/4 \nhttp://www.youtube.com/watch?v=Fn8bbBXrIz0&list=SP2DE2CC7B07E9D1E0\n《金剛經》略解-第一講-4/4 \nhttp://www.youtube.com/watch?v=OW0wQsinO6U&list=SP2DE2CC7B07E9D1E0\n《金剛經》略解-第二講-1/5 \nhttp://www.youtube.com/watch?v=7DM4fXaSwaw&list=SP4B8D5869FB4CDFAE&index=1\n《金剛經》略解-第二講-2/5 \nhttp://www.youtube.com/watch?v=Ie660dvUx_Q&list=SP4B8D5869FB4CDFAE\n《金剛經》略解-第二講-3/5 \nhttp://www.youtube.com/watch?v=9JQFN1Ww2q0&list=SP4B8D5869FB4CDFAE\n《金剛經》略解-第二講-4/5 \nhttp://www.youtube.com/watch?v=Je_JIzxyrPg&list=SP4B8D5869FB4CDFAE\n《金剛經》略解-第二講-5/5 \nhttp://www.youtube.com/watch?v=qGkXKoINrTo&list=SP4B8D5869FB4CDFAE\n《金剛經》略解-第三講-1/5 \nhttp://www.youtube.com/watch?v=O9f0nRpPdWc&list=SP1904C43CB15388F0&index=1\n《金剛經》略解-第三講-2/5 \nhttp://www.youtube.com/watch?v=JAGCBJcq_lE&list=SP1904C43CB15388F0\n《金剛經》略解-第三講-3/5 \nhttp://www.youtube.com/watch?v=9VEZ0s23yg0&list=SP1904C43CB15388F0\n《金剛經》略解-第三講-4/5 \nhttp://www.youtube.com/watch?v=UgiOqDEUUZM&list=SP1904C43CB15388F0\n《金剛經》略解-第三講-5/5 \nhttp://www.youtube.com/watch?v=6oNEqE8Al44&list=SP1904C43CB15388F0\n\n《金剛經》略解-第四講-1/4 \nhttp://www.youtube.com/watch?v=AzpNGoCwUB4&list=SPB83A44A17D379511&index=1\n《金剛經》略解-第四講-2/4 \nhttp://www.youtube.com/watch?v=g2j1cY9AXVs&list=SPB83A44A17D379511\n《金剛經》略解-第四講-3/4 \nhttp://www.youtube.com/watch?v=aP0dACPa_2Q&list=SPB83A44A17D379511\n《金剛經》略解-第四講-4/4 \nhttp://www.youtube.com/watch?v=IvWb3vSluy4&list=SPB83A44A17D379511');
INSERT INTO videos(vid, pid, title, description) VALUES('UgiOqDEUUZM', 'PL1904C43CB15388F0', '《金剛經》略解-第三講-4/5', '中國禪宗六祖慧能大師聽了《金剛經》中一句：「應無所住而生其心」，就言下大悟，《金剛經》從此成為中國人最嚮往的一部經典。《金剛經》是般若系列經典之一，在三藏經典中有著崇高的地位，饒富深理又不離日常生活中最基本的修行態度，故自古以來流通極廣。經中介紹的般若空慧，其強大的力量就像金剛一樣，能摧破煩惱，讓我們不被任何表相所阻礙，並以無住生心的力量，不斷提昇自己的生命層次，成就自利利他的菩薩道。\n\n瞬息萬變的現代社會，如何心不隨境轉？如何止息煩惱過得安適自在？凡所有相，皆是虛幻，經云：「一切有為法，如夢幻泡影，如露亦如電，應作如是觀」。 《金剛經》教我們用平常心，面對生活中的順逆境及生命的無常，在紛亂的紅塵中解套，自在無礙，做自己生命的主人。\n「法鼓講堂」每周三晚間7：00~9：00\n網路直播：http://www.dharmaschool.com/ddm_max/liveclass/liveclassroom.php\nhttp://www.youtube.com/watch?v=5DjL0qnH4jM\n《金剛經》略解-第一講-1/4 \nhttp://www.youtube.com/watch?v=MCJGmGWUkts&list=SP2DE2CC7B07E9D1E0&index=1\n《金剛經》略解-第一講-2/4 \nhttp://www.youtube.com/watch?v=BPRUVjgqBQA&list=SP2DE2CC7B07E9D1E0\n《金剛經》略解-第一講-3/4 \nhttp://www.youtube.com/watch?v=Fn8bbBXrIz0&list=SP2DE2CC7B07E9D1E0\n《金剛經》略解-第一講-4/4 \nhttp://www.youtube.com/watch?v=OW0wQsinO6U&list=SP2DE2CC7B07E9D1E0\n《金剛經》略解-第二講-1/5 \nhttp://www.youtube.com/watch?v=7DM4fXaSwaw&list=SP4B8D5869FB4CDFAE&index=1\n《金剛經》略解-第二講-2/5 \nhttp://www.youtube.com/watch?v=Ie660dvUx_Q&list=SP4B8D5869FB4CDFAE\n《金剛經》略解-第二講-3/5 \nhttp://www.youtube.com/watch?v=9JQFN1Ww2q0&list=SP4B8D5869FB4CDFAE\n《金剛經》略解-第二講-4/5 \nhttp://www.youtube.com/watch?v=Je_JIzxyrPg&list=SP4B8D5869FB4CDFAE\n《金剛經》略解-第二講-5/5 \nhttp://www.youtube.com/watch?v=qGkXKoINrTo&list=SP4B8D5869FB4CDFAE\n《金剛經》略解-第三講-1/5 \nhttp://www.youtube.com/watch?v=O9f0nRpPdWc&list=SP1904C43CB15388F0&index=1\n《金剛經》略解-第三講-2/5 \nhttp://www.youtube.com/watch?v=JAGCBJcq_lE&list=SP1904C43CB15388F0\n《金剛經》略解-第三講-3/5 \nhttp://www.youtube.com/watch?v=9VEZ0s23yg0&list=SP1904C43CB15388F0\n《金剛經》略解-第三講-4/5 \nhttp://www.youtube.com/watch?v=UgiOqDEUUZM&list=SP1904C43CB15388F0\n《金剛經》略解-第三講-5/5 \nhttp://www.youtube.com/watch?v=6oNEqE8Al44&list=SP1904C43CB15388F0\n\n《金剛經》略解-第四講-1/4 \nhttp://www.youtube.com/watch?v=AzpNGoCwUB4&list=SPB83A44A17D379511&index=1\n《金剛經》略解-第四講-2/4 \nhttp://www.youtube.com/watch?v=g2j1cY9AXVs&list=SPB83A44A17D379511\n《金剛經》略解-第四講-3/4 \nhttp://www.youtube.com/watch?v=aP0dACPa_2Q&list=SPB83A44A17D379511\n《金剛經》略解-第四講-4/4 \nhttp://www.youtube.com/watch?v=IvWb3vSluy4&list=SPB83A44A17D379511');
INSERT INTO videos(vid, pid, title, description) VALUES('6oNEqE8Al44', 'PL1904C43CB15388F0', '《金剛經》略解-第三講-5/5', '中國禪宗六祖慧能大師聽了《金剛經》中一句：「應無所住而生其心」，就言下大悟，《金剛經》從此成為中國人最嚮往的一部經典。《金剛經》是般若系列經典之一，在三藏經典中有著崇高的地位，饒富深理又不離日常生活中最基本的修行態度，故自古以來流通極廣。介紹的般若空慧，其強大的力量就像金剛一樣，能摧破煩惱，讓我們不被任何表相所阻礙，並以無住生心的力量，不斷提昇自己的生命層次，成就自利利他的菩薩道。\n\n瞬息萬變的現代社會，如何心不隨境轉？如何止息煩惱過得安適自在？凡所有相，皆是虛幻，經云：「一切有為法，如夢幻泡影，如露亦如電，應作如是觀」。 《金剛經》教我們用平常心，面對生活中的順逆境及生命的無常，在紛亂的紅塵中解套，自在無礙，做自己生命的主人。\n\n「法鼓講堂」每周三晚間7：00~9：00\n網路直播：http://www.dharmaschool.com/ddm_max/liveclass/liveclassroom.php\nhttp://www.youtube.com/watch?v=5DjL0qnH4jM\n《金剛經》略解-第一講-1/4 \nhttp://www.youtube.com/watch?v=MCJGmGWUkts&list=SP2DE2CC7B07E9D1E0&index=1\n《金剛經》略解-第一講-2/4 \nhttp://www.youtube.com/watch?v=BPRUVjgqBQA&list=SP2DE2CC7B07E9D1E0\n《金剛經》略解-第一講-3/4 \nhttp://www.youtube.com/watch?v=Fn8bbBXrIz0&list=SP2DE2CC7B07E9D1E0\n《金剛經》略解-第一講-4/4 \nhttp://www.youtube.com/watch?v=OW0wQsinO6U&list=SP2DE2CC7B07E9D1E0\n《金剛經》略解-第二講-1/5 \nhttp://www.youtube.com/watch?v=7DM4fXaSwaw&list=SP4B8D5869FB4CDFAE&index=1\n《金剛經》略解-第二講-2/5 \nhttp://www.youtube.com/watch?v=Ie660dvUx_Q&list=SP4B8D5869FB4CDFAE\n《金剛經》略解-第二講-3/5 \nhttp://www.youtube.com/watch?v=9JQFN1Ww2q0&list=SP4B8D5869FB4CDFAE\n《金剛經》略解-第二講-4/5 \nhttp://www.youtube.com/watch?v=Je_JIzxyrPg&list=SP4B8D5869FB4CDFAE\n《金剛經》略解-第二講-5/5 \nhttp://www.youtube.com/watch?v=qGkXKoINrTo&list=SP4B8D5869FB4CDFAE\n《金剛經》略解-第三講-1/5 \nhttp://www.youtube.com/watch?v=O9f0nRpPdWc&list=SP1904C43CB15388F0&index=1\n《金剛經》略解-第三講-2/5 \nhttp://www.youtube.com/watch?v=JAGCBJcq_lE&list=SP1904C43CB15388F0\n《金剛經》略解-第三講-3/5 \nhttp://www.youtube.com/watch?v=9VEZ0s23yg0&list=SP1904C43CB15388F0\n《金剛經》略解-第三講-4/5 \nhttp://www.youtube.com/watch?v=UgiOqDEUUZM&list=SP1904C43CB15388F0\n《金剛經》略解-第三講-5/5 \nhttp://www.youtube.com/watch?v=6oNEqE8Al44&list=SP1904C43CB15388F0\n\n《金剛經》略解-第四講-1/4 \nhttp://www.youtube.com/watch?v=AzpNGoCwUB4&list=SPB83A44A17D379511&index=1\n《金剛經》略解-第四講-2/4 \nhttp://www.youtube.com/watch?v=g2j1cY9AXVs&list=SPB83A44A17D379511\n《金剛經》略解-第四講-3/4 \nhttp://www.youtube.com/watch?v=aP0dACPa_2Q&list=SPB83A44A17D379511\n《金剛經》略解-第四講-4/4 \nhttp://www.youtube.com/watch?v=IvWb3vSluy4&list=SPB83A44A17D379511');
INSERT INTO playlist(pid, cid, title, description) VALUES('PL4B8D5869FB4CDFAE','UCMvjjfm8AFBLQvQC9gItWEw', '《金剛經》略解-第二講', '中國禪宗六祖慧能大師聽了《金剛經》中一句：「應無所住而生其心」，就言下大悟，《金剛經》從此成為中國人最嚮往的一部經典。\r\n\r\n《金剛經》是般若系列經典之一，在三藏經典中有著崇高的地位，饒富深理又不離日常生活中最基本的修行態度，故自古以來流通極廣。\r\n\r\n經中介紹的般若空慧，其強大的力量就像金剛一樣，能摧破煩惱，讓我們不被任何表相所阻礙，並以無住生心的力量，不斷提昇自己的生命層次，成就自利利他的菩薩道。\r\n\r\n瞬息萬變的現代社會，如何心不隨境轉？如何止息煩惱過得安適自在？凡所有相，皆是虛幻，經云：「一切有為法，如夢幻泡影，如露亦如電，應作如是觀」。 《金剛經》教我們用平常心，面對生活中的順逆境及生命的無常，在紛亂的紅塵中解套，自在無礙，做自己生命的主人。');
INSERT INTO videos(vid, pid, title, description) VALUES('7DM4fXaSwaw', 'PL4B8D5869FB4CDFAE', '《金剛經》略解-第二講-1/5', '中國禪宗六祖慧能大師聽了《金剛經》中一句：「應無所住而生其心」，就言下大悟，《金剛經》從此成為中國人最嚮往的一部經典。《金剛經》是般若系列經典之一，在三藏經典中有著崇高的地位，饒富深理又不離日常生活中最基本的修行態度，故自古以來流通極廣。經中介紹的般若空慧，其強大的力量就像金剛一樣，能摧破煩惱，讓我們不被任何表相所阻礙，並以無住生心的力量，不斷提昇自己的生命層次，成就自利利他的菩薩道。\n\n瞬息萬變的現代社會，如何心不隨境轉？如何止息煩惱過得安適自在？凡所有相，皆是虛幻，經云：「一切有為法，如夢幻泡影，如露亦如電，應作如是觀」。 《金剛經》教我們用平常心，面對生活中的順逆境及生命的無常，在紛亂的紅塵中解套，自在無礙，做自己生命的主人。\n\n「法鼓講堂」每周三晚間7：00~9：00\n網路直播：http://www.dharmaschool.com/ddm_max/liveclass/liveclassroom.php\n\n《金剛經》略解-第一講-1/4 \nhttp://www.youtube.com/watch?v=MCJGmGWUkts&list=SP2DE2CC7B07E9D1E0&index=1\n《金剛經》略解-第一講-2/4 \nhttp://www.youtube.com/watch?v=BPRUVjgqBQA&list=SP2DE2CC7B07E9D1E0\n《金剛經》略解-第一講-3/4 \nhttp://www.youtube.com/watch?v=Fn8bbBXrIz0&list=SP2DE2CC7B07E9D1E0\n《金剛經》略解-第一講-4/4 \nhttp://www.youtube.com/watch?v=OW0wQsinO6U&list=SP2DE2CC7B07E9D1E0\n《金剛經》略解-第二講-1/5 \nhttp://www.youtube.com/watch?v=7DM4fXaSwaw&list=SP4B8D5869FB4CDFAE&index=1\n《金剛經》略解-第二講-2/5 \nhttp://www.youtube.com/watch?v=Ie660dvUx_Q&list=SP4B8D5869FB4CDFAE\n《金剛經》略解-第二講-3/5 \nhttp://www.youtube.com/watch?v=9JQFN1Ww2q0&list=SP4B8D5869FB4CDFAE\n《金剛經》略解-第二講-4/5 \nhttp://www.youtube.com/watch?v=Je_JIzxyrPg&list=SP4B8D5869FB4CDFAE\n《金剛經》略解-第二講-5/5 \nhttp://www.youtube.com/watch?v=qGkXKoINrTo&list=SP4B8D5869FB4CDFAE\n《金剛經》略解-第三講-1/5 \nhttp://www.youtube.com/watch?v=O9f0nRpPdWc&list=SP1904C43CB15388F0&index=1\n《金剛經》略解-第三講-2/5 \nhttp://www.youtube.com/watch?v=JAGCBJcq_lE&list=SP1904C43CB15388F0\n《金剛經》略解-第三講-3/5 \nhttp://www.youtube.com/watch?v=9VEZ0s23yg0&list=SP1904C43CB15388F0\n《金剛經》略解-第三講-4/5 \nhttp://www.youtube.com/watch?v=UgiOqDEUUZM&list=SP1904C43CB15388F0\n《金剛經》略解-第三講-5/5 \nhttp://www.youtube.com/watch?v=6oNEqE8Al44&list=SP1904C43CB15388F0\n\n《金剛經》略解-第四講-1/4 \nhttp://www.youtube.com/watch?v=AzpNGoCwUB4&list=SPB83A44A17D379511&index=1\n《金剛經》略解-第四講-2/4 \nhttp://www.youtube.com/watch?v=g2j1cY9AXVs&list=SPB83A44A17D379511\n《金剛經》略解-第四講-3/4 \nhttp://www.youtube.com/watch?v=aP0dACPa_2Q&list=SPB83A44A17D379511\n《金剛經》略解-第四講-4/4 \nhttp://www.youtube.com/watch?v=IvWb3vSluy4&list=SPB83A44A17D379511');
INSERT INTO videos(vid, pid, title, description) VALUES('Ie660dvUx_Q', 'PL4B8D5869FB4CDFAE', '《金剛經》略解-第二講-2/5', '中國禪宗六祖慧能大師聽了《金剛經》中一句：「應無所住而生其心」，就言下大悟，《金剛經》從此成為中國人最嚮往的一部經典。《金剛經》是般若系列經典之一，在三藏經典中有著崇高的地位，饒富深理又不離日常生活中最基本的修行態度，故自古以來流通極廣。經中介紹的般若空慧，其強大的力量就像金剛一樣，能摧破煩惱，讓我們不被任何表相所阻礙，並以無住生心的力量，不斷提昇自己的生命層次，成就自利利他的菩薩道。\n\n瞬息萬變的現代社會，如何心不隨境轉？如何止息煩惱過得安適自在？凡所有相，皆是虛幻，經云：「一切有為法，如夢幻泡影，如露亦如電，應作如是觀」。 《金剛經》教我們用平常心，面對生活中的順逆境及生命的無常，在紛亂的紅塵中解套，自在無礙，做自己生命的主人。\n\n「法鼓講堂」每周三晚間7：00~9：00\n網路直播：http://www.dharmaschool.com/ddm_max/liveclass/liveclassroom.php\n\n《金剛經》略解-第一講-1/4 \nhttp://www.youtube.com/watch?v=MCJGmGWUkts&list=SP2DE2CC7B07E9D1E0&index=1\n《金剛經》略解-第一講-2/4 \nhttp://www.youtube.com/watch?v=BPRUVjgqBQA&list=SP2DE2CC7B07E9D1E0\n《金剛經》略解-第一講-3/4 \nhttp://www.youtube.com/watch?v=Fn8bbBXrIz0&list=SP2DE2CC7B07E9D1E0\n《金剛經》略解-第一講-4/4 \nhttp://www.youtube.com/watch?v=OW0wQsinO6U&list=SP2DE2CC7B07E9D1E0\n《金剛經》略解-第二講-1/5 \nhttp://www.youtube.com/watch?v=7DM4fXaSwaw&list=SP4B8D5869FB4CDFAE&index=1\n《金剛經》略解-第二講-2/5 \nhttp://www.youtube.com/watch?v=Ie660dvUx_Q&list=SP4B8D5869FB4CDFAE\n《金剛經》略解-第二講-3/5 \nhttp://www.youtube.com/watch?v=9JQFN1Ww2q0&list=SP4B8D5869FB4CDFAE\n《金剛經》略解-第二講-4/5 \nhttp://www.youtube.com/watch?v=Je_JIzxyrPg&list=SP4B8D5869FB4CDFAE\n《金剛經》略解-第二講-5/5 \nhttp://www.youtube.com/watch?v=qGkXKoINrTo&list=SP4B8D5869FB4CDFAE\n《金剛經》略解-第三講-1/5 \nhttp://www.youtube.com/watch?v=O9f0nRpPdWc&list=SP1904C43CB15388F0&index=1\n《金剛經》略解-第三講-2/5 \nhttp://www.youtube.com/watch?v=JAGCBJcq_lE&list=SP1904C43CB15388F0\n《金剛經》略解-第三講-3/5 \nhttp://www.youtube.com/watch?v=9VEZ0s23yg0&list=SP1904C43CB15388F0\n《金剛經》略解-第三講-4/5 \nhttp://www.youtube.com/watch?v=UgiOqDEUUZM&list=SP1904C43CB15388F0\n《金剛經》略解-第三講-5/5 \nhttp://www.youtube.com/watch?v=6oNEqE8Al44&list=SP1904C43CB15388F0\n\n《金剛經》略解-第四講-1/4 \nhttp://www.youtube.com/watch?v=AzpNGoCwUB4&list=SPB83A44A17D379511&index=1\n《金剛經》略解-第四講-2/4 \nhttp://www.youtube.com/watch?v=g2j1cY9AXVs&list=SPB83A44A17D379511\n《金剛經》略解-第四講-3/4 \nhttp://www.youtube.com/watch?v=aP0dACPa_2Q&list=SPB83A44A17D379511\n《金剛經》略解-第四講-4/4 \nhttp://www.youtube.com/watch?v=IvWb3vSluy4&list=SPB83A44A17D379511');
INSERT INTO videos(vid, pid, title, description) VALUES('9JQFN1Ww2q0', 'PL4B8D5869FB4CDFAE', '《金剛經》略解-第二講-3/5', '中國禪宗六祖慧能大師聽了《金剛經》中一句：「應無所住而生其心」，就言下大悟，《金剛經》從此成為中國人最嚮往的一部經典。《金剛經》是般若系列經典之一，在三藏經典中有著崇高的地位，饒富深理又不離日常生活中最基本的修行態度，故自古以來流通極廣。經中介紹的般若空慧，其強大的力量就像金剛一樣，能摧破煩惱，讓我們不被任何表相所阻礙，並以無住生心的力量，不斷提昇自己的生命層次，成就自利利他的菩薩道。\n\n瞬息萬變的現代社會，如何心不隨境轉？如何止息煩惱過得安適自在？凡所有相，皆是虛幻，經云：「一切有為法，如夢幻泡影，如露亦如電，應作如是觀」。 《金剛經》教我們用平常心，面對生活中的順逆境及生命的無常，在紛亂的紅塵中解套，自在無礙，做自己生命的主人。\n\n「法鼓講堂」每周三晚間7：00~9：00\n網路直播：http://www.dharmaschool.com/ddm_max/liveclass/liveclassroom.php\n\n《金剛經》略解-第一講-1/4 \nhttp://www.youtube.com/watch?v=MCJGmGWUkts&list=SP2DE2CC7B07E9D1E0&index=1\n《金剛經》略解-第一講-2/4 \nhttp://www.youtube.com/watch?v=BPRUVjgqBQA&list=SP2DE2CC7B07E9D1E0\n《金剛經》略解-第一講-3/4 \nhttp://www.youtube.com/watch?v=Fn8bbBXrIz0&list=SP2DE2CC7B07E9D1E0\n《金剛經》略解-第一講-4/4 \nhttp://www.youtube.com/watch?v=OW0wQsinO6U&list=SP2DE2CC7B07E9D1E0\n《金剛經》略解-第二講-1/5 \nhttp://www.youtube.com/watch?v=7DM4fXaSwaw&list=SP4B8D5869FB4CDFAE&index=1\n《金剛經》略解-第二講-2/5 \nhttp://www.youtube.com/watch?v=Ie660dvUx_Q&list=SP4B8D5869FB4CDFAE\n《金剛經》略解-第二講-3/5 \nhttp://www.youtube.com/watch?v=9JQFN1Ww2q0&list=SP4B8D5869FB4CDFAE\n《金剛經》略解-第二講-4/5 \nhttp://www.youtube.com/watch?v=Je_JIzxyrPg&list=SP4B8D5869FB4CDFAE\n《金剛經》略解-第二講-5/5 \nhttp://www.youtube.com/watch?v=qGkXKoINrTo&list=SP4B8D5869FB4CDFAE\n《金剛經》略解-第三講-1/5 \nhttp://www.youtube.com/watch?v=O9f0nRpPdWc&list=SP1904C43CB15388F0&index=1\n《金剛經》略解-第三講-2/5 \nhttp://www.youtube.com/watch?v=JAGCBJcq_lE&list=SP1904C43CB15388F0\n《金剛經》略解-第三講-3/5 \nhttp://www.youtube.com/watch?v=9VEZ0s23yg0&list=SP1904C43CB15388F0\n《金剛經》略解-第三講-4/5 \nhttp://www.youtube.com/watch?v=UgiOqDEUUZM&list=SP1904C43CB15388F0\n《金剛經》略解-第三講-5/5 \nhttp://www.youtube.com/watch?v=6oNEqE8Al44&list=SP1904C43CB15388F0\n\n《金剛經》略解-第四講-1/4 \nhttp://www.youtube.com/watch?v=AzpNGoCwUB4&list=SPB83A44A17D379511&index=1\n《金剛經》略解-第四講-2/4 \nhttp://www.youtube.com/watch?v=g2j1cY9AXVs&list=SPB83A44A17D379511\n《金剛經》略解-第四講-3/4 \nhttp://www.youtube.com/watch?v=aP0dACPa_2Q&list=SPB83A44A17D379511\n《金剛經》略解-第四講-4/4 \nhttp://www.youtube.com/watch?v=IvWb3vSluy4&list=SPB83A44A17D379511');
INSERT INTO videos(vid, pid, title, description) VALUES('Je_JIzxyrPg', 'PL4B8D5869FB4CDFAE', '《金剛經》略解-第二講-4/5', '中國禪宗六祖慧能大師聽了《金剛經》中一句：「應無所住而生其心」，就言下大悟，《金剛經》從此成為中國人最嚮往的一部經典。《金剛經》是般若系列經典之一，在三藏經典中有著崇高的地位，饒富深理又不離日常生活中最基本的修行態度，故自古以來流通極廣。經中介紹的般若空慧，其強大的力量就像金剛一樣，能摧破煩惱，讓我們不被任何表相所阻礙，並以無住生心的力量，不斷提昇自己的生命層次，成就自利利他的菩薩道。\n\n瞬息萬變的現代社會，如何心不隨境轉？如何止息煩惱過得安適自在？凡所有相，皆是虛幻，經云：「一切有為法，如夢幻泡影，如露亦如電，應作如是觀」。 《金剛經》教我們用平常心，面對生活中的順逆境及生命的無常，在紛亂的紅塵中解套，自在無礙，做自己生命的主人。\n\n「法鼓講堂」每周三晚間7：00~9：00\n網路直播：http://www.dharmaschool.com/ddm_max/liveclass/liveclassroom.php\n\n《金剛經》略解-第一講-1/4 \nhttp://www.youtube.com/watch?v=MCJGmGWUkts&list=SP2DE2CC7B07E9D1E0&index=1\n《金剛經》略解-第一講-2/4 \nhttp://www.youtube.com/watch?v=BPRUVjgqBQA&list=SP2DE2CC7B07E9D1E0\n《金剛經》略解-第一講-3/4 \nhttp://www.youtube.com/watch?v=Fn8bbBXrIz0&list=SP2DE2CC7B07E9D1E0\n《金剛經》略解-第一講-4/4 \nhttp://www.youtube.com/watch?v=OW0wQsinO6U&list=SP2DE2CC7B07E9D1E0\n《金剛經》略解-第二講-1/5 \nhttp://www.youtube.com/watch?v=7DM4fXaSwaw&list=SP4B8D5869FB4CDFAE&index=1\n《金剛經》略解-第二講-2/5 \nhttp://www.youtube.com/watch?v=Ie660dvUx_Q&list=SP4B8D5869FB4CDFAE\n《金剛經》略解-第二講-3/5 \nhttp://www.youtube.com/watch?v=9JQFN1Ww2q0&list=SP4B8D5869FB4CDFAE\n《金剛經》略解-第二講-4/5 \nhttp://www.youtube.com/watch?v=Je_JIzxyrPg&list=SP4B8D5869FB4CDFAE\n《金剛經》略解-第二講-5/5 \nhttp://www.youtube.com/watch?v=qGkXKoINrTo&list=SP4B8D5869FB4CDFAE\n《金剛經》略解-第三講-1/5 \nhttp://www.youtube.com/watch?v=O9f0nRpPdWc&list=SP1904C43CB15388F0&index=1\n《金剛經》略解-第三講-2/5 \nhttp://www.youtube.com/watch?v=JAGCBJcq_lE&list=SP1904C43CB15388F0\n《金剛經》略解-第三講-3/5 \nhttp://www.youtube.com/watch?v=9VEZ0s23yg0&list=SP1904C43CB15388F0\n《金剛經》略解-第三講-4/5 \nhttp://www.youtube.com/watch?v=UgiOqDEUUZM&list=SP1904C43CB15388F0\n《金剛經》略解-第三講-5/5 \nhttp://www.youtube.com/watch?v=6oNEqE8Al44&list=SP1904C43CB15388F0\n\n《金剛經》略解-第四講-1/4 \nhttp://www.youtube.com/watch?v=AzpNGoCwUB4&list=SPB83A44A17D379511&index=1\n《金剛經》略解-第四講-2/4 \nhttp://www.youtube.com/watch?v=g2j1cY9AXVs&list=SPB83A44A17D379511\n《金剛經》略解-第四講-3/4 \nhttp://www.youtube.com/watch?v=aP0dACPa_2Q&list=SPB83A44A17D379511\n《金剛經》略解-第四講-4/4 \nhttp://www.youtube.com/watch?v=IvWb3vSluy4&list=SPB83A44A17D379511');
INSERT INTO videos(vid, pid, title, description) VALUES('qGkXKoINrTo', 'PL4B8D5869FB4CDFAE', '《金剛經》略解-第二講-5/5', '中國禪宗六祖慧能大師聽了《金剛經》中一句：「應無所住而生其心」，就言下大悟，《金剛經》從此成為中國人最嚮往的一部經典。《金剛經》是般若系列經典之一，在三藏經典中有著崇高的地位，饒富深理又不離日常生活中最基本的修行態度，故自古以來流通極廣。經中介紹的般若空慧，其強大的力量就像金剛一樣，能摧破煩惱，讓我們不被任何表相所阻礙，並以無住生心的力量，不斷提昇自己的生命層次，成就自利利他的菩薩道。\n\n瞬息萬變的現代社會，如何心不隨境轉？如何止息煩惱過得安適自在？凡所有相，皆是虛幻，經云：「一切有為法，如夢幻泡影，如露亦如電，應作如是觀」。 《金剛經》教我們用平常心，面對生活中的順逆境及生命的無常，在紛亂的紅塵中解套，自在無礙，做自己生命的主人。\n\n「法鼓講堂」每周三晚間7：00~9：00\n網路直播：http://www.dharmaschool.com/ddm_max/liveclass/liveclassroom.php\n\n《金剛經》略解-第一講-1/4 \nhttp://www.youtube.com/watch?v=MCJGmGWUkts&list=SP2DE2CC7B07E9D1E0&index=1\n《金剛經》略解-第一講-2/4 \nhttp://www.youtube.com/watch?v=BPRUVjgqBQA&list=SP2DE2CC7B07E9D1E0\n《金剛經》略解-第一講-3/4 \nhttp://www.youtube.com/watch?v=Fn8bbBXrIz0&list=SP2DE2CC7B07E9D1E0\n《金剛經》略解-第一講-4/4 \nhttp://www.youtube.com/watch?v=OW0wQsinO6U&list=SP2DE2CC7B07E9D1E0\n《金剛經》略解-第二講-1/5 \nhttp://www.youtube.com/watch?v=7DM4fXaSwaw&list=SP4B8D5869FB4CDFAE&index=1\n《金剛經》略解-第二講-2/5 \nhttp://www.youtube.com/watch?v=Ie660dvUx_Q&list=SP4B8D5869FB4CDFAE\n《金剛經》略解-第二講-3/5 \nhttp://www.youtube.com/watch?v=9JQFN1Ww2q0&list=SP4B8D5869FB4CDFAE\n《金剛經》略解-第二講-4/5 \nhttp://www.youtube.com/watch?v=Je_JIzxyrPg&list=SP4B8D5869FB4CDFAE\n《金剛經》略解-第二講-5/5 \nhttp://www.youtube.com/watch?v=qGkXKoINrTo&list=SP4B8D5869FB4CDFAE\n《金剛經》略解-第三講-1/5 \nhttp://www.youtube.com/watch?v=O9f0nRpPdWc&list=SP1904C43CB15388F0&index=1\n《金剛經》略解-第三講-2/5 \nhttp://www.youtube.com/watch?v=JAGCBJcq_lE&list=SP1904C43CB15388F0\n《金剛經》略解-第三講-3/5 \nhttp://www.youtube.com/watch?v=9VEZ0s23yg0&list=SP1904C43CB15388F0\n《金剛經》略解-第三講-4/5 \nhttp://www.youtube.com/watch?v=UgiOqDEUUZM&list=SP1904C43CB15388F0\n《金剛經》略解-第三講-5/5 \nhttp://www.youtube.com/watch?v=6oNEqE8Al44&list=SP1904C43CB15388F0\n\n《金剛經》略解-第四講-1/4 \nhttp://www.youtube.com/watch?v=AzpNGoCwUB4&list=SPB83A44A17D379511&index=1\n《金剛經》略解-第四講-2/4 \nhttp://www.youtube.com/watch?v=g2j1cY9AXVs&list=SPB83A44A17D379511\n《金剛經》略解-第四講-3/4 \nhttp://www.youtube.com/watch?v=aP0dACPa_2Q&list=SPB83A44A17D379511\n《金剛經》略解-第四講-4/4 \nhttp://www.youtube.com/watch?v=IvWb3vSluy4&list=SPB83A44A17D379511');
INSERT INTO playlist(pid, cid, title, description) VALUES('PL2DE2CC7B07E9D1E0','UCMvjjfm8AFBLQvQC9gItWEw', '《金剛經》略解-第一堂', '中國禪宗六祖慧能大師聽了《金剛經》中一句：「應無所住而生其心」，就言下大悟，《金剛經》從此成為中國人最嚮往的一部經典。\r\n\r\n《金剛經》是般若系列經典之一，在三藏經典中有著崇高的地位，饒富深理又不離日常生活中最基本的修行態度，故自古以來流通極廣。\r\n\r\n經中介紹的般若空慧，其強大的力量就像金剛一樣，能摧破煩惱，讓我們不被任何表相所阻礙，並以無住生心的力量，不斷提昇自己的生命層次，成就自利利他的菩薩道。\r\n\r\n瞬息萬變的現代社會，如何心不隨境轉？如何止息煩惱過得安適自在？凡所有相，皆是虛幻，經云：「一切有為法，如夢幻泡影，如露亦如電，應作如是觀」。 《金剛經》教我們用平常心，面對生活中的順逆境及生命的無常，在紛亂的紅塵中解套，自在無礙，做自己生命的主人。');
INSERT INTO videos(vid, pid, title, description) VALUES('MCJGmGWUkts', 'PL2DE2CC7B07E9D1E0', '《金剛經》略解-第一講-1/4', '中國禪宗六祖慧能大師聽了《金剛經》中一句：「應無所住而生其心」，就言下大悟，《金剛經》從此成為中國人最嚮往的一部經典。《金剛經》是般若系列經典之一，在三藏經典中有著崇高的地位，饒富深理又不離日常生活中最基本的修行態度，故自古以來流通極廣。\n經中介紹的般若空慧，其強大的力量就像金剛一樣，能摧破煩惱，讓我們不被任何表相所阻礙，並以無住生心的力量，不斷提昇自己的生命層次，成就自利利他的菩薩道。\n\n瞬息萬變的現代社會，如何心不隨境轉？如何止息煩惱過得安適自在？凡所有相，皆是虛幻，經云：「一切有為法，如夢幻泡影，如露亦如電，應作如是觀」。 《金剛經》教我們用平常心，面對生活中的順逆境及生命的無常，在紛亂的紅塵中解套，自在無礙，做自己生命的主人。\n\n「法鼓講堂」每周三晚間7：00~9：00\n網路直播：http://www.dharmaschool.com/ddm_max/liveclass/liveclassroom.php\n\n《金剛經》略解-第一講-1/4 \nhttp://www.youtube.com/watch?v=MCJGmGWUkts&list=SP2DE2CC7B07E9D1E0&index=1\n《金剛經》略解-第一講-2/4 \nhttp://www.youtube.com/watch?v=BPRUVjgqBQA&list=SP2DE2CC7B07E9D1E0\n《金剛經》略解-第一講-3/4 \nhttp://www.youtube.com/watch?v=Fn8bbBXrIz0&list=SP2DE2CC7B07E9D1E0\n《金剛經》略解-第一講-4/4 \nhttp://www.youtube.com/watch?v=OW0wQsinO6U&list=SP2DE2CC7B07E9D1E0\n《金剛經》略解-第二講-1/5 \nhttp://www.youtube.com/watch?v=7DM4fXaSwaw&list=SP4B8D5869FB4CDFAE&index=1\n《金剛經》略解-第二講-2/5 \nhttp://www.youtube.com/watch?v=Ie660dvUx_Q&list=SP4B8D5869FB4CDFAE\n《金剛經》略解-第二講-3/5 \nhttp://www.youtube.com/watch?v=9JQFN1Ww2q0&list=SP4B8D5869FB4CDFAE\n《金剛經》略解-第二講-4/5 \nhttp://www.youtube.com/watch?v=Je_JIzxyrPg&list=SP4B8D5869FB4CDFAE\n《金剛經》略解-第二講-5/5 \nhttp://www.youtube.com/watch?v=qGkXKoINrTo&list=SP4B8D5869FB4CDFAE\n《金剛經》略解-第三講-1/5 \nhttp://www.youtube.com/watch?v=O9f0nRpPdWc&list=SP1904C43CB15388F0&index=1\n《金剛經》略解-第三講-2/5 \nhttp://www.youtube.com/watch?v=JAGCBJcq_lE&list=SP1904C43CB15388F0\n《金剛經》略解-第三講-3/5 \nhttp://www.youtube.com/watch?v=9VEZ0s23yg0&list=SP1904C43CB15388F0\n《金剛經》略解-第三講-4/5 \nhttp://www.youtube.com/watch?v=UgiOqDEUUZM&list=SP1904C43CB15388F0\n《金剛經》略解-第三講-5/5 \nhttp://www.youtube.com/watch?v=6oNEqE8Al44&list=SP1904C43CB15388F0\n\n《金剛經》略解-第四講-1/4 \nhttp://www.youtube.com/watch?v=AzpNGoCwUB4&list=SPB83A44A17D379511&index=1\n《金剛經》略解-第四講-2/4 \nhttp://www.youtube.com/watch?v=g2j1cY9AXVs&list=SPB83A44A17D379511\n《金剛經》略解-第四講-3/4 \nhttp://www.youtube.com/watch?v=aP0dACPa_2Q&list=SPB83A44A17D379511\n《金剛經》略解-第四講-4/4 \nhttp://www.youtube.com/watch?v=IvWb3vSluy4&list=SPB83A44A17D379511');
INSERT INTO videos(vid, pid, title, description) VALUES('BPRUVjgqBQA', 'PL2DE2CC7B07E9D1E0', '《金剛經》略解-第一講-2/4', '中國禪宗六祖慧能大師聽了《金剛經》中一句：「應無所住而生其心」，就言下大悟，《金剛經》從此成為中國人最嚮往的一部經典。《金剛經》是般若系列經典之一，在三藏經典中有著崇高的地位，饒富深理又不離日常生活中最基本的修行態度，故自古以來流通極廣。經中介紹的般若空慧，其強大的力量就像金剛一樣，能摧破煩惱，讓我們不被任何表相所阻礙，並以無住生心的力量，不斷提昇自己的生命層次，成就自利利他的菩薩道。\n\n瞬息萬變的現代社會，如何心不隨境轉？如何止息煩惱過得安適自在？凡所有相，皆是虛幻，經云：「一切有為法，如夢幻泡影，如露亦如電，應作如是觀」。 《金剛經》教我們用平常心，面對生活中的順逆境及生命的無常，在紛亂的紅塵中解套，自在無礙，做自己生命的主人。\n\n「法鼓講堂」每周三晚間7：00~9：00\n網路直播：http://www.dharmaschool.com/ddm_max/liveclass/liveclassroom.php\n\n《金剛經》略解-第一講-1/4 \nhttp://www.youtube.com/watch?v=MCJGmGWUkts&list=SP2DE2CC7B07E9D1E0&index=1\n《金剛經》略解-第一講-2/4 \nhttp://www.youtube.com/watch?v=BPRUVjgqBQA&list=SP2DE2CC7B07E9D1E0\n《金剛經》略解-第一講-3/4 \nhttp://www.youtube.com/watch?v=Fn8bbBXrIz0&list=SP2DE2CC7B07E9D1E0\n《金剛經》略解-第一講-4/4 \nhttp://www.youtube.com/watch?v=OW0wQsinO6U&list=SP2DE2CC7B07E9D1E0\n《金剛經》略解-第二講-1/5 \nhttp://www.youtube.com/watch?v=7DM4fXaSwaw&list=SP4B8D5869FB4CDFAE&index=1\n《金剛經》略解-第二講-2/5 \nhttp://www.youtube.com/watch?v=Ie660dvUx_Q&list=SP4B8D5869FB4CDFAE\n《金剛經》略解-第二講-3/5 \nhttp://www.youtube.com/watch?v=9JQFN1Ww2q0&list=SP4B8D5869FB4CDFAE\n《金剛經》略解-第二講-4/5 \nhttp://www.youtube.com/watch?v=Je_JIzxyrPg&list=SP4B8D5869FB4CDFAE\n《金剛經》略解-第二講-5/5 \nhttp://www.youtube.com/watch?v=qGkXKoINrTo&list=SP4B8D5869FB4CDFAE\n《金剛經》略解-第三講-1/5 \nhttp://www.youtube.com/watch?v=O9f0nRpPdWc&list=SP1904C43CB15388F0&index=1\n《金剛經》略解-第三講-2/5 \nhttp://www.youtube.com/watch?v=JAGCBJcq_lE&list=SP1904C43CB15388F0\n《金剛經》略解-第三講-3/5 \nhttp://www.youtube.com/watch?v=9VEZ0s23yg0&list=SP1904C43CB15388F0\n《金剛經》略解-第三講-4/5 \nhttp://www.youtube.com/watch?v=UgiOqDEUUZM&list=SP1904C43CB15388F0\n《金剛經》略解-第三講-5/5 \nhttp://www.youtube.com/watch?v=6oNEqE8Al44&list=SP1904C43CB15388F0\n\n《金剛經》略解-第四講-1/4 \nhttp://www.youtube.com/watch?v=AzpNGoCwUB4&list=SPB83A44A17D379511&index=1\n《金剛經》略解-第四講-2/4 \nhttp://www.youtube.com/watch?v=g2j1cY9AXVs&list=SPB83A44A17D379511\n《金剛經》略解-第四講-3/4 \nhttp://www.youtube.com/watch?v=aP0dACPa_2Q&list=SPB83A44A17D379511\n《金剛經》略解-第四講-4/4 \nhttp://www.youtube.com/watch?v=IvWb3vSluy4&list=SPB83A44A17D379511');
INSERT INTO videos(vid, pid, title, description) VALUES('Fn8bbBXrIz0', 'PL2DE2CC7B07E9D1E0', '《金剛經》略解-第一講-3/4', '中國禪宗六祖慧能大師聽了《金剛經》中一句：「應無所住而生其心」，就言下大悟，《金剛經》從此成為中國人最嚮往的一部經典。《金剛經》是般若系列經典之一，在三藏經典中有著崇高的地位，饒富深理又不離日常生活中最基本的修行態度，故自古以來流通極廣。\n經中介紹的般若空慧，其強大的力量就像金剛一樣，能摧破煩惱，讓我們不被任何表相所阻礙，並以無住生心的力量，不斷提昇自己的生命層次，成就自利利他的菩薩道。\n\n瞬息萬變的現代社會，如何心不隨境轉？如何止息煩惱過得安適自在？凡所有相，皆是虛幻，經云：「一切有為法，如夢幻泡影，如露亦如電，應作如是觀」。 《金剛經》教我們用平常心，面對生活中的順逆境及生命的無常，在紛亂的紅塵中解套，自在無礙，做自己生命的主人。\n\n「法鼓講堂」每周三晚間7：00~9：00\n網路直播：http://www.dharmaschool.com/ddm_max/liveclass/liveclassroom.php\n\n《金剛經》略解-第一講-1/4 \nhttp://www.youtube.com/watch?v=MCJGmGWUkts&list=SP2DE2CC7B07E9D1E0&index=1\n《金剛經》略解-第一講-2/4 \nhttp://www.youtube.com/watch?v=BPRUVjgqBQA&list=SP2DE2CC7B07E9D1E0\n《金剛經》略解-第一講-3/4 \nhttp://www.youtube.com/watch?v=Fn8bbBXrIz0&list=SP2DE2CC7B07E9D1E0\n《金剛經》略解-第一講-4/4 \nhttp://www.youtube.com/watch?v=OW0wQsinO6U&list=SP2DE2CC7B07E9D1E0\n《金剛經》略解-第二講-1/5 \nhttp://www.youtube.com/watch?v=7DM4fXaSwaw&list=SP4B8D5869FB4CDFAE&index=1\n《金剛經》略解-第二講-2/5 \nhttp://www.youtube.com/watch?v=Ie660dvUx_Q&list=SP4B8D5869FB4CDFAE\n《金剛經》略解-第二講-3/5 \nhttp://www.youtube.com/watch?v=9JQFN1Ww2q0&list=SP4B8D5869FB4CDFAE\n《金剛經》略解-第二講-4/5 \nhttp://www.youtube.com/watch?v=Je_JIzxyrPg&list=SP4B8D5869FB4CDFAE\n《金剛經》略解-第二講-5/5 \nhttp://www.youtube.com/watch?v=qGkXKoINrTo&list=SP4B8D5869FB4CDFAE\n《金剛經》略解-第三講-1/5 \nhttp://www.youtube.com/watch?v=O9f0nRpPdWc&list=SP1904C43CB15388F0&index=1\n《金剛經》略解-第三講-2/5 \nhttp://www.youtube.com/watch?v=JAGCBJcq_lE&list=SP1904C43CB15388F0\n《金剛經》略解-第三講-3/5 \nhttp://www.youtube.com/watch?v=9VEZ0s23yg0&list=SP1904C43CB15388F0\n《金剛經》略解-第三講-4/5 \nhttp://www.youtube.com/watch?v=UgiOqDEUUZM&list=SP1904C43CB15388F0\n《金剛經》略解-第三講-5/5 \nhttp://www.youtube.com/watch?v=6oNEqE8Al44&list=SP1904C43CB15388F0\n\n《金剛經》略解-第四講-1/4 \nhttp://www.youtube.com/watch?v=AzpNGoCwUB4&list=SPB83A44A17D379511&index=1\n《金剛經》略解-第四講-2/4 \nhttp://www.youtube.com/watch?v=g2j1cY9AXVs&list=SPB83A44A17D379511\n《金剛經》略解-第四講-3/4 \nhttp://www.youtube.com/watch?v=aP0dACPa_2Q&list=SPB83A44A17D379511\n《金剛經》略解-第四講-4/4 \nhttp://www.youtube.com/watch?v=IvWb3vSluy4&list=SPB83A44A17D379511');
INSERT INTO videos(vid, pid, title, description) VALUES('OW0wQsinO6U', 'PL2DE2CC7B07E9D1E0', '《金剛經》略解-第一講-4/4', '中國禪宗六祖慧能大師聽了《金剛經》中一句：「應無所住而生其心」，就言下大悟，《金剛經》從此成為中國人最嚮往的一部經典。《金剛經》是般若系列經典之一，在三藏經典中有著崇高的地位，饒富深理又不離日常生活中最基本的修行態度，故自古以來流通極廣。經中介紹的般若空慧，其強大的力量就像金剛一樣，能摧破煩惱，讓我們不被任何表相所阻礙，並以無住生心的力量，不斷提昇自己的生命層次，成就自利利他的菩薩道。\n\n瞬息萬變的現代社會，如何心不隨境轉？如何止息煩惱過得安適自在？凡所有相，皆是虛幻，經云：「一切有為法，如夢幻泡影，如露亦如電，應作如是觀」。 《金剛經》教我們用平常心，面對生活中的順逆境及生命的無常，在紛亂的紅塵中解套，自在無礙，做自己生命的主人。\n\n「法鼓講堂」每周三晚間7：00~9：00\n網路直播：http://www.dharmaschool.com/ddm_max/liveclass/liveclassroom.php\n\n《金剛經》略解-第一講-1/4 \nhttp://www.youtube.com/watch?v=MCJGmGWUkts&list=SP2DE2CC7B07E9D1E0&index=1\n《金剛經》略解-第一講-2/4 \nhttp://www.youtube.com/watch?v=BPRUVjgqBQA&list=SP2DE2CC7B07E9D1E0\n《金剛經》略解-第一講-3/4 \nhttp://www.youtube.com/watch?v=Fn8bbBXrIz0&list=SP2DE2CC7B07E9D1E0\n《金剛經》略解-第一講-4/4 \nhttp://www.youtube.com/watch?v=OW0wQsinO6U&list=SP2DE2CC7B07E9D1E0\n《金剛經》略解-第二講-1/5 \nhttp://www.youtube.com/watch?v=7DM4fXaSwaw&list=SP4B8D5869FB4CDFAE&index=1\n《金剛經》略解-第二講-2/5 \nhttp://www.youtube.com/watch?v=Ie660dvUx_Q&list=SP4B8D5869FB4CDFAE\n《金剛經》略解-第二講-3/5 \nhttp://www.youtube.com/watch?v=9JQFN1Ww2q0&list=SP4B8D5869FB4CDFAE\n《金剛經》略解-第二講-4/5 \nhttp://www.youtube.com/watch?v=Je_JIzxyrPg&list=SP4B8D5869FB4CDFAE\n《金剛經》略解-第二講-5/5 \nhttp://www.youtube.com/watch?v=qGkXKoINrTo&list=SP4B8D5869FB4CDFAE\n《金剛經》略解-第三講-1/5 \nhttp://www.youtube.com/watch?v=O9f0nRpPdWc&list=SP1904C43CB15388F0&index=1\n《金剛經》略解-第三講-2/5 \nhttp://www.youtube.com/watch?v=JAGCBJcq_lE&list=SP1904C43CB15388F0\n《金剛經》略解-第三講-3/5 \nhttp://www.youtube.com/watch?v=9VEZ0s23yg0&list=SP1904C43CB15388F0\n《金剛經》略解-第三講-4/5 \nhttp://www.youtube.com/watch?v=UgiOqDEUUZM&list=SP1904C43CB15388F0\n《金剛經》略解-第三講-5/5 \nhttp://www.youtube.com/watch?v=6oNEqE8Al44&list=SP1904C43CB15388F0\n\n《金剛經》略解-第四講-1/4 \nhttp://www.youtube.com/watch?v=AzpNGoCwUB4&list=SPB83A44A17D379511&index=1\n《金剛經》略解-第四講-2/4 \nhttp://www.youtube.com/watch?v=g2j1cY9AXVs&list=SPB83A44A17D379511\n《金剛經》略解-第四講-3/4 \nhttp://www.youtube.com/watch?v=aP0dACPa_2Q&list=SPB83A44A17D379511\n《金剛經》略解-第四講-4/4 \nhttp://www.youtube.com/watch?v=IvWb3vSluy4&list=SPB83A44A17D379511');
INSERT INTO channels(cid, type, title, description) VALUES('UCq2iefWrqW0W6Hic2xA1aDg', 'youtube', '聖嚴法師大法鼓', '');
INSERT INTO playlist(pid, cid, title, description) VALUES('PLzNWpiUz-wc4gHV0-l0uup8sMARGT5Yaj','UCq2iefWrqW0W6Hic2xA1aDg', '大法鼓1201-1225', '');
INSERT INTO videos(vid, pid, title, description) VALUES('eA57zALFKws', 'PLzNWpiUz-wc4gHV0-l0uup8sMARGT5Yaj', '談心靈貧窮(一)（聖嚴法師-大法鼓 1211）\u007F', '所有的族群、宗教的戰爭，都是源自於心靈的貧窮\n為什麼心靈貧窮、宗教戰爭跟族群戰爭有什麼關係呢？\n\n物質貧窮並不等於心靈貧窮，心靈貧窮也並不等於物質貧窮\n如果心靈貧窮危險性比物質貧窮大，那是為什麼呢？\n\n心靈貧窮主要導致於貪婪，\n我們要怎麼樣來看待貪婪與欲望不滿足呢？\n又如何把欲望轉化成悲願呢？\n\n\n讓我們恭請聖嚴法師為我們開示\n\n更多線上課程：http://www.dharmaschool.com/index.html');
INSERT INTO videos(vid, pid, title, description) VALUES('lMmOVgNz9D0', 'PLzNWpiUz-wc4gHV0-l0uup8sMARGT5Yaj', '談心靈貧窮(二)（聖嚴法師-大法鼓 1212）\u007F', '資訊太多會引起來心靈貧窮嗎？\n對治心靈貧窮的最好方法，就是奉獻與修行。\n\n奉獻與修行在佛教徒而言，要如何實踐呢？\n師父告訴我們以修福和修慧先做\n有那些修福和修慧的方法呢？\n讓我們恭請聖嚴法師為我們開示\n\n更多線上課程：http://www.dharmaschool.com/index.html');
INSERT INTO videos(vid, pid, title, description) VALUES('V-yJwYmiaL4', 'PLzNWpiUz-wc4gHV0-l0uup8sMARGT5Yaj', '談心靈貧窮(三)（聖嚴法師-大法鼓 1213）\u007F', '為什麼心苦才是真正的苦？\n苦的種類有哪些？\n如何克服這些苦呢？\n你能夠讓自己不會不快樂？\n有沒有永遠快樂這件事呢？\n有人說：捨不得讓自己一分鐘不快樂\n容易做到嗎？　怎麼做到？\n讓我們恭請聖嚴法師為我們開示\n\n更多線上課程：http://www.dharmaschool.com/index.html');
INSERT INTO videos(vid, pid, title, description) VALUES('PZ5xQrM7TkY', 'PLzNWpiUz-wc4gHV0-l0uup8sMARGT5Yaj', '自殺源於身心不安（聖嚴法師-大法鼓 1214）\u007F', '現在生活裡，發現身心不安的人非常多，原因就是因為他們缺少了精神層面。\n怎樣能夠來開發自己靈的層面？讓自己身心安頓下來？\n身心無法安頓，心理是否就會不安？\n精神狀態會不會很不穩定？\n身心不安會有想死的念頭嗎？\n身心不安的時候有那些現象？\n這麼多的問題，讓我們恭請聖嚴法師為我們開示\n\n更多線上課程：http://www.dharmaschool.com/index.html');
INSERT INTO videos(vid, pid, title, description) VALUES('cvKs2KkBhcU', 'PLzNWpiUz-wc4gHV0-l0uup8sMARGT5Yaj', '談身心安頓(一)（聖嚴法師-大法鼓 1215）\u007F', '如何讓我們的身心安頓，對現在人來講，是可望而不可及。\n很多人都希望能夠身心安定，可是常常一點小事心就亂了\n然後就引起了很多的問題，怎麼讓自己身心安頓呢？\n\n環境怎麼樣不重要，重要是自己的心怎麼樣，心力量夠不夠強\n但是怎麼樣讓自己的心強起來？怎麼樣讓自己的心靈安定？\n讓我們恭請聖嚴法師為我們開示\n\n更多線上課程：http://www.dharmaschool.com/index.html');
INSERT INTO videos(vid, pid, title, description) VALUES('GZ_8TYGy2uc', 'PLzNWpiUz-wc4gHV0-l0uup8sMARGT5Yaj', '談身心安頓(二)（聖嚴法師-大法鼓 1216）\u007F', '現代人常常會心煩意亂，或者是身心不安\n所以大家都想追求身心安定，禪宗裡有一段非常有趣的公案\n是說一個心不安，那你把心拿來我替你安\n這到底是甚麼意思？\n\n不安的心有好多，比如說貪心、瞋恨心、疑心、悔恨心等等...\n那麼還有哪些現象是反應我們身心不安？\n讓我們恭請聖嚴法師為我們開示\n\n更多線上課程：http://www.dharmaschool.com/index.html');
INSERT INTO videos(vid, pid, title, description) VALUES('ZyFgWUL6mCM', 'PLzNWpiUz-wc4gHV0-l0uup8sMARGT5Yaj', '談身心安頓(三)（聖嚴法師-大法鼓 1217）', '我們常說生活裡有很多問題，其實不是環境產生的，\n而是我們的心對應環境所產生的，所以安心非常的重要\n要讓自己安心，要關照自己的心，身心安頓的時候，\n究竟是一種甚麼樣的狀態呢？怎麼能夠知道自己身心安頓了呢？\n\n到底心不安的時候會有哪些問題？我們怎麼樣讓自己安心\n那如果心安的時候自己知道嗎？\n身心安頓的時候它會產生一種甚麼現象呢？\n\n還有一種下下等的人是無處可安，甚麼叫做無處可安？\n這種人有甚麼可悲的地方呢？\n讓我們恭請聖嚴法師為我們開示\n\n更多線上課程：http://www.dharmaschool.com/index.html');
INSERT INTO videos(vid, pid, title, description) VALUES('4kX2hO9u7FA', 'PLzNWpiUz-wc4gHV0-l0uup8sMARGT5Yaj', '新貧窮時代（聖嚴法師-大法鼓 1218）\u007F', '我們的社會貧富差距拉大了，造成很多人心理不平衡\n要怎麼樣面對這樣子的社會現象呢？\n\n師父也提醒我們，物質所帶來給我們是感官刺激\n跟心靈修行所得到那種清安的感覺，所帶來的快樂是不一樣的\n\n佛法裡講得福報，\n是不是有錢人是有福報，貧窮人就沒有福報了呢？\n讓我們恭請聖嚴法師為我們開示\n\n更多線上課程：http://www.dharmaschool.com/index.html');
INSERT INTO videos(vid, pid, title, description) VALUES('xOs3PezcTww', 'PLzNWpiUz-wc4gHV0-l0uup8sMARGT5Yaj', '從佛法的角度談改善貧窮（聖嚴法師-大法鼓 1219）', '好多人都希望自己能夠中了彩券，得到大筆財富\n可是從佛法觀點來看，甚麼樣的事情可以真正的改善貧窮？\n\n很多人都覺得中透彩，是致富的最快的方法\n可是從佛法的角度來看，有沒有方法可以改善貧窮？\n\n貧的後面就是苦，貧是不是就一定苦呢？\n沒有錢是不是真的萬萬不能呢？\n那麼貧窮會不會讓你成為弱勢？\n是不是注定世世代代都貧窮\n貧窮是不是就等於沒有希望呢？\n讓我們恭請聖嚴法師為我們開示\n\n更多線上課程：http://www.dharmaschool.com/index.html');
INSERT INTO videos(vid, pid, title, description) VALUES('u7bUnLuZsQk', 'PLzNWpiUz-wc4gHV0-l0uup8sMARGT5Yaj', '運用貧窮的環境 在貧窮中找到安心（聖嚴法師-大法鼓 1220）\u007F', '大家都喜歡財富，害怕貧窮。\n師父告訴我們\n窮不一定是壞事、窮不等於這個是苦、窮不等於沒有希望\n窮有時候還是逆增上緣，幫助上進，真有這樣的事嗎？\n\n安貧不一定是安於貧窮\n那安貧樂道真正的意思是什麼呢？\n我們應該怎麼樣的積極面對貧窮呢？\n讓我們恭請聖嚴法師為我們開示\n\n更多線上課程：http://www.dharmaschool.com/index.html');
INSERT INTO videos(vid, pid, title, description) VALUES('cWQccLF6NoM', 'PLzNWpiUz-wc4gHV0-l0uup8sMARGT5Yaj', '教育是改善貧窮的根本方法（聖嚴法師-大法鼓 1221）', '有人把這個時代稱做「新貧窮時代」，國際間有很多人生活在貧窮線以下\n所以如何救濟改善他們的生活，成為很多宗教社團組織努力的目標\n可是這樣的努力到底有多少的成果呢？\n師父說，光濟貧是沒有辦法改善貧窮的，教育才是根本之道\n教育可以改變他們的觀念，給予技術來自立更生\n就這樣子一定能夠改善貧窮嗎？\n讓我們恭請聖嚴法師為我們開示\n\n更多線上課程：http://www.dharmaschool.com/index.html');
INSERT INTO playlist(pid, cid, title, description) VALUES('PLzNWpiUz-wc7Bw6V4Cis2EgHt14At6BCh','UCq2iefWrqW0W6Hic2xA1aDg', '大法鼓1176-1200', '大法鼓1176-1200');
INSERT INTO videos(vid, pid, title, description) VALUES('uL2V-ABtYj0', 'PLzNWpiUz-wc7Bw6V4Cis2EgHt14At6BCh', '大好月三（聖嚴法師-大法鼓 1176）', '今年年初的時候，法鼓山推出一個大好年的活動\n鼓勵大家說好話、做好事、轉好運\n在九月份更積極推出了這個大好月，也就是大好年的主題月\n希望大家把說好話、做好事、轉好運這個活動能夠\n具體的在生活裡面實踐。\n讓我們來恭請聖嚴法師為我們開示\n\n更多線上課程：http://www.dharmaschool.com/index.html');
INSERT INTO videos(vid, pid, title, description) VALUES('5ieMbCCjuMU', 'PLzNWpiUz-wc7Bw6V4Cis2EgHt14At6BCh', '大好月四\u007F（聖嚴法師-大法鼓 1177）', '希望這個月裡面，每個人都能夠說好話做好事轉好運\n到目前為止，有十家主要的電視媒體都已經響應了\n每天新聞報導最後，主播都要說一句好話，都要報導一件好事\n主播究竟要說什麼好話？他們要報導什麼好事？\n讓我們來恭請聖嚴法師為我們開示\n\n更多線上課程：http://www.dharmaschool.com/index.html');
INSERT INTO videos(vid, pid, title, description) VALUES('CKIV1EVsjok', 'PLzNWpiUz-wc7Bw6V4Cis2EgHt14At6BCh', '大好月五\u007F（聖嚴法師-大法鼓 1178）', '法鼓山正在推行大好月的活動，鼓勵大家說好話做好事轉好運\n我們希望這個活動，不只是媒體朋友響應，也希望大家都響應\n聖嚴師父也分析過了因為說好話做好事，就會讓我們有存好心\n存好心是非常重要的，對你的身心靈的健康都非常重要\n我們如何在生活裡，每天說好話做好事呢？\n讓我們來恭請聖嚴法師為我們開示\n\n更多線上課程：http://www.dharmaschool.com/index.html');
INSERT INTO videos(vid, pid, title, description) VALUES('ahgRCTpOcWM', 'PLzNWpiUz-wc7Bw6V4Cis2EgHt14At6BCh', '桃芝風災的省思-大地是活的\u007F（聖嚴法師-大法鼓 1179）', '發生在七月底八月初的桃芝颱風，這場颱風並不大\n但是在中部的南投和東部的花蓮地區，卻造成嚴重的災情\n尤其是中部的土石流。\n很多的家庭在一夕之間家破人亡，失去了所有的親人\n台灣被稱為寶島，現在卻好像是一片破碎的大地\n一場颱風就造成這麼嚴重的災情，這到底是為什麼呢？\n讓我們來恭請聖嚴法師為我們開示\n\n更多線上課程：http://www.dharmaschool.com/index.html');
INSERT INTO videos(vid, pid, title, description) VALUES('wpPpieOI_sA', 'PLzNWpiUz-wc7Bw6V4Cis2EgHt14At6BCh', '桃芝風災的省思-居安思危與自然環境的破壞\u007F（聖嚴法師-大法鼓 1180）', '佛法說地球是地、水、火、風和合而成，因為它是和合而成\n當這個因素在轉變的時候，會有很多變化，所以師父一再告訴我們，\n大自然或整個的人生，其實都是無常的。\n在這個無常的人生或世界當中，我們要居安思危，\n居安思危講起來很容易，到底該怎麼樣準備？才能減少人命和財產的損失。\n讓我們來恭請聖嚴法師為我們開示\n\n更多線上課程：http://www.dharmaschool.com/index.html');
INSERT INTO videos(vid, pid, title, description) VALUES('Os0sdMBIUn4', 'PLzNWpiUz-wc7Bw6V4Cis2EgHt14At6BCh', '環境破壞，大家都是幫兇\u007F\u007F（聖嚴法師-大法鼓 1181)', '聖嚴法師提醒我們\n不要因為常常環境破壞，就抱怨這是商人過度開發\n其實，每一個人都是幫兇，這句話真的值得我們好好的反省\n究竟要怎麼樣的生活，才不會成為破壞環境的幫兇呢？\n讓我們來恭請聖嚴法師為我們開示\n\n更多線上課程：http://www.dharmaschool.com/index.html');
INSERT INTO videos(vid, pid, title, description) VALUES('1K2OZNfjtqY', 'PLzNWpiUz-wc7Bw6V4Cis2EgHt14At6BCh', '珍惜資源（聖嚴法師-大法鼓 1186）', '環保的問題，對我們的影響是更深遠的，不僅是我們這一代，\n甚至到我們的子子孫孫，都會受到這個問題的影響，大家應該多花一點心思\n來了解環境的問題。\n資源的浪費不僅會讓寶貴資源枯竭，更嚴重的會製造很多的污染\n台灣的空氣是滿嚴重的，水資源也是浪費很多，\n是不是因為台灣進步得太快，才會造成這些環境問題？\n讓我們來恭請聖嚴法師為我們開示\n\n更多線上課程：http://www.dharmaschool.com/index.html');
INSERT INTO videos(vid, pid, title, description) VALUES('Mk2SYh_gFjI', 'PLzNWpiUz-wc7Bw6V4Cis2EgHt14At6BCh', '如何改善語言的污染（聖嚴法師-大法鼓 1187）', '我們知道污染非常多，最近還多了一種語言的污染，\n人們的談話裡，會發現有一些粗俗語或是語言暴力的現象\n語言的污染可能造成了心靈的污染，對自己、對別人都是不好的\n如果，你用言語去傷人，最後可能反彈也會傷到自己，\n所以語言的暴力，是非常需要去注意的，怎麼樣減少語言的暴力呢？\n講話還有那些要小心的呢？我們又怎麼樣來改善呢？\n讓我們來恭請聖嚴法師為我們開示\n\n更多線上課程：http://www.dharmaschool.com/index.html');
INSERT INTO videos(vid, pid, title, description) VALUES('S8KK95sVtOQ', 'PLzNWpiUz-wc7Bw6V4Cis2EgHt14At6BCh', '從生活教育中實踐說好話（聖嚴法師-大法鼓 1188）', '人與人每天見面的場合，怎麼樣彼此之間說好話，營造好的氣氛\n除了家庭，學校老師跟學生，還有同學彼此之間\n如何從說好話開始，減少語言的暴力或行為暴力？\n有人說\n在讚美和鼓勵中長大的孩子，會謙和有禮而且充滿信心，\n在嘲諷和譏笑中長大的孩子，可能非常自卑或者是有暴力傾向，\n所以一個語言的環境，對孩子成長是非常重要的。\n在中學裡的中學生，正好碰上人生的反抗期或風暴期\n特別需要老師、家長的關懷，在這方面我們應該怎麼做呢？\n讓我們恭請聖嚴法師為我們開示\n\n更多線上課程：http://www.dharmaschool.com/index.html');
INSERT INTO videos(vid, pid, title, description) VALUES('RkUyIHarf3A', 'PLzNWpiUz-wc7Bw6V4Cis2EgHt14At6BCh', '如何培養學生說好話的習慣與校園暴力事件（聖嚴法師-大法鼓 1189）', '我們一直在推動「說好話、做好事、轉好運」\n也希望在校園裡，大家都能夠說好話，但在國中生實行起來比較困難\n國中生特別喜歡講一些不一樣的話，表示他們與眾不同，一些流俗的話、一些粗口\n很容易在他們的言語上表現出來，有時候可能是你看我的眼神我不滿意，\n或者你跟我講話的態度、你講的話，我聽起來不爽，\n就大打出手，甚至是造成生命的危害，在這方面怎麼樣來減少，\n怎麼樣來避免？　該怎麼辦呢？\n讓我們來恭請聖嚴法師為我們開示\n\n更多線上課程：http://www.dharmaschool.com/index.html');
INSERT INTO videos(vid, pid, title, description) VALUES('pkzwjpbhH7c', 'PLzNWpiUz-wc7Bw6V4Cis2EgHt14At6BCh', '在工作場所實踐說好話（聖嚴法師-大法鼓 1190）', '那一些話是真正的好話，什麼話是對這個人真正幫助的話\n說好話真是提升人品或鎔鑄人品，非常有利的工具。\n在工作場所，每天有工作壓力，和同事相處還會帶來一些壓力\n有些人表情、動作或是說的話，往往讓你覺得很不舒服，\n在這個時候要應該怎麼樣來說好話？\n怎麼樣來調適自己的心情？\n讓我們恭請聖嚴法師為我們開示\n\n更多線上課程：http://www.dharmaschool.com/index.html');
INSERT INTO videos(vid, pid, title, description) VALUES('nMTWvOYg7D8', 'PLzNWpiUz-wc7Bw6V4Cis2EgHt14At6BCh', '對陌生人說好話做好事\u007F（聖嚴法師-大法鼓 1192）', '我們一直在推動「說好話」運動\n家人之間要說好話，同學之間、師生之間要說好話\n同事之間要說好話，對陌生人也要說好話\n朋友之間更應該說好話，可是朋友之間\n這個「好話」怎麼說呢？\n\n朋友之間要說好話是比較容易，可是要說逆耳的忠言\n或者是規勸的話怎麼說呢？這需要很高的智慧\n\n朋友很多，如果每個朋友都要付出關心\n都要時時記惦他們，那負擔也很重，這當中分寸怎麼拿捏呢？\n讓我們恭請聖嚴法師為我們開示\n\n更多線上課程：http://www.dharmaschool.com/index.html');
INSERT INTO playlist(pid, cid, title, description) VALUES('PLA4EA2BDE613A0DF4','UCq2iefWrqW0W6Hic2xA1aDg', '大法鼓1151-1175', '大法鼓1151-1175');
INSERT INTO videos(vid, pid, title, description) VALUES('YPjJWoSgfGI', 'PLA4EA2BDE613A0DF4', '如何了生死？勤修戒定慧（小乘佛法）（聖嚴法師-大法鼓 1151）', '當我們面對死亡之前，我們可以皈依三寶，布施、念佛、懺悔。\n可是，生死還是很難測的，我們就是了生死好了，修行就是為了了生死，生死真的可以了嗎？\n\n我們來請教聖嚴法師\n更多線上課程：http://www.dharmaschool.com/index.html');
INSERT INTO videos(vid, pid, title, description) VALUES('9xwI5pLZPUA', 'PLA4EA2BDE613A0DF4', '如何了生死？難行法易行法（大乘佛法）（聖嚴法師-大法鼓 1152）', '師父告訴我們第一種了生死的方法，就是勤修戒定慧\n師父說這是小乘的辦法，大乘的辦法又是什麼呢？\n\n我們來請教聖嚴法師\n更多線上課程：http://www.dharmaschool.com/index.html');
INSERT INTO videos(vid, pid, title, description) VALUES('AmAaICzIV-w', 'PLA4EA2BDE613A0DF4', '無法頓悟如何了生死？（聖嚴法師-大法鼓 1153）', '大乘佛法了生死有兩種方法，一個是難行法、一個是易行法。\n而易行法又叫頓悟法，也就是我們禪宗所說的頓悟，如果修禪宗不能頓悟的話，也就是不能了生死的話，禪宗是不是就沒有用了呢？\n\n讓我們來請教聖嚴法師\n更多線上課程：http://www.dharmaschool.com/index.html');
INSERT INTO videos(vid, pid, title, description) VALUES('Mf-BICMQubg', 'PLA4EA2BDE613A0DF4', '如何用他力救濟來助己及彌補已往生者？（聖嚴法師-大法鼓 1154）', '師父告訴我們一個易行道，就是淨土的修行方法，也就是說要發菩提心、行菩薩道\n同時要多布施、供養，萬一自己已經發生了病痛，沒有辦法自力救濟的時候，有他力救濟的辦法嗎？或者自己的親人已經死亡了，能不能怎麼樣的彌補呢？\n\n讓我們來請教聖嚴法師\n更多線上課程：http://www.dharmaschool.com/index.html');
INSERT INTO videos(vid, pid, title, description) VALUES('uSl2AE1i4wU', 'PLA4EA2BDE613A0DF4', '談自殺潮-佛法的觀點（聖嚴法師-大法鼓 1155）', '最近社會上似乎瀰漫著一股自殺潮。\n有些人因為失業、負債、經商失敗，經濟陷入困境，或者是生命中其他一些小小的挫折，一時想不開就自殺了。\n他們或許認為，自殺了 就解脫了，真的是這樣子嗎？\n佛法如何看自殺，又如何看解脫呢？\n\n讓我們來請教聖嚴法師\n更多線上課程：http://www.dharmaschool.com/index.html');
INSERT INTO videos(vid, pid, title, description) VALUES('zAKPMshGgmE', 'PLA4EA2BDE613A0DF4', '談自殺潮-每人都要還願還報（聖嚴法師-大法鼓 1156）', '師父談到自殺其實不是解脫，也不能解脫，反而是後果會非常嚴重。\n因為你逃避了自己的責任和果報，如何能夠避免自殺？\n如何能夠挽救，你身邊人的一條生命呢\n\n讓我們來請教聖嚴法師\n更多線上課程：http://www.dharmaschool.com/index.html');
INSERT INTO videos(vid, pid, title, description) VALUES('KxIkVvssPBE', 'PLA4EA2BDE613A0DF4', '談自殺潮-只要不死就有前途（聖嚴法師-大法鼓 1157）', '師父說其實只要不死，就會有前途。\n那麼對於困難來說，只要面對，困難就不存在，真的有這麼簡單嗎？\n\n讓我們來請教聖嚴法師\n更多線上課程：http://www.dharmaschool.com/index.html');
INSERT INTO videos(vid, pid, title, description) VALUES('WvGD34ASqNM', 'PLA4EA2BDE613A0DF4', '談自殺潮-求生的意志（聖嚴法師-大法鼓 1158）', '很多人自殺都是因為覺得自己已經山窮水盡、再無生趣、再也活不下去了。\n可是師父告訴我們，只要不死，就有前途。困難呢，只要面對他，困難就不存在。\n這是真的可以驗證的嗎？還是只是一個理論呢？有沒有實際的例子呢？\n\n讓我們來請教聖嚴法師\n更多線上課程：http://www.dharmaschool.com/index.html');
INSERT INTO videos(vid, pid, title, description) VALUES('YHgggFMHZxw', 'PLA4EA2BDE613A0DF4', '談自殺潮-面對困境（聖嚴法師-大法鼓 1159）', '人在走投無路的狀況下，會想辦法走出路來\n但師父說：其實不需要想什麼辦法，在走投無路的狀況下\n你不需要這麼急，這個路就出現了。\n真的是這樣嗎？\n\n像師父本身也會遭遇到困難、困境、危險嗎？\n從宗教信仰的立場來講，\n都認為大師都是有護法神、菩薩、佛，加持保佑、擁護的\n但是真是這樣嗎？\n讓我們恭請聖嚴法師為我們開示\n\n更多線上課程：http://www.dharmaschool.com/index.html');
INSERT INTO videos(vid, pid, title, description) VALUES('ElJot-2fcoU', 'PLA4EA2BDE613A0DF4', '談自殺潮-天無絕人之路（聖嚴法師-大法鼓 1160）', '當年師父也曾流落在紐約的街頭做遊民\n師父是怎麼樣來面對，人生的這一段困境\n他又是怎麼走過來的呢？\n\n螻蟻尚且偷生，何況人呢？\n只要走下去，路總是會在那裡的\n不論身處什麼樣的絕境，心情還是要保持非常的自在\n如何可以做到這樣子呢？\n讓我們來聽聽聖嚴法師的故事\n\n更多線上課程：http://www.dharmaschool.com/index.html');
INSERT INTO videos(vid, pid, title, description) VALUES('LAZsMBltKUA', 'PLA4EA2BDE613A0DF4', '談自殺潮-如何克服失去、失落的感覺（聖嚴法師-大法鼓 1161）', '景氣不好，很多的工廠紛紛關廠，或者移往大陸，所以很多人就失業了\n高科技業，穫利也大不如前，所以也紛紛裁員。\n很多白領階級，過去收入不錯的人，忽然之間失業了\n失業了怎麼辦呢？\n\n還有不少人因為自己經商失敗，受到景氣拖累，別人倒帳，因而自殺\n還有人是為了感情失戀，也走上自殺的路\n面對這些生命裡失去、失落的感覺，我們要如何來克服呢？\n讓我們恭請聖嚴法師為我們開示\n\n更多線上課程：http://www.dharmaschool.com/index.html');
INSERT INTO videos(vid, pid, title, description) VALUES('UEEVNUnQUxg', 'PLA4EA2BDE613A0DF4', '談自殺潮-名人為何自殺（聖嚴法師-大法鼓 1163）', '有些人是因為失業、失戀、負債而自殺\n我們也看到有一些人蠻成功的人也自殺了\n譬如說日本非常有名的名作家三島由紀夫，得到諾貝爾文學獎的川端康成\n甚至美國知名作家海明威，他們都在聲名如日中天的時候忽然自殺了\n留下一堆疑團，不知道他們為什麼自殺\n這到底是為什麼呢？\n讓我們恭請聖嚴法師為我們開示\n\n\n更多線上課程：http://www.dharmaschool.com/index.html');
INSERT INTO videos(vid, pid, title, description) VALUES('_sYELcT1TIE', 'PLA4EA2BDE613A0DF4', '談自殺潮-每人生命皆有意義與價值（聖嚴法師-大法鼓 1164）', '有一些名人，像日本知名的作家三島由紀夫，他是為理念而死\n而這樣的死是對的嗎？\n有些人，因為久病，怕增加家人或者社會的負擔\n覺得乾脆死了算了，以免拖累別人，這樣的想法又正確嗎？\n讓我們恭請聖嚴法師為我們開示\n\n更多線上課程：http://www.dharmaschool.com/index.html');
INSERT INTO videos(vid, pid, title, description) VALUES('tUdbIxVgDw4', 'PLA4EA2BDE613A0DF4', '談自殺潮-久病厭世（聖嚴法師-大法鼓 1165）', '即使是久病的人，也不能夠因而厭世，否定自己的價值\n因為他可能不但沒有拖累家人，反而是成就了家人\n有些人為了因為擔心家人受到拖累而自殺\n說不定反而會帶給家人更大的痛苦。\n關於這一方面，我們應該如何做呢？\n讓我們恭請聖嚴法師為我們開示\n\n更多線上課程：http://www.dharmaschool.com/index.html');
INSERT INTO videos(vid, pid, title, description) VALUES('N9ZbjcpJA7M', 'PLA4EA2BDE613A0DF4', '阿富汗毀佛事件一（聖嚴法師-大法鼓 1166）', '阿富汗執政的回教神學士，在全國境大肆破壞他們大大小小的佛像\n包括了鑄造在七世紀的佛像，也被他們毀壞殆盡\n引起了世人一致的譴責，他們為什麼要這樣子做\n我們佛教徒又應該如何來看待這個事情呢？\n讓我們恭請聖嚴法師為我們開示\n\n更多線上課程：http://www.dharmaschool.com/index.html');
INSERT INTO videos(vid, pid, title, description) VALUES('IUTPc_f5BGY', 'PLA4EA2BDE613A0DF4', '阿富汗毀佛事件二（聖嚴法師-大法鼓 1167）', '阿富汗現在的回教政府，在它的境內大肆破壞非常珍貴的石窟藝術\n這些不僅是珍貴的佛教遺產，同時具有文化的價值\n他們為什麼要這樣做？\n這對我們佛教徒來講，又具有什麼樣的意義？\n我們應該怎樣來看待這個事情？\n讓我們恭請聖嚴法師為我們開示\n\n更多線上課程：http://www.dharmaschool.com/index.html');
INSERT INTO videos(vid, pid, title, description) VALUES('iGiSzHW40z4', 'PLA4EA2BDE613A0DF4', '大好年二\u007F（聖嚴法師-大法鼓 1175）', '雖然今年在客觀環境上看起來，是相當不是很好的一年\n但是，只要我們能夠存好心、能夠說好話、能夠做好事\n那麼就會轉好運。我們就會是一個大好年。\n問題是，就這麼簡單嗎？我們要怎麼樣來推動它、落實它\n而大好年是不是就只今年一年呢？\n我們恭請聖嚴法師為我們開示。\n\n更多線上課程：http://www.dharmaschool.com/index.');
INSERT INTO playlist(pid, cid, title, description) VALUES('PL93E5E16796ABBDCB','UCq2iefWrqW0W6Hic2xA1aDg', '大法鼓1101-1125', '');
INSERT INTO videos(vid, pid, title, description) VALUES('oPZjkPuTlVA', 'PL93E5E16796ABBDCB', '世間慧是否障礙出世間慧（聖嚴法師-大法鼓 1101）', '師父告訴我們世間慧雖然可貴，但是它還是有局限性的，有我在裡面\n所以它不是真理。\n我們知道很多物理學、科學、公式、法則，我們都把它當成是真理來看\n世間慧真的不是真理嗎？\n讓我們恭請聖嚴法師來為我們開示。\n\n更多線上課程：http://www.dharmaschool.com/index.html');
INSERT INTO videos(vid, pid, title, description) VALUES('6LG3bPPVj4I', 'PL93E5E16796ABBDCB', '世間慧如何協助出世間慧（聖嚴法師-大法鼓 1102）', '世間的智慧不會妨礙我們修習出世間的智慧，世間的智慧對我們修習出世間的智慧有沒有幫助呢？\r\n\r\n讓我們恭請聖嚴法師來為我們開示。\r\n\r\n更多線上課程：http://www.dharmaschool.com/index.html');
INSERT INTO videos(vid, pid, title, description) VALUES('BA1FEQUCeUM', 'PL93E5E16796ABBDCB', '世間慧能否昇華成出世間慧（聖嚴法師-大法鼓 1103）', '師父告訴我們，只要能夠放下自我中心，世間慧是可以幫助我們來修出世間慧的，那麼世間慧有沒有可能直接昇華成為出世間慧呢？\r\n\r\n讓我們恭請聖嚴法師來為我們開示。\r\n\r\n更多線上課程：http://www.dharmaschool.com/index.html');
INSERT INTO videos(vid, pid, title, description) VALUES('KxLMxePLijo', 'PL93E5E16796ABBDCB', '般若智慧是否有深淺之分（聖嚴法師-大法鼓 1104）', '在上一集師父告訴我們，出世間慧就是般若智慧，也常常聽到般若波羅蜜多這幾個字，師父也常提到說六波羅蜜，到底是什麼意思呢？般若這個智慧是不是又有深淺之分呢？\r\n\r\n讓我們恭請聖嚴法師來為我們開示。\r\n\r\n更多線上課程：http://www.dharmaschool.com/index.html');
INSERT INTO videos(vid, pid, title, description) VALUES('bPAoY88W3yM', 'PL93E5E16796ABBDCB', '般若的深淺與共般若不共般若（聖嚴法師-大法鼓 1105）', '在上一集裡，師父借著佛經裡三獸渡河的故事，告訴我們般若是有深淺之分的，還聽過一個名詞叫做「共般若」與「不共般若」這又是什麼意思呢？\r\n\r\n讓我們恭請聖嚴法師來為我們開示。\r\n\r\n更多線上課程：http://www.dharmaschool.com/index.html');
INSERT INTO videos(vid, pid, title, description) VALUES('F24KNUX3apI', 'PL93E5E16796ABBDCB', '般若波羅密多的真義（聖嚴法師-大法鼓 1106）', '會背心經的人，常都會背到行深般若波羅蜜多時，般若波羅蜜多是什麼意思呢？它對我們的修行，還有日常生活又有什麼幫助呢？\r\n\r\n\r\n讓我們恭請聖嚴法師來為我們開示。\r\n\r\n更多線上課程：http://www.dharmaschool.com/index.html');
INSERT INTO videos(vid, pid, title, description) VALUES('K6GL4QUxnG4', 'PL93E5E16796ABBDCB', '五度如盲般若為導（聖嚴法師-大法鼓 1107）', '我們如果用佛的智慧，那麼就會得到般若，般若波羅蜜多，就是我們能夠斷除煩惱，得到解說和自在。我們也常聽到一句話叫五度如盲般若為導，這又是什麼意思呢？\r\n\r\n讓我們恭請聖嚴法師來為我們開示。\r\n\r\n更多線上課程：http://www.dharmaschool.com/index.html');
INSERT INTO videos(vid, pid, title, description) VALUES('ixbPSbBGcak', 'PL93E5E16796ABBDCB', '般若智慧對日常生活之助（聖嚴法師-大法鼓 1108）', '上一集裡，師父告訴我們般若智慧的重要，也就是我們在修布施、持戒、忍辱、精進、禪定這五度的時候，如果沒有般若智慧的話，我們還是不能夠得到解脫，般若智慧對我們日常生活，又有什麼樣的幫助呢？\r\n\r\n讓我們恭請聖嚴法師來為我們開示。\r\n\r\n更多線上課程：http://www.dharmaschool.com/index.html');
INSERT INTO videos(vid, pid, title, description) VALUES('jupUG2sjq90', 'PL93E5E16796ABBDCB', '心經與金剛經如何受歡迎（聖嚴法師-大法鼓 1109)', '提到般若，很多人就想到般若波羅蜜多心經，這部經跟金剛經都非常的有名，即使不是佛教徒也都聽過這兩部經典，甚至在電影裡還用它們來降魔抓鬼，到底這兩部經典，為什麼會這麼樣有名呢？\r\n\r\n讓我們恭請聖嚴法師來為我們開示。\r\n\r\n更多線上課程：http://www.dharmaschool.com/index.html');
INSERT INTO videos(vid, pid, title, description) VALUES('S24EtM7Z2yw', 'PL93E5E16796ABBDCB', '心經和金剛經對異教徒有用嗎（聖嚴法師-大法鼓 1110）', '師父告訴我們，心經跟金剛經都是佛教裡非常重要的經典，我們多誦念它可以驅我們心中之魔，心中之鬼，如果碰到了妖魔鬼怪，誦誦心經跟金剛經也是有用的，如果碰到的是外國鬼怎麼辦？而且在誦經的時候，要注意到些什麼呢？　\r\n\r\n讓我們恭請聖嚴法師來為我們開示。\r\n\r\n更多線上課程：http://www.dharmaschool.com/index.html');
INSERT INTO videos(vid, pid, title, description) VALUES('gWbgXUmeKWA', 'PL93E5E16796ABBDCB', '降魔對鬼魔真的有害（聖嚴法師-大法鼓 1111）', '多念心經和金剛經可以降魔驅鬼，降魔驅鬼於人是有益的，於鬼是不是有害的呢？因為很多人相信念經可以消災解厄去業，是不是真的有這樣的效果呢？\r\n\r\n讓我們恭請聖嚴法師來為我們開示。\r\n\r\n更多線上課程：http://www.dharmaschool.com/index.html');
INSERT INTO videos(vid, pid, title, description) VALUES('943GCnJkQ10', 'PL93E5E16796ABBDCB', '念經持咒是否能消業解厄（聖嚴法師-大法鼓 1112）', '誦念經典事實上不是降魔驅鬼，是幫助他們轉化他們超渡他們，很多人認為，平時沒有碰到這些妖魔鬼怪，多念念經也可以消災解厄，甚至可以去業，是不是念得愈多，你的業消得就愈多？\r\n\r\n讓我們恭請聖嚴法師來為我們開示。\r\n\r\n更多線上課程：http://www.dharmaschool.com/index.html');
INSERT INTO videos(vid, pid, title, description) VALUES('oZsxqqNXXwA', 'PL93E5E16796ABBDCB', '在陰暗處誦經能定心嗎（聖嚴法師-大法鼓 1113）', '有一位菩薩來信，他原來住在深山裡面，一個非常偏僻的地方，那個房子非常的陰暗，有很多不祥的傳說，所以他住進去的時候，非常的害怕，為了克服他自己的恐懼，他就選了房子裡面，最陰暗的一個角落，然後他就開始念誦心經，說也奇怪，這樣經過一段時間以後，他就覺得在這個房間裡，好像很平安，他也不再覺得恐懼，也沒有再有很多奇奇怪怪的事情發生，究竟是他降服了哪些妖魔呢？還是他降服了他心中內心的疑神疑鬼之魔呢？\r\n\r\n讓我們恭請聖嚴法師來為我們開示。\r\n\r\n更多線上課程：http://www.dharmaschool.com/index.html');
INSERT INTO videos(vid, pid, title, description) VALUES('otBHP9m4hig', 'PL93E5E16796ABBDCB', '觀世音菩薩與中國人的關係（聖嚴法師-大法鼓 1114）', '很多人在感覺到害怕、恐懼的時候，喜歡念誦經典或者是稱誦佛號，可是更有許多人，碰到危急的時候，他喜歡稱誦觀世音菩薩聖號，觀世音菩薩似乎跟中國人特別的有緣，不管是一般的民間的信仰，或者是正信的佛教徒，對觀世音菩薩都可以說是深信不疑，這其中有什麼樣的緣故嗎？\r\n\r\n讓我們恭請聖嚴法師來為我們開示。\r\n\r\n更多線上課程：http://www.dharmaschool.com/index.html');
INSERT INTO videos(vid, pid, title, description) VALUES('6o-uQNHTw7Y', 'PL93E5E16796ABBDCB', '觀音菩薩是否真有其人（聖嚴法師-大法鼓 1115）', '提到觀世音菩薩，很多人都印象非常的鮮明，但是我們知道釋迦牟尼佛，他是由印度一個王子修行而成的，可是觀世音菩薩我們只在經典裡面看過，是不是到底有這樣的一個人存在呢？\r\n\r\n讓我們恭請聖嚴法師來為我們開示。\r\n\r\n更多線上課程：http://www.dharmaschool.com/index.html');
INSERT INTO videos(vid, pid, title, description) VALUES('v2Gy25jDGus', 'PL93E5E16796ABBDCB', '對觀音菩薩的依賴（聖嚴法師-大法鼓 1116）', '觀世音菩薩是非常的慈悲，經典上說祂有千手千眼，所以祂是聞聲救苦，無處不現身，也因此祂有很多感應的故事流傳，許多人因此對觀世音菩薩產生了依賴的心理，遇到了苦難，觀世音菩薩會救，是不是真的會這樣子呢？\r\n\r\n讓我們恭請聖嚴法師來為我們開示。\r\n\r\n更多線上課程：http://www.dharmaschool.com/index.html');
INSERT INTO videos(vid, pid, title, description) VALUES('aK50CC2478w', 'PL93E5E16796ABBDCB', '民間信仰與佛法對觀音的看法（聖嚴法師-大法鼓 1117）', '觀世音菩薩的慈悲與感應，有很多神蹟，正信的佛教徒，對於觀世音菩薩的信仰跟民間的一般信仰，到底一不一樣呢？\r\n\r\n讓我們恭請聖嚴法師來為我們開示。\r\n\r\n更多線上課程：http://www.dharmaschool.com/index.html');
INSERT INTO videos(vid, pid, title, description) VALUES('9elgCGacLVY', 'PL93E5E16796ABBDCB', '觀音法門(耳根圓通普門示現)（聖嚴法師-大法鼓 1118）', '觀世音菩薩普門品主要是為了接引，一般的眾生都能夠接觸佛法，皆能成佛，我們知道修學佛法有很多的法門，觀音法門也是很多人喜歡修習的一個法門，究竟什麼是觀音法門呢？\r\n\r\n讓我們恭請聖嚴法師來為我們開示。\r\n\r\n更多線上課程：http://www.dharmaschool.com/index.html');
INSERT INTO videos(vid, pid, title, description) VALUES('xqvtbJV0RSQ', 'PL93E5E16796ABBDCB', '觀音法門(根本修行法)（聖嚴法師-大法鼓 1119）', '觀世音菩薩修行的法門，祂是修耳根圓通、修智慧就是自利、修普門示現救苦救難，就是修利他，也是修慈悲，如果我們要學習觀世音萻薩的修行法門的話，我們又有那些方法呢？\r\n\r\n讓我們恭請聖嚴法師來為我們開示。\r\n\r\n更多線上課程：http://www.dharmaschool.com/index.html');
INSERT INTO videos(vid, pid, title, description) VALUES('NDc0DV4_O5k', 'PL93E5E16796ABBDCB', '如何修觀音法門(持名念佛與六字大明咒)（聖嚴法師-大法鼓 1120）', '觀音法門一共有七個法門，不過真正要能夠得到解脫，還是要修楞嚴經的耳根圓通法門，以及心經的照見五蘊皆空法門，那麼觀音法門這七種法門裡，是不是還有深淺之別呢？我們怎麼樣來依序修行呢？\r\n\r\n讓我們恭請聖嚴法師來為我們開示。\r\n\r\n更多線上課程：http://www.dharmaschool.com/index.html');
INSERT INTO videos(vid, pid, title, description) VALUES('SlAyYfxMLS0', 'PL93E5E16796ABBDCB', '如何修觀音法門(延命十句觀音經與白衣神咒)（聖嚴法師-大法鼓 1121）', '觀音法門的修行方法，觀世音菩薩普門品、持名法門的修行方法，以及六字大明咒的修行方法，其他還有什麼樣的修行方法呢？\r\n\r\n\r\n讓我們恭請聖嚴法師來為我們開示。\r\n\r\n更多線上課程：http://www.dharmaschool.com/index.html');
INSERT INTO videos(vid, pid, title, description) VALUES('1WFPCxJlZzA', 'PL93E5E16796ABBDCB', '如何修觀音法門(大悲咒)（聖嚴法師-大法鼓 1122）', '觀音法門一共有七種，它是有深淺之分，最簡單容易入門就是觀世音菩薩普門品的持名法門，也就是念南無觀世音菩薩的聖號，接下來是六字大明咒唵嘛呢叭彌吽，那麼在上一集師父也給我們介紹了，白衣大士神咒的修行法門，另外還有延命十句經以及大悲咒的修行法門，我們要繼續請教師父。\r\n\r\n讓我們恭請聖嚴法師來為我們開示。\r\n\r\n更多線上課程：http://www.dharmaschool.com/index.html');
INSERT INTO videos(vid, pid, title, description) VALUES('dnZuo8UJxJ0', 'PL93E5E16796ABBDCB', '如何修觀音法門(心經的五蘊皆空法門、何謂五蘊)（聖嚴法師-大法鼓 1123）', '觀世音菩薩是中國人最熟悉的菩薩之一，我們為您介紹了觀世音菩薩的修行法門，今天我們要談其中比較困難的是心經五蘊皆空的法門，這個法門該怎麼修呢？\r\n\r\n讓我們恭請聖嚴法師來為我們開示。\r\n\r\n更多線上課程：http://www.dharmaschool.com/index.html');
INSERT INTO videos(vid, pid, title, description) VALUES('QcnBd8nopDQ', 'PL93E5E16796ABBDCB', '如何修觀音法門(五蘊皆空皆空-色蘊空、受蘊空)（聖嚴法師-大法鼓 1124）', '師父告訴我們什麼是五蘊，那就是構成人的五個要素，怎麼樣利用這五蘊來修行，來照見五蘊皆空，這句話是什麼意思？\r\n\r\n讓我們恭請聖嚴法師來為我們開示。\r\n\r\n更多線上課程：http://www.dharmaschool.com/index.html');
INSERT INTO videos(vid, pid, title, description) VALUES('6TRx699IR1c', 'PL93E5E16796ABBDCB', '五蘊皆空法門-想蘊空（聖嚴法師-大法鼓 1125）', '師父用地水火風為我們解釋了色蘊，又用這個苦樂憂喜捨為我們解釋了受蘊，那麼從這樣的角度來看，色和受都是空的，行和識又是怎麼樣呢？\r\n\r\n讓我們恭請聖嚴法師來為我們開示。\r\n\r\n更多線上課程：http://www.dharmaschool.com/index.html');
INSERT INTO playlist(pid, cid, title, description) VALUES('PL031A9F64CD3142BD','UCq2iefWrqW0W6Hic2xA1aDg', '大法鼓1076-1100', '');
INSERT INTO videos(vid, pid, title, description) VALUES('lGmcMrcjA40', 'PL031A9F64CD3142BD', '行福即六度萬行(修行就是福)（聖嚴法師-大法鼓 1076）', '師父談到行福就是六度萬行，這是什麼意思呢？\r\n\r\n讓我們恭請聖嚴法師來為我們開示。\r\n\r\n更多線上課程：http://www.dharmaschool.com/index.html');
INSERT INTO videos(vid, pid, title, description) VALUES('eweAbNFlCRU', 'PL031A9F64CD3142BD', '修行能自利利人(助念)（聖嚴法師-大法鼓 1077）', '修行就是福！師父說我們修行能夠利益自己，也能夠利益他人，為什麼呢？我們又該怎麼樣來修行呢？\r\n\r\n讓我們恭請聖嚴法師來為我們開示。\r\n\r\n更多線上課程：http://www.dharmaschool.com/index.html');
INSERT INTO videos(vid, pid, title, description) VALUES('bJMUH7Z1lBY', 'PL031A9F64CD3142BD', '從何修行起(六度萬行之意)（聖嚴法師-大法鼓 1078）', '師父說，修行就是福，因為修行可以利益自己，也可以利益他人，師父又說，修行有八萬四千法門，這到底要怎麼修起呢？\r\n\r\n讓我們恭請聖嚴法師來為我們開示。\r\n\r\n更多線上課程：http://www.dharmaschool.com/index.html');
INSERT INTO videos(vid, pid, title, description) VALUES('4TfG6IeieF0', 'PL031A9F64CD3142BD', '欲令入佛智先以欲勾牽之意（聖嚴法師-大法鼓 1079）', '師父說，佛法能夠給我們福報、智慧，是我們在這個滾滾紅塵裡安身立命的一個方針，可是佛法講究的是空，要我們消除很多的欲望，但是維摩經裡又有一句話說：欲令入佛智，先以欲勾牽。這句話好像跟我們瞭解的佛法道理是有點抵觸的，為什麼先要以欲望來勾牽呢？這又是什麼意思呢？\r\n\r\n讓我們恭請聖嚴法師來為我們開示。\r\n\r\n更多線上課程：http://www.dharmaschool.com/index.html');
INSERT INTO videos(vid, pid, title, description) VALUES('8m0D5YXPTnM', 'PL031A9F64CD3142BD', '師父對愛情的看法（聖嚴法師-大法鼓 1080）', '「生命誠可貴，愛情價更高」我們可以看到有很多的人，為了愛情甚至付出自己寶貴的生命，有的時候是要別人付出寶貴的生命，愛情真的值得我們用生命，或者是別人的生命去換取嗎？\r\n\r\n讓我們恭請聖嚴法師來為我們開示。\r\n\r\n更多線上課程：http://www.dharmaschool.com/index.html');
INSERT INTO videos(vid, pid, title, description) VALUES('hg0u1-l_qYA', 'PL031A9F64CD3142BD', '眾生有情，有情的定義（聖嚴法師-大法鼓 1081）', '社會上常有因為感情，而引發的自殺或者是情殺事件，引起了大眾的震撼，為什麼情關這麼難過呢？佛法對這方面，會給我們什麼樣的幫助呢？\r\n\r\n讓我們恭請聖嚴法師來為我們開示。\r\n\r\n更多線上課程：http://www.dharmaschool.com/index.html');
INSERT INTO videos(vid, pid, title, description) VALUES('U1jnWsO5mK0', 'PL031A9F64CD3142BD', '消除情欲的執著(遠離誘惑)（聖嚴法師-大法鼓 1082）', '眾生就是有情，眾生原本就有七情六欲，可是讓我們痛苦的不是七情六欲本身，而是我們對於七情六欲的執著，在這方面佛法能夠給我們什麼樣的幫助呢？\r\n\r\n讓我們恭請聖嚴法師來為我們開示。\r\n\r\n更多線上課程：http://www.dharmaschool.com/index.html');
INSERT INTO videos(vid, pid, title, description) VALUES('gmisym2bkHc', 'PL031A9F64CD3142BD', '破情執／觀念轉換(例子)（聖嚴法師-大法鼓 1083）', '人都是有七情六欲，如何不被七情六欲的執著所苦，師父在上一集裡告訴我們，可以用轉變觀念的方法，在面對誘惑，面對七情六欲的時候， 轉變我們的觀念，在日常生活裡，怎麼實踐呢？\r\n\r\n讓我們恭請聖嚴法師來為我們開示。\r\n\r\n更多線上課程：http://www.dharmaschool.com/index.html');
INSERT INTO videos(vid, pid, title, description) VALUES('gAnZuJvXhG4', 'PL031A9F64CD3142BD', '破情執／因緣觀（聖嚴法師-大法鼓 1084）', '在上一集，師父告訴我們，面對七情六欲和各種誘惑的時候，如何利用佛法的觀念，幫助我們自己轉變觀念、消除執著，除了這些方法之外， 還有那些佛法的觀念，能夠幫助我們消除執著，抵抗誘惑呢？\r\n\r\n\r\n讓我們恭請聖嚴法師來為我們開示。\r\n\r\n更多線上課程：http://www.dharmaschool.com/index.html');
INSERT INTO videos(vid, pid, title, description) VALUES('Tx7DndNt-Es', 'PL031A9F64CD3142BD', '破情執／慈悲觀（聖嚴法師-大法鼓 1085）', '師父告訴我們，如果我們常常用因緣觀，來看萬事萬物的話， 對我們會有很大的幫助，也許就可以不再受七情六慾的誘惑，當然就更沒有執著，除了因緣觀以外，佛法裡面還有那些觀念，是可以給我們幫助的呢？\r\n\r\n\r\n讓我們恭請聖嚴法師來為我們開示。\r\n\r\n更多線上課程：http://www.dharmaschool.com/index.html');
INSERT INTO videos(vid, pid, title, description) VALUES('1yPzWhqEvls', 'PL031A9F64CD3142BD', '破情執(別人不慈悲我怎麼辦)（聖嚴法師-大法鼓 1086）', '有人會說，如果我慈悲別人而別人不慈悲我，那麼是不是划不來呢！ 關於這方面的問題，我們繼續來請教聖嚴法師。\r\n\r\n讓我們恭請聖嚴法師來為我們開示。\r\n\r\n更多線上課程：http://www.dharmaschool.com/index.html');
INSERT INTO videos(vid, pid, title, description) VALUES('cSEtnc7Q81A', 'PL031A9F64CD3142BD', '破情執／收攝六根（聖嚴法師-大法鼓 1087）', '利用佛法裡的因緣觀、慈悲觀，可以轉變我們的觀念，如何破除對七情六欲的執著、如何抗拒誘惑，那麼在佛法裡，是不是還有更究竟的辦法呢？\r\n\r\n讓我們恭請聖嚴法師來為我們開示。\r\n\r\n更多線上課程：http://www.dharmaschool.com/index.html');
INSERT INTO videos(vid, pid, title, description) VALUES('paGULMsFeNA', 'PL031A9F64CD3142BD', '宗教如何為哲學之母（聖嚴法師-大法鼓 1088）', '宗教可以帶給人有信心和安寧的感覺，使我們在宗教裡，得到心寧的寄託，宗教對人類文化的啟蒙和人心的安定，都有相當大的作用，在中國社會裡，有一些人是不信宗教的，為什麼呢？\r\n\r\n讓我們恭請聖嚴法師來為我們開示。\r\n\r\n更多線上課程：http://www.dharmaschool.com/index.html');
INSERT INTO videos(vid, pid, title, description) VALUES('vdgDWOisiqw', 'PL031A9F64CD3142BD', '中國傳統學者對宗教的看法（聖嚴法師-大法鼓 1089）', '中國文化跟宗教有相當的淵源和關聯，但是很遺憾，在我們社會裡，有很大一部分的人並不信仰宗教，這是為什麼呢？\r\n\r\n讓我們恭請聖嚴法師來為我們開示。\r\n\r\n更多線上課程：http://www.dharmaschool.com/index.html');
INSERT INTO videos(vid, pid, title, description) VALUES('nMq0TBMIihE', 'PL031A9F64CD3142BD', '傳統與現代知識份子對宗教的看法及差異（聖嚴法師-大法鼓 1090）', '師父談到中國過去的知識分子，對宗教是多少保持距離，甚至有點排斥，現在的知識分子，已經開始稍微有點轉變，轉變的原因是什麼？它又會造成什麼樣的影響呢？\r\n\r\n讓我們恭請聖嚴法師來為我們開示。\r\n\r\n更多線上課程：http://www.dharmaschool.com/index.html');
INSERT INTO videos(vid, pid, title, description) VALUES('TrpqSWULh4s', 'PL031A9F64CD3142BD', '西方宗教傳入對中國社會改變（聖嚴法師-大法鼓 1091）', '西方宗教在二次世界大戰後，陸陸續續傳入台灣，很多知識分子受到西方文化的影響，對宗教的觀念也開始改變，對我們的社會又造成了什麼樣的影響呢？\r\n\r\n讓我們恭請聖嚴法師來為我們開示。\r\n\r\n更多線上課程：http://www.dharmaschool.com/index.html');
INSERT INTO videos(vid, pid, title, description) VALUES('84wTTjB6CRQ', 'PL031A9F64CD3142BD', '二十世紀中的台灣佛教演變​​（聖嚴法師-大法鼓 1092）', '台灣光復以後，佛教是相當地衰微，我們是如何從當時的衰微走到後來的復興，乃至於現在的蓬勃發展，這過程是怎麼樣的呢？\n\n讓我們恭請聖嚴法師來為我們開示。\n\n更多線上課程：http://www.dharmaschool.com/index.html');
INSERT INTO videos(vid, pid, title, description) VALUES('vHXPcVfer-Q', 'PL031A9F64CD3142BD', '佛教出版之刊物書籍所造成的影響（聖嚴法師-大法鼓 1093）', '在上一集裡，我們談到佛教如何由衰微到振興，師父說現在還只是到了扎根的時候，並不能真正說佛教已經蓬勃發展，這樣的佛教對台灣的社會產生了什麼樣的影響，現在的佛教徒又跟過去的佛教徒有什麼不同呢？\r\n\r\n讓我們恭請聖嚴法師來為我們開示。\r\n\r\n更多線上課程：http://www.dharmaschool.com/index.html');
INSERT INTO videos(vid, pid, title, description) VALUES('As_zmr2pQQ4', 'PL031A9F64CD3142BD', '文化對佛教的演變的影響（聖嚴法師-大法鼓 1094）', '師父提到台灣佛教在本土扎根的過程中，從事很多社會福利的工作，同時也振興了文化事業，在這過程當中，同時也培養了很多的佛教人才，這些佛教人才， 對台灣的社會又產生了什麼樣的影響呢？\r\n\r\n讓我們恭請聖嚴法師來為我們開示。\r\n\r\n更多線上課程：http://www.dharmaschool.com/index.html');
INSERT INTO videos(vid, pid, title, description) VALUES('NDYt-F1wIfI', 'PL031A9F64CD3142BD', '佛教人才的培育（聖嚴法師-大法鼓 1095）', '在台灣光復初期，佛教界可以說是人才凋零，現在我們看到佛教界人才輩出，也就是在台灣佛教扎根的過程當中，佛教界培養了很多的人才，這些人才對台灣的社會又產生了什麼樣的影響呢？\r\n\r\n讓我們恭請聖嚴法師來為我們開示。\r\n\r\n更多線上課程：http://www.dharmaschool.com/index.html');
INSERT INTO videos(vid, pid, title, description) VALUES('TL5QMXMuFsg', 'PL031A9F64CD3142BD', '佛教發展所遭遇的問題（聖嚴法師-大法鼓 1096）', '從民國五十年代開始，佛教在台灣社會扎根，帶動文化事業發展，也從事很多社會福利的事業，也培養很多的佛教人才，使得台灣的社會，更加的淨化，人心也更加地淨化。但是我們也看到在宗教勃興的過程當中，也產生了一些問題，這些問題究竟是怎麼產生的？\r\n\r\n讓我們恭請聖嚴法師來為我們開示。\r\n\r\n更多線上課程：http://www.dharmaschool.com/index.html');
INSERT INTO videos(vid, pid, title, description) VALUES('C7w-IC_HU30', 'PL031A9F64CD3142BD', '佛法帶給人類文明何種智慧（聖嚴法師-大法鼓 1099）', '師父經常把佛法的智慧，用很生活化的方式告訴我們，那麼究竟佛法裡有什麼樣的智慧呢？對非佛教徒來講，佛教帶給人類的文明什麼樣的智慧呢？\r\n\r\n讓我們恭請聖嚴法師來為我們開示。\r\n\r\n更多線上課程：http://www.dharmaschool.com/index.html');
INSERT INTO videos(vid, pid, title, description) VALUES('z_U0rBX3i0A', 'PL031A9F64CD3142BD', '世間慧與出世間慧(定義)（聖嚴法師-大法鼓 1100）', '在佛法中提到智慧，常會說到世間慧，還有出世間慧，這兩種智慧有什麼不同呢？\r\n\r\n讓我們恭請聖嚴法師來為我們開示。\r\n\r\n更多線上課程：http://www.dharmaschool.com/index.html');
INSERT INTO playlist(pid, cid, title, description) VALUES('PLEAAEAD9A61FAF7D6','UCq2iefWrqW0W6Hic2xA1aDg', '大法鼓1051-1075', '');
INSERT INTO videos(vid, pid, title, description) VALUES('cN7KV6QnCrI', 'PLEAAEAD9A61FAF7D6', '神通力能保平安嗎（聖嚴法師-大法鼓 1051）', '很多人對神通非常感興趣，有人更是非常的著迷，到處去追求或者追尋有神通能力的師父，師父也提到在夢中加持，或者解決困難，保佑平安， 這些能力他也有，師父是怎麼樣來看待這些能力，他是不是曾經運用過這些能力來幫助弟子呢？\r\n\r\n\r\n讓我們恭請聖嚴法師來為我們開示。\r\n\r\n更多線上課程：http://www.dharmaschool.com/index.html');
INSERT INTO videos(vid, pid, title, description) VALUES('fSdiKe0wCVk', 'PLEAAEAD9A61FAF7D6', '如何用佛法來安心（聖嚴法師-大法鼓 1052）', '師父說社會不安是由於人心不安，如果人心能夠安的話，就能夠得到平安，從佛法的觀點如何來安心呢？\r\n\r\n讓我們恭請聖嚴法師來為我們開示。\r\n\r\n更多線上課程：http://www.dharmaschool.com/index.html');
INSERT INTO videos(vid, pid, title, description) VALUES('MalR4B3L65M', 'PLEAAEAD9A61FAF7D6', '工作環境之中如何安心（聖嚴法師-大法鼓 1053）', '很多人會感覺到，平常心還是滿安的，但是只要一到了工作場所，心不安，因為工作場所裡面，總是會帶來很多的壓力，很多的問題，很多的是非，處在這樣的環境裡，我要心安也不可得，如何在工作環境裡，求得心安呢？\r\n\r\n讓我們恭請聖嚴法師來為我們開示。\r\n\r\n更多線上課程：http://www.dharmaschool.com/index.html');
INSERT INTO videos(vid, pid, title, description) VALUES('lr5toz7JubI', 'PLEAAEAD9A61FAF7D6', '緊張生活中如何安定身心（聖嚴法師-大法鼓 1054）', '很多人認為，現代人之所以心裡不安，是因為生活過的太緊張了，物質上的欲望太高，每天汲汲營營緊緊張張，忙碌追求，搞得身心都沒有辦法安頓，我們如何在這種物欲和緊張當中，追求心靈的平靜呢？\r\n\r\n讓我們恭請聖嚴法師來為我們開示。\r\n\r\n更多線上課程：http://www.dharmaschool.com/index.html');
INSERT INTO videos(vid, pid, title, description) VALUES('p903jmSpXC4', 'PLEAAEAD9A61FAF7D6', '現代快速生活中如何求平安（聖嚴法師-大法鼓 1055）', '現代人因為太過講究效率，太過追求成功，常常緊張不安，引起很多身心的疾病，也引起了很多的意外，所以離平安就愈來愈遙遠，愈求平安可能愈得不到平安，怎麼樣又能夠有效率，同時又能夠有平安呢？\r\n\r\n讓我們恭請聖嚴法師來為我們開示。\r\n\r\n更多線上課程：http://www.dharmaschool.com/index.html');
INSERT INTO videos(vid, pid, title, description) VALUES('TDnkKGwRIjg', 'PLEAAEAD9A61FAF7D6', '休閒的意義及方式（聖嚴法師-大法鼓 1056）', '中國文化傳統都是歌頌勤勞討厭怠惰，再加上工業社會緊張忙碌，似乎是少不了的，現在的中國人好像特別不懂得悠閒，也特別不會休閒，怎麼樣在緊張忙碌的生活裡，同時保有一份悠閒呢？\r\n\r\n讓我們恭請聖嚴法師來為我們開示。\r\n\r\n更多線上課程：http://www.dharmaschool.com/index.html');
INSERT INTO videos(vid, pid, title, description) VALUES('NspYgShJUUQ', 'PLEAAEAD9A61FAF7D6', '工作安全如何避免意外（聖嚴法師-大法鼓 1057）', '如何在緊張忙碌的工作中，保持自己的生命安全，在工作中發生的意外都非常多，那麼如何避免呢？\r\n\r\n讓我們恭請聖嚴法師來為我們開示。\r\n\r\n更多線上課程：http://www.dharmaschool.com/index.html');
INSERT INTO videos(vid, pid, title, description) VALUES('_fAI-41duDM', 'PLEAAEAD9A61FAF7D6', '如何求得交通上的安全（聖嚴法師-大法鼓 1058）', '在台灣地區交通意外事故也是非常的多，幾乎可以說是無日無知，甚至我們常看到一些進香團，也發生了車禍，怎麼樣能夠求得交通上的安全呢？\r\n\r\n讓我們恭請聖嚴法師來為我們開示。\r\n\r\n更多線上課程：http://www.dharmaschool.com/index.html');
INSERT INTO videos(vid, pid, title, description) VALUES('hU6TPrJAK9M', 'PLEAAEAD9A61FAF7D6', '加強人員素質維護工作安全（聖嚴法師-大法鼓 1059）', '台灣地區交通意外很多，公共安全的事故也很多，師父也在上一集裡面提示我們，要減少這樣的意外事故，加強從業人員的心理建設、理念建設是非常重要的，那如何來從事這方面的建設呢？\r\n\r\n讓我們恭請聖嚴法師來為我們開示。\r\n\r\n更多線上課程：http://www.dharmaschool.com/index.html');
INSERT INTO videos(vid, pid, title, description) VALUES('eybdtnHHKYU', 'PLEAAEAD9A61FAF7D6', '安家的重要(居家安全)（聖嚴法師-大法鼓 1060）', '今天我們要來談居家的安全，也就是師父所提倡的安家，師父為什麼要提倡安家？如何安家呢？安家有什麼樣的重要性？\r\n\r\n讓我們恭請聖嚴法師來為我們開示。\r\n\r\n更多線上課程：http://www.dharmaschool.com/index.html');
INSERT INTO videos(vid, pid, title, description) VALUES('Z60ZKKd2gBQ', 'PLEAAEAD9A61FAF7D6', '家庭教育(安家精神面滿足)（聖嚴法師-大法鼓 1061）', '在上一集師父提到，所謂菜根香、布衣暖，也就是說所謂的安家，並不是只在物質生活上，讓大家非常的滿足，予取予求，而是要讓大家在精神生活上獲得滿足，那怎麼做到呢？\r\n\r\n讓我們恭請聖嚴法師來為我們開示。\r\n\r\n更多線上課程：http://www.dharmaschool.com/index.html');
INSERT INTO videos(vid, pid, title, description) VALUES('DTLJ7N5YuYs', 'PLEAAEAD9A61FAF7D6', '安家(現代的家庭倫理觀)（聖嚴法師-大法鼓 1062）', '有人說，家是社會最基本的單位，家也是每個人賴以生長的地方，所以家庭非常重要，今天社會很多的亂象，都是因為家庭教育沒有做好，都是因為家的問題沒有解決而造成的，那麼怎麼樣安家呢？\r\n\r\n讓我們恭請聖嚴法師來為我們開示。\r\n\r\n更多線上課程：http://www.dharmaschool.com/index.html');
INSERT INTO videos(vid, pid, title, description) VALUES('F9l8j71KYoU', 'PLEAAEAD9A61FAF7D6', '如何管教孩子（聖嚴法師-大法鼓 1063）', '談到安家，很多人覺得其實教養子女是他們覺得最困擾，也是最棘手的問題，有人很想給兒女各種好的物質享受，來彌補小的時候，他們物質上的貧乏，可是他們又擔心孩子長大會不惜福，不知道生活的困苦，有人要給孩子嚴加管教，才避免他們學壞，可是有人又擔心，愈管教地嚴格，孩子叛逆性越強，到底怎麼樣管教孩子最好呢？\r\n\r\n讓我們恭請聖嚴法師來為我們開示。\r\n\r\n更多線上課程：http://www.dharmaschool.com/index.html');
INSERT INTO videos(vid, pid, title, description) VALUES('ogJ7U7n3JSY', 'PLEAAEAD9A61FAF7D6', '管教孩子的三原則（聖嚴法師-大法鼓 1064）', '談到親職教育，現代的父母都很重視，到底教養子女，有沒有一套非常簡單、易行、易懂的原則呢？\r\n\r\n讓我們恭請聖嚴法師來為我們開示。\r\n\r\n更多線上課程：http://www.dharmaschool.com/index.html');
INSERT INTO videos(vid, pid, title, description) VALUES('DGQWFSA0Xo8', 'PLEAAEAD9A61FAF7D6', '管教子女的注意事項（聖嚴法師-大法鼓 1065）', '教養子女有三個很重要的原則，要關心但是不要擔心，要商量但是不要權威，要誘導但是不要控制，原則聽起來很易懂，可是在實踐上要注意到哪些？\r\n\r\n讓我們恭請聖嚴法師來為我們開示。\r\n\r\n更多線上課程：http://www.dharmaschool.com/index.html');
INSERT INTO videos(vid, pid, title, description) VALUES('HxHRbxhNZyU', 'PLEAAEAD9A61FAF7D6', '佛化家庭-如何做夫妻（聖嚴法師-大法鼓 1066）', '一個人如果沒有安全感的話，什麼事都做得出來，而家庭是給予我們安全感最重要的一個地方，怎麼樣建立一個理想的佛化家庭呢？\r\n\r\n讓我們恭請聖嚴法師來為我們開示。\r\n\r\n更多線上課程：http://www.dharmaschool.com/index.html');
INSERT INTO videos(vid, pid, title, description) VALUES('oeLAcD9WDjw', 'PLEAAEAD9A61FAF7D6', '師父對頂客族的看法（聖嚴法師-大法鼓 1067）', '建立一個佛化家庭，第一個要學習如何學做夫妻，第二個要學習如何學做父母，在做夫妻方面，要互相學習、互相體諒、互相尊重、互相幫助，做父母又該如何做呢？現在很多夫妻都不想做父母，覺得養育子女很辛苦，責任很重，那這樣建立的家庭完不完整呢？\r\n\r\n讓我們恭請聖嚴法師來為我們開示。\r\n\r\n更多線上課程：http://www.dharmaschool.com/index.html');
INSERT INTO videos(vid, pid, title, description) VALUES('1TZ7KZ_gffg', 'PLEAAEAD9A61FAF7D6', '佛化家庭-如何做父母（聖嚴法師-大法鼓 1068）', '在一個佛化家庭裡，要如何做父母，雖然師父在上一集裡提示我們，在孕前要注意夫妻雙方的身心健康，那麼這樣子才能夠孕育身心健康的下一代，另外做胎教的時候，不是只有媽媽的責任，父親也要負起責任，生下孩子之後又應該如何來照顧子女呢？\r\n\r\n讓我們恭請聖嚴法師來為我們開示。\r\n\r\n更多線上課程：http://www.dharmaschool.com/index.html');
INSERT INTO videos(vid, pid, title, description) VALUES('a7yv8YkEg24', 'PLEAAEAD9A61FAF7D6', '佛化家庭-如何做子女（聖嚴法師-大法鼓 1069）', '如何建立一個理想的佛化家庭，師父告訴我們應該如何做夫妻、如何做父母，是不是這樣就夠了呢？要建立一個佛化家庭，還應該要注意到什麼呢？\r\n\r\n讓我們恭請聖嚴法師來為我們開示。\r\n\r\n更多線上課程：http://www.dharmaschool.com/index.html');
INSERT INTO videos(vid, pid, title, description) VALUES('KR2v_zmT7ik', 'PLEAAEAD9A61FAF7D6', '世間福的種類(福報，福田)（聖嚴法師-大法鼓 1070）', '中國人是非常喜歡要有福氣的，佛法裡也說，我們要福慧雙修，所謂的福叫世間福，慧呢就是出世的慧，那要怎樣來修世間的福？\r\n\r\n讓我們恭請聖嚴法師來為我們開示。\r\n\r\n更多線上課程：http://www.dharmaschool.com/index.html');
INSERT INTO videos(vid, pid, title, description) VALUES('QLHeQd946I0', 'PLEAAEAD9A61FAF7D6', '何謂出世間福（聖嚴法師-大法鼓 1071）', '在上一集裡，師父告訴我們，福可以分為世間福跟出世間福，我們已經知道什麼叫世間福， 那麼出世間福又是什麼呢？出世間福對我們有什麼幫助，我們又該如何修出世間福呢？\r\n\r\n讓我們恭請聖嚴法師來為我們開示。\r\n\r\n更多線上課程：http://www.dharmaschool.com/index.html');
INSERT INTO videos(vid, pid, title, description) VALUES('g5mRF-c3gco', 'PLEAAEAD9A61FAF7D6', '戒福與行福（聖嚴法師-大法鼓 1072）', '我們要用平常心來看世間的起落成敗，我們心裡就不會有煩惱，我們可以達到內心世界的清靜明朗，不帶一絲煩惱烏雲，這樣就是有福，我們知道佛法裡也有所謂三福，世福、戒福、行福，跟我們前面所談的福有什麼不一樣呢？\r\n\r\n讓我們恭請聖嚴法師來為我們開示。\r\n\r\n更多線上課程：http://www.dharmaschool.com/index.html');
INSERT INTO videos(vid, pid, title, description) VALUES('PJ9_ouEm0x0', 'PLEAAEAD9A61FAF7D6', '戒福，持戒後即有福（聖嚴法師-大法鼓 1073）', '當我們在守戒的同時，因為我們少了煩惱，多了快樂，所以我們當時就享了福，可是守戒以後是不是還有福了，戒福的含意還有那些？\r\n\r\n讓我們恭請聖嚴法師來為我們開示。\r\n\r\n更多線上課程：http://www.dharmaschool.com/index.html');
INSERT INTO videos(vid, pid, title, description) VALUES('T4Zu0Jqa-4I', 'PLEAAEAD9A61FAF7D6', '福德．功德．與福報分別（聖嚴法師-大法鼓 1074）', '在上一集裡，師父談到一切的修行要從持戒開始，那我們就會想到福，那就是戒福，師父也說福德圓滿就是佛，我們常常聽到其他的幾個跟福有關的名詞，譬如說福報、功德，福德功德福報這三個之間有什麼異同呢？\r\n\r\n讓我們恭請聖嚴法師來為我們開示。\r\n\r\n更多線上課程：http://www.dharmaschool.com/index.html');
INSERT INTO videos(vid, pid, title, description) VALUES('bAQd2rfhWJo', 'PLEAAEAD9A61FAF7D6', '持戒是束縛還是功德（聖嚴法師-大法鼓 1075）', '師父說戒福，是在你守戒的時候你已經享了福了，守戒好像很辛苦，受到戒律的限制，像個束縛，怎麼會是有福呢？不曉得是不是您也有這樣的想法，像抱著這樣觀念的人，應該怎麼樣來修戒福呢？\r\n\r\n讓我們恭請聖嚴法師來為我們開示。\r\n\r\n更多線上課程：http://www.dharmaschool.com/index.html');
INSERT INTO playlist(pid, cid, title, description) VALUES('PLE2ACA8A618DE955D','UCq2iefWrqW0W6Hic2xA1aDg', '大法鼓1026-1050', '');
INSERT INTO videos(vid, pid, title, description) VALUES('3gp_Lgkc1pI', 'PLE2ACA8A618DE955D', '不能要不該要的真義（聖嚴法師-大法鼓 1026）', '師父在上一集裡，開示我們說該要、能要的才要，不該要、不能要的不能要，現在很多人覺得，我該要的、能要的，要到這不稀奇，我不該要、不能要的要到，我才有辦法，而且我才能比別人爬得快一點？\r\n\r\n\r\n讓我們恭請聖嚴法師來為我們開示。\r\n\r\n更多線上課程：http://www.dharmaschool.com/index.html');
INSERT INTO videos(vid, pid, title, description) VALUES('s5KB40rbsQw', 'PLE2ACA8A618DE955D', '四感意義-感恩,感謝（聖嚴法師-大法鼓 1027）', '什麼是四感呢？就是感恩、感謝、感化、感動。\r\n為什麼提倡這四感，這四感又是什麼意思呢？\r\n\r\n讓我們恭請聖嚴法師來為我們開示。\r\n\r\n更多線上課程：http://www.dharmaschool.com/index.html');
INSERT INTO videos(vid, pid, title, description) VALUES('bsrhtozBXV8', 'PLE2ACA8A618DE955D', '感恩.感謝（聖嚴法師-大法鼓 1028）', '師父在上一集裡面也提到，感謝就是要感謝讓我們有奉獻成長的機會，這是什麼意思呢？\r\n\r\n讓我們恭請聖嚴法師來為我們開示。\r\n\r\n更多線上課程：http://www.dharmaschool.com/index.html');
INSERT INTO videos(vid, pid, title, description) VALUES('ixsYlxx4IHE', 'PLE2ACA8A618DE955D', '感謝逆緣的例子（聖嚴法師-大法鼓 1029）', '師父談到我們要時時懷著感謝的心，感謝一切的順緣和逆緣，因為逆緣 有時候往往是幫助我們，成長最大的助力，可是我們都知道，人都很害怕挫折，害怕困難，那麼怎麼樣化逆緣為助緣呢？\r\n\r\n\r\n讓我們恭請聖嚴法師來為我們開示。\r\n\r\n更多線上課程：http://www.dharmaschool.com/index.html');
INSERT INTO videos(vid, pid, title, description) VALUES('xXZJBkN-kLs', 'PLE2ACA8A618DE955D', '四感意義-感化（聖嚴法師-大法鼓 1030）', '我們常提到感化人，可是提到感化的意思的時候，往往都是指的是感化別人，但是師父指的感化跟這樣的感化有沒有什麼不同呢？\r\n\r\n讓我們恭請聖嚴法師來為我們開示。\r\n\r\n更多線上課程：http://www.dharmaschool.com/index.html');
INSERT INTO videos(vid, pid, title, description) VALUES('yt2l69bMOQI', 'PLE2ACA8A618DE955D', '四感意義-感動（聖嚴法師-大法鼓 1031）', '師父提到我們要怎樣的來感化自己，就是要子解佛法、體驗佛法，然後時時觀察自己的身、口、意行為，同時用佛法來化解自己內心的問題和煩惱，那麼感動又是什麼呢？\r\n\r\n讓我們恭請聖嚴法師來為我們開示。\r\n\r\n更多線上課程：http://www.dharmaschool.com/index.html');
INSERT INTO videos(vid, pid, title, description) VALUES('FuVmyZH5CM8', 'PLE2ACA8A618DE955D', '日常生活中如何感動別人（聖嚴法師-大法鼓 1032）', '師父談到我們要感動別人，而不是要求別人，這樣子才能夠讓別人慢慢地變好，讓我們的社會風氣更好。在日常生活裡，我們要如何實踐，如何做到感動別人呢？\r\n\r\n讓我們恭請聖嚴法師來為我們開示。\r\n\r\n更多線上課程：http://www.dharmaschool.com/index.html');
INSERT INTO videos(vid, pid, title, description) VALUES('w1FXio9_BPs', 'PLE2ACA8A618DE955D', '日常生活中如何實踐四感（聖嚴法師-大法鼓 1033）', '在日常生活裡面，我們要如何實踐這四感，如何運用這四感，來自助助人呢？\r\n\r\n讓我們恭請聖嚴法師來為我們開示。\r\n\r\n更多線上課程：http://www.dharmaschool.com/index.html');
INSERT INTO videos(vid, pid, title, description) VALUES('c7GP4YIDtL8', 'PLE2ACA8A618DE955D', '報恩-下濟三塗苦之意義（聖嚴法師-大法鼓 1034）', '在佛經裡面有一句話『上報四重恩，下濟三塗苦』，上一集裡，師父為我們解釋，什麼叫四重恩，就是父母的恩、三寶的恩、眾生的恩以及國家社會的恩，那麼下濟三塗苦又是什麼意思呢？\r\n\r\n讓我們恭請聖嚴法師來為我們開示。\r\n\r\n更多線上課程：http://www.dharmaschool.com/index.html');
INSERT INTO videos(vid, pid, title, description) VALUES('ZLYEvr7jotI', 'PLE2ACA8A618DE955D', '四福-知福（聖嚴法師-大法鼓 1035）', '談完了四要和四感，接下來我們要談談四福，所謂的四福，那就是知福、惜福、種福、培福，我們都知道福很好，大家都想要福，有福就好了，為什麼要知福呢？\r\n\r\n讓我們恭請聖嚴法師來為我們開示。\r\n\r\n更多線上課程：http://www.dharmaschool.com/index.html');
INSERT INTO videos(vid, pid, title, description) VALUES('42ZIY9pRhqg', 'PLE2ACA8A618DE955D', '惜福（聖嚴法師-大法鼓 1036）', '今天我要來談談惜福，談到惜福，有些人可能會有疑問，有福不享是傻瓜，有福當然要享，幹嘛要惜福呢？惜福是什麼意思，我們為什麼要惜福呢？\r\n\r\n讓我們恭請聖嚴法師來為我們開示。\r\n\r\n更多線上課程：http://www.dharmaschool.com/index.html');
INSERT INTO videos(vid, pid, title, description) VALUES('8E3HN33uU-g', 'PLE2ACA8A618DE955D', '日常生活如何惜福(分享)（聖嚴法師-大法鼓 1037）', '在上一集師父開示我們，我們的福分是很非常可貴的，所以要好好地珍惜，師父也說要惜福才會有福，為什麼惜福就會有福呢？我們日常生活裡，如何實踐惜福？\r\n\r\n讓我們恭請聖嚴法師來為我們開示。\r\n\r\n更多線上課程：http://www.dharmaschool.com/index.html');
INSERT INTO videos(vid, pid, title, description) VALUES('6mLks0cA8j8', 'PLE2ACA8A618DE955D', '四福-種福（聖嚴法師-大法鼓 1038）', '上一集裡師父開示我們，惜福就是自己不用分享他人，那有些人可能會想說那好呆，乾脆自己用幹嘛給別人用，不過師父說懂得惜福的人，才會真正有福，惜福接下來就要種福，福怎麼種呢？\r\n\r\n讓我們恭請聖嚴法師來為我們開示。\r\n\r\n更多線上課程：http://www.dharmaschool.com/index.html');
INSERT INTO videos(vid, pid, title, description) VALUES('GV2Gdl542TI', 'PLE2ACA8A618DE955D', '家人之間種福（聖嚴法師-大法鼓 1039）', '人人都希望有福，師父說要知福、惜福、種福、培福才會有福，師父也說讓自己健康快樂，讓別人健康快樂就是種福，在家人之間應該如何種福，讓大家都健康快樂呢？\r\n\r\n讓我們恭請聖嚴法師來為我們開示。\r\n\r\n更多線上課程：http://www.dharmaschool.com/index.html');
INSERT INTO videos(vid, pid, title, description) VALUES('R3SAhVxVlko', 'PLE2ACA8A618DE955D', '培福意義（聖嚴法師-大法鼓 1040）', '師父說沒有福的時候，要趕緊種福，有了福以後就要培福，可是既然已經有了福了，為什麼還要培福呢？\r\n\r\n讓我們恭請聖嚴法師來為我們開示。\r\n\r\n更多線上課程：http://www.dharmaschool.com/index.html');
INSERT INTO videos(vid, pid, title, description) VALUES('ISEmuBx8aDE', 'PLE2ACA8A618DE955D', '培福觀念的推廣(權利義務)（聖嚴法師-大法鼓 1041）', '師父講到的種福、培福就是要布施，要幫助別人，可是很多人想我自己的權利，我該要的我要，該盡的義務，我該盡的就盡，有的人甚至就我該盡的義務我也不想盡，是不是跟我們所提倡的這個培福、種福的觀念是互相牴觸呢？\r\n\r\n讓我們恭請聖嚴法師來為我們開示。\r\n\r\n更多線上課程：http://www.dharmaschool.com/index.html\r\n\r\n讓我們恭請聖嚴法師來為我們開示。\r\n\r\n更多線上課程：http://www.dharmaschool.com/index.html');
INSERT INTO videos(vid, pid, title, description) VALUES('N_5V0G8KsuQ', 'PLE2ACA8A618DE955D', '四感四福四要的關連（聖嚴法師-大法鼓 1042）', '師父在我為你祝福活動提倡四福、四感、四要，為什麼我為你祝福要提倡這三個四呢？這三個四之間彼此又有什麼關聯性呢？\r\n\r\n讓我們恭請聖嚴法師來為我們開示。\r\n\r\n更多線上課程：http://www.dharmaschool.com/index.html');
INSERT INTO videos(vid, pid, title, description) VALUES('Kw9m_eteWTk', 'PLE2ACA8A618DE955D', '心經與四要(聖嚴法師-大法鼓 1043）', '要實踐《我為你祝福》這個活動，最重要就是要時時記得 四感、四要和四福，那麼四感、四要和四福，它們三者之間又有什麼樣的關聯性呢？\r\n\r\n讓我們恭請聖嚴法師來為我們開示。\r\n\r\n更多線上課程：http://www.dharmaschool.com/index.html');
INSERT INTO videos(vid, pid, title, description) VALUES('0or8QMdw6-I', 'PLE2ACA8A618DE955D', '普門品與四感（聖嚴法師-大法鼓 1044）', '師父說從普門品的經義裡，推演出這種四感，就是感恩、感化、感謝、感動。這二者的關連性是什麼？\r\n\r\n\r\n讓我們恭請聖嚴法師來為我們開示。\r\n\r\n更多線上課程：http://www.dharmaschool.com/index.html');
INSERT INTO videos(vid, pid, title, description) VALUES('oxp5k1g0PhM', 'PLE2ACA8A618DE955D', '大悲咒與四福（聖嚴法師-大法鼓 1045）', '師父說他是從心經裡得到了四要這樣的概念，從普門品裡得到了四感這樣子的原則，從大悲咒裡更提煉出來四福的精要，大悲咒跟四福之間有什麼關係呢？\r\n\r\n讓我們恭請聖嚴法師來為我們開示。\r\n\r\n更多線上課程：http://www.dharmaschool.com/index.html');
INSERT INTO videos(vid, pid, title, description) VALUES('CV8zoyl26fY', 'PLE2ACA8A618DE955D', '師父為何提倡許多四（聖嚴法師-大法鼓 1046）', '師父提倡四安，就是安心、安身、安家、安業，四安跟四要四感四福之間又有什麼關聯性呢？\r\n\r\n讓我們恭請聖嚴法師來為我們開示。\r\n\r\n更多線上課程：http://www.dharmaschool.com/index.html');
INSERT INTO videos(vid, pid, title, description) VALUES('smkVyaLEIq0', 'PLE2ACA8A618DE955D', '佛法對平安的看法（聖嚴法師-大法鼓 1047）', '法鼓山發起了一個活動《我為你祝福》，祝大家平安，我們的社會上實在是處處充滿了不安，為什麼大家這麼追求平安，可是我們又這麼不安呢？\r\n\r\n讓我們恭請聖嚴法師來為我們開示。\r\n\r\n更多線上課程：http://www.dharmaschool.com/index.html');
INSERT INTO videos(vid, pid, title, description) VALUES('VXKpEDUrAwU', 'PLE2ACA8A618DE955D', '社會會為何不安（聖嚴法師-大法鼓 1048）', '人人都祈求平安，但是我們的社會，卻似乎是相當的不安，每天我們都可以看到有好多的交通意外發生，每天我們也幾乎可以看到，有各種的工業意外發生，似乎我們的生活裡充滿著不安，為什麼會這樣子呢？\r\n\r\n讓我們恭請聖嚴法師來為我們開示。\r\n\r\n更多線上課程：http://www.dharmaschool.com/index.html');
INSERT INTO videos(vid, pid, title, description) VALUES('e-l5z-KOGKM', 'PLE2ACA8A618DE955D', '買平安物.拜師父真能平安嗎（聖嚴法師-大法鼓 1049）', '大家都追求平安，很多人不惜花費很多的錢，來得到平安的感覺，譬如說花錢去買一些玉珮、觀世音菩薩的聖像，認為這樣子，就可以得到平安，有人去拜師父或者拜特別什麼樣的靈物，認為這樣子可以得到平安，是不是真的能夠得到平安呢？\r\n\r\n讓我們恭請聖嚴法師來為我們開示。\r\n\r\n更多線上課程：http://www.dharmaschool.com/index.html');
INSERT INTO videos(vid, pid, title, description) VALUES('eqe9Uj7FGoY', 'PLE2ACA8A618DE955D', '加持真的能平安嗎（聖嚴法師-大法鼓 1050）', '在上一集裡師父說，平安符、玉珮、聖像，如果你信仰它，可能你信仰本身會帶給你一些力量，但是這些東西本身是不能帶給我們平安，追求物不可以，那追求人呢？是否能夠帶給我們平安呢？\r\n\r\n讓我們恭請聖嚴法師來為我們開示。\r\n\r\n更多線上課程：http://www.dharmaschool.com/index.html');
INSERT INTO playlist(pid, cid, title, description) VALUES('PL0159B852016B2BCD','UCq2iefWrqW0W6Hic2xA1aDg', '大法鼓1001-1025', '');
INSERT INTO videos(vid, pid, title, description) VALUES('5R-Nnj09rx8', 'PL0159B852016B2BCD', '如何改變三世因果（聖嚴法師-大法鼓 1001）', '師父說，如果只是種無漏的業，如果沒有無我的智慧的話，還是不能得解脫，因此要持戒、修定、增長智慧，那麼是不是還有別的辦法，可以改變三世因果十二因緣呢？\r\n\r\n讓我們恭請聖嚴法師來為我們開示。\r\n\r\n更多線上課程：http://www.dharmaschool.com/index.html');
INSERT INTO videos(vid, pid, title, description) VALUES('G5-egn0fTlQ', 'PL0159B852016B2BCD', '緣起性空（聖嚴法師-大法鼓 1002）', '在談十二因緣的時候，我們曾經簡單的提起過「緣起性空」這四個字，其實不論學佛或者沒有學佛的朋友，都常常聽到「緣起性空」，它究竟有什麼深奧的含意？\r\n\r\n讓我們恭請聖嚴法師來為我們開示。\r\n\r\n更多線上課程：http://www.dharmaschool.com/index.html');
INSERT INTO videos(vid, pid, title, description) VALUES('VZfjMAD5V2c', 'PL0159B852016B2BCD', '業感緣起（聖嚴法師-大法鼓 1003）', '師父為我們說明簡單的緣起性空的道理，不過緣起它還有非常複雜，非常深奧的道理，光緣起就可分為業感緣起、阿賴識耶緣起、如來藏緣起，那麼究竟它的涵義又是什麼？\r\n\r\n讓我們恭請聖嚴法師來為我們開示。\r\n\r\n更多線上課程：http://www.dharmaschool.com/index.html');
INSERT INTO videos(vid, pid, title, description) VALUES('WSeKCCPPkRY', 'PL0159B852016B2BCD', '性空(善不受報,惡亦不受報)（聖嚴法師-大法鼓 1004）', '師父為我們再進一步的解釋了緣起的意義，特別是業感緣起，師父說我們的行為、我們的動機，都會影響到我們這一世的福報， 乃至於下一世的福報，所以命運事實上是掌握在我們手裡，性空更進一步的解釋，又有什麼樣的涵義呢？\r\n\r\n\r\n讓我們恭請聖嚴法師來為我們開示。\r\n\r\n更多線上課程：http://www.dharmaschool.com/index.html');
INSERT INTO videos(vid, pid, title, description) VALUES('QCjxGT4HKUM', 'PL0159B852016B2BCD', '性空(證起)（聖嚴法師-大法鼓 1005）', '我們有時候做好事也不會有好報，做壞事也不會有壞報，師父的意思是，當我們做了好事的時候，我們如果不求回報，當場我們已經得到了回報，以後不會有回報，那麼如果做了壞事，我們只要立刻懺悔， 也不會有業報，這究竟它深刻的涵義是什麼呢？\r\n\r\n讓我們恭請聖嚴法師來為我們開示。\r\n\r\n更多線上課程：http://www.dharmaschool.com/index.html');
INSERT INTO videos(vid, pid, title, description) VALUES('vfPz43L3Lec', 'PL0159B852016B2BCD', '性空(善不受報)（聖嚴法師-大法鼓 1006）', '一般人不太接受性空這樣子的想法，所以也就不容易瞭解性空，好像跟一般原來對佛學的觀念，是有牴觸的，讓我們請教師父。\r\n\r\n讓我們恭請聖嚴法師來為我們開示。\r\n\r\n更多線上課程：http://www.dharmaschool.com/index.html');
INSERT INTO videos(vid, pid, title, description) VALUES('KlwoeO7RG-I', 'PL0159B852016B2BCD', '性空(惡報受報)（聖嚴法師-大法鼓 1007）', '師父利用善不受報的觀點，為我們說明性空，讓我們對性空有了更進一步的認識，但是如果從惡不受報的理論，又怎麼解釋性空呢？\r\n\r\n讓我們恭請聖嚴法師來為我們開示。\r\n\r\n更多線上課程：http://www.dharmaschool.com/index.html');
INSERT INTO videos(vid, pid, title, description) VALUES('3sbSTFV136o', 'PL0159B852016B2BCD', '真正性空(圓滿)（聖嚴法師-大法鼓 1008）', '師父說因緣是有的，自性是空的，瞭解性空的道理，對我們又有什麼樣的幫助呢？\r\n\r\n讓我們恭請聖嚴法師來為我們開示。\r\n\r\n更多線上課程：http://www.dharmaschool.com/index.html');
INSERT INTO videos(vid, pid, title, description) VALUES('t4z635d-Ltc', 'PL0159B852016B2BCD', '證空與解空的差異（聖嚴法師-大法鼓 1009）', '為什麼圓滿又是空，釋迦牟尼佛就是證悟了性空的道理而成佛，證悟性空跟瞭解性空，又有什麼不同呢？\r\n\r\n讓我們恭請聖嚴法師來為我們開示。\r\n\r\n更多線上課程：http://www.dharmaschool.com/index.html');
INSERT INTO videos(vid, pid, title, description) VALUES('hzbvRM_Orio', 'PL0159B852016B2BCD', '性空在日常生中的應用（聖嚴法師-大法鼓 1010）', '無常無我跟空之間，這三者有什麼樣的關係呢？\r\n瞭解性空的道理，在日常生活裡，能夠如何的運用它呢？\r\n\r\n讓我們恭請聖嚴法師來為我們開示。\r\n\r\n更多線上課程：http://www.dharmaschool.com/index.html');
INSERT INTO videos(vid, pid, title, description) VALUES('eU0_LEEz83s', 'PL0159B852016B2BCD', '空觀中觀與自性空（聖嚴法師-大法鼓 1011）', '如果在修行上要修自性空應該如何修法，同時我們知道佛法中有所謂的空觀，還有叫做中道觀，空觀跟中道觀跟自性空這三者之間，又有什麼樣的關係呢？\r\n\r\n讓我們恭請聖嚴法師來為我們開示。\r\n\r\n更多線上課程：http://www.dharmaschool.com/index.html');
INSERT INTO videos(vid, pid, title, description) VALUES('KMmNgV0k1YI', 'PL0159B852016B2BCD', '為何空觀即中觀（聖嚴法師-大法鼓 1012）', '所謂的中道觀，就是知道它有或者是它的好或者是它的壞，同時知道了中間，這跟空觀有什麼關係，為什麼空觀跟中觀是一樣的呢？\r\n\r\n讓我們恭請聖嚴法師來為我們開示。\r\n\r\n更多線上課程：http://www.dharmaschool.com/index.html');
INSERT INTO videos(vid, pid, title, description) VALUES('Rit0zS56oFw', 'PL0159B852016B2BCD', '中觀的運用(一)（聖嚴法師-大法鼓 1013）', '師父說所謂的中觀，就是沒有主觀的立場，不偏善也不偏惡，不執著善也不執著惡，這樣的理論在我們的日常生活，或者是在修行上，能夠怎麼樣的運用呢？\r\n\r\n讓我們恭請聖嚴法師來為我們開示。\r\n\r\n更多線上課程：http://www.dharmaschool.com/index.html');
INSERT INTO videos(vid, pid, title, description) VALUES('5mPb4c7NMlA', 'PL0159B852016B2BCD', '中觀的運用(二)（聖嚴法師-大法鼓 1014）', '師父提到，中觀就是讓我們不要執著於當下，同時不停的永遠往前看，不過我們也記得，佛經裡也告訴我們說要活在當下，不執著於當下，跟活在當下是不是有矛盾呢？\r\n\r\n讓我們恭請聖嚴法師來為我們開示。\r\n\r\n更多線上課程：http://www.dharmaschool.com/index.html');
INSERT INTO videos(vid, pid, title, description) VALUES('I982edGyWwk', 'PL0159B852016B2BCD', '佛學與學佛(一)（聖嚴法師-大法鼓 1015）', '如果學佛，是不是要懂得很多的佛學名詞，要深入佛典跟經藏，到底佛學跟學佛之間，它們的關係如何？\r\n\r\n讓我們恭請聖嚴法師來為我們開示。\r\n\r\n更多線上課程：http://www.dharmaschool.com/index.html');
INSERT INTO videos(vid, pid, title, description) VALUES('9OzBkM1dWOA', 'PL0159B852016B2BCD', '佛學與學佛(二)（聖嚴法師-大法鼓 1016）', '大部分的人，沒辦法理解很深的佛法，可是我們還是可以讓佛法成為為我們所用，怎麼做呢？\r\n\r\n讓我們恭請聖嚴法師來為我們開示。\r\n\r\n更多線上課程：http://www.dharmaschool.com/index.html');
INSERT INTO videos(vid, pid, title, description) VALUES('BUaTPuiouyw', 'PL0159B852016B2BCD', '修福修慧（聖嚴法師-大法鼓 1017）', '佛是福慧雙修，福慧都充足，很多人也希望自己能夠到達這樣的境界，福慧雙修從實踐上來講怎麼修呢？\r\n\r\n讓我們恭請聖嚴法師來為我們開示。\r\n\r\n更多線上課程：http://www.dharmaschool.com/index.html');
INSERT INTO videos(vid, pid, title, description) VALUES('CEQv4o8R8K0', 'PL0159B852016B2BCD', '修福與苦行（聖嚴法師-大法鼓 1018）', '所謂的修福，就是要盡量多做好事，盡量幫助別人，處處為眾生著想。師父也說他經常為了要實踐他自己的願心，為了要修福，從來不休息，這樣是不是太緊張，太辛苦了呢？是不是修福一定要用苦修的方式呢？\r\n\r\n讓我們恭請聖嚴法師來為我們開示。\r\n\r\n更多線上課程：http://www.dharmaschool.com/index.html');
INSERT INTO videos(vid, pid, title, description) VALUES('1pOrMW83sa4', 'PL0159B852016B2BCD', '修慧(出世慧)（聖嚴法師-大法鼓 1019）', '師父為我們解釋什麼叫修福，如何修福，我們要繼續來談修慧，修慧有兩個，一個是世間的智慧，一個是出世間的智慧，世間的智慧包括知識、學問和技能，出世間的智慧又是什麼呢？\r\n\r\n讓我們恭請聖嚴法師來為我們開示。\r\n\r\n更多線上課程：http://www.dharmaschool.com/index.html');
INSERT INTO videos(vid, pid, title, description) VALUES('HP5o0Wk9gw4', 'PL0159B852016B2BCD', '如何福慧雙修（聖嚴法師-大法鼓 1020）', '師父告訴我們如何修慧，特別是出世間的智慧，要不斷的體驗性空的道理，如果了解現象是有自性是空，自我執著就會淡化，煩惱情緒也會減少，智慧就會增長，若能夠福慧雙修，怎麼做到呢？\r\n\r\n讓我們恭請聖嚴法師來為我們開示。\r\n\r\n更多線上課程：http://www.dharmaschool.com/index.html');
INSERT INTO videos(vid, pid, title, description) VALUES('noMFoOdkqKo', 'PL0159B852016B2BCD', '面對生氣的方法(家人)（聖嚴法師-大法鼓 1021）', '您常常生氣嗎 ?根據最近一份調查報告指出，在台灣地區的人非常喜歡生氣，有百分之十五的人，每天都會生氣，百分之六十的人，是每個星期會生氣。\r\n而他們最常生氣的對象，就是自己的家人，不知道是否跟台灣地區很多的家庭問題、親子問題\r\n甚至一些家庭悲劇有關係。生氣對自己、對別人都不好，用佛法可以怎麼樣對治生氣呢？\r\n\r\n讓我們恭請聖嚴法師來為我們開示。\r\n\r\n更多線上課程：http://www.dharmaschool.com/index.html');
INSERT INTO videos(vid, pid, title, description) VALUES('W_oke9R08IY', 'PL0159B852016B2BCD', '慈悲沒有敵人智慧不起煩惱（聖嚴法師-大法鼓 1022）', '因為工作的關係，受到情境的影響，是否您也會常常愛發脾氣，師父有一句話是『慈悲沒有敵人、智慧不起煩惱』可以用在很多的情境， 這句話就像一股清涼甘霖一樣，可以澆熄怒火。\r\n\r\n讓我們恭請聖嚴法師來為我們開示。\r\n\r\n更多線上課程：http://www.dharmaschool.com/index.html');
INSERT INTO videos(vid, pid, title, description) VALUES('XoA3RnopGiw', 'PL0159B852016B2BCD', '慈悲智慧的應用（聖嚴法師-大法鼓 1023）', '師父說的一句話『慈悲沒有敵人，智慧不起煩惱』，很多師兄師姐都常常說，這兩句話對他們太有幫助，我們一起來聽聽，他們怎麼樣在日常生活裡，運用這兩句話來減少他們的煩惱。\r\n\r\n讓我們恭請聖嚴法師來為我們開示。\r\n\r\n更多線上課程：http://www.dharmaschool.com/index.html');
INSERT INTO videos(vid, pid, title, description) VALUES('n69NLt9tbps', 'PL0159B852016B2BCD', '四要-想要,需要（聖嚴法師-大法鼓 1024）', '平常覺得自己很富有，結果，到了百貨公司或到了精品店，才發現自己很貧乏，本來覺得自己有的很多，那時候就發現自己有的太少。\r\n\r\n讓我們恭請聖嚴法師來為我們開示。\r\n\r\n更多線上課程：http://www.dharmaschool.com/index.html');
INSERT INTO videos(vid, pid, title, description) VALUES('x8tklyk23to', 'PL0159B852016B2BCD', '四要-該要.能要（聖嚴法師-大法鼓 1025）', '師父上集我們談了需要和想要，還要再分清楚該要和能要，就該要和能要這兩點，我們請師父為我們開示。\r\n\r\n讓我們恭請聖嚴法師來為我們開示。\r\n\r\n更多線上課程：http://www.dharmaschool.com/index.html');
INSERT INTO playlist(pid, cid, title, description) VALUES('PLCA662BA0A8871C42','UCq2iefWrqW0W6Hic2xA1aDg', '大法鼓0876-0900', '');
INSERT INTO videos(vid, pid, title, description) VALUES('nSRKWhNMx40', 'PLCA662BA0A8871C42', '如何看待非正知正見的宗教（聖嚴法師-大法鼓 0876）', '很多人以為，宗教應該都是欲人為善，都是傳播正知正見，但是我們也可以看到，時下有一些新興的宗教，會傳播一些怪異的理論，甚至有的還要強調要集體自殺，我們又應該怎麼來看待這些宗教呢？\r\n\r\n讓我們恭請聖嚴法師來為我們開示。\r\n\r\n更多線上課程：http://www.dharmaschool.com/index.html');
INSERT INTO videos(vid, pid, title, description) VALUES('fEMIx0HhJOQ', 'PLCA662BA0A8871C42', '佛教是有神論或無神論（聖嚴法師-大法鼓 0877）', '佛教是一個正知正見的宗教，它是入世的、化世的，可是，我們都知道宗教總是難免脫離不了鬼神這些信仰，也有人說佛教是無神論的，究竟是不是這樣呢？ \r\n\r\n讓我們恭請聖嚴法師來為我們開示。\r\n\r\n更多線上課程：http://www.dharmaschool.com/index.html');
INSERT INTO videos(vid, pid, title, description) VALUES('Z0WgAlBT-uM', 'PLCA662BA0A8871C42', '佛教是一種因緣論的無神論（聖嚴法師-大法鼓 0878）', '佛教是不相信有創造神，不相信有最後的主宰，那麼什麼是佛教所說的因緣論的無神論呢？\r\n\r\n\r\n讓我們恭請聖嚴法師來為我們開示。\r\n\r\n更多線上課程：http://www.dharmaschool.com/index.html');
INSERT INTO videos(vid, pid, title, description) VALUES('xQryFFbUdL8', 'PLCA662BA0A8871C42', '眾生需求神拜菩薩嗎（聖嚴法師-大法鼓 0879）', '佛教為什麼是因緣論的無神論，既然一切都是因緣和合而成，一切都是眾生和自我的業力，那麼求神拜佛還有沒有用呢？\r\n我們降生到這世界來，或者我們受到的這些果報，都是因為我們的業力，一切都是因緣和合而成的，沒有一個創造的神，也沒有一個最後的主宰者，那這樣說起來，我們還需要求神拜菩薩嗎？\r\n\r\n \r\n讓我們恭請聖嚴法師來為我們開示。\r\n\r\n更多線上課程：http://www.dharmaschool.com/index.html');
INSERT INTO videos(vid, pid, title, description) VALUES('5POKsXYWeeY', 'PLCA662BA0A8871C42', '求神拜佛有時也沒用為什麼（聖嚴法師-大法鼓 0880）', '雖然佛教是因緣論的無神論，但是如果你常常存善念做好事，那麼就會有善神、善鬼讓你逢凶化吉，所以求神拜佛是應該的，但師父又說那有時候也是沒有用的，這又是為什麼呢？\r\n\r\n讓我們恭請聖嚴法師來為我們開示。\r\n\r\n更多線上課程：http://www.dharmaschool.com/index.html');
INSERT INTO videos(vid, pid, title, description) VALUES('Rj8uHlli4aU', 'PLCA662BA0A8871C42', '六和敬-身和同住意義及運用（聖嚴法師-大法鼓 0881）', '師父提到六和敬的觀念，如果把這種六和敬的觀念，推展到一個社團或者一個職場裡面，那麼人與人的紛爭會少了很多，今天我們來討論第一個「身和同住」；還有我們在這一個團體裡面，要如何的運用？\r\n\r\n讓我們恭請聖嚴法師來為我們開示。\r\n\r\n更多線上課程：http://www.dharmaschool.com/index.html');
INSERT INTO videos(vid, pid, title, description) VALUES('kuojuBlNCEY', 'PLCA662BA0A8871C42', '求佛、菩薩的態度和方法（聖嚴法師-大法鼓 0882）', '師父談到佛與菩薩他們都是覺者，他們是超越時空而不離時空的，所以他的法身慧命都在，所以當我們求神求菩薩的時候，仍然是會與他起感應，怎麼樣求神、求菩薩的態度才是對的呢？\r\n\r\n讓我們恭請聖嚴法師來為我們開示。\r\n\r\n更多線上課程：http://www.dharmaschool.com/index.html');
INSERT INTO videos(vid, pid, title, description) VALUES('x_UqUAdsbO0', 'PLCA662BA0A8871C42', '求佛菩薩的正確心態-因果因緣相應（聖嚴法師-大法鼓 0883）', '師父提到觀世音菩薩普門品，求福德得福德、求平安得平安、求子女得子女，這樣一來，不是又破壞了因果跟因緣了呢？\r\n\r\n讓我們恭請聖嚴法師來為我們開示。\r\n\r\n更多線上課程：http://www.dharmaschool.com/index.html');
INSERT INTO videos(vid, pid, title, description) VALUES('sL4cJuJWnHI', 'PLCA662BA0A8871C42', '佛教是宗教？佛法？哲學（聖嚴法師-大法鼓 0884）', '師父為我們闡釋佛教為什麼是因緣論的無神論，可是也因為無神論這個說法，所以有人認為佛教是不是不應該稱為佛教，不應該是一種宗教，應該稱為是一種佛法或是一種哲學呢？\r\n\r\n\r\n讓我們恭請聖嚴法師來為我們開示。\r\n\r\n更多線上課程：http://www.dharmaschool.com/index.html');
INSERT INTO videos(vid, pid, title, description) VALUES('BQE_33NdlAs', 'PLCA662BA0A8871C42', '宗教與哲學差異及佛法智慧（聖嚴法師-大法鼓 0885）', '佛法它是一種哲學也是一種宗教，其間的差別在哪裡？\r\n佛法的精粹盡在於智慧，離開了智慧而講佛法，就是只是世間的知識而已，又是什麼意思呢？其間的差異在哪裡？是不是在於我們追求佛法的態度不同？\r\n00020 而導致於不同\r\n\r\n讓我們恭請聖嚴法師來為我們開示。\r\n\r\n更多線上課程：http://www.dharmaschool.com/index.html');
INSERT INTO videos(vid, pid, title, description) VALUES('G55gicn533c', 'PLCA662BA0A8871C42', '佛法是無漏的智慧何謂有漏（聖嚴法師-大法鼓 0886）', '說父說佛法的智慧是一種沒有我執，不以自我為中心的一種智慧，就是不與煩惱相應的智慧，師父也說過佛法是一種無漏的智慧，什麼叫做無漏的智慧，什麼又是有漏的智慧呢？\r\n\r\n讓我們恭請聖嚴法師來為我們開示。\r\n\r\n更多線上課程：http://www.dharmaschool.com/index.html');
INSERT INTO videos(vid, pid, title, description) VALUES('FUe_xwOQunI', 'PLCA662BA0A8871C42', '無著與無漏的智慧異同及關聯（聖嚴法師-大法鼓 0887）', '師父說佛法也是一種無著的智慧，無著的智慧跟無漏的智慧，又有什麼異同呢？無著跟無漏這兩者之間，有什麼差異性或者是關聯性呢？\r\n\r\n讓我們恭請聖嚴法師來為我們開示。\r\n\r\n更多線上課程：http://www.dharmaschool.com/index.html');
INSERT INTO videos(vid, pid, title, description) VALUES('h24N4uBrYkA', 'PLCA662BA0A8871C42', '如何得到無著無漏的智慧（聖嚴法師-大法鼓 0888）', '師父為我們解釋，什麼叫做無著跟無漏的智慧，也就是說沒有自我的欲望，沒有自我的執著在內的智慧，怎麼樣才能夠求得這樣的智慧呢？\r\n師父也說過，以理解的態度和方法來看佛經，得到的只是世間的智慧，而不會得到無漏的智慧，是為什麼呢？\r\n那又要用什麼樣的態度，來求得無著和無漏的智慧呢？\r\n\r\n讓我們恭請聖嚴法師來為我們開示。\r\n\r\n更多線上課程：http://www.dharmaschool.com/index.html');
INSERT INTO videos(vid, pid, title, description) VALUES('zkLrNsY5oGE', 'PLCA662BA0A8871C42', '禪定的感覺及產生何種智慧（聖嚴法師-大法鼓 0889）', '師父談到，打坐、念佛、念經、拜佛、拜懺都可以讓我們進入一種定， 得到一種禪定的經驗，智慧就會產生，禪定是一種什麼樣的感覺呢？因此而產生的智慧，又是什麼樣的智慧呢？\r\n\r\n讓我們恭請聖嚴法師來為我們開示。\r\n\r\n更多線上課程：http://www.dharmaschool.com/index.html');
INSERT INTO videos(vid, pid, title, description) VALUES('Jw2_ih7P53g', 'PLCA662BA0A8871C42', '如何進入禪定的狀態（聖嚴法師-大法鼓 0890）', '師父為我們說明，禪定到底是什麼樣的經驗，什麼叫禪定？如何進入禪定的狀態？\r\n\r\n讓我們恭請聖嚴法師來為我們開示。\r\n\r\n更多線上課程：http://www.dharmaschool.com/index.html');
INSERT INTO videos(vid, pid, title, description) VALUES('_Ggnxe9-BWg', 'PLCA662BA0A8871C42', '佛教的信仰中心-佛法僧（聖嚴法師-大法鼓 0891）', '師父談到佛教是一種宗教也是一種哲學，既然是一種宗教，是不是有教主，每一種宗教，幾乎都以他們的教主為信仰的中心，那麼佛教是不是也是以教主釋迦牟尼佛為信仰的中心呢？\r\n\r\n讓我們恭請聖嚴法師來為我們開示。\r\n\r\n更多線上課程：http://www.dharmaschool.com/index.html');
INSERT INTO videos(vid, pid, title, description) VALUES('f76uaf8UjOg', 'PLCA662BA0A8871C42', '法師的引導及角色如何擇名師（聖嚴法師-大法鼓 0892）', '師父告訴我們正信的佛教，是以佛、法、僧三寶為我們的信仰中心，也就是說要信仰佛，信仰佛所說的法對我們是有幫助的，也相信僧團對我們的引導，師父或者名師在這裡又扮演什麼樣的角色呢？我們又如何選擇名師呢？\r\n\r\n讓我們恭請聖嚴法師來為我們開示。\r\n\r\n更多線上課程：http://www.dharmaschool.com/index.html');
INSERT INTO videos(vid, pid, title, description) VALUES('LOkJk0mxwsc', 'PLCA662BA0A8871C42', '佛法的基本\"四聖諦\"—苦（聖嚴法師-大法鼓 0893）', '師父告訴我們名師的重要，以及如何選擇名師；選擇名師是為了讓我們深入佛教的教理，讓我們更了解，能夠在生活裡面實踐佛教的教理，佛教的教理到底包括那些呢？\r\n\r\n讓我們恭請聖嚴法師來為我們開示。\r\n\r\n更多線上課程：http://www.dharmaschool.com/index.html');
INSERT INTO videos(vid, pid, title, description) VALUES('JNZjjGWMHXY', 'PLCA662BA0A8871C42', '佛教如何判定快樂跟痛苦（聖嚴法師-大法鼓 0894）', '師父告訴我們眾生的苦，是自作自受、如影隨形，佛教一直強調苦，甚至認為眾生追求快樂，也是一種苦的開始，那麼究竟佛教是怎麼樣來判定快樂跟痛苦呢？\r\n\r\n讓我們恭請聖嚴法師來為我們開示。\r\n\r\n更多線上課程：http://www.dharmaschool.com/index.html');
INSERT INTO videos(vid, pid, title, description) VALUES('3ZHRJ2u-UWs', 'PLCA662BA0A8871C42', '離那些苦得什麼樣的樂（聖嚴法師-大法鼓 0895）', '師父告訴我們，人生總是苦多樂少，所以，佛教教我們要離苦得樂，我們該離那些苦，得什麼樣的樂呢？\r\n\r\n讓我們恭請聖嚴法師來為我們開示。\r\n\r\n更多線上課程：http://www.dharmaschool.com/index.html');
INSERT INTO videos(vid, pid, title, description) VALUES('tjSviPHCVGI', 'PLCA662BA0A8871C42', '何謂定樂？其意義內容（聖嚴法師-大法鼓 0896）', '師父為我們解說什麼叫做欲樂、定樂還有解脫樂，欲樂可能最後還會帶給我們痛苦，比較值得追求的是定樂和解脫樂，如何追求呢？\r\n\r\n讓我們恭請聖嚴法師來為我們開示。\r\n\r\n更多線上課程：http://www.dharmaschool.com/index.html');
INSERT INTO videos(vid, pid, title, description) VALUES('hO--MjHYxOw', 'PLCA662BA0A8871C42', '解脫樂是真正值得追求的快樂（聖嚴法師-大法鼓 0897）', '師父為我們描述什麼叫做定樂，而且描述到定樂是，身心完全得到解脫和放鬆，那種快樂好像是很令人羨慕，也是很值得我們追求，可是師父說追求定最後可能會導致厭世，究竟什麼樣的快樂，才是真正值得我們追求的呢？\r\n\r\n讓我們恭請聖嚴法師來為我們開示。\r\n\r\n更多線上課程：http://www.dharmaschool.com/index.html');
INSERT INTO videos(vid, pid, title, description) VALUES('4-bS9FKTNoc', 'PLCA662BA0A8871C42', '怎樣能真正做到離苦得樂（聖嚴法師-大法鼓 0898）', '師父告訴我們行菩薩道，就能夠得到解脫樂，可是我們也會想到，行菩薩道的人，在一般世人眼光裡面看起來好像也是蠻苦的，苦與樂是不是在一念之間呢？怎麼樣能夠真正做到離苦得樂？\r\n\r\n讓我們恭請聖嚴法師來為我們開示。\r\n\r\n更多線上課程：http://www.dharmaschool.com/index.html');
INSERT INTO videos(vid, pid, title, description) VALUES('7HksKALC-RM', 'PLCA662BA0A8871C42', '欲樂的層次之分（聖嚴法師-大法鼓 0899）', '師父為我們解釋什麼是欲樂、定樂和解脫樂。\r\n欲樂有沒有層次之分，好像都是屬於比較刺激，而得到的一種快樂，解脫樂是不是境界太高了，一般人很難體會，甚至會感覺太苦了，而不敢追求呢？欲樂的追求，短暫可能是快樂，長期可能是痛苦，而欲樂是不是也有層次之分？\r\n\r\n讓我們恭請聖嚴法師來為我們開示。\r\n\r\n更多線上課程：http://www.dharmaschool.com/index.html');
INSERT INTO videos(vid, pid, title, description) VALUES('whwmo3kiwUk', 'PLCA662BA0A8871C42', '如何行菩薩道得解脫樂（聖嚴法師-大法鼓 0900）', '師父為我們開示，像文化、藝術或者是文學，這些都是屬於高層次的欲樂，對一般人來說，還是值得提倡的。\r\n解脫樂就是要行菩薩道，在一般來說，好像是滿苦的，怎麼會是值得我們追求的究竟之樂呢？\r\n\r\n讓我們恭請聖嚴法師來為我們開示。\r\n\r\n更多線上課程：http://www.dharmaschool.com/index.html');
INSERT INTO playlist(pid, cid, title, description) VALUES('PL5D9D8DA3E4A7918A','UCq2iefWrqW0W6Hic2xA1aDg', '大法鼓0851-0875', '');
INSERT INTO videos(vid, pid, title, description) VALUES('-BARzB7ByaM', 'PL5D9D8DA3E4A7918A', '六和敬—見和同解（聖嚴法師-大法鼓 0854)', '我們知道在同一個辦公室裡，甚至夫妻之間，常常彼此的意見都不一樣，如果再加上職位不同，譬如說上司跟部屬，或者是勞方跟資方，往往意見就會更不同了，那麼怎麼做到見和同解呢？\r\n\r\n讓我們恭請聖嚴法師來為我們開示。\r\n\r\n更多線上課程：http://www.dharmaschool.com/index.html');
INSERT INTO videos(vid, pid, title, description) VALUES('V2pj4kGSofQ', 'PL5D9D8DA3E4A7918A', '如何做到見和同解？（聖嚴法師-大法鼓 0855）', '在不同的意見裡，去求取大家的共識，共同的意見，有時候涉及到彼此的利益衝突，怎麼做到「見和同解」？\r\n譬如如果我升官了，他就不能升官，也許我加薪了，也許他就不能加薪了，這樣子的時候，如何做到見和同解呢？\r\n\r\n讓我們恭請聖嚴法師來為我們開示。\r\n\r\n更多線上課程：http://www.dharmaschool.com/index.html');
INSERT INTO videos(vid, pid, title, description) VALUES('HKNrRn5gw3o', 'PL5D9D8DA3E4A7918A', '六和敬—利和同均（聖嚴法師-大法鼓 0856）', '當大家的利益是衝突的時候，譬如說，如果你升官了，我就不能升官，如果你加薪了，我也許就不能加薪，那麼怎麼樣能做到利合同均呢？\r\n\r\n\r\n讓我們恭請聖嚴法師來為我們開示。\r\n\r\n更多線上課程：http://www.dharmaschool.com/index.html');
INSERT INTO videos(vid, pid, title, description) VALUES('AFeSp8htMUs', 'PL5D9D8DA3E4A7918A', '如何做到利和同均？（聖嚴法師-大法鼓 0857）', '在工作場所裡，常常彼此的利益，都是互相衝突，很多人都相信，如果我不爭取的話，可能這個利益就會被爭取比較利害的那個人奪走了，所以，大家都非常斤斤計較，為了自己的利益，非常的在意， 在這個時候是不是跟利合同均這種觀念是違背的？\r\n\r\n讓我們恭請聖嚴法師來為我們開示。\r\n\r\n更多線上課程：http://www.dharmaschool.com/index.html');
INSERT INTO videos(vid, pid, title, description) VALUES('w_Q3DHQZBzM', 'PL5D9D8DA3E4A7918A', '六和敬—戒和同遵（聖嚴法師-大法鼓 0858）', '談完了「利合同均」，我們要來談「戒合同遵」。\r\n什麼叫「戒合同遵」，在一個工作場所或者是一個社團裡，要如何做到「戒合同遵」呢？\r\n\r\n讓我們恭請聖嚴法師來為我們開示。\r\n\r\n更多線上課程：http://www.dharmaschool.com/index.html');
INSERT INTO videos(vid, pid, title, description) VALUES('TTNpNPUNTa8', 'PL5D9D8DA3E4A7918A', '如何接引他人信佛、學佛（聖嚴法師-大法鼓 0859）', '有一些人不了解佛法，或者沒有親自嘗受到佛法的好處，仍然不能夠相信佛法，怎麼樣讓這些沒有學佛或者是不能相信佛法的人，來學習佛法呢？\r\n\r\n讓我們恭請聖嚴法師來為我們開示。\r\n\r\n更多線上課程：http://www.dharmaschool.com/index.html');
INSERT INTO videos(vid, pid, title, description) VALUES('YQu3Nh3jeOw', 'PL5D9D8DA3E4A7918A', '信、願、行的意義（聖嚴法師-大法鼓 0860）', '佛法裡，有提到所謂的信、願、行這三字，各代表著什麼樣的意義呢？\r\n\r\n讓我們恭請聖嚴法師來為我們開示。\r\n\r\n更多線上課程：http://www.dharmaschool.com/index.html');
INSERT INTO videos(vid, pid, title, description) VALUES('sU40YWg-sfM', 'PL5D9D8DA3E4A7918A', '正信與迷信、正信的力量（聖嚴法師-大法鼓 0861)', '師父為我們解釋什麼是「信」，他提到了，他說迷信裡，沒有正信的力量，但是正信裡，可以發揮迷信的功能，這到底是什麼意思呢？信仰又可以分為幾個層次呢？\r\n\r\n讓我們恭請聖嚴法師來為我們開示。\r\n\r\n更多線上課程：http://www.dharmaschool.com/index.html');
INSERT INTO videos(vid, pid, title, description) VALUES('wu5T5Va_nl0', 'PL5D9D8DA3E4A7918A', '信仰的層次（仰信解信正信）（聖嚴法師-大法鼓 0862)', '信仰裡可以分迷信、正信，師父說迷信沒有正信的力量，但是正信可以產生迷信的功能，信仰還可以分為那些層次呢？\r\n\r\n讓我們恭請聖嚴法師來為我們開示。\r\n\r\n更多線上課程：http://www.dharmaschool.com/index.html');
INSERT INTO videos(vid, pid, title, description) VALUES('d0ppK6y7RRE', 'PL5D9D8DA3E4A7918A', '何謂証信？與解信的不同（聖嚴法師-大法鼓 0863)', '師父談到信仰的層次，可以分為仰信、解信和證信。\r\n證是驗證的證，所謂的證信就是經過驗證而相信，證信還可以分為那些層次？它跟解信有什麼不同？\r\n\r\n讓我們恭請聖嚴法師來為我們開示。\r\n\r\n更多線上課程：http://www.dharmaschool.com/index.html');
INSERT INTO videos(vid, pid, title, description) VALUES('LPGM9-Ewmcg', 'PL5D9D8DA3E4A7918A', '如何判斷証信的真假？（聖嚴法師-大法鼓 0864)', '師父談到了證信是非常重要的，我們也知道，證信是相當自我的一種體驗，那麼我們怎麼知道，自己的證驗是不是真的呢？我們又如何判斷別人，所提到的證信的經驗是不是真的呢？\r\n\r\n讓我們恭請聖嚴法師來為我們開示。\r\n\r\n更多線上課程：http://www.dharmaschool.com/index.html');
INSERT INTO videos(vid, pid, title, description) VALUES('sOfjeysE2H0', 'PL5D9D8DA3E4A7918A', '怎樣才能開悟？（聖嚴法師-大法鼓 0865)', '師父談到怎麼樣驗證，別人是不是開悟了。開悟是很多人夢寐以求的境界，怎麼樣才能開悟呢？是不是以前的人，開悟比較容易呢？\r\n\r\n讓我們恭請聖嚴法師來為我們開示。\r\n\r\n更多線上課程：http://www.dharmaschool.com/index.html');
INSERT INTO videos(vid, pid, title, description) VALUES('lML0vpqyQuU', 'PL5D9D8DA3E4A7918A', '如何分別靈驗或証驗？（聖嚴法師-大法鼓 0866)', '靈驗跟證驗是不同的，我們怎麼樣分別自己，到底是靈驗還是證驗呢？有一些號稱能夠通靈或者有特異功能的人士，他們是不是已經達到了證驗的程度呢？\r\n\r\n讓我們恭請聖嚴法師來為我們開示。\r\n\r\n更多線上課程：http://www.dharmaschool.com/index.html');
INSERT INTO videos(vid, pid, title, description) VALUES('Bg1HghglLGY', 'PL5D9D8DA3E4A7918A', '心靈環保的觀念和提倡用意（聖嚴法師-大法鼓 0867)', '知道師父多年以來一直提倡心靈環保，師父為什麼大力提倡心靈環保，它在佛教的經典上有什麼根據？跟修行又有什麼樣的關係？\r\n\r\n讓我們恭請聖嚴法師來為我們開示。\r\n\r\n更多線上課程：http://www.dharmaschool.com/index.html');
INSERT INTO videos(vid, pid, title, description) VALUES('OolIjjA7fpQ', 'PL5D9D8DA3E4A7918A', '心靈環保的佛經根據和出處（聖嚴法師-大法鼓 0868)', '心靈環保可以讓我們從痛苦變成快樂，從失望變成希望，從自我困擾變成自我解脫，從自害害人變成自利利他，那怎麼樣能夠做到呢？\r\n\r\n讓我們恭請聖嚴法師來為我們開示。\r\n\r\n更多線上課程：http://www.dharmaschool.com/index.html');
INSERT INTO videos(vid, pid, title, description) VALUES('dpxJlyiIbPI', 'PL5D9D8DA3E4A7918A', '日常生活如何實踐心靈環保？（聖嚴法師-大法鼓 0869)', '心靈環保最重要的是，要做到觀念的改變，以及精神層面的開發，即使環境不清淨，因為我們心淨，所以環境的不清淨也不會影響到我們，所以能夠叫心淨國土淨，在日常生活裡我們該如何實踐，它應該有什麼樣的步驟呢？\r\n\r\n讓我們恭請聖嚴法師來為我們開示。\r\n\r\n更多線上課程：http://www.dharmaschool.com/index.html');
INSERT INTO videos(vid, pid, title, description) VALUES('18KM_UCgY90', 'PL5D9D8DA3E4A7918A', '心靈環保之具體項目及層面（聖嚴法師-大法鼓 0870)', '師父談到了心靈環保的好處，它在日常生活實踐的步驟。\r\n心靈環保的層面、具體的項目，可以還再怎麼細分？\r\n\r\n\r\n我們恭請聖嚴法師來為我們開示。\r\n\r\n更多線上課程：http://www.dharmaschool.com/index.html');
INSERT INTO videos(vid, pid, title, description) VALUES('N7yk2H_-QFk', 'PL5D9D8DA3E4A7918A', '心靈環保-第三層面（聖嚴法師-大法鼓 0871）', '心靈環保第一個層次就是能夠瞭解自己的缺點，肯定別人的優點，再上一個層面，就是起心動念都很清楚自己的念頭是什麼，那麼再上一個層面，又是什麼呢？\n\n讓我們恭請聖嚴法師來為我們開示。\n\n更多線上課程：http://www.dharmaschool.com/index.html');
INSERT INTO videos(vid, pid, title, description) VALUES('Acj-3BcQDeU', 'PL5D9D8DA3E4A7918A', '心不清淨時怎麼辦（聖嚴法師-大法鼓 0872）', '師父告訴我們心靈環保的方法，也就是當我們不能肯定別人的優點，而老是挑剔別人的缺點的時候，我們就要提醒自己「我不慈悲」，而當我們老是不能瞭解自己的缺點，誇張自己的優點的時候，我們心裡就要說「我不知慚愧」，當我們起心動念，這個念頭不是很好的時候，我們就要告訴自己說「我們的心不清淨」那怎麼樣做呢？\r\n\r\n讓我們恭請聖嚴法師來為我們開示。\r\n\r\n更多線上課程：http://www.dharmaschool.com/index.html');
INSERT INTO videos(vid, pid, title, description) VALUES('ki7WzyO3Uak', 'PL5D9D8DA3E4A7918A', '心靈環保如何推己及人（聖嚴法師-大法鼓 0873）', '自然環保最近也非常的受重視，大家也都非常重視，自己除了要做環保以外，也希望能夠推己及人，請別人一起來做環保，那麼心靈環保是不是也需要推己及人呢？怎麼樣推己及人呢？\r\n\r\n讓我們恭請聖嚴法師來為我們開示。\r\n\r\n更多線上課程：http://www.dharmaschool.com/index.html');
INSERT INTO videos(vid, pid, title, description) VALUES('k8y0osbdyZQ', 'PL5D9D8DA3E4A7918A', '無我的境界（聖嚴法師-大法鼓 0874）', '心靈環保就是要去除自我，要達到無我的境界，無我是一種什麼樣的境界，是不是就是沒有原則呢？\r\n\r\n讓我們恭請聖嚴法師來為我們開示。\r\n\r\n更多線上課程：http://www.dharmaschool.com/index.html');
INSERT INTO videos(vid, pid, title, description) VALUES('6wxudw7A__c', 'PL5D9D8DA3E4A7918A', '何謂正信的佛教（聖嚴法師-大法鼓 0875）', '師父談到所謂心靈環保，就是要用正知正見去取代邪知邪見，什麼叫正知正見，我們也知道佛教界近來大力的提倡，所謂正信的佛教，什麼又叫正信的佛教呢？\r\n\r\n讓我們恭請聖嚴法師來為我們開示。\r\n\r\n更多線上課程：http://www.dharmaschool.com/index.html');
INSERT INTO videos(vid, pid, title, description) VALUES('5SzyJRNFjDY', 'PL5D9D8DA3E4A7918A', '六和敬──意和同悅（聖嚴法師-大法鼓 0853)', '今天我們要來講講「意和同悅」， 事實上在職場裡面同事之間意見會不同，長官跟部屬之間意見也會有不同，如何做到「意和同悅」呢？讓我們來請示聖嚴法師。');
INSERT INTO videos(vid, pid, title, description) VALUES('ga0PIbhs7Qc', 'PL5D9D8DA3E4A7918A', '六和敬──口和無諍（聖嚴法師-大法鼓 0852)', '今天我們要來談一談「口和無諍」，我們知道現代人往往因為一句話不合， 一言不合大打出手， 那麼如何做到「口和無諍」呢？ 讓我們來請示聖嚴法師。');
INSERT INTO videos(vid, pid, title, description) VALUES('NfpCqnym3-w', 'PL5D9D8DA3E4A7918A', '何謂六和敬？（身和同住）（聖嚴法師-大法鼓 0851)', '我們知道佛法中還有一種叫六和敬的觀念，這觀念對我們在職場中有什麼樣的幫助呢？\r\n讓我們來請教聖嚴法師');
INSERT INTO playlist(pid, cid, title, description) VALUES('PL237C8D3368C396FC','UCq2iefWrqW0W6Hic2xA1aDg', '大法鼓0826-0850', '');
INSERT INTO videos(vid, pid, title, description) VALUES('WWx3_4wCFpI', 'PL237C8D3368C396FC', '利人便是利己的含意（共業）（聖嚴法師-大法鼓 0826）', '師父常常說，利他就是利己，方便別人就是方便自己。那麼在日常生活裡，我們要如何落實呢？同時，奉獻跟利他到底有沒有限度呢？\r\n\r\n讓我們恭請聖嚴法師來為我們開示。\r\n\r\n更多線上課程：http://www.dharmaschool.com/index.html');
INSERT INTO videos(vid, pid, title, description) VALUES('-jqPX08w5cA', 'PL237C8D3368C396FC', '慈悲的三種層次（聖嚴法師-大法鼓 0827）', '在上一集裡，師父為我們解釋了什麼叫共業，利他就可以減少共業。那無緣大慈同體大悲，又是什麼樣的含意呢？\r\n\r\n讓我們恭請聖嚴法師來為我們開示。\r\n\r\n更多線上課程：http://www.dharmaschool.com/index.html');
INSERT INTO videos(vid, pid, title, description) VALUES('oj4cBq5dgdg', 'PL237C8D3368C396FC', '利益眾生的層次性（聖嚴法師-大法鼓 0828）', '在上一集裡，師父為我們解釋了，無緣大慈的深奧的涵義。那麼在這一集裡，我們要繼續來請教聖嚴法師，什麼叫做同體大悲？\r\n\r\n讓我們恭請聖嚴法師來為我們開示。\r\n\r\n更多線上課程：http://www.dharmaschool.com/index.html');
INSERT INTO videos(vid, pid, title, description) VALUES('5X0dxEO1pdY', 'PL237C8D3368C396FC', '利他的層次（無緣大慈同體大悲）（聖嚴法師-大法鼓 0829）', '在上一集裡，師父為我們進一步開示了無緣大慈同體大悲的意義。這是佛菩薩的境界，我們一般人很難做到，那麼我們是不是可以退而求其次，找一個起步呢？\r\n\r\n讓我們恭請聖嚴法師來為我們開示。\r\n\r\n更多線上課程：http://www.dharmaschool.com/index.html');
INSERT INTO videos(vid, pid, title, description) VALUES('O6gZYrxsPuE', 'PL237C8D3368C396FC', '利他的標準及層次（聖嚴法師-大法鼓 0830）', '在上一集裡，師父告訴我們說，其實利他非常容易做到，一個眼神，一個舉手投足，甚至一個微笑，都可以做利他的工作。那麼利他到底有沒有一個尺度？會不會有過與不及之憾呢？\r\n\r\n讓我們恭請聖嚴法師來為我們開示。\r\n\r\n更多線上課程：http://www.dharmaschool.com/index.html');
INSERT INTO videos(vid, pid, title, description) VALUES('qOWCesQDBUE', 'PL237C8D3368C396FC', '怎麼樣的關懷才是恰到好處（聖嚴法師-大法鼓 0831）', '過去幾集以來，師父開示我們說，慈悲、奉獻、利他，是淨化心靈非常有效的方法。不過要慈悲、要奉獻、要利他，需要了解別人需要什麼，也就是說我們要關懷別人，那麼怎麼樣關懷別人才能恰到好處呢？\r\n\r\n讓我們恭請聖嚴法師來為我們開示。\r\n\r\n更多線上課程：http://www.dharmaschool.com/index.html');
INSERT INTO videos(vid, pid, title, description) VALUES('YKJm5dSfJm8', 'PL237C8D3368C396FC', '如何關懷才不會造成二度傷害（聖嚴法師-大法鼓 0832）', '在上一集裡，師父開示我們說，關懷別人非常重要，因為關懷才會帶來溫暖和向心力。那麼我們要怎麼樣做到關懷，怎麼樣才不會造成二度傷害呢？要注意什麼技巧呢？\r\n\r\n讓我們恭請聖嚴法師來為我們開示。\r\n\r\n更多線上課程：http://www.dharmaschool.com/index.html');
INSERT INTO videos(vid, pid, title, description) VALUES('HEG7a7pjhfE', 'PL237C8D3368C396FC', '如何關懷才不會造成自己受傷（聖嚴法師-大法鼓 0833）', '在前兩集裡面，師父開示我們，關懷別人非常重要而且要付諸行動。但是當我們一再的在關懷別人的時候，我們要如何保重自己，才不會心力交瘁或者是讓自己傷痕累累呢？\r\n\r\n讓我們恭請聖嚴法師來為我們開示。\r\n\r\n更多線上課程：http://www.dharmaschool.com/index.html');
INSERT INTO videos(vid, pid, title, description) VALUES('1MJY_iaFGqY', 'PL237C8D3368C396FC', '關懷與包容的關連性（聖嚴法師-大法鼓 0834）', '在前幾集裡，師父勉勵我們要關懷別人，同時我們要做一個無底的垃圾桶，幫助別人消除情緒的垃圾，卻不成為自己的負擔。那麼關懷常常跟包容連在一起，那這二者之間又有什麼關聯性呢？\r\n\r\n讓我們恭請聖嚴法師來為我們開示。\r\n\r\n更多線上課程：http://www.dharmaschool.com/index.html');
INSERT INTO videos(vid, pid, title, description) VALUES('EPLtqhV4Kl0', 'PL237C8D3368C396FC', '包容會不會變成包庇（聖嚴法師-大法鼓 0835）', '在上一集裡，師父開示我們說，能夠包容別人，就不那麼自我中心，因此呢就可以少一點煩惱多一點智慧。但是包容會不會變成包庇呢？\r\n\r\n讓我們恭請聖嚴法師來為我們開示。\r\n\r\n更多線上課程：http://www.dharmaschool.com/index.html');
INSERT INTO videos(vid, pid, title, description) VALUES('OJ6m3-X6YBw', 'PL237C8D3368C396FC', '如何有智慧的包容及化解問題（聖嚴法師-大法鼓 0836）', '在上一集裡呢，師父開示我們說，要做到包容，要有智慧，用智慧來化解別人。那麼怎麼樣做才能夠做到智慧的化解呢？\r\n\r\n讓我們恭請聖嚴法師來為我們開示。\r\n\r\n更多線上課程：http://www.dharmaschool.com/index.html');
INSERT INTO videos(vid, pid, title, description) VALUES('9CArVeg2SsQ', 'PL237C8D3368C396FC', '包容的尺度及範圍（聖嚴法師-大法鼓 0837）', '今天我們要繼續來談包容，在上一集裡師父開示我們說，包容別人可以減少自己的煩惱，增加自己的智慧。但是包容是不是也應該有個尺度跟範圍，以免造成自己的負擔呢？\r\n\r\n讓我們恭請聖嚴法師來為我們開示。\r\n\r\n更多線上課程：http://www.dharmaschool.com/index.html');
INSERT INTO videos(vid, pid, title, description) VALUES('lmhgmzW3WlU', 'PL237C8D3368C396FC', '如何具有柔軟心來包容別人（聖嚴法師-大法鼓 0838）', '在前幾集裡，師父談到包容，他說我們包容別人的時候，自己應該像非常柔軟的棉花或者是布，能夠保全自己也能夠保全別人。那怎麼樣才能有一顆柔軟的心呢？\r\n\r\n讓我們恭請聖嚴法師來為我們開示。\r\n\r\n更多線上課程：http://www.dharmaschool.com/index.html');
INSERT INTO videos(vid, pid, title, description) VALUES('Mb2zw5E5qOU', 'PL237C8D3368C396FC', '柔能克剛的真義（聖嚴法師-大法鼓 0839）', '今天我們要繼續來談柔軟，在上一集裡師父說柔軟要有方向感，有原則，有原則有方向感的柔軟，事實上是一種堅強，這聽起來好像很吊詭很玄，那麼到底在生活裡面怎麼樣實踐呢？\r\n\r\n讓我們恭請聖嚴法師來為我們開示。\r\n\r\n更多線上課程：http://www.dharmaschool.com/index.html');
INSERT INTO videos(vid, pid, title, description) VALUES('_B3C3bXvXLs', 'PL237C8D3368C396FC', '關懷者的條件（開朗）（聖嚴法師-大法鼓 0840）', '連續好長一段時間，我們談到要慈悲，要關懷，要包容，要有顆柔軟的心。那是不是表示自己本身要非常的開朗，才能夠包容別人關懷別人呢？\r\n\r\n讓我們恭請聖嚴法師來為我們開示。\r\n\r\n更多線上課程：http://www.dharmaschool.com/index.html');
INSERT INTO videos(vid, pid, title, description) VALUES('eNxqpZYadhs', 'PL237C8D3368C396FC', '如何轉憂鬱為開朗（聖嚴法師-大法鼓 0841）', '在上一集裡面師父談到，開朗的人有安全感，同時時時充滿著希望。可是我們也知道，現在罹患憂鬱症的人越來越多，如何能夠化憂鬱成開朗呢？\r\n\r\n讓我們恭請聖嚴法師來為我們開示。\r\n\r\n更多線上課程：http://www.dharmaschool.com/index.html');
INSERT INTO videos(vid, pid, title, description) VALUES('vtcMsJGFekI', 'PL237C8D3368C396FC', '如何學習開朗化解緊張恐懼（聖嚴法師-大法鼓 0842）', '今天我們要繼續來談開朗，在上一集裡師父開示我們說，我們要學習但是不要緊張，我們要競爭但是不要有恐懼，這樣就能夠少一點憂鬱，多一點開朗。那麼在生活裡面，我們還能夠怎麼樣做到開朗呢？\r\n\r\n讓我們恭請聖嚴法師來為我們開示。\r\n\r\n更多線上課程：http://www.dharmaschool.com/index.html');
INSERT INTO videos(vid, pid, title, description) VALUES('Uwyep-vat-k', 'PL237C8D3368C396FC', '少欲知足對淨化心靈的影響（聖嚴法師-大法鼓 0843）', '前一集裡，師父說我們如果能夠做到少欲知足，就能夠開朗。那麼如何能夠做到少欲知足？少欲知足又有多重要呢？\r\n\r\n讓我們恭請聖嚴法師來為我們開示。\r\n\r\n更多線上課程：http://www.dharmaschool.com/index.html');
INSERT INTO videos(vid, pid, title, description) VALUES('BnZ-eSTVRRA', 'PL237C8D3368C396FC', '清平思想與少欲知足的關係（聖嚴法師-大法鼓 0844）', '今天我們要繼續來談少欲知足。最近幾年無論是國內或國外\r\n，清平思想都非常的流行。那這個清平思想跟少欲知足之間有什麼關係呢？\r\n\r\n讓我們恭請聖嚴法師來為我們開示。\r\n\r\n更多線上課程：http://www.dharmaschool.com/index.html');
INSERT INTO videos(vid, pid, title, description) VALUES('IHK8qpIcnxE', 'PL237C8D3368C396FC', '如何在生活裡落實少欲知足（聖嚴法師-大法鼓 0845）', '聖嚴師父曾說如果自己的心態能平安、知足，就是幸福，而這當中所謂的「少欲知足」，不僅能夠使我們減輕生活的負擔，也可以減輕我們自己心裡的負擔，同時對社會來說，可以減少資源的浪費，對環境來說可以做到環保，於己、於社會、於眾生都是有利的。那我們要如何在生活裡面去落實它呢？\n\n讓我們恭請聖嚴法師來為我們開示。\n\n更多線上課程：http://www.dharmaschool.com/index.html');
INSERT INTO videos(vid, pid, title, description) VALUES('3y4YcVfGhk8', 'PL237C8D3368C396FC', '少欲知足與大量製造消費理論是否牴觸（聖嚴法師-大法鼓 0846）', '在前幾集裡，師父談到少欲知足，對我們個人或對社會整體來講都是很有益處的。可是在一個資本主義講究重商的時代，他們認為要不斷的製造大量的製造，然後要大量的消費，然後社會經濟才能繁榮富裕。那麼少欲知足是不是跟這樣的理論互相牴觸呢？\r\n\r\n讓我們恭請聖嚴法師來為我們開示。\r\n\r\n更多線上課程：http://www.dharmaschool.com/index.html');
INSERT INTO videos(vid, pid, title, description) VALUES('-FQEvw_1ep4', 'PL237C8D3368C396FC', '佛法觀點看選擇職業須注意什麼（聖嚴法師-大法鼓 0847）', '俗語說男怕入錯行，女怕嫁錯郎，可見選擇職業對我們來說是非常重要的。在這一方面，佛法又能提供我們什麼樣的智慧呢？\r\n\r\n讓我們恭請聖嚴法師來為我們開示。\r\n\r\n更多線上課程：http://www.dharmaschool.com/index.html');
INSERT INTO videos(vid, pid, title, description) VALUES('XBWm_ryZ5MM', 'PL237C8D3368C396FC', '用佛法幫助職場上的逆境困難（聖嚴法師-大法鼓 0848）', '在工作中難免有順境、有逆境，碰到逆境的時候，或者碰到挫折或困難的時候，佛法的智慧又能夠給我們什麼樣的幫助呢？\r\n\r\n讓我們恭請聖嚴法師來為我們開示。\r\n\r\n更多線上課程：http://www.dharmaschool.com/index.html');
INSERT INTO videos(vid, pid, title, description) VALUES('BbILhU8Dt4M', 'PL237C8D3368C396FC', '用佛法幫助學業有挫折的學生（聖嚴法師-大法鼓 0849）', '我們常說學生的工作就是念書，學生在念書的時候，也難免會碰到很多的挫折和困難。我們也常在報上看得到有一些學生，因為學業上不順利而自殺，那是非常的令人惋惜。那麼在這方面，佛法的智慧上能夠給我們什麼樣的幫助呢？\r\n\r\n讓我們恭請聖嚴法師來為我們開示。\r\n\r\n更多線上課程：http://www.dharmaschool.com/index.html');
INSERT INTO videos(vid, pid, title, description) VALUES('H607yad5nOg', 'PL237C8D3368C396FC', '現代人在職場上需要什麼EQ與佛法之異同（聖嚴法師-大法鼓 0850）', '我們都知道EQ非常重要，EQ也就是情緒智商，那麼現代人在職場上，需要什麼樣的情緒智商？這跟佛法又有什麼樣的異同呢？\r\n\r\n讓我們恭請聖嚴法師來為我們開示。\r\n\r\n更多線上課程：http://www.dharmaschool.com/index.html');
INSERT INTO playlist(pid, cid, title, description) VALUES('PL5E045484F8F7A7C3','UCq2iefWrqW0W6Hic2xA1aDg', '大法鼓0801-0825', '');
INSERT INTO videos(vid, pid, title, description) VALUES('5sS4D8QXsHY', 'PL5E045484F8F7A7C3', '懺悔的定義及與慚愧的區別（聖嚴法師-大法鼓 0801）', '談完了慚愧，我們要來談談懺悔心， 什麼是懺悔心？\r\n懺悔心對我們又有什麼幫助，不知懺悔的話，對我們又會有什麼樣的影響呢？\r\n\r\n讓我們恭請聖嚴法師來為我們開示。\r\n\r\n更多線上課程：http://www.dharmaschool.com/index.html');
INSERT INTO videos(vid, pid, title, description) VALUES('ITdGq7hLkOo', 'PL5E045484F8F7A7C3', '慚愧-不知慚愧懺悔的影響（聖嚴法師-大法鼓 0802）', '師父談到常生懺悔之心，可以幫助自己消業障，而且可以讓自己的內心得到安寧、平靜，那麼如何幫助自己跟別人生起懺悔之心？如果不知懺悔的話，會替自己或替他人帶來什麼樣的影響？　\r\n\r\n讓我們恭請聖嚴法師來為我們開示。\r\n\r\n更多線上課程：http://www.dharmaschool.com/index.html');
INSERT INTO videos(vid, pid, title, description) VALUES('IkxBBaa3GCw', 'PL5E045484F8F7A7C3', '如何生起懺悔心（聖嚴法師-大法鼓 0803）', '師父開示我們說常生懺悔之心，可以讓自己面對現實，不會怨天尤人，更會讓我們突破黑暗、走入光明，那麼如何讓自己生起懺悔之心呢？\r\n\r\n讓我們恭請聖嚴法師來為我們開示。\r\n\r\n更多線上課程：http://www.dharmaschool.com/index.html');
INSERT INTO videos(vid, pid, title, description) VALUES('Qe6MZbXsQPc', 'PL5E045484F8F7A7C3', '何謂邪見（聖嚴法師-大法鼓 0804）', '佛法裡常說邪見對一個人的影響是很大的，什麼是邪見？邪見對我們又有什麼影響？\r\n\r\n讓我們恭請聖嚴法師來為我們開示。\r\n\r\n更多線上課程：http://www.dharmaschool.com/index.html');
INSERT INTO videos(vid, pid, title, description) VALUES('UvH8mbA3oCw', 'PL5E045484F8F7A7C3', '常見的範圍及原因（聖嚴法師-大法鼓 0805）', '邪見，可以分為大邪見和小邪見。小邪見又包括了常見和斷見。那麼常見，師父說就是永恆不變的意思，那常見還包括了哪些？它對我們又有哪些影響呢？\r\n\r\n讓我們恭請聖嚴法師來為我們開示。\r\n\r\n更多線上課程：http://www.dharmaschool.com/index.html');
INSERT INTO videos(vid, pid, title, description) VALUES('-Q-eptMtMts', 'PL5E045484F8F7A7C3', '斷見的範圍及原因（聖嚴法師-大法鼓 0806）', '師父談到說寧可有常見不可有斷見，那斷見是什麼呢？\r\n斷見就是不相信因果，認為這一生就是這一生，活了就是活了，那麼死了就是死了，那麼這種斷見，對我們有什麼影響呢？\r\n\r\n讓我們恭請聖嚴法師來為我們開示。\r\n\r\n更多線上課程：http://www.dharmaschool.com/index.html');
INSERT INTO videos(vid, pid, title, description) VALUES('oV-WaI4_S6o', 'PL5E045484F8F7A7C3', '斷見對人心社會的影響（聖嚴法師-大法鼓 0807）', '師父談到有斷見的人，只見跟前不見未來，為了達到目的，可以不擇手段。讓我感覺到，我們今天的社會，好像充滿了斷見，所以大家會覺得我們這個社會很混亂，那麼怎樣消除斷見呢？\r\n\r\n讓我們恭請聖嚴法師來為我們開示。\r\n\r\n更多線上課程：http://www.dharmaschool.com/index.html');
INSERT INTO videos(vid, pid, title, description) VALUES('2LutsLPRIHE', 'PL5E045484F8F7A7C3', '常見的對治（聖嚴法師-大法鼓 0808）', '雖然師父說斷見比常見可怕，可是常見也是不好的。\r\n所以我們應該怎麼樣來消除常見呢？\r\n\r\n讓我們恭請聖嚴法師來為我們開示。\r\n\r\n更多線上課程：http://www.dharmaschool.com/index.html');
INSERT INTO videos(vid, pid, title, description) VALUES('6VR-s6zn06I', 'PL5E045484F8F7A7C3', '神識與業力的影響（聖嚴法師-大法鼓 0809）', '相信因果是消除常見和斷見，非常重要的一個方法。在佛教裡，我們不相信是有靈魂這樣的東西，那是神識。神識也不是不變的，它是跟隨著業力而改變的，佛教說三世因果，應該是三世，為什麼會是好多世好多世？\r\n\r\n\r\n讓我們恭請聖嚴法師來為我們開示。\r\n\r\n更多線上課程：http://www.dharmaschool.com/index.html');
INSERT INTO videos(vid, pid, title, description) VALUES('kO4TsfdVdmk', 'PL5E045484F8F7A7C3', '邪見的其他種類（聖嚴法師-大法鼓 0810）', '邪見在佛教裡，也是一個滿重要的觀念，師父是不是告訴我們，除了常見、斷見還有大邪見之外，還有沒有哪些見解、觀念是屬於邪見的？\r\n\r\n讓我們恭請聖嚴法師來為我們開示。\r\n\r\n更多線上課程：http://www.dharmaschool.com/index.html');
INSERT INTO videos(vid, pid, title, description) VALUES('WIzKKtBgG_g', 'PL5E045484F8F7A7C3', '空性見與中道見（聖嚴法師-大法鼓 0811）', '師父談到要用正知正見來取代邪知邪見，什麼是正知正見呢？師父說空性見跟中道見才是正知正見，當然這還是超越我們的想像？中道見或者是空性見究竟是什麼？我們怎麼樣才能獲得正知正見？\r\n\r\n讓我們恭請聖嚴法師來為我們開示。\r\n\r\n更多線上課程：http://www.dharmaschool.com/index.html');
INSERT INTO videos(vid, pid, title, description) VALUES('3GL_NfvlX3c', 'PL5E045484F8F7A7C3', '知見障的原因及影響（聖嚴法師-大法鼓 0812）', '在佛教裡，有一個特別的名詞叫做知見障。什麼是知見障？ 它對我們又有什麼影響呢？\r\n\r\n讓我們恭請聖嚴法師來為我們開示。\r\n\r\n更多線上課程：http://www.dharmaschool.com/index.html');
INSERT INTO videos(vid, pid, title, description) VALUES('dbaGFHCd66s', 'PL5E045484F8F7A7C3', '知識會不會成為學習的障礙（聖嚴法師-大法鼓 0813）', '知見障等於是劃地自限，怎麼樣消除知見障呢？對自己所認識的一種知識或真理的執著，是不是知識程度愈高的人，就愈容易有這種執著？\r\n\r\n讓我們恭請聖嚴法師來為我們開示。\r\n\r\n更多線上課程：http://www.dharmaschool.com/index.html');
INSERT INTO videos(vid, pid, title, description) VALUES('fNQjQuDMibg', 'PL5E045484F8F7A7C3', '知與行的關係（聖嚴法師-大法鼓 0814）', '師父談到了知見障，也談到世界上沒有絕對之真理，但是有比較的真理，所以不能因為害怕知見障而不學習。知與行的關係如何呢？有人說是知易行難，有人說是知難行易，到底那一個才對呢？\r\n\r\n讓我們恭請聖嚴法師來為我們開示。\r\n\r\n更多線上課程：http://www.dharmaschool.com/index.html');
INSERT INTO videos(vid, pid, title, description) VALUES('zXFW0jV7e9Q', 'PL5E045484F8F7A7C3', '淨化心靈的重要因素-慈悲（聖嚴法師-大法鼓 0815）', '要淨化心靈，我們應該要消除哪些障礙？破除哪些觀念？\r\n應該破除的觀念之後，我們現在來開出一些淨化心靈的良方，如果要淨化我們的心靈，想重新開始的話，我們應該放進哪些好的觀念呢？\r\n\r\n讓我們恭請聖嚴法師來為我們開示。\r\n\r\n更多線上課程：http://www.dharmaschool.com/index.html');
INSERT INTO videos(vid, pid, title, description) VALUES('rUnGUAnY6n8', 'PL5E045484F8F7A7C3', '積極與消極的區別（聖嚴法師-大法鼓 0816）', '要淨化心靈非常重要的就是要生起慈悲心，除了慈悲心以外，還有哪些觀念是非常重要的呢？坊間最近有許多關於激勵心靈的書籍，其中談到一個觀念就是積極，積極是不是很重要呢？\r\n\r\n讓我們恭請聖嚴法師來為我們開示。\r\n\r\n更多線上課程：http://www.dharmaschool.com/index.html');
INSERT INTO videos(vid, pid, title, description) VALUES('fmEKGX74liY', 'PL5E045484F8F7A7C3', '如何才能積極（聖嚴法師-大法鼓 0817）', '積極是非常重要的，我們談到積極，難免就會想到樂觀。我們都會說積極、樂觀、開朗、進取，那麼這幾個是不是相似的或是有關聯性的呢？\r\n\r\n讓我們恭請聖嚴法師來為我們開示。\r\n\r\n更多線上課程：http://www.dharmaschool.com/index.html');
INSERT INTO videos(vid, pid, title, description) VALUES('joNWSn0buIE', 'PL5E045484F8F7A7C3', '如何建立積極的人生觀（聖嚴法師-大法鼓 0818）', '我們要積極但是不要心急，這二者很難把它們釐清楚，要怎麼做到積極而不心急，怎麼樣做到積極而沒有壓力呢？\r\n\r\n讓我們恭請聖嚴法師來為我們開示。\r\n\r\n更多線上課程：http://www.dharmaschool.com/index.html');
INSERT INTO videos(vid, pid, title, description) VALUES('FjOX9DLNGs4', 'PL5E045484F8F7A7C3', '佛教是消極的嗎（聖嚴法師-大法鼓 0819）', '我們需要積極的人生觀，怎麼樣的態度是比較合理的積極？在一般人的觀念裡，佛教是相當消極的，關於這一點請教師父您的看法怎麼樣？　\r\n\r\n讓我們恭請聖嚴法師來為我們開示。\r\n\r\n更多線上課程：http://www.dharmaschool.com/index.html');
INSERT INTO videos(vid, pid, title, description) VALUES('XN6iH6Z40iM', 'PL5E045484F8F7A7C3', '如何修福與培福（聖嚴法師-大法鼓 0820）', '師父開示我們人生苦短，我們要積極的修福、培福。要怎樣修福、培福呢？有那些觀念和行為可以幫助我們修福、培福呢？\r\n\r\n讓我們恭請聖嚴法師來為我們開示。\r\n\r\n更多線上課程：http://www.dharmaschool.com/index.html');
INSERT INTO videos(vid, pid, title, description) VALUES('GZhnX_yJ4-s', 'PL5E045484F8F7A7C3', '利他的重要性（聖嚴法師-大法鼓 0821）', '在上一集裡，師父開示我們要培福，非常重要的就是要利他。利他事實上最好的就是自利，為什麼呢？\r\n\r\n讓我們恭請聖嚴法師來為我們開示。\r\n\r\n更多線上課程：http://www.dharmaschool.com/index.html');
INSERT INTO videos(vid, pid, title, description) VALUES('pr2SDihI4X4', 'PL5E045484F8F7A7C3', '利他與奉獻（奉獻的真義）（聖嚴法師-大法鼓 0822）', '師父開示我們說，利他是自利最好的方法。利他讓我們聯想到奉獻，那麼利他是不是一定要奉獻自己呢？\r\n\r\n讓我們恭請聖嚴法師來為我們開示。\r\n\r\n更多線上課程：http://www.dharmaschool.com/index.html');
INSERT INTO videos(vid, pid, title, description) VALUES('8LsaxwoSXyc', 'PL5E045484F8F7A7C3', '犧牲與奉獻的關係（聖嚴法師-大法鼓 0823）', '那麼在上一集裡，師父開示我們，用奉獻的心去利他才是最好的，最沒有負擔的。那麼提到奉獻，就會讓我們想到犧牲，因為這二個字是常常連在一起的，那麼犧牲跟奉獻又有什麼關係呢？\r\n\r\n讓我們恭請聖嚴法師來為我們開示。\r\n\r\n更多線上課程：http://www.dharmaschool.com/index.html');
INSERT INTO videos(vid, pid, title, description) VALUES('nQnw03YG_Bo', 'PL5E045484F8F7A7C3', '如何把犧牲化為奉獻（聖嚴法師-大法鼓 0824）', '在上一集裡，師父開示我們說，要用奉獻的觀念來利他，而不要用犧牲的觀念來利他。那我們是不是有辦法把犧牲化為奉獻呢？\r\n\r\n讓我們恭請聖嚴法師來為我們開示。\r\n\r\n更多線上課程：http://www.dharmaschool.com/index.html');
INSERT INTO videos(vid, pid, title, description) VALUES('EgEoIURKzzw', 'PL5E045484F8F7A7C3', '奉獻與利他的關係（聖嚴法師-大法鼓 0825）', '在上一集的節目裡，師父為我們開示了奉獻真正的意義和內涵。那麼奉獻跟佛教徒常說的利他跟利益眾生，又有什麼關係呢？\r\n\r\n讓我們恭請聖嚴法師來為我們開示。\r\n\r\n更多線上課程：http://www.dharmaschool.com/index.html');
INSERT INTO playlist(pid, cid, title, description) VALUES('PL8CD347C29EFDB046','UCq2iefWrqW0W6Hic2xA1aDg', '大法鼓0776-0800', '');
INSERT INTO videos(vid, pid, title, description) VALUES('cW1xCCbzUV8', 'PL8CD347C29EFDB046', '死往何處去(一)（聖嚴法師-大法鼓 0776）', '大部分的人恐懼死亡，是因為不知道死究竟是怎麼回事。\r\n死後又往何處去，最近生死學也非常的流行，我們就要繼續來探討一下，有關生死的問題？\r\n\r\n讓我們恭請聖嚴法師來為我們開示。\r\n\r\n更多線上課程：http://www.dharmaschool.com/index.html');
INSERT INTO videos(vid, pid, title, description) VALUES('RxVUllrof8o', 'PL8CD347C29EFDB046', '死往何處去(二)佛法的看法（聖嚴法師-大法鼓 0777）', '從佛法的觀點來說，眾生死亡之後究竟往何處去呢？\r\n我們談到一般人恐懼死亡，是不知道死亡以後會怎麼樣，會到哪裡去？　按照佛法的說法，人死後究竟往何處去呢？\r\n\r\n讓我們恭請聖嚴法師來為我們開示。\r\n\r\n更多線上課程：http://www.dharmaschool.com/index.html');
INSERT INTO videos(vid, pid, title, description) VALUES('K_7JFSInAYE', 'PL8CD347C29EFDB046', '如何做超度的佛事呢（聖嚴法師-大法鼓 0780）', '人從生到死一共有三個階段，就是本有生、死有生、中有生，又稱為中陰身。那麼在中陰身的時候超度是有用的，究竟該如何超度呢？臨死的時候再念佛又有沒有用呢？\n\n讓我們恭請聖嚴法師來為我們開示。\n\n更多線上課程：http://www.dharmaschool.com/index.html');
INSERT INTO videos(vid, pid, title, description) VALUES('z27-fm2t8UI', 'PL8CD347C29EFDB046', '超度真的有用嗎（聖嚴法師-大法鼓 0779）', '超度對中陰身是有用的，可以幫助他往生更好的地方。\r\n那究竟該如何超度呢？是不是可以自己超度還是一定要請法師來超度呢？\r\n\r\n讓我們恭請聖嚴法師來為我們開示。\r\n\r\n更多線上課程：http://www.dharmaschool.com/index.html');
INSERT INTO videos(vid, pid, title, description) VALUES('rfIwWQTcHio', 'PL8CD347C29EFDB046', '死亡的因果觀（聖嚴法師-大法鼓 0778）', '凡夫死後往那裡去？是由自己生前的作為所決定的。\n那麼這種因果的說法有沒有證據呢？人到臨死的時候，再念佛有沒有用呢？\n因果就是生前所造的因呢？決定我們死後往那裡去，這是果。\n那麼這種因果的說法，是不是有什麼證據？\n\n讓我們恭請聖嚴法師來為我們開示。\n\n更多線上課程：http://www.dharmaschool.com/index.html');
INSERT INTO videos(vid, pid, title, description) VALUES('_UrmDZsOF_4', 'PL8CD347C29EFDB046', '作惡的人念佛也能生淨土（聖嚴法師-大法鼓 0781）', '臨死的時候再念佛，有沒有用呢？怎麼念？如果做了很多的壞事，再念佛有沒有用呢？\r\n就算死前的時候轉念，動了善念，還是有用。\r\n如果一個人一生作惡多端，那臨死的時候，他就念佛，念阿彌陀佛，說我要往生淨土，他真的能往生淨土嗎？\r\n\r\n讓我們恭請聖嚴法師來為我們開示。\r\n\r\n更多線上課程：http://www.dharmaschool.com/index.html');
INSERT INTO videos(vid, pid, title, description) VALUES('-5xsu8jhqjA', 'PL8CD347C29EFDB046', '三世輪迴—前世今生（聖嚴法師-大法鼓 0782）', '很多催眠秀也是藉著催眠，讓很多人回到了前世今生。\r\n好像看到了自己的過去生，不過不曉得，是不是真的有前世今生，這些前世今生我們應該怎麼樣來看待？\r\n\r\n讓我們恭請聖嚴法師來為我們開示。\r\n\r\n更多線上課程：http://www.dharmaschool.com/index.html');
INSERT INTO videos(vid, pid, title, description) VALUES('hUsWIkXEqMY', 'PL8CD347C29EFDB046', '自卑的定義與謙虛的區別（聖嚴法師-大法鼓 0783）', '自卑跟謙虛有什麼關係呢？\r\n自卑對我們又有什麼不好的影響呢？\r\n自卑究竟是個什麼東西？　它跟謙虛是不是不同的？\r\n\r\n讓我們恭請聖嚴法師來為我們開示。\r\n\r\n更多線上課程：http://www.dharmaschool.com/index.html');
INSERT INTO videos(vid, pid, title, description) VALUES('Pt_olQnaVPA', 'PL8CD347C29EFDB046', '自卑的影響及對治（聖嚴法師-大法鼓 0784）', '師父談到了，自卑跟父母的教養方式，有很大的關連性。\r\n自卑究竟對一個人，會有什麼樣的不良的影響？\r\n我們又應%如何來去除自卑呢？\r\n\r\n讓我們恭請聖嚴法師來為我們開示。\r\n\r\n更多線上課程：http://www.dharmaschool.com/index.html');
INSERT INTO videos(vid, pid, title, description) VALUES('2hKyX_OYojY', 'PL8CD347C29EFDB046', '如何幫自卑者克服自卑（聖嚴法師-大法鼓 0785）', '自卑能夠替我們帶來的煩惱，我們要談談如何跟自卑的人相處？如何克服自己的自卑心態？自卑會替我們帶來種種的煩惱，那麼同時我們也發現，好像自卑的人，又另外一種心態就是自大，是不是這二種，常常是伴隨著出現。\r\n\r\n讓我們恭請聖嚴法師來為我們開示。\r\n\r\n更多線上課程：http://www.dharmaschool.com/index.html');
INSERT INTO videos(vid, pid, title, description) VALUES('GG4LicLUHVc', 'PL8CD347C29EFDB046', '佛教如何看待虛榮心（聖嚴法師-大法鼓 0786）', '從佛教的觀點，是如何來看虛榮心呢？\r\n虛榮心又會替我們帶來什麼樣的煩惱呢？\r\n虛榮的心態和虛榮的行為的呢？\r\n\r\n讓我們恭請聖嚴法師來為我們開示。\r\n\r\n更多線上課程：http://www.dharmaschool.com/index.html');
INSERT INTO videos(vid, pid, title, description) VALUES('fdO0KIZJWWA', 'PL8CD347C29EFDB046', '如何對治虛榮心（聖嚴法師-大法鼓 0787）', '虛榮可能給我們帶來種種的煩惱和痛苦，該如何克服？\r\n如何來消除虛榮心？\r\n\r\n讓我們恭請聖嚴法師來為我們開示。\r\n\r\n更多線上課程：http://www.dharmaschool.com/index.html');
INSERT INTO videos(vid, pid, title, description) VALUES('uzmw_S2ixDY', 'PL8CD347C29EFDB046', '懶惰的煩惱（聖嚴法師-大法鼓 0788）', '懶惰有什麼不好呢？懶惰會給我們帶來什麼樣的煩惱和痛苦呢？\r\n從佛法的觀點來看， 懶惰應該怎麼解釋？\r\n\r\n讓我們恭請聖嚴法師來為我們開示。\r\n\r\n更多線上課程：http://www.dharmaschool.com/index.html');
INSERT INTO videos(vid, pid, title, description) VALUES('77WDjy227gY', 'PL8CD347C29EFDB046', '如何對治懶惰（聖嚴法師-大法鼓 0789）', '可能大家在某一個階段，或是某一個時候都會有一點兒懶惰，怎麼消除呢？\n什麼樣的人叫懶惰？懶惰會替我們帶來什麼樣的煩惱？\n\n讓我們恭請聖嚴法師來為我們開示。\n\n更多線上課程：http://www.dharmaschool.com/index.html');
INSERT INTO videos(vid, pid, title, description) VALUES('hoVKoN4ZbIk', 'PL8CD347C29EFDB046', '散漫的定義及範圍（聖嚴法師-大法鼓 0790）', '散漫是什麼？散漫對我們又有什麼影響？我們又該如何克服呢？\r\n散漫跟懶惰是否有一點區別？\r\n\r\n讓我們恭請聖嚴法師來為我們開示。\r\n\r\n更多線上課程：http://www.dharmaschool.com/index.html');
INSERT INTO videos(vid, pid, title, description) VALUES('DYgofsDHZZ4', 'PL8CD347C29EFDB046', '散亂的定義範圍及對治（聖嚴法師-大法鼓 0791）', '散漫的人就好像在大霧之中茫茫然的，那麼散亂跟散漫有什麼關係呢？是不是也有所不同呢？散亂對我們又有什麼影響呢？\r\n\r\n\r\n讓我們恭請聖嚴法師來為我們開示。\r\n\r\n更多線上課程：http://www.dharmaschool.com/index.html');
INSERT INTO videos(vid, pid, title, description) VALUES('aL4sFpnOudw', 'PL8CD347C29EFDB046', '如何對治散心（聖嚴法師-大法鼓 0792）', '拜佛、念佛可去除散漫之心，讓我們學會專心，那麼散漫的心， 是不是也用同樣的方法？還是有更好的方法？來對付散亂的心。');
INSERT INTO videos(vid, pid, title, description) VALUES('MuRkoJ0bOQc', 'PL8CD347C29EFDB046', '放逸的定義及範圍（聖嚴法師-大法鼓 0793）', '什麼是放逸呢？休閒跟散心、消遣算不算也是放逸呢？\r\n放逸比懈怠還要更進一步，比懈怠還不好，跟懶惰比起來呢？\r\n那放逸跟放肆又有何不同？\r\n\r\n\r\n讓我們恭請聖嚴法師來為我們開示。\r\n\r\n更多線上課程：http://www.dharmaschool.com/index.html');
INSERT INTO videos(vid, pid, title, description) VALUES('GjVCCOFlgKQ', 'PL8CD347C29EFDB046', '做點小小的壞事有何影響（聖嚴法師-大法鼓 0794）', '所謂的放逸，就是做點小壞事，那麼做點小壞事， 對自己、對別人會有什麼樣的影響呢？偶爾做點小壞事，是不是無傷大雅呢？');
INSERT INTO videos(vid, pid, title, description) VALUES('cfsXAhgUdWc', 'PL8CD347C29EFDB046', '狡猾的定義及影響（聖嚴法師-大法鼓 0795）', '什麼是狡猾？從佛法的觀點是怎麼看狡猾，狡猾有什麼不好？ 狡猾有時候是不是也是一種自保的方法呢？有時甚至還可以獲利，是不是對自己有什麼不好呢？\r\n\r\n\r\n讓我們恭請聖嚴法師來為我們開示。\r\n\r\n更多線上課程：http://www.dharmaschool.com/index.html');
INSERT INTO videos(vid, pid, title, description) VALUES('_4A-S6EImq0', 'PL8CD347C29EFDB046', '狡猾與妄語的區別（聖嚴法師-大法鼓 0796）', '現代這個社會裡面，太直了不好，所以要所謂社會化一點，或者有的人說要圓熟一點，狡猾跟所謂的社會化，或者跟圓熟是不是也有什麼樣的關聯性，或有什麼關係？');
INSERT INTO videos(vid, pid, title, description) VALUES('xifqipF9tkk', 'PL8CD347C29EFDB046', '虛偽的影響（聖嚴法師-大法鼓 0797）', '我們談跟狡猾有點關係的虛偽，或者是假客氣、虛客氣，台灣話叫ㄍㄟ ㄙㄨㄟˋ ㄖㄧ，這有什麼不好呢？我們又如何來去除呢？\r\n\r\n讓我們恭請聖嚴法師來為我們開示。\r\n\r\n更多線上課程：http://www.dharmaschool.com/index.html');
INSERT INTO videos(vid, pid, title, description) VALUES('qGIAAwD7Dtg', 'PL8CD347C29EFDB046', '虛偽的人的內心世界（聖嚴法師-大法鼓 0798）', '在上一集裡我們談到了虛偽，也談到了一個故事，就是有一位先生，他在很多人眼裡，都是一個好爸爸、好丈夫，可是死後他的太太卻發現，他原來早已有了外遇，還有了孩子，那麼一個人能夠虛偽到這種程度，他的內心是不是有什麼樣的痛苦呢？\r\n\r\n讓我們恭請聖嚴法師來為我們開示。\r\n\r\n更多線上課程：http://www.dharmaschool.com/index.html');
INSERT INTO videos(vid, pid, title, description) VALUES('X0jl2K54R4k', 'PL8CD347C29EFDB046', '知慚愧的好處(佛法對慚愧的看法)（聖嚴法師-大法鼓 0799）', '我們知道在這個佛法裡，是非常重視慚愧心，那麼為什麼佛法那麼重視慚愧？不知慚愧對人對己，會有什麼樣的影響，又會帶來什麼樣的煩惱呢？\r\n\r\n讓我們恭請聖嚴法師來為我們開示。\r\n\r\n更多線上課程：http://www.dharmaschool.com/index.html');
INSERT INTO videos(vid, pid, title, description) VALUES('5Av7ddZZoaw', 'PL8CD347C29EFDB046', '不知慚愧的影響（聖嚴法師-大法鼓 0800）', '師父談到知所慚愧能夠讓我們停止墮落、沈淪，而日有精進，但是常常生起慚愧之心，會不會讓我們慚愧成自然，而失去了作用呢？不知慚愧對整個社會來講或對人心來講，會有什麼樣的影響？\r\n\r\n讓我們恭請聖嚴法師來為我們開示。\r\n\r\n更多線上課程：http://www.dharmaschool.com/index.html');
INSERT INTO playlist(pid, cid, title, description) VALUES('PLAE9C0AD1C0BBF231','UCq2iefWrqW0W6Hic2xA1aDg', '大法鼓0751-0775', '');
INSERT INTO videos(vid, pid, title, description) VALUES('j1oSJI-_0e8', 'PLAE9C0AD1C0BBF231', '人性是不是一定多疑（聖嚴法師-大法鼓 0751）', '在上一集裡，師父談到了疑，是猶疑，是優柔寡斷，是狐疑，是信心不足，對人對事都會有妨礙。那怎麼樣去疑呢？人是不是真的生性多疑呢？我們要繼續的來為您探討。\r\n\r\n讓我們恭請聖嚴法師來為我們開示。\r\n\r\n更多線上課程：http://www.dharmaschool.com/index.html');
INSERT INTO videos(vid, pid, title, description) VALUES('4OUUnTH3pYk', 'PLAE9C0AD1C0BBF231', '去除疑心的方法（聖嚴法師-大法鼓 0752）', '在上一集裡，師父談到了現代人不能不多疑，但是過分的多疑可能會給自己帶來很多的煩惱。我們要怎麼樣的去除疑這種根性，可是又不致於讓自己受騙上當呢？\r\n\r\n讓我們恭請聖嚴法師來為我們開示。\r\n\r\n更多線上課程：http://www.dharmaschool.com/index.html');
INSERT INTO videos(vid, pid, title, description) VALUES('Pfw3x5craI0', 'PLAE9C0AD1C0BBF231', '疑對身心的影響（聖嚴法師-大法鼓 0753）', '我們談完了疑，我們要繼續來談疑慮跟憂慮。現代人的疑慮和憂慮似乎特別多，所以我們常說生年不滿百，常懷千歲憂。那疑慮和憂慮對我們來講又有什麼不好和影響呢？\r\n\r\n讓我們恭請聖嚴法師來為我們開示。\r\n\r\n更多線上課程：http://www.dharmaschool.com/index.html');
INSERT INTO videos(vid, pid, title, description) VALUES('qKS52vbhDiM', 'PLAE9C0AD1C0BBF231', '疑的對治（聖嚴法師-大法鼓 0754）', '我們要繼續來談憂慮跟疑慮。現代人似乎憂慮和疑慮都特別多，這是因為我們的身處的環境的變動特別得快，資訊也特別的多，有的時候這些資訊還是互相抵觸的，所以難免就讓我們不知如何是好？那麼究竟現代人要如何去除憂慮和疑慮\r\n所帶給我們的不良影響呢？\r\n\r\n讓我們恭請聖嚴法師來為我們開示。\r\n\r\n更多線上課程：http://www.dharmaschool.com/index.html');
INSERT INTO videos(vid, pid, title, description) VALUES('FwkCt2_i65g', 'PLAE9C0AD1C0BBF231', '死懼的定義及分別（聖嚴法師-大法鼓 0755）', '談完了憂慮和疑慮，接下來我們要來談一談跟憂慮跟疑慮有點關係的恐懼。現代人也常常活在恐懼之中，那麼恐懼對我們有什麼影響，我們應該如何來去除恐懼呢？\r\n\r\n讓我們恭請聖嚴法師來為我們開示。\r\n\r\n更多線上課程：http://www.dharmaschool.com/index.html');
INSERT INTO videos(vid, pid, title, description) VALUES('xIeI8EImRxc', 'PLAE9C0AD1C0BBF231', '恐懼對自我能力的影響（聖嚴法師-大法鼓 0756）', '在上一集節目裡，師父談到恐懼重則使人死亡，輕呢也會束縛個人的能力，那我們要怎樣去除恐懼對我們的影響呢？恐懼跟心經裡面所提到的恐怖，是不是一樣的呢？\r\n\r\n讓我們恭請聖嚴法師來為我們開示。\r\n\r\n更多線上課程：http://www.dharmaschool.com/index.html');
INSERT INTO videos(vid, pid, title, description) VALUES('QKDXnaBl9Bk', 'PLAE9C0AD1C0BBF231', '如何去除恐懼（聖嚴法師-大法鼓 0757）', '一連談了好幾集的恐懼，不曉得您是不是心中也常常有恐懼，怕這、怕那！那究竟怎麼來去除恐懼，或者說讓自己有免於恐懼的自由呢？\r\n\r\n讓我們恭請聖嚴法師來為我們開示。\r\n\r\n更多線上課程：http://www.dharmaschool.com/index.html');
INSERT INTO videos(vid, pid, title, description) VALUES('Yeey-rm1wtk', 'PLAE9C0AD1C0BBF231', '妄語的定義（聖嚴法師-大法鼓 0758）', '從今天開始，我們要談一連串跟說話有關的問題。也就是說因為說話，我們會常常引起很多的麻煩！譬如說妄言、綺語、兩舌、惡口，這些話到底是什麼意思？那麼它們對我們又有什麼樣的影響？\r\n\r\n讓我們恭請聖嚴法師來為我們開示。\r\n\r\n更多線上課程：http://www.dharmaschool.com/index.html');
INSERT INTO videos(vid, pid, title, description) VALUES('i5cVwGiDw3U', 'PLAE9C0AD1C0BBF231', '妄語（自我推銷）（聖嚴法師-大法鼓 0759）', '今天我們要繼續來談一談「妄語」。有人說現在是一個公關的時代，所以呢要勤於自我推銷，也就是說要自我吹噓。那麼這樣自我吹噓，自我膨脹或者說自我推銷，算不算也是一種妄語呢？\r\n\r\n讓我們恭請聖嚴法師來為我們開示。\r\n\r\n更多線上課程：http://www.dharmaschool.com/index.html');
INSERT INTO videos(vid, pid, title, description) VALUES('NYng-T3F57Q', 'PLAE9C0AD1C0BBF231', '綺語（白色謊言算嗎（聖嚴法師-大法鼓 0760）', '師父談到了說自我吹噓、自我膨脹是要不得的。不過我們如果常常說一些好聽的話讓別人聽，或說一些白色的謊言，那算不算也算犯了妄語跟綺語的戒呢？\r\n\r\n讓我們恭請聖嚴法師來為我們開示。\r\n\r\n更多線上課程：http://www.dharmaschool.com/index.html');
INSERT INTO videos(vid, pid, title, description) VALUES('uMrBE3ETYUg', 'PLAE9C0AD1C0BBF231', '白色謊言算不算妄語（聖嚴法師-大法鼓 0761)', '因為言語而給我們帶來的煩惱，今天我們要繼續來談這方面的問題。譬如說：我們常常因為情況必須，而說一些白色的謊言，這算不算也算犯戒呢？有的時候我們說一些很真實但是很傷人的話，這是不是也是不好的呢？\r\n\r\n讓我們恭請聖嚴法師來為我們開示。\r\n\r\n更多線上課程：http://www.dharmaschool.com/index.html');
INSERT INTO videos(vid, pid, title, description) VALUES('58QQKaIAmEY', 'PLAE9C0AD1C0BBF231', '兩舌的真義及原因（聖嚴法師-大法鼓 0762）', '因為說話所引起來的一些問題，譬如說：有些婦女常常喜歡聚在一起聊天。東家長西家短，這算不算兩舌呢？\r\n如果老師或者是父母責備管教子女的時候怒目相向， 這又算不算惡口呢？\r\n\r\n讓我們恭請聖嚴法師來為我們開示。\r\n\r\n更多線上課程：http://www.dharmaschool.com/index.html');
INSERT INTO videos(vid, pid, title, description) VALUES('xhejSJ3v5v8', 'PLAE9C0AD1C0BBF231', '兩舌的起因（聖嚴法師-大法鼓 0763）', '妄言、綺語、兩舌、惡口，對人對己究竟會造成什麼樣的傷害？我們又應該如何來避免？\r\n\r\n\r\n\r\n\r\n讓我們恭請聖嚴法師來為我們開示。\r\n\r\n更多線上課程：http://www.dharmaschool.com/index.html');
INSERT INTO videos(vid, pid, title, description) VALUES('4Q99o3NkbAE', 'PLAE9C0AD1C0BBF231', '何謂惡口（聖嚴法師-大法鼓 0764）', '惡口是什麼？惡口又如何避免，惡口對我們又有什麼妨礙呢？父母或者是老師管教子女偶爾用惡口，用得恰到好處的話。還是對子女有用的，可是如果經常惡口的話，可能就會對子女造成很大的傷害。\r\n\r\n\r\n讓我們恭請聖嚴法師來為我們開示。\r\n\r\n更多線上課程：http://www.dharmaschool.com/index.html');
INSERT INTO videos(vid, pid, title, description) VALUES('Abf3rZVbEa8', 'PLAE9C0AD1C0BBF231', '妄念與心的關係（聖嚴法師-大法鼓 0765）', '妄言綺語兩舌惡口到底是什麼東西？以及他有什麼樣的壞處。究竟這些壞習慣跟我們的心，有沒有一些關連性？\r\n我們又如何來戒除這種口頭上的壞習慣呢？\r\n\r\n\r\n讓我們恭請聖嚴法師來為我們開示。\r\n\r\n更多線上課程：http://www.dharmaschool.com/index.html');
INSERT INTO videos(vid, pid, title, description) VALUES('YfIMDkMd3sw', 'PLAE9C0AD1C0BBF231', '嫉妒（聖嚴法師-大法鼓 0766）', '當您覺得別人比你好的時候，或者是有一個人在你的面前\r\n稱讚另外一個人的時候，您心裡會不會覺得不舒服呢？\r\n如果會的話，那麼您可能是在嫉妒了。\r\n嫉妒心因何而起，嫉妒對我們又有什麼影響呢？\r\n\r\n讓我們恭請聖嚴法師來為我們開示。\r\n\r\n更多線上課程：http://www.dharmaschool.com/index.html');
INSERT INTO videos(vid, pid, title, description) VALUES('AVEMaYU5b6Q', 'PLAE9C0AD1C0BBF231', '如何去除嫉妒心（聖嚴法師-大法鼓 0767）', '忌妒會讓人變醜，而且忌妒者他眼中的世界是扭曲的。\r\n所以說忌妒對一個人影響很大，我們究竟如何來去除忌妒心呢？\r\n\r\n讓我們恭請聖嚴法師來為我們開示。\r\n\r\n更多線上課程：http://www.dharmaschool.com/index.html');
INSERT INTO videos(vid, pid, title, description) VALUES('dzu5jOlFtQQ', 'PLAE9C0AD1C0BBF231', '怨恨的原因（聖嚴法師-大法鼓768）', '西方有一句諺語說，當你怨恨一個人的時候，你就成了他的奴隸。那麼怨恨心究竟因何而起，怨恨心對我們又有什麼不良的影響呢？\r\n\r\n讓我們恭請聖嚴法師來為我們開示。\r\n\r\n更多線上課程：http://www.dharmaschool.com/index.html');
INSERT INTO videos(vid, pid, title, description) VALUES('BMpvBwqbpQw', 'PLAE9C0AD1C0BBF231', '怨恨的對象及如何對治（聖嚴法師-大法鼓 0769）', '有一句俗話說「情到深處無怨尤」，可是師父在上一集裡又開示我們說，怨恨最容易發生在親近的人中間，那究竟我們該怎樣來避免生起怨恨之心？有了怨恨之心，應該怎麼消除呢？\r\n\r\n讓我們恭請聖嚴法師來為我們開示。\r\n\r\n更多線上課程：http://www.dharmaschool.com/index.html');
INSERT INTO videos(vid, pid, title, description) VALUES('065tCYXkH0I', 'PLAE9C0AD1C0BBF231', '執著—擇善固執（聖嚴法師-大法鼓 0770）', '什麼是執著？\r\n執著跟固執有沒有不同呢？\r\n執著又有什麼不好呢？\r\n執著跟意志力是一樣的嗎？\r\n\r\n讓我們恭請聖嚴法師來為我們開示。\r\n\r\n更多線上課程：http://www.dharmaschool.com/index.html');
INSERT INTO videos(vid, pid, title, description) VALUES('JqfhQZvrTH8', 'PLAE9C0AD1C0BBF231', '執著與真理（聖嚴法師-大法鼓 0771）', '執著就是因為有我在，我們也常聽說佛法裡面有一個詞叫我執，那麼執著跟我執，是不是一樣的東西呢？\r\n執著會帶來很多的痛苦，可是我們也常常知道「擇善固執」\r\n或者有一種他非常堅持原則，這樣子是不是好的呢？\r\n\r\n讓我們恭請聖嚴法師來為我們開示。\r\n\r\n更多線上課程：http://www.dharmaschool.com/index.html');
INSERT INTO videos(vid, pid, title, description) VALUES('iRJNLMurhBY', 'PLAE9C0AD1C0BBF231', '如何去除執著--佛法非永恆（聖嚴法師-大法鼓 0772）', '我們談到執著的人，心裡罣礙很多。\r\n過分我執，常常也是因為稜角太多，刺得別人滿身是傷，\r\n怎麼樣消除執著和我執呢？\r\n就是我們常說，吾愛吾師，但吾更愛真理，對真理的執著是不是也是一種執著呢？\r\n\r\n讓我們恭請聖嚴法師來為我們開示。\r\n\r\n更多線上課程：http://www.dharmaschool.com/index.html');
INSERT INTO videos(vid, pid, title, description) VALUES('qaceMM_KODw', 'PLAE9C0AD1C0BBF231', '如何去除執著（聖嚴法師-大法鼓 0773）', '原則、真理甚至連佛法都不是永恆的，都是階段性。\r\n然後到了最後都應該要消除，都應該不要執著。\r\n那我們究竟應該如何來去除這種執著？\r\n\r\n讓我們恭請聖嚴法師來為我們開示。\r\n\r\n更多線上課程：http://www.dharmaschool.com/index.html');
INSERT INTO videos(vid, pid, title, description) VALUES('b5corDEXPT4', 'PLAE9C0AD1C0BBF231', '如何去除生死的執著（聖嚴法師-大法鼓 0774）', '師父提到用分析法、用體驗法，可以消除自我中心，去除我執。但是生死的我執、生死的執著要怎麼破除呢？\r\n很多的執著都比較容易破，生死的執著對每個人來講，都是一個很大的難關，很難看破。\r\n\r\n讓我們恭請聖嚴法師來為我們開示。\r\n\r\n更多線上課程：http://www.dharmaschool.com/index.html');
INSERT INTO videos(vid, pid, title, description) VALUES('Sit5b0qRRms', 'PLAE9C0AD1C0BBF231', '人對死亡的死懼--瀕死經驗（聖嚴法師-大法鼓 0775）', '我們談到眾生看不破生死，然後執著於生命，很大的一部分理由是由於對死亡的恐懼。那麼死亡究竟是不是值得我們這麼恐懼呢？　如何看破死亡的恐懼呢？\r\n\r\n讓我們恭請聖嚴法師來為我們開示。\r\n\r\n更多線上課程：http://www.dharmaschool.com/index.html');
INSERT INTO playlist(pid, cid, title, description) VALUES('PLD05615A2B5DB9541','UCq2iefWrqW0W6Hic2xA1aDg', '大法鼓0726-0750', '');
INSERT INTO videos(vid, pid, title, description) VALUES('o318GGtoYyM', 'PLD05615A2B5DB9541', '佛經裡如何看「心」（聖嚴法師-大法鼓 0726）', '佛法裡面關於心的經典還有哪些？它們又提出什麼樣的一些理論？佛教裡面對心的看法又是甚麼呢?\r\n\r\n讓我們恭請聖嚴法師來為我們開示。\r\n\r\n更多線上課程：http://www.dharmaschool.com/index.html');
INSERT INTO videos(vid, pid, title, description) VALUES('Qt63U4IOfLQ', 'PLD05615A2B5DB9541', '佛陀的智慧為何（一）（聖嚴法師-大法鼓 0727）', '起心動念對每一個人來說都非常的重要，因為你會以為起心動念之後，這個心念消失了，力量就沒有了。可是事實上，它的力量是存在的、延續的。我們知道坊間最近有一本書非常暢銷叫腦內革命，它完全從另外一個觀點提出一個跟這個相似的理論，它就是說：當我們的心念起來，這個心念是好的時候，我們的身體之內會分泌一種好的酵素；當我們的念頭是不好的、是生氣的、消極的，會分泌另外一種內分泌，那個對我們身體是有害的。我們要怎麼樣看這兩者之間的這個說明呢?\r\n\r\n讓我們恭請聖嚴法師來為我們開示。\r\n\r\n更多線上課程：http://www.dharmaschool.com/index.html');
INSERT INTO videos(vid, pid, title, description) VALUES('Acs5lXucykI', 'PLD05615A2B5DB9541', '佛陀的智慧為何（二）（聖嚴法師-大法鼓 0728）', '佛陀為什麼能夠在二千多年前，就能夠洞悉凡夫的心理、洞悉宇宙的真理？\r\n佛陀的智慧是一種什麼樣的智慧呢?\r\n\r\n讓我們恭請聖嚴法師來為我們開示。\r\n\r\n更多線上課程：http://www.dharmaschool.com/index.html');
INSERT INTO videos(vid, pid, title, description) VALUES('JAI_lZuyhCY', 'PLD05615A2B5DB9541', '如何去除煩惱（妄念與正念）（聖嚴法師-大法鼓 0729）', '凡夫只要去除煩惱，智慧就會逐漸的顯現，那麼要怎麼的來去除煩惱呢？\r\n\r\n讓我們恭請聖嚴法師來為我們開示。\r\n\r\n更多線上課程：http://www.dharmaschool.com/index.html');
INSERT INTO videos(vid, pid, title, description) VALUES('5CoYw1zqLAU', 'PLD05615A2B5DB9541', '去除妄念的方法（大小煩惱）（聖嚴法師-大法鼓 0730）', '我們要去除煩惱、開發自己的智慧，要用正念來取代妄念。如果我們想要去除妄念、用正念來取代妄念的話，我們第一步該做的是什麼？我們最先應該去除的是什麼呢？\r\n讓我們恭請聖嚴法師來為我們開示。\r\n\r\n更多線上課程：http://www.dharmaschool.com/index.html');
INSERT INTO videos(vid, pid, title, description) VALUES('Fm3Kydm59Rk', 'PLD05615A2B5DB9541', '貪（需要與想要）（聖嚴法師-大法鼓 0731）', '在上一集節目裡呢，師父談到了貪是根本煩惱裡面最重要的一個，要去除煩惱就要戒貪。那麼今天呢，我們要繼續深入的來探討如何戒貪，以及貪到底是什麼東西？師父上次提到了貪求這個財色名食睡就算是貪五欲，可是呢孔老夫子他也說過食色性也！那究竟這二者之間有沒有矛盾的地方呢？\r\n\r\n讓我們恭請聖嚴法師來為我們開示。\r\n\r\n更多線上課程：http://www.dharmaschool.com/index.html');
INSERT INTO videos(vid, pid, title, description) VALUES('ZpLwm2B2HJQ', 'PLD05615A2B5DB9541', '貪的好壞程度（聖嚴法師-大法鼓 0732）', '在上一集的節目裡，師父為我們說明了，貪是不是有好壞程度之別。今天我們要就這個題目繼續深入下去，恭請師父再為我們解釋一下，貪的好壞程度，究竟是用什麼樣來區分？\r\n\r\n讓我們恭請聖嚴法師來為我們開示。\r\n\r\n更多線上課程：http://www.dharmaschool.com/index.html');
INSERT INTO videos(vid, pid, title, description) VALUES('sVFGh3bXoEg', 'PLD05615A2B5DB9541', '佛法觀點看黛妃死亡的啟發（聖嚴法師-大法鼓 0733）', '最近英國王妃黛安娜因為車禍突然死亡，帶給世人很大的震撼。從佛法的觀點，究竟是如何來看待黛安娜王妃突然死亡這件事呢？\r\n\r\n讓我們恭請聖嚴法師來為我們開示。\r\n\r\n更多線上課程：http://www.dharmaschool.com/index.html');
INSERT INTO videos(vid, pid, title, description) VALUES('y-k_bP01LBw', 'PLD05615A2B5DB9541', '如何戒貪（布施戒貪財）（聖嚴法師-大法鼓 0734）', '好幾集以來，師父一直為我們分析，貪究竟有什麼壞處，以及什麼是貪。今天我們要繼續來探討，如何來戒貪？\r\n\r\n讓我們恭請聖嚴法師來為我們開示。\r\n\r\n更多線上課程：http://www.dharmaschool.com/index.html');
INSERT INTO videos(vid, pid, title, description) VALUES('Nrk4xg_I6NE', 'PLD05615A2B5DB9541', '如何戒貪（戒貪名位）（聖嚴法師-大法鼓 0735）', '在幾集以來，師父一再告訴我們，貪是六根的煩惱之首，同時也是三毒之首，會帶給我們很多的煩惱。上次師父談到了布施可以戒貪財，那麼如何來戒貪名位、貪權力呢？\r\n\r\n讓我們恭請聖嚴法師來為我們開示。\r\n\r\n更多線上課程：http://www.dharmaschool.com/index.html');
INSERT INTO videos(vid, pid, title, description) VALUES('UW8_KFaEVXI', 'PLD05615A2B5DB9541', '如何戒貪（戒貪權勢）（聖嚴法師-大法鼓 0736）', '今天我們要繼續來談貪的問題，我想名位權力這些是人人都想追求的東西，可是在追求的過程當中，如何不落入貪？如何不起煩惱就必須要有智慧了。\r\n\r\n讓我們恭請聖嚴法師來為我們開示。\r\n\r\n更多線上課程：http://www.dharmaschool.com/index.html');
INSERT INTO videos(vid, pid, title, description) VALUES('PNIzcUIAZ1E', 'PLD05615A2B5DB9541', '何謂慳（聖嚴法師-大法鼓 0737）', '談完了有關貪的種種問題，今天開始我們要來談跟貪有點關係的「慳」。慳也就是說小氣、吝嗇、捨不得，究竟慳吝對我們來說又有什麼壞處呢？\r\n\r\n讓我們恭請聖嚴法師來為我們開示。\r\n\r\n更多線上課程：http://www.dharmaschool.com/index.html');
INSERT INTO videos(vid, pid, title, description) VALUES('Wu70H7kz4VU', 'PLD05615A2B5DB9541', '慳和小氣和浪費的調和（聖嚴法師-大法鼓 0738）', '在上一集節目裡，師父談到慳，慳這種習性會讓我們不得人緣，失去朋友，同時自我也不能成長。那怎麼來戒慳？慳這麼不好，有沒有一個很好的辦法來戒慳？\r\n\r\n讓我們恭請聖嚴法師來為我們開示。\r\n\r\n更多線上課程：http://www.dharmaschool.com/index.html');
INSERT INTO videos(vid, pid, title, description) VALUES('ywk1udWbljs', 'PLD05615A2B5DB9541', '清貧生活是不是慳（聖嚴法師-大法鼓 0739）', '在上一次，我們談到如何來戒慳。最近有一種思潮相當流行，那就是叫清貧生活，或者叫簡單過生活。簡單過生活或者清貧生活，跟慳有什麼關係呢？\r\n\r\n讓我們恭請聖嚴法師來為我們開示。\r\n\r\n更多線上課程：http://www.dharmaschool.com/index.html');
INSERT INTO videos(vid, pid, title, description) VALUES('U3i1Lr83md0', 'PLD05615A2B5DB9541', '瞋的定義及影響（聖嚴法師-大法鼓 0740）', '談完了貪和慳，接下來我們要來談「瞋」。有人說現在的人瞋心很重，也有人說我們社會充滿了暴戾之氣。「瞋」究竟是什麼？它跟暴戾之氣有沒有什麼關係呢？\r\n\r\n讓我們恭請聖嚴法師來為我們開示。\r\n\r\n更多線上課程：http://www.dharmaschool.com/index.html');
INSERT INTO videos(vid, pid, title, description) VALUES('5sInMRYejPo', 'PLD05615A2B5DB9541', '如何戒瞋（聖嚴法師-大法鼓 0741）', '在上一次的節目裡，師父開示我們說，瞋是心中火，如果心中常起瞋心的話呢，就等於是慢性自殺。那麼如何避免慢性自殺，如何來戒瞋呢？\r\n\r\n讓我們恭請聖嚴法師來為我們開示。\r\n\r\n更多線上課程：http://www.dharmaschool.com/index.html');
INSERT INTO videos(vid, pid, title, description) VALUES('dLqtN9Ml8J0', 'PLD05615A2B5DB9541', '瞋對身心的妨礙（EQ）（聖嚴法師-大法鼓 0742）', '上一集的節目裡，師父給我們開示了很多戒瞋的方法，最近也相當流行EQ，那麼瞋跟EQ有什麼關係呢？\r\n\r\n讓我們恭請聖嚴法師來為我們開示。\r\n\r\n更多線上課程：http://www.dharmaschool.com/index.html');
INSERT INTO videos(vid, pid, title, description) VALUES('nj8WqQfdfjk', 'PLD05615A2B5DB9541', '癡的定義（聖嚴法師-大法鼓 0743）', '在上次的節目裡，我們談到了瞋，瞋對身心健康的妨礙。今天我們要談另外一個根本煩惱之一就是癡。那癡是什麼呢？我們常說這個人很癡心，那麼佛教說的癡跟癡心的癡是不是相同呢？\r\n\r\n讓我們恭請聖嚴法師來為我們開示。\r\n\r\n更多線上課程：http://www.dharmaschool.com/index.html');
INSERT INTO videos(vid, pid, title, description) VALUES('6nxxdLFNmOM', 'PLD05615A2B5DB9541', '癡對身心的妨礙（聖嚴法師-大法鼓 0744）', '在上一集節目裡，師父談到「癡」呢，就是事理不明，黑白顛倒叫做癡。「癡」對人體身心健康又會有什麼妨害呢？我們要如何去「癡」？\r\n\r\n讓我們恭請聖嚴法師來為我們開示。\r\n\r\n更多線上課程：http://www.dharmaschool.com/index.html');
INSERT INTO videos(vid, pid, title, description) VALUES('SC4Yeuq4LfM', 'PLD05615A2B5DB9541', '如何跳脫癡所帶來的煩惱（聖嚴法師-大法鼓 0745）', '在上一集裡面，師父提到所謂「癡」就是以苦為樂，以不清淨為清淨，以非我為我，以及以無常為常。這樣就會替自己帶來無窮無盡的煩惱，那麼怎樣跳脫這些煩惱呢？\r\n\r\n讓我們恭請聖嚴法師來為我們開示。\r\n\r\n更多線上課程：http://www.dharmaschool.com/index.html');
INSERT INTO videos(vid, pid, title, description) VALUES('mdsxiZFt624', 'PLD05615A2B5DB9541', '慢的定義及範圍（聖嚴法師-大法鼓 0746）', '談完了六個根本煩惱之一的癡，我們要繼續來談慢。慢是什麼呢？慢可不是我們一般所說的做事很慢、緩慢，而是說傲慢，也就是我們常聽到的貢高我慢。那慢心它會怎麼樣的呈現？它對我們又有什麼樣的妨礙，它為什麼是六根本煩惱之一呢？\r\n\r\n讓我們恭請聖嚴法師來為我們開示。\r\n\r\n更多線上課程：http://www.dharmaschool.com/index.html');
INSERT INTO videos(vid, pid, title, description) VALUES('8ni9Yq_lgLk', 'PLD05615A2B5DB9541', '慢與自負（聖嚴法師-大法鼓 0747）', '在上一次節目裡，師父談到了「慢」。慢呢，可以分為我慢、卑劣慢和傲慢。那麼凡是人呢，多多少少的會有一點慢心。慢心會給我們帶來什麼樣的煩惱？我們又如何來去除這個慢心呢？\r\n\r\n讓我們恭請聖嚴法師來為我們開示。\r\n\r\n更多線上課程：http://www.dharmaschool.com/index.html');
INSERT INTO videos(vid, pid, title, description) VALUES('yvf1qBEakiM', 'PLD05615A2B5DB9541', '去除慢心的方法──謙虛、奉獻（聖嚴法師-大法鼓 0748）', '在上一集的節目裡，師父談到有慢心的人，內心常常不平，所以就常常會有很多痛苦跟煩惱。那我們應該怎麼運用佛法的智慧來去除慢心呢？\r\n\r\n讓我們恭請聖嚴法師來為我們開示。\r\n\r\n更多線上課程：http://www.dharmaschool.com/index.html');
INSERT INTO videos(vid, pid, title, description) VALUES('mFSRTupNIE0', 'PLD05615A2B5DB9541', '去除慢心的方法（二）（聖嚴法師-大法鼓 0749）', '在上一集的節目裡呢，師父談到如何去除慢心，增長智慧。今天我們要繼續來談一談這個問題，希望您跟我們一起來分享佛法的智慧。\r\n\r\n讓我們恭請聖嚴法師來為我們開示。\r\n\r\n更多線上課程：http://www.dharmaschool.com/index.html');
INSERT INTO videos(vid, pid, title, description) VALUES('1wQzihv72P4', 'PLD05615A2B5DB9541', '疑的定義及範圍（聖嚴法師-大法鼓 0750）', '今天我們要談另外一個六大根本煩惱，那就是疑。疑是什麼？疑又有什麼不好呢？\r\n\r\n讓我們恭請聖嚴法師來為我們開示。\r\n\r\n更多線上課程：http://www.dharmaschool.com/index.html');
INSERT INTO playlist(pid, cid, title, description) VALUES('PL295E36439B9716C3','UCq2iefWrqW0W6Hic2xA1aDg', '大法鼓0701-0725', '');
INSERT INTO videos(vid, pid, title, description) VALUES('rIf-mVKo2Fs', 'PL295E36439B9716C3', '四攝法—愛語（聖嚴法師-大法鼓 0701）', '上一次我們談到四攝法裡的布施，今天我們要再恭請聖嚴法師為我們開示，在四攝法裡頭所說的愛語，是什麼意思？在目前這個社會我們又該如何把愛語應用在日常生活裡呢？\r\n\r\n讓我們恭請聖嚴法師來為我們開示。\r\n\r\n更多線上課程：http://www.dharmaschool.com/index.html');
INSERT INTO videos(vid, pid, title, description) VALUES('r_zTMmqrN-o', 'PL295E36439B9716C3', '四攝法──利行（聖嚴法師-大法鼓 0702）', '在前兩次的節目裡，我們說明了四攝法裡的布施跟愛語這兩種方法。那麼在四攝法裡面，也談到利行法，我們要請教聖嚴法師，四攝法裡所說的利行是什麼意思？利行對目前這個社會又有什麼幫助呢？\r\n\r\n 讓我們恭請聖嚴法師來為我們開示。\r\n\r\n更多線上課程：http://www.dharmaschool.com/index.html');
INSERT INTO videos(vid, pid, title, description) VALUES('JMwRMB-JrQ4', 'PL295E36439B9716C3', '四攝法──同事（聖嚴法師-大法鼓 0703）', '今天我們要再來談談四攝法裡的最後一個方法，也就是同事法。我們要請教聖嚴法師，四攝法裡所說的同事，和我們工作時候所說的同事，是不是一樣呢？同事法對我們的社會有什麼樣的助益呢？\r\n\r\n讓我們恭請聖嚴法師來為我們開示。\r\n\r\n更多線上課程：http://www.dharmaschool.com/index.html');
INSERT INTO videos(vid, pid, title, description) VALUES('DiY_xrBczZg', 'PL295E36439B9716C3', '直心是道場的真義與心直口快的不同（聖嚴法師-大法鼓 0704）', '六祖壇經裡說「直心是道場」，這句話所說的直心，和我們平常所說的心直口快，有什麼不同呢？直心是道場這句話，它真正的含意又是什麼呢？\r\n\r\n讓我們恭請聖嚴法師來為我們開示。\r\n\r\n更多線上課程：http://www.dharmaschool.com/index.html');
INSERT INTO videos(vid, pid, title, description) VALUES('voJrOV0tt3c', 'PL295E36439B9716C3', '如何扮演好領導人的角色（聖嚴法師-大法鼓 0705）', '在目前這個時代，社會組織愈來愈多元化，任何人都有可能擔任工作上、職務上或者是身分上的領導人，如何才能扮演好領導人的角色呢？\r\n\r\n讓我們恭請聖嚴法師來為我們開示。\r\n\r\n更多線上課程：http://www.dharmaschool.com/index.html');
INSERT INTO videos(vid, pid, title, description) VALUES('4RlVHnHPkkQ', 'PL295E36439B9716C3', '修行對提昇EQ有何幫助（聖嚴法師-大法鼓 0706）', '今天我們要來討論一個非常熱門的話題，那就是EQ，也就是所謂的情緒智商。過去大家都比較重視IQ，也就是所謂的智商，但是目前EQ的重要性似乎凌駕了IQ，什麼是EQ呢？ EQ和我們日常生活有什麼關係？\r\n\r\n讓我們恭請聖嚴法師來為我們開示。\r\n\r\n更多線上課程：http://www.dharmaschool.com/index.html');
INSERT INTO videos(vid, pid, title, description) VALUES('BTC22q6Ht5I', 'PL295E36439B9716C3', '放下與放棄跟死心的不同（聖嚴法師-大法鼓 0707）', '佛教常要我們要放下，而現在有很多人在面對困難的時候，也常用「放下，我不做了」這種態度來處理。佛法所說的放下，跟我們一般人所說的放棄跟死心，是不是一樣的呢？\r\n\r\n讓我們恭請聖嚴法師來為我們開示。\r\n\r\n更多線上課程：http://www.dharmaschool.com/index.html');
INSERT INTO videos(vid, pid, title, description) VALUES('Rj6Xgf8VI50', 'PL295E36439B9716C3', '如何平息心中怒火（聖嚴法師-大法鼓 0708）', '我們常常可以看到，當兩個人意見不一致的時候，就會出現怒容滿面，臉紅脖子粗的情形；其實這並不能解決問題，心平氣和處事才是上上策。佛教有一句話說，瞋是心中火，究竟我們該如何掌握自己，而不被瞋心所影響？當怒氣上來的時候，又該如何來平息心中的怒火呢？\r\n\r\n讓我們恭請聖嚴法師來為我們開示。\r\n\r\n更多線上課程：http://www.dharmaschool.com/index.html');
INSERT INTO videos(vid, pid, title, description) VALUES('BDYtwQVAcLY', 'PL295E36439B9716C3', '如何將佛法融入教育中（聖嚴法師-大法鼓 0709）', '曾聽人說，宗教信仰對人的內心和行為，有安定的作用。因此有些學校的老師，希望能夠用佛法的觀點來教育學生，有的父母也希望能夠用佛法來教育孩子。究竟如何才能夠將佛法的根本精神融入教育之中，讓我們國家未來的主人翁，能夠建立良好的品格，同時擁有健全的人生呢？\r\n\r\n讓我們恭請聖嚴法師來為我們開示。\r\n\r\n更多線上課程：http://www.dharmaschool.com/index.html');
INSERT INTO videos(vid, pid, title, description) VALUES('QhsTtJY1PzQ', 'PL295E36439B9716C3', '佛法中法鼓、法雨、法螺的意義（聖嚴法師-大法鼓 0710）', '佛經裡面，我們常常用法鼓、法雨跟法螺之類的名稱，來形容佛法的偉大。為什麼佛經要用這些名詞來形容？這些名詞又象徵著什麼樣的意義呢？\r\n\r\n讓我們恭請聖嚴法師來為我們開示。\r\n\r\n更多線上課程：http://www.dharmaschool.com/index.html');
INSERT INTO videos(vid, pid, title, description) VALUES('FfPxIaurUbY', 'PL295E36439B9716C3', '如何消除焦慮和恐懼（聖嚴法師-大法鼓 0711）', '人類在心裡上，通常會有二大障礙，那就是恐懼跟焦慮。受到恐懼和焦慮這兩種因素的影響，人們往往不能做出正確的抉擇，不是難以下決定而顯得過分小心，或是優柔寡斷，就是太快下決定而顯得浮躁猴急。那麼究竟我們該如何消除焦慮和恐懼，而保持平常心呢？\r\n\r\n讓我們恭請聖嚴法師來為我們開示。\r\n\r\n更多線上課程：http://www.dharmaschool.com/index.html');
INSERT INTO videos(vid, pid, title, description) VALUES('fH2lzIaNTTc', 'PL295E36439B9716C3', '「開經偈」有何意義（聖嚴法師-大法鼓 0712）', '我們在任何一部經典的第一頁，或是在大型講經法會上的時候，都可以聽到同樣的偈子：無上甚深微妙法，百千萬劫難遭遇，我今見聞得受持，願解如來真實義。我們要請教聖嚴法師，為什麼在每一場講經法會以及經典的前頁，都要誦持這個偈子呢？它有什麼特殊的含意嗎？\r\n\r\n讓我們恭請聖嚴法師來為我們開示。\r\n\r\n更多線上課程：http://www.dharmaschool.com/index.html');
INSERT INTO videos(vid, pid, title, description) VALUES('x2P8tpZfaj0', 'PL295E36439B9716C3', '佛教國際學術會議對佛教的影響（聖嚴法師-大法鼓 0713）', '最近十幾年來，台灣佛教界的觸角，逐漸伸向世界各地。除了到國外參訪弘法之外，也經常舉辦各項國際學術會議，邀請國內外著名學者共聚一堂，法鼓山也舉辦了好幾屆大型佛教國際學術會議。 我們要請教聖嚴法師，是什麼樣的因緣來舉辦這樣的活動？而這些活動對佛教又有什麼樣的影響呢？\r\n\r\n讓我們恭請聖嚴法師來為我們開示。\r\n\r\n更多線上課程：http://www.dharmaschool.com/index.html');
INSERT INTO videos(vid, pid, title, description) VALUES('JppqqEHCGA0', 'PL295E36439B9716C3', '何謂生死學（聖嚴法師-大法鼓 0714）', '最近兩、三年來，國內探討生死學的風氣相當的盛行，凡是跟生死相關的書，都非常的暢銷。那麼是什麼樣的因素，掀起了研究生死學的熱潮呢？佛教又是如何來看待生死這個問題呢？\r\n\r\n讓我們恭請聖嚴法師來為我們開示。\r\n\r\n更多線上課程：http://www.dharmaschool.com/index.html');
INSERT INTO videos(vid, pid, title, description) VALUES('iW0BsflNptg', 'PL295E36439B9716C3', '如何做到趕而不急（聖嚴法師-大法鼓 0715）', '在目前這個社會裡，每個人的步調都非常的快速，因此每個人都顯得急急忙忙，莽莽撞撞的，整天不知道在忙什麼，不知道在趕什麼？聖嚴師父常常勉勵現代人，要趕而不急，不過在這忙碌的環境中，要做到似乎很難！我們要請教聖嚴法師，要怎麼樣才能夠做到趕而不急？\r\n\r\n讓我們恭請聖嚴法師來為我們開示。\r\n\r\n更多線上課程：http://www.dharmaschool.com/index.html');
INSERT INTO videos(vid, pid, title, description) VALUES('ar-E1Zt30UY', 'PL295E36439B9716C3', '領導者如何才是善盡其職（聖嚴法師-大法鼓 0716）', '有一句俗話說，人心不同各如其面。由於人與人之間的差異性，因此無論在工作上、方法上、觀念上以及反應表達上，都會因人而異。 那麼身為一個組織中的領導者，如何讓成員同心協力，發揮整體功能，讓每一個人都能夠跟他人保持和諧融洽的關係，這是一門大學問。 身為一個領導者該如何拿捏，才能算是善盡其職呢？\r\n\r\n讓我們恭請聖嚴法師來為我們開示。\r\n\r\n更多線上課程：http://www.dharmaschool.com/index.html');
INSERT INTO videos(vid, pid, title, description) VALUES('weF0qY6RDSY', 'PL295E36439B9716C3', '小沙彌救蟻延壽的故事含義（聖嚴法師-大法鼓 0717）', '佛經上記載，有一個小沙彌從小離開父母，跟隨師父出家修道。他的師父是一個已經證得阿羅漢果的人，有一天這個師父知道，心疼的八歲小徒弟壽命將至，只剩下七天的時間了！這個師父想，得讓他回去，給父母看最後一面，因此就遣小徒弟返鄉拜見父母。那曉得七天之後，小沙彌平平安安\r\n活活潑潑地從外面回來了， 師父大吃一驚，不知道為什麼原本壽命將至的小徒弟，不僅沒死，還增加了八十歲的陽壽？我們要請聖嚴法師，來告訴我們 這個故事的內容和它的含意。\r\n\r\n讓我們恭請聖嚴法師來為我們開示。\r\n\r\n更多線上課程：http://www.dharmaschool.com/index.html');
INSERT INTO videos(vid, pid, title, description) VALUES('Wl-bDqH7480', 'PL295E36439B9716C3', '用佛法如何讓生命離苦得樂（聖嚴法師-大法鼓 0718）', '今年三月份，達賴喇嘛來台弘法的時候，提到了：生命的目的是在追尋快樂，每一個眾生都在追尋快樂，但事實上每一個眾生卻也在追尋痛苦。那麼站在佛教的立場，我們要如何離苦得樂？如何讓我們的生命快樂呢？\r\n\r\n讓我們恭請聖嚴法師來為我們開示。\r\n\r\n更多線上課程：http://www.dharmaschool.com/index.html');
INSERT INTO videos(vid, pid, title, description) VALUES('jrrEZ0e2TwY', 'PL295E36439B9716C3', '淨化人心來淨化社會（聖嚴法師-大法鼓 0719）', '面對犯罪事件日益增加的現象，前法務部長馬英九先生曾經說過，如果在上游就能夠淨化人心，那麼到了下游就不會有那麼多垃圾了。的確，如何淨化現代社會的亂象，是我們邁入二十一世紀要好好深思的問題。而法鼓山所推動的人間淨土，是不是就是解決這個社會亂象最好的一個方案呢？\r\n\r\n讓我們恭請聖嚴法師來為我們開示。\r\n\r\n更多線上課程：http://www.dharmaschool.com/index.html');
INSERT INTO videos(vid, pid, title, description) VALUES('sno069ObBl8', 'PL295E36439B9716C3', '什麼是最好的養生之道（聖嚴法師-大法鼓 0720）', '今天呢，我們要來討論一個大家都非常關心的話題，那就是如何常保健康年輕？秦始皇為了長生不老，曾經派人到海外採取長生不老藥；而現代人也為了自己的健康和年輕，費盡了心思。那什麼才是最好的養生之道呢？\r\n\r\n讓我們恭請聖嚴法師來為我們開示。\r\n\r\n更多線上課程：http://www.dharmaschool.com/index.html');
INSERT INTO videos(vid, pid, title, description) VALUES('Z5xoVauoExs', 'PL295E36439B9716C3', '發願與發誓的不同？發願有何用處（聖嚴法師-大法鼓 0721）', '我們常聽到別人說：「我發誓絕不再犯」，或者說：「我發誓怎麼怎麼怎麼」。而佛教徒則常常說：「我發願要做什麼事」，或者說：「我發了一個願」。發誓跟發願是不是同樣的意思？發願到底有什麼用處呢？\r\n讓我們恭請聖嚴法師來為我們開示。\r\n\r\n更多線上課程：http://www.dharmaschool.com/index.html');
INSERT INTO videos(vid, pid, title, description) VALUES('oWf_Xba1Wv0', 'PL295E36439B9716C3', '因緣與偶然、巧合的不同（聖嚴法師-大法鼓 0722）', '佛教徒常常說因緣不具足，我則一切隨順因緣。佛教徒的因緣觀念好像可以使人的心胸闊達，到底佛教徒所說的因緣跟民間常常說的偶然、巧合是不是相同的呢？\r\n讓我們恭請聖嚴法師來為我們開示。\r\n\r\n更多線上課程：http://www.dharmaschool.com/index.html');
INSERT INTO videos(vid, pid, title, description) VALUES('w6O5VQJHu9c', 'PL295E36439B9716C3', '心靈叢書暢銷反應何種現象（聖嚴法師-大法鼓 0723）', '坊間最近有非常多關於心靈的雜誌出版，而這些探討心靈的叢書銷路都非常的好，也就是說都成為暢銷書，這反應了一個什麼樣的現象？\r\n讓我們恭請聖嚴法師來為我們開示。\r\n\r\n更多線上課程：http://www.dharmaschool.com/index.html');
INSERT INTO videos(vid, pid, title, description) VALUES('Dxx2YtCHfM4', 'PL295E36439B9716C3', '心和物質間如何求得平衡（聖嚴法師-大法鼓 0724）', '在現代這個物質化的社會，我們的食、衣、住、行都離不開物質，\r\n聖嚴法師又說到心這麼重要，那麼心和物質之間究竟如何求取平衡呢？\r\n\r\n讓我們恭請聖嚴法師來為我們開示。\r\n\r\n更多線上課程：http://www.dharmaschool.com/index.html');
INSERT INTO videos(vid, pid, title, description) VALUES('e8xvZZYdEzA', 'PL295E36439B9716C3', '談「心」的經典和理論（聖嚴法師-大法鼓 0725）', '我們中國傳統的儒家、道家、還有從印度東傳的佛法，都非常重視「心」，也有很多的理論來闡釋「心」，關於「心」的經典和理論都非常的多， 佛法裡面談到「心」的經典也很多，比較有代表性的有哪些呢？\r\n\r\n讓我們恭請聖嚴法師來為我們開示。\r\n\r\n更多線上課程：http://www.dharmaschool.com/index.html');
INSERT INTO playlist(pid, cid, title, description) VALUES('PLC8A2C05465ED4ECC','UCq2iefWrqW0W6Hic2xA1aDg', '大法鼓0676-0700', '');
INSERT INTO videos(vid, pid, title, description) VALUES('JZ1yzhQWYIk', 'PLC8A2C05465ED4ECC', '西方極樂世界無婚姻制度（聖嚴法師-大法鼓 0676）', '在很多的寺院裡，我們常常可以看到恩愛的夫妻一起共修的畫面，讓人感覺非常的幸福和甜蜜。有一句話說：在地願為連理枝，在天願做比翼鳥。我們用這句話比喻，來世願意再成為恩愛的夫妻永不分離。我們要請教聖嚴師父，在西方極樂世界裡，是不是有婚姻制度呢？如果另一半不是佛教徒，那麼在西方極樂世界裡能夠再成為夫妻嗎？\r\n\r\n讓我們恭請聖嚴法師來為我們開示。\r\n\r\n更多線上課程：http://www.dharmaschool.com/index.html');
INSERT INTO videos(vid, pid, title, description) VALUES('xjkd973TVMQ', 'PLC8A2C05465ED4ECC', '如何善用同理心（聖嚴法師-大法鼓 0677）', '我們常說：「人同此心，心同此理」。這句話似乎跟佛教所說的慈悲心，有異曲同工之妙。但是站在不同的立場，如果用同理心同情對方，那麼很容易會失去自己的原則；如果堅持自己的立場，又顯得有點不通人情，我們該如何善用同理心才能夠既不失去原則，又通人情呢？\r\n\r\n讓我們恭請聖嚴法師來為我們開示。\r\n\r\n更多線上課程：http://www.dharmaschool.com/index.html');
INSERT INTO videos(vid, pid, title, description) VALUES('aabUJh6aUAw', 'PLC8A2C05465ED4ECC', '「先以欲勾牽後令入佛智」之義（聖嚴法師-大法鼓 0678）', '在維摩經裡，有一句經文說「先以欲勾牽，後令入佛智」那麼這句話有什麼含意呢？為什麼要入佛智之前，要先以欲來導引呢？\r\n\r\n讓我們恭請聖嚴法師來為我們開示。\r\n\r\n更多線上課程：http://www.dharmaschool.com/index.html');
INSERT INTO videos(vid, pid, title, description) VALUES('DTkMPev0au4', 'PLC8A2C05465ED4ECC', '何以三寶為真皈依處？（聖嚴法師-大法鼓 0679）', '大多數的宗教都很重視人生皈依處的問題，也希望能夠為人們解決這些問題。不過大多數宗教所提出來的皈依處，不外乎是神主、梵天或者是迷信；但是佛教卻主張以三寶為真皈依處，我們要請教聖嚴法師，為什麼三寶才是真皈依處呢？\r\n\r\n讓我們恭請聖嚴法師來為我們開示。\r\n\r\n更多線上課程：http://www.dharmaschool.com/index.html');
INSERT INTO videos(vid, pid, title, description) VALUES('a7ZEUzfDJGc', 'PLC8A2C05465ED4ECC', '何以忘記前世？記得前世好嗎？（聖嚴法師-大法鼓 0680）', '今天我們要來談一談前世今生的問題。大多數的人在生死流轉中，都會忘記自己過去世的事情，但是也有少數人知道自己的過去跟未來。我們要請教聖嚴法師，為什麼人們會忘記過去世的一切呢？如果一個人能知道自己的過去跟未來，到底是好呢？還是不好呢？\r\n\r\n讓我們恭請聖嚴法師來為我們開示。\r\n\r\n更多線上課程：http://www.dharmaschool.com/index.html');
INSERT INTO videos(vid, pid, title, description) VALUES('Rm9UOQk9D0g', 'PLC8A2C05465ED4ECC', '現代教育人員如何管教學生（聖嚴法師-大法鼓 0681）', '我們都知道佛法說要廣結善緣，但是對於現代的教育工作人員來說，在管教學生的時候，難免會對行為比較頑劣的學生有所斥責；這樣的行為是不是跟佛法所說的「廣結善緣」互相違背呢？身為現代的教育工作人員，又該怎麼做才是最好的呢？\r\n\r\n讓我們恭請聖嚴法師來為我們開示。\r\n\r\n更多線上課程：http://www.dharmaschool.com/index.html');
INSERT INTO videos(vid, pid, title, description) VALUES('6MXAlRxn5Bw', 'PLC8A2C05465ED4ECC', '何謂「四依法」？（聖嚴法師-大法鼓 0682）', '聽說佛陀在快要涅槃的時候，為了慈悲眾生，怕眾生沒有辦法辨別正邪而感情用事，就特別為大眾解說「四依法」，做為考量佛法的標準。我們要請教聖嚴師父什麼是四依法？我們依止了四依法之後，是不是就可以分別什麼是正信或者是非正信的呢？\r\n\r\n讓我們恭請聖嚴法師來為我們開示。\r\n\r\n更多線上課程：http://www.dharmaschool.com/index.html');
INSERT INTO videos(vid, pid, title, description) VALUES('ElQiMMpoG4A', 'PLC8A2C05465ED4ECC', '佛教如何看待肉身不壞（聖嚴法師-大法鼓 0683）', '在臺灣和中國大陸，都有一些出家人在圓寂之後，肉身不壞，而被信徒們供奉為「肉身菩薩」。 我們要請教聖嚴法師，在佛教的觀點，是如何看待肉身不壞這件事情的？是不是死後肉身不壞的就都是菩薩呢？\r\n\r\n讓我們恭請聖嚴法師來為我們開示。\r\n\r\n更多線上課程：http://www.dharmaschool.com/index.html');
INSERT INTO videos(vid, pid, title, description) VALUES('E-7BIvdPQSU', 'PLC8A2C05465ED4ECC', '窮子喻的含義（聖嚴法師-大法鼓 0684）', '在法華經裡面有一個窮子喻的故事，是說一個富翁，他的兒子由於從小失散，而成為乞丐的故事。我們想請師父開示，這個故事有什麼特別的含意呢？\r\n\r\n讓我們恭請聖嚴法師來為我們開示。\r\n\r\n更多線上課程：http://www.dharmaschool.com/index.html');
INSERT INTO videos(vid, pid, title, description) VALUES('DfkvrgNfXto', 'PLC8A2C05465ED4ECC', '兜率內院是什麼樣的地方？（聖嚴法師-大法鼓 0685）', '學佛的人常會鼓勵別人，要發願往生西方淨土。但是我們在佛教經典史集裡面，也會看到有一些高僧大德發願往生兜率內院，我們要請教聖嚴法師，兜率內院是個什麼樣的地方？它和西方淨土有什麼不同呢？是什麼樣的願力，讓這些高僧大德發願，要前往彌勒兜率內院呢？\r\n\r\n讓我們恭請聖嚴法師來為我們開示。\r\n\r\n更多線上課程：http://www.dharmaschool.com/index.html');
INSERT INTO videos(vid, pid, title, description) VALUES('OGAFd2ubOdY', 'PLC8A2C05465ED4ECC', '逆境時如何不執著心不隨境轉？（聖嚴法師-大法鼓 0686）', '佛法裡面常要大家認明, 我們身心所處的環境都是無常的、無我的、短暫而不真實的。如果我們能夠常常抱持著這種心態，就能夠解脫，當壞事降臨在我們身上的時候，也不會太傷心絕望了。但是生為凡夫的我們，又該如何在遇到逆境的時候，能夠不執著而做到心不隨境轉呢？\r\n\r\n讓我們恭請聖嚴法師來為我們開示。\r\n\r\n更多線上課程：http://www.dharmaschool.com/index.html');
INSERT INTO videos(vid, pid, title, description) VALUES('TDTBG4PvIJc', 'PLC8A2C05465ED4ECC', '自卑和慚愧有何不同？（聖嚴法師-大法鼓 0687）', '佛教告訴我們說要知慚愧、常懺悔，但是有的人似乎因此而喪失了自信心。我們要請教聖嚴法師，自卑和慚愧這兩者有什麼不同呢？我們又該如何避免造成自卑的心理呢？\r\n\r\n讓我們恭請聖嚴法師來為我們開示。\r\n\r\n更多線上課程：http://www.dharmaschool.com/index.html');
INSERT INTO videos(vid, pid, title, description) VALUES('XL9KCt8zvnM', 'PLC8A2C05465ED4ECC', '如何建立正確的學佛觀念（聖嚴法師-大法鼓 0688）', '有些人因為心靈空虛，轉而尋求宗教的慰藉。我們要請教聖嚴法師，這樣的學佛動機和觀念正確嗎？我們應該如何建立正確的學佛觀念呢？\r\n\r\n讓我們恭請聖嚴法師來為我們開示。\r\n\r\n更多線上課程：http://www.dharmaschool.com/index.html');
INSERT INTO videos(vid, pid, title, description) VALUES('4qp-SMk25Hs', 'PLC8A2C05465ED4ECC', '何種環境是人間淨土？（聖嚴法師-大法鼓 0689）', '佛教近代高僧太虛大師，他提倡人間佛教，印順法師跟東初老和尚也提倡人生佛教。近年來也有很多的佛教團體，大力提倡人間淨土。我們要請教聖嚴法師，什麼樣的環境才是人間淨土？身為一個現代人又該如何來建立人間淨土呢？\r\n\r\n讓我們恭請聖嚴法師來為我們開示。\r\n\r\n更多線上課程：http://www.dharmaschool.com/index.html');
INSERT INTO videos(vid, pid, title, description) VALUES('P-oJP0cugQU', 'PLC8A2C05465ED4ECC', '西方極樂世界究竟在哪裡？（聖嚴法師-大法鼓 0690）', '在佛教的彌陀經典裡，曾經形容西方極樂世界的莊嚴景象。但是在我們這個地球世界，每一個點都有面西的方向，卻沒有一個地方像佛經裡所描述的西方極樂世界一樣。我們要請教聖嚴法師，究竟西方極樂世界是在哪裡呢？\r\n\r\n讓我們恭請聖嚴法師來為我們開示。\r\n\r\n更多線上課程：http://www.dharmaschool.com/index.html');
INSERT INTO videos(vid, pid, title, description) VALUES('7lqIeY6Uv90', 'PLC8A2C05465ED4ECC', '大愛小愛衝突時如何處理面對（聖嚴法師-大法鼓 0691）', '有人主張愛自己的親屬，愛自己的家人，這種愛是小愛。而愛人類和愛一切眾生，這種愛是大愛。但是當大愛與小愛產生衝突的時候，我們該如何處理跟面對呢？\r\n\r\n讓我們恭請聖嚴法師來為我們開示。\r\n\r\n更多線上課程：http://www.dharmaschool.com/index.html');
INSERT INTO videos(vid, pid, title, description) VALUES('vJVRl5OHazM', 'PLC8A2C05465ED4ECC', '「知足常樂」的積極面（聖嚴法師-大法鼓 0692）', '在日常生活裡，我們有時候會用「知足常樂」，或者是「命裡注定有的，就是有， 沒有的就是沒有，不要太強求。」之類的話，來安慰別人對事情不要太計較。 但是這樣子，是不是太消極了呢？會不會讓人變得不求上進了呢？\r\n\r\n讓我們恭請聖嚴法師來為我們開示。\r\n\r\n更多線上課程：http://www.dharmaschool.com/index.html');
INSERT INTO videos(vid, pid, title, description) VALUES('ALDBPzAkelo', 'PLC8A2C05465ED4ECC', '熱心與多管閒事如何拿捏（聖嚴法師-大法鼓 0693）', '有的時候呢，我們會讚嘆別人熱心勇為、積極進取，但是我也常常聽到人們批評別人多管閒事、愛表現。我們要請教聖嚴法師，那麼究竟熱心跟多管閒事之間這個尺度，該如何拿捏呢？\r\n\r\n讓我們恭請聖嚴法師來為我們開示。\r\n\r\n更多線上課程：http://www.dharmaschool.com/index.html');
INSERT INTO videos(vid, pid, title, description) VALUES('NdWlK1KBY18', 'PLC8A2C05465ED4ECC', '自信心的真義及如何建立（聖嚴法師-大法鼓 0694）', '自信心是我們做人處事的原動力，有自信心的人做起事來勇往直前，而且能夠貫徹到底；缺乏自信心的人，做事卻常常畏首畏尾裹足不前。不過過度的自信，有時候也會被批評為自負，或者是過分的驕傲。我們要請問聖嚴法師，自信心的真義是什麼？我們該如何建立真正的自信心？\r\n\r\n讓我們恭請聖嚴法師來為我們開示。\r\n\r\n更多線上課程：http://www.dharmaschool.com/index.html');
INSERT INTO videos(vid, pid, title, description) VALUES('Kfm_jrmnbS0', 'PLC8A2C05465ED4ECC', '佛法如何看待複製人（聖嚴法師-大法鼓 0695）', '現代醫學相當發達，基因工程日益進步，複製動物甚至複製人，都已經不再是幻想了。不過在佛法的觀點，是如何看待複製人或複製動物這件事呢？讓我們來請教聖嚴法師的看法。\r\n\r\n讓我們恭請聖嚴法師來為我們開示。\r\n\r\n更多線上課程：http://www.dharmaschool.com/index.html');
INSERT INTO videos(vid, pid, title, description) VALUES('IWBrdweDbnY', 'PLC8A2C05465ED4ECC', '佛菩薩與醫生不會背眾生因果（聖嚴法師-大法鼓 0696）', '聖嚴法師曾經對患有重病的人開示說：把疾病交給醫生，把命運交給佛菩薩，自己就可以無憂無愁的做自己想做跟應該做的事。那麼是不是我們把疾病、命運交給了醫生、交給了佛菩薩之後，就把累劫的善惡果報也交給他們呢？讓我們來請教聖嚴法師。\r\n\r\n讓我們恭請聖嚴法師來為我們開示。\r\n\r\n更多線上課程：http://www.dharmaschool.com/index.html');
INSERT INTO videos(vid, pid, title, description) VALUES('UeyNgf_Y4pk', 'PLC8A2C05465ED4ECC', '醫生會承擔病人因果嗎？（聖嚴法師-大法鼓 0697）', '有些做醫生的人說：替人治病會把病人的災難轉變成自己的災難，把病人的果報轉變成自己的果報。我們要請教聖嚴法師，從佛法的觀點來看，這樣的說法正確嗎？\r\n\r\n讓我們恭請聖嚴法師來為我們開示。\r\n\r\n更多線上課程：http://www.dharmaschool.com/index.html');
INSERT INTO videos(vid, pid, title, description) VALUES('XRbxpXpMqYg', 'PLC8A2C05465ED4ECC', '習氣與煩惱有何不同？如何滅除？（聖嚴法師-大法鼓 0698）', '有些人的一些動作、行為，讓人家感到困擾或不舒服的時候，有的人會說這個人的煩惱重，也有的人說這個人的習氣重。我們要請教聖嚴師父，究竟習氣和煩惱有什麼不一樣呢？我們要如何改善，才能夠滅除煩惱和習氣呢？\r\n\r\n讓我們恭請聖嚴法師來為我們開示。\r\n\r\n更多線上課程：http://www.dharmaschool.com/index.html');
INSERT INTO videos(vid, pid, title, description) VALUES('viMrK6DfIF4', 'PLC8A2C05465ED4ECC', '如何做到心包太虛量周沙界的心量？（聖嚴法師-大法鼓 0699）', '我們常說「宰相肚裡能撐船」，佛經裡也有一句話說「心包太虛,量周沙界」，這都是形容心量很大的說法。我們要請教聖嚴師父，我們該怎麼樣做，才能夠達到這樣的一種心量呢？\r\n\r\n讓我們恭請聖嚴法師來為我們開示。\r\n\r\n更多線上課程：http://www.dharmaschool.com/index.html');
INSERT INTO videos(vid, pid, title, description) VALUES('aTEex0DhbuI', 'PLC8A2C05465ED4ECC', '四攝法—布施（聖嚴法師-大法鼓 0700）', '佛教的四攝法，包括有布施、利行、同事和愛語四種方法。四攝法裡的布施，和我們一般常說的布施有什麼不同呢？\r\n\r\n讓我們恭請聖嚴法師來為我們開示。\r\n\r\n更多線上課程：http://www.dharmaschool.com/index.html');
INSERT INTO playlist(pid, cid, title, description) VALUES('PL72EC17CB8686A13F','UCq2iefWrqW0W6Hic2xA1aDg', '大法鼓0651-0675', '');
INSERT INTO videos(vid, pid, title, description) VALUES('W5W6C7LWi80', 'PL72EC17CB8686A13F', '學佛目的是自求解脫還是度化眾生（聖嚴法師-大法鼓 0651）', '學佛的目的是為了自己求解脫呢？還是為了度化眾生？如果有人自私的只為了自己求解脫、成佛而學佛，這種人真的能夠解脫成佛嗎？\r\n\r\n讓我們恭請聖嚴法師來為我們開示。\r\n\r\n更多線上課程：http://www.dharmaschool.com/index.html');
INSERT INTO videos(vid, pid, title, description) VALUES('uAgIUVwBnh0', 'PL72EC17CB8686A13F', '素食者能否食用蜂王乳、魚肝油（聖嚴法師-大法鼓 0652）', '目前的社會裡，愈來愈多的人為了健康、或者是為了長養慈悲心而改吃素食，坊間的素食館也愈來愈多。不過，有些人怕吃素營養不夠，會補充一些維它命之類的營養品。但是，素食者是不是能夠食用像蜂王乳、魚肝油之類的營養品呢？\r\n\r\n讓我們恭請聖嚴法師來為我們開示。\r\n\r\n更多線上課程：http://www.dharmaschool.com/index.html');
INSERT INTO videos(vid, pid, title, description) VALUES('Ed5r7OL4-8Y', 'PL72EC17CB8686A13F', '佛教如何看待預言（聖嚴法師-大法鼓 0653）', '最近，台灣的社會相當盛行預言，譬如在每年的年底，電視上常常會安排很多的預言家，為新的一年做預言。在佛經裡頭，我們也看到佛陀曾經預言彌勒菩薩、摩訶波者波提等人，將來能夠徹悟成佛。為什麼佛陀會有這些預言？佛教又是如何看待預言呢？\r\n\r\n讓我們恭請聖嚴法師來為我們開示。\r\n\r\n更多線上課程：http://www.dharmaschool.com/index.html');
INSERT INTO videos(vid, pid, title, description) VALUES('L3rGRqSXDA0', 'PL72EC17CB8686A13F', '學佛要精進修行忌投機取巧（聖嚴法師-大法鼓 0654）', '學佛的人都希望能夠精進修行、早日成佛，有的人不禁想到：如果福德因緣成就，在這一生能夠證得聖果，或者是能夠往生西方極樂世界，有沒有可能比觀世音菩薩或大勢至菩薩，更早成佛呢？\r\n\r\n讓我們恭請聖嚴法師來為我們開示。\r\n\r\n更多線上課程：http://www.dharmaschool.com/index.html');
INSERT INTO videos(vid, pid, title, description) VALUES('KfOzZD8hlFk', 'PL72EC17CB8686A13F', '何謂三界火宅？如何跳脫（聖嚴法師-大法鼓 0655）', '「法華經」裡面將娑婆世界比喻為三界火宅。眾生，就好像居住在燃燒苦惱跟不安的火宅中而不自知，人們究竟該如何做，才能夠從苦惱跟不安的火宅中跳脫出來呢？\r\n\r\n讓我們恭請聖嚴法師來為我們開示。\r\n\r\n更多線上課程：http://www.dharmaschool.com/index.html');
INSERT INTO videos(vid, pid, title, description) VALUES('IY_KX2kO3tM', 'PL72EC17CB8686A13F', '九品蓮華如何產生（聖嚴法師-大法鼓 0656）', '台灣有很多的佛教徒在做了一件好事之後，常常喜歡念一個發願未來往生西方極樂世界的詩偈，其中有一句話是說「九品蓮華為父母」，意思是以九品的蓮華做為自己的父母，這九品蓮華是如何產生的呢？\r\n\r\n讓我們恭請聖嚴法師來為我們開示。\r\n\r\n更多線上課程：http://www.dharmaschool.com/index.html');
INSERT INTO videos(vid, pid, title, description) VALUES('gcvqPLvuF2I', 'PL72EC17CB8686A13F', '不退轉的菩薩？如何做伴侶（聖嚴法師-大法鼓 0657）', '修行淨土法門、發願往生西方阿彌陀佛極樂世界的人，常強調在極樂世界有不退轉的菩薩，做為自己的伴侶。究竟什麼是不退轉的菩薩？他們又是怎麼做我們的伴侶呢？\r\n\r\n讓我們恭請聖嚴法師來為我們開示。\r\n\r\n更多線上課程：http://www.dharmaschool.com/index.html');
INSERT INTO videos(vid, pid, title, description) VALUES('vf3qj91Dns4', 'PL72EC17CB8686A13F', '阿羅漢的我慢與一般人的我慢的差異（聖嚴法師-大法鼓 0658）', '一般人都有我慢心存在，我們看到佛經中常常說：一個人如果去除了貪、瞋、癡、慢、疑，就可以證悟阿羅漢果、解脫生死了。但是，從法華經中，我們卻看到有五百個阿羅漢還有我慢心。究竟阿羅漢的我慢心，跟一般人的我慢心有什麼不同？\r\n\r\n讓我們恭請聖嚴法師來為我們開示。\r\n\r\n更多線上課程：http://www.dharmaschool.com/index.html');
INSERT INTO videos(vid, pid, title, description) VALUES('sCsOia6vZxM', 'PL72EC17CB8686A13F', '何謂具足眾緣（聖嚴法師-大法鼓 0659）', '有些學佛的人在待人處世上都非常的謙虛，遇到有人向他道賀的時候，他們都相當客氣地回答：「慚愧,慚愧這是具足眾緣而成就的。」但，什麼是具足眾緣？既然是自己的成功，為什麼他們卻說是具足眾緣呢？\r\n\r\n讓我們恭請聖嚴法師來為我們開示。\r\n\r\n更多線上課程：http://www.dharmaschool.com/index.html');
INSERT INTO videos(vid, pid, title, description) VALUES('bUb2cAO5Ssc', 'PL72EC17CB8686A13F', '如何培養有智慧的慈悲心（聖嚴法師-大法鼓 0660）', '佛教講慈悲，認為我們對一切萬物都應該具有慈悲心。究竟，慈悲心是人人生而有之的，還是後天養成的？如果是後天培養而成的，究竟該如何培養慈悲心，成為有智慧的慈悲呢？\r\n\r\n讓我們恭請聖嚴法師來為我們開示。\r\n\r\n更多線上課程：http://www.dharmaschool.com/index.html');
INSERT INTO videos(vid, pid, title, description) VALUES('v_skKTkRP-U', 'PL72EC17CB8686A13F', '從佛法觀點看警世語（聖嚴法師-大法鼓 0661）', '中國人在勸人行善、避惡的時候常常會說「舉頭三尺有神明」、或者是「人在做,天在看」之類的話。從佛教的觀點是如何看待這一些具有警世意義的話呢？\r\n\r\n讓我們恭請聖嚴法師來為我們開示。\r\n\r\n更多線上課程：http://www.dharmaschool.com/index.html');
INSERT INTO videos(vid, pid, title, description) VALUES('QStPtnhajKc', 'PL72EC17CB8686A13F', '靈性與佛性同嗎？動物能否解脫畜牲道（聖嚴法師-大法鼓 0662）', '我們常說貓、狗、牛、或者是其他的動物很有靈性，在禪宗的公案裡，趙州禪師卻說：「狗子無佛性」。靈性跟佛性究竟是不是相同？動物能不能聽懂佛法、瞭解法師的說法，並因此離脫畜牲道呢？\r\n\r\n讓我們恭請聖嚴法師來為我們開示。\r\n\r\n更多線上課程：http://www.dharmaschool.com/index.html');
INSERT INTO videos(vid, pid, title, description) VALUES('uC9qe4XYG64', 'PL72EC17CB8686A13F', '何謂知見障（所知障）（聖嚴法師-大法鼓 0663）', '學佛的人常常會聽到「知見障」這個名詞，究竟什麼是「知見障」？什麼原因會產生「知見障」？我們又該如何避免，讓「知見障」對我們造成障礙呢？\r\n\r\n讓我們恭請聖嚴法師來為我們開示。\r\n\r\n更多線上課程：http://www.dharmaschool.com/index.html');
INSERT INTO videos(vid, pid, title, description) VALUES('k3m5BjEmqiY', 'PL72EC17CB8686A13F', '佛經中文學性的表達有何作用（聖嚴法師-大法鼓 0664）', '在佛經裡，我們經常看到許多非常富有文學性的表達，有押韻的偈頌、有譬喻性的描述，也有非常豐富的故事題材，這些文學性的表達有什麼作用呢？\r\n\r\n讓我們恭請聖嚴法師來為我們開示。\r\n\r\n更多線上課程：http://www.dharmaschool.com/index.html');
INSERT INTO videos(vid, pid, title, description) VALUES('nOlTVZlKxAQ', 'PL72EC17CB8686A13F', '念珠、佛像不是配飾品（聖嚴法師-大法鼓 0665）', '在台灣這個工商發達的社會裡，很多原本是佛教徒用來修行的器物，都變成了商品。最常見的是一些昂貴的念珠、佛像，幾乎變成了摩登人士的配飾品，究竟佛教徒是怎麼看待這種現象呢？\r\n\r\n讓我們恭請聖嚴法師來為我們開示。\r\n\r\n更多線上課程：http://www.dharmaschool.com/index.html');
INSERT INTO videos(vid, pid, title, description) VALUES('PFlTfqtwY_8', 'PL72EC17CB8686A13F', '如何面對宗教衝突（聖嚴法師-大法鼓 0666）', '在台灣，宗教可以說是相當的開放自由，所以能夠包容各種不同教義的宗教共同存在。像是佛教、基督教、天主教、一貫道等等的種種宗教，以及各種新興教派在台灣社會都可以看到。我們也知道人與人之間接觸，有時候難免會產生磨擦，當不同教義的宗教並存在一個社會的時候，是不是也容易產生衝突？一旦發生衝突的時候，我們又該如何面對呢？\r\n\r\n讓我們恭請聖嚴法師來為我們開示。\r\n\r\n更多線上課程：http://www.dharmaschool.com/index.html');
INSERT INTO videos(vid, pid, title, description) VALUES('4yXM1Ow902g', 'PL72EC17CB8686A13F', '雙胞胎間的因緣關係（聖嚴法師-大法鼓 0667）', '我們都知道雙胞胎之間的感應，有時候會比一般的兄弟姊妹來得強烈。雖然在醫學上總是說：這是因為雙胞胎是由同一個細胞分裂出來的關係。但是，從宗教的觀點來看，我們如何解釋雙胞胎之間的因緣？在輪迴的過程中，他們又具有什麼特別的關係呢？\r\n\r\n讓我們恭請聖嚴法師來為我們開示。\r\n\r\n更多線上課程：http://www.dharmaschool.com/index.html');
INSERT INTO videos(vid, pid, title, description) VALUES('4p07S0ktpKg', 'PL72EC17CB8686A13F', '捨貪、自律、付出建立淨化社會（聖嚴法師-大法鼓 0668）', '在一些報章雜誌中，我們經常可以看到一些報導，反映出目前台灣社會的種種現象。譬如說：有的人短視近利，為了賺錢不擇手段，甚至因此而傷害了別人。在這種充滿貪婪的社會風氣下，我們將該如何的自勉、自律跟自救，才能夠建立一個淨化的社會？\r\n\r\n讓我們恭請聖嚴法師來為我們開示。\r\n\r\n更多線上課程：http://www.dharmaschool.com/index.html');
INSERT INTO videos(vid, pid, title, description) VALUES('97-Jsyju8yE', 'PL72EC17CB8686A13F', '學佛的法門（聖嚴法師-大法鼓 0669）', '在維摩經裡有一句話說：「佛以一音縯說法」。既然佛以一音縯說法，為什麼中國佛教還有八大宗派？我們又聽說：「人世間有八萬四千種法門」，這又是為什麼呢？\r\n\r\n讓我們恭請聖嚴法師來為我們開示。\r\n\r\n更多線上課程：http://www.dharmaschool.com/index.html');
INSERT INTO videos(vid, pid, title, description) VALUES('-aLI_Fi2Vho', 'PL72EC17CB8686A13F', '佛法隨緣的真義與運用（聖嚴法師-大法鼓 0670）', '佛法說：「能夠隨緣是一種很高的智慧」。但是，太隨緣很容易讓人覺得這個人隨波逐流，顯得有點不夠積極、或者是沒有原則，究竟佛法所說的「隨緣」，真正的意思是什麼？我們又該如何運用隨緣的智慧呢？\r\n\r\n讓我們恭請聖嚴法師來為我們開示。\r\n\r\n更多線上課程：http://www.dharmaschool.com/index.html');
INSERT INTO videos(vid, pid, title, description) VALUES('nsWb6ZrkSHY', 'PL72EC17CB8686A13F', '佛法在世間不離世間覺之含意（聖嚴法師-大法鼓 0671）', '六祖壇經提到：「若真修道人不見世間過」，同時六祖壇經裡面還說：「佛法在世間，不離世間覺」。那麼我們要請教聖嚴法師，這兩句話有什麼特別的含意呢？\r\n\r\n讓我們恭請聖嚴法師來為我們開示。\r\n\r\n更多線上課程：http://www.dharmaschool.com/index.html');
INSERT INTO videos(vid, pid, title, description) VALUES('zFYU0mwHfKg', 'PL72EC17CB8686A13F', '佛法對「安樂死」的看法（聖嚴法師-大法鼓 0672）', '我們都知道醫生的職責是濟世救人，但是有一些重病患者的家屬，往往不忍心見到親人在忍受病痛折磨之餘，還要忍受治療帶來更大的疼痛；因此病人病危的時候，取得病人的同意呢，往往會拒絕使用急救的方法或是利用機械來維持病人的呼吸跟心跳。我們要請教聖嚴法師，從佛法的觀點，是如何來看待這一類的急救方法跟措施呢？\r\n\r\n讓我們恭請聖嚴法師來為我們開示。\r\n\r\n更多線上課程：http://www.dharmaschool.com/index.html');
INSERT INTO videos(vid, pid, title, description) VALUES('SuPuMADHLVA', 'PL72EC17CB8686A13F', '「本師」究竟為何？（聖嚴法師-大法鼓 0673）', '在做早課或是晚課的時候，我們常常會說：「南無本師釋迦牟尼佛」。傳統的中國佛教徒，一般都尊稱佛教的教主釋迦牟尼為本師。究竟本師是什麼意思？什麼樣的人才能夠被尊稱為「本師」呢？\r\n\r\n讓我們恭請聖嚴法師來為我們開示。\r\n\r\n更多線上課程：http://www.dharmaschool.com/index.html');
INSERT INTO videos(vid, pid, title, description) VALUES('BlrHGnIcMag', 'PL72EC17CB8686A13F', '本尊與分身（聖嚴法師-大法鼓 0674）', '自從發生宋七力先生的事件之後，我們就常常用「本尊」跟「分身」來相互的調侃，譬如說今天來的究竟是你的本尊呢？還是你的分身？我們要請教聖嚴法師在佛教裡真的有本尊跟分身的說法嗎？\r\n\r\n讓我們恭請聖嚴法師來為我們開示。\r\n\r\n更多線上課程：http://www.dharmaschool.com/index.html');
INSERT INTO videos(vid, pid, title, description) VALUES('5byqfoXfUYg', 'PL72EC17CB8686A13F', '何謂「上師、佛師」（聖嚴法師-大法鼓 0675）', '在目前的社會裡，有的宗教師被稱為大師或者是法師，有的稱為上師或者是無上師；那麼近年來也有人稱為佛師。我們要請教聖嚴法師，這麼多的稱呼裡，它們有什麼不同呢？是什麼樣的人可以被稱為上師或者是佛師呢？\r\n\r\n讓我們恭請聖嚴法師來為我們開示。\r\n\r\n更多線上課程：http://www.dharmaschool.com/index.html');
INSERT INTO playlist(pid, cid, title, description) VALUES('PLAF1D54F6C2F577DC','UCq2iefWrqW0W6Hic2xA1aDg', '大法鼓0076-0100', '');
INSERT INTO videos(vid, pid, title, description) VALUES('vsGCNJEG2AU', 'PLAF1D54F6C2F577DC', '五倫與平等有無牴觸（聖嚴法師-大法鼓 0076)', '中國人十分重視倫理，五倫之說對我們的生活和我們的價值觀，都有相當深遠的影響，也有人認為倫理形成了社會的階級和分隔，在這個民主的社會裡，最重要的就是平等的精神，究竟五倫的觀念和平等的精神是不是有所牴觸的呢？我們現在請聖嚴法師來為我們指點迷津。\n\n讓我們來請教聖嚴法師。\n更多線上課程：http://www.dharmaschool.com/index.html');
INSERT INTO videos(vid, pid, title, description) VALUES('2phKecQwAOY', 'PLAF1D54F6C2F577DC', '合作與服從（聖嚴法師-大法鼓 0077)', '我們常用「眾志成城、聚沙成塔」來勉勵大家互相合作，我們認為合作就可以克服很多的困難，在民主的社會裡，自我的意識和個人的權利常常受到強調，很多人就分不清楚服從跟合作之間有什麼不同，現在就請聖嚴法師來為我們指點迷津。\n\n讓我們來請教聖嚴法師。\n更多線上課程：http://www.dharmaschool.com/index.html');
INSERT INTO videos(vid, pid, title, description) VALUES('Z9dRFaydpX4', 'PLAF1D54F6C2F577DC', '個人與團體（聖嚴法師-大法鼓 0078)', '我們都知道團體是由個人形成的，個人也是團體最基本的一個元素，兩者之間有著密不可分的關係，也正因為如此，團體與個人孰輕孰重，就成為現代人常常必須面對的問題，究竟當個人自由和團體的利益發生牴觸的時候，我們應該如何權衡取捨呢？\n\n讓我們來請教聖嚴法師。\n更多線上課程：http://www.dharmaschool.com/index.html');
INSERT INTO videos(vid, pid, title, description) VALUES('rcIbZexgDNo', 'PLAF1D54F6C2F577DC', '面對特權與平等的因應（聖嚴法師-大法鼓 0079)', '在一個民主的社會中，每一個人的權利和義務應該都是平等的，在我們的社會裡仍然存在著一些特權的現象，究竟應該抱持著什麼樣的態度和觀念，來看這種不平等的現象呢？\n同時如果我們身處的職務和地位，可以獲得一些不一樣的待遇的時候，我們又應該如何來判斷取捨呢？\n\n讓我們來請教聖嚴法師。\n更多線上課程：http://www.dharmaschool.com/index.html');
INSERT INTO videos(vid, pid, title, description) VALUES('SOB97V4d21Q', 'PLAF1D54F6C2F577DC', '如何維持清醒的判斷力（聖嚴法師-大法鼓 0080)', '在目前這個知識爆炸、資訊充斥的時代裡，我們往往迷失在各種各樣的思考方式和價值觀念裡，從好的一方面來說，我們有了多樣化的選擇，可是從另外一個角度來說，我們往往也會有無所適從的感覺，面對這個多變複雜的社會，我們應該如何保持著清醒的判斷力，而不致於盲從呢？\n\n讓我們來請教聖嚴法師。\n更多線上課程：http://www.dharmaschool.com/index.html');
INSERT INTO videos(vid, pid, title, description) VALUES('-K7bk9aV0FM', 'PLAF1D54F6C2F577DC', '佛教觀念看神.佛.眾（聖嚴法師-大法鼓 0081)', '我們都知道佛教是不講神的，還是有很多人把佛當成了神，事實上佛陀只是一個覺悟的人，佛陀雖然度了眾生，但是祂自己認為實在並沒有一個眾生可度，這種境界跟一般的宗教又有什麼不同呢？\n\n讓我們來請教聖嚴法師。\n更多線上課程：http://www.dharmaschool.com/index.html');
INSERT INTO videos(vid, pid, title, description) VALUES('C-3VBpzGND4', 'PLAF1D54F6C2F577DC', '佛教解行二門的應用（聖嚴法師-大法鼓 0082)', '佛法裡有解門和行門，這兩個門指的是什麼？它們彼此之間有什麼關係呢？\n這跟我們平常所說的知和行是不是不一樣的？是不是也有知行合一？或者是知難行易？或者是知易行難呢？有心學佛的人，應該怎麼樣的來學習解行二門呢？\n\n讓我們來請教聖嚴法師。\n更多線上課程：http://www.dharmaschool.com/index.html');
INSERT INTO videos(vid, pid, title, description) VALUES('xiHxqLVA_Ys', 'PLAF1D54F6C2F577DC', '真實與表象（聖嚴法師-大法鼓 0083)', '現在社會裡充滿著各種各樣的現象，五花八門甚至光怪陸離，我們怎麼樣才能夠透過現象的表層，深入事實了解真實的本質呢？請聖嚴法師從佛學的角度來為我們做開示。\n\n讓我們來請教聖嚴法師。\n更多線上課程：http://www.dharmaschool.com/index.html');
INSERT INTO videos(vid, pid, title, description) VALUES('JtrkjM50sjM', 'PLAF1D54F6C2F577DC', '禪的真義（聖嚴法師-大法鼓 0084)', '也許你常常聽身邊的親朋好友或者是同事跟您說我正在修禪，或我正在學禪，也許有人動不動就跟你說，這邊很有些禪味，或者說這裡頭有禪機，有的茶藝館也取名叫禪園，究竟「禪」這個我們常常看到聽到的字，它真實的意義是什麼呢？\n\n讓我們來請教聖嚴法師。\n更多線上課程：http://www.dharmaschool.com/index.html\n　\n\n\n\"');
INSERT INTO videos(vid, pid, title, description) VALUES('vvPYhHYF9gM', 'PLAF1D54F6C2F577DC', '忙人的簡易修行法門（聖嚴法師-大法鼓 0085)', '在歷史上的唐朝盛世禪修曾經風行過一時，現在台灣禪修也行成了一股熱潮，很多人都嚮往禪修，對於忙碌的現代人很難花太多的時間去從事禪修的活動，究竟有沒有一種簡單易行的禪修方式，讓忙碌的人隨時隨地都可以修行呢？\n\n讓我們來請教聖嚴法師。\n更多線上課程：http://www.dharmaschool.com/index.html');
INSERT INTO videos(vid, pid, title, description) VALUES('2m3lZ07ogI4', 'PLAF1D54F6C2F577DC', '戒律規範的對象（聖嚴法師-大法鼓 0086)', '佛教徒不論是在家的教徒或者是出家的教徒，都必須遵守一定的戒律，有人說已經開悟的禪師，是可以不守戒律的，只有凡夫俗子才必須守戒律，是不是真的是這樣呢？開悟的禪師如果不守戒律，4 是不是會產生一些後遺症呢？\n\n讓我們來請教聖嚴法師。\n更多線上課程：http://www.dharmaschool.com/index.html');
INSERT INTO videos(vid, pid, title, description) VALUES('0A5mwqGqkhA', 'PLAF1D54F6C2F577DC', '禪有時空之分嗎（聖嚴法師-大法鼓 0087)', '我們常說人人都有佛性，也因此人人應該都可以修禪學禪，而禪又是不立文字，完全由個人心領神會，禪也應該超乎時間、地域、環境等等外在因素，為什麼又會有世間禪跟現代禪呢？它們指的是什麼？禪難道真的有世間跟出世間？或者是古代跟現代的差別嗎？\n\n讓我們來請教聖嚴法師。\n更多線上課程：http://www.dharmaschool.com/index.html\n\n　　　　　\n\n\n\"');
INSERT INTO videos(vid, pid, title, description) VALUES('xTis_hr6-tI', 'PLAF1D54F6C2F577DC', '何謂禪淨雙修有何意義（聖嚴法師-大法鼓 0088)', '在中國佛教裡，有一種叫做禪淨雙修的修行方法，是說除了修行禪宗之外，還可以修行淨土宗的法門，為什麼要禪淨雙修呢？是不是這樣比單獨的修禪宗或者單獨的修淨土法門更有保障，或者是更好、更快呢？\n\n讓我們來請教聖嚴法師。\n更多線上課程：http://www.dharmaschool.com/index.html');
INSERT INTO videos(vid, pid, title, description) VALUES('2hx6rQ3XDv4', 'PLAF1D54F6C2F577DC', '開悟與明心見性之區別(聖嚴法師-大法鼓 0089)', '聽過有人跟您說，他是個開悟的禪師，或者說「我已經開悟了」。究竟在佛教裡，開悟真正的意思是什麼？跟明心見性有什麼不同？我們怎麼知道一個人是不是開悟了？有沒有什麼樣的方法，能夠使您、我這樣平凡的人也開悟呢？\n\n讓我們來請教聖嚴法師。\n更多線上課程：http://www.dharmaschool.com/index.html');
INSERT INTO videos(vid, pid, title, description) VALUES('UQ4NFGUbZsg', 'PLAF1D54F6C2F577DC', '頓悟與漸悟之異同（聖嚴法師-大法鼓 0090)', '禪宗修行的方式是頓悟的法門，既然有頓悟的法門，是不是也有漸悟的法門呢？既然有頓悟的法門可以修，為什麼還要修漸悟的法門呢？這兩者有什麼不同？\n\n讓我們來請教聖嚴法師。\n更多線上課程：http://www.dharmaschool.com/index.html');
INSERT INTO videos(vid, pid, title, description) VALUES('7XeTDnKIiqk', 'PLAF1D54F6C2F577DC', '由定發慧的真義（聖嚴法師-大法鼓 0091)', '佛教裡有一句話「由定發慧」就是說由定就可以產生智慧，為什麼由定就可以產生智慧呢？如果一個人不讀書，不接受教育，不經過接觸知識、吸收知識、消化知識的過程，只是修行、修定就可以產生智慧嗎？由定發慧的「慧」指的是什麼呢？跟我們一般所說的智慧有什麼不同呢？\n\n讓我們來請教聖嚴法師。\n更多線上課程：http://www.dharmaschool.com/index.html');
INSERT INTO videos(vid, pid, title, description) VALUES('7QNFOgJWpZM', 'PLAF1D54F6C2F577DC', '何謂根器（聖嚴法師-大法鼓 0092)', '常聽佛教徒說，這個人根器很利，或者說這個人根器不夠，既然眾生都有佛性，為什麼還有善根深不深、利不利、夠不夠的差別呢？如果善根不夠，是不是就表示與佛無緣，修行無望了呢？\n\n讓我們來請教聖嚴法師。\n更多線上課程：http://www.dharmaschool.com/index.html');
INSERT INTO videos(vid, pid, title, description) VALUES('JycTIeghYck', 'PLAF1D54F6C2F577DC', '禪七,為什麼是七呢（聖嚴法師-大法鼓 0093)', '有好幾個地方都在指導人們打禪七，為什麼叫打禪七？不叫打禪八、打禪九打禪十呢？\n打禪七跟現代人生活又有什麼關係呢？為什麼那麼多工商、政教、文化和傳播界有成就的人，都熱衷於打禪七呢？他們是因為追求時髦還是真正體會出，打禪七對他們生活有幫助呢？\n\n讓我們來請教聖嚴法師。\n更多線上課程：http://www.dharmaschool.com/index.html');
INSERT INTO videos(vid, pid, title, description) VALUES('amKsHpERPH8', 'PLAF1D54F6C2F577DC', '禪宗與中國文化的關係（聖嚴法師-大法鼓 0094)', '禪宗是由達摩祖師從印度傳到中國，而在中國發揚光大的，有人說禪宗跟中國文化有非常深厚的關係，究竟他們之間的關係是什麼？是誰影響誰呢？中國禪跟印度禪和日本禪又有什麼不同呢？\n\n讓我們來請教聖嚴法師。\n更多線上課程：http://www.dharmaschool.com/index.html');
INSERT INTO videos(vid, pid, title, description) VALUES('h9i2feJhNrI', 'PLAF1D54F6C2F577DC', '西方人學禪和東方人有何不同（聖嚴法師-大法鼓 0095)', '禪原來是相當東方的東西，但是現在西方人修禪的風氣也日漸興盛，最近很多人熱衷於修禪、打坐，英文的禪修禪學的書籍也比比皆是，聖嚴法師經常在西方指導禪書，我們請他來談談西方人學禪，修禪跟在生活裡面運用禪跟東方人有什麼不同？\n\n讓我們來請教聖嚴法師。\n更多線上課程：http://www.dharmaschool.com/index.html');
INSERT INTO videos(vid, pid, title, description) VALUES('QrYlS1IFAo8', 'PLAF1D54F6C2F577DC', '佛教的傳承（聖嚴法師-大法鼓 0096)', '您有沒有聽過一些禪寺的住持，或者禪師會說他的傳承是什麼，某某宗的第幾代，這個傳承指的究竟是什麼？是經卷？還是衣缽？如果我們說禪法是以心傳心的話，為什麼還會有傳承這回事呢？一個禪師是可以傳給很多人呢？還是只能傳給一個人？我們就請聖嚴法師來為我們解開這些迷惑。\n\n讓我們來請教聖嚴法師。\n更多線上課程：http://www.dharmaschool.com/index.html');
INSERT INTO videos(vid, pid, title, description) VALUES('UXmoxIlofM4', 'PLAF1D54F6C2F577DC', '著魔（聖嚴法師-大法鼓 0097)', '您的身邊常有人警告您「可不要修禪打坐喔，因為很容易著魔或是走火入魔」。\n什麼叫著魔？什麼又叫走火入魔呢？是不是禪修一定會著魔？著魔的現象是什麼？我們要怎麼樣來避免著魔呢？\n\n讓我們來請教聖嚴法師。\n更多線上課程：http://www.dharmaschool.com/index.html');
INSERT INTO videos(vid, pid, title, description) VALUES('uvz3NQ5zrOQ', 'PLAF1D54F6C2F577DC', '閉關的效果與人選（聖嚴法師-大法鼓 0098)', '常聽到一些高僧大德閉關潛修，出關以後即使不能大徹大悟，也是很有一些精進，閉關真的這麼有用嗎？什麼樣的人才能閉關呢？閉關需要一些什麼條件？在閉關之內又做些什麼呢？\n\n讓我們來請教聖嚴法師。\n更多線上課程：http://www.dharmaschool.com/index.html');
INSERT INTO videos(vid, pid, title, description) VALUES('b4zhE8l0lwI', 'PLAF1D54F6C2F577DC', '坐禪的功能（聖嚴法師-大法鼓 0099)', '坐禪在國內非常流行，除了一些佛教禪寺教大家如何打坐修禪之外，坊間還有很多的禪修中心或是靜坐中心，參加的人也很踴躍，坐禪究竟有什麼功能？為什麼能吸引這麼多的人呢？除了在心理上修養上能夠幫助我們之外，是不是在生理上和健康上對我們也有幫助呢？\n\n讓我們來請教聖嚴法師。\n更多線上課程：http://www.dharmaschool.com/index.html');
INSERT INTO videos(vid, pid, title, description) VALUES('BhWSFOP7LA8', 'PLAF1D54F6C2F577DC', '心心相印的真義（聖嚴法師-大法鼓 0100)', '常聽說「心心相印」，很多人都以為這句話是用來形容夫妻之間，或者是情侶之間感情很好的意思， 事實上這句話的起源，卻是禪宗的師徒之間的修行用語，禪宗師徒之間的心心相印，指的是什麼意思呢？是不是就是所謂的以心印心呢？這是怎麼發生的？ 以心和印心會不會有印錯的時候呢？\n\n讓我們來請教聖嚴法師。\n更多線上課程：http://www.dharmaschool.com/index.html');
INSERT INTO playlist(pid, cid, title, description) VALUES('PL533CA3B9B1A90885','UCq2iefWrqW0W6Hic2xA1aDg', '大法鼓0051-0075', '');
INSERT INTO videos(vid, pid, title, description) VALUES('CF3mSprF0Wk', 'PL533CA3B9B1A90885', '念珠意義與作用（聖嚴法師-大法鼓 0051)', '最近戴念珠的人越來越多，但很多人並不了解為什麼要戴念珠，有人說戴了求心安，究竟佛教徒是不是一定得戴佛珠呢？戴佛珠的意義是什麼？我們又應該怎麼戴？怎麼修呢？\n\n讓我們來請教聖嚴法師。\n更多線上課程：http://www.dharmaschool.com/index.html');
INSERT INTO videos(vid, pid, title, description) VALUES('ZhzNTnMq9F8', 'PL533CA3B9B1A90885', '學校教育（聖嚴法師-大法鼓 0052)', '最近校園裡面發生了一些令人痛心的現象，譬如說有學生把老師打死，也有家長衝去學校打老師，也有老師強暴或者是性騷擾女學生，這樣的問題究竟癥結何在呢？為什麼會一再有這些現象發生？\n\n讓我們來請教聖嚴法師。\n更多線上課程：http://www.dharmaschool.com/index.html');
INSERT INTO videos(vid, pid, title, description) VALUES('VgEROae6AdE', 'PL533CA3B9B1A90885', '毒品問題（聖嚴法師-大法鼓 0053)', '\"吸毒的問題是愈來愈嚴重，不僅青少年吸毒，白領階級也吸毒，里長甚至中央民意代表也參與吸毒和販毒，究竟毒品氾濫的原因何在呢？我們又應該怎麼樣致力於消除這樣的現象呢？\n\n讓我們來請教聖嚴法師。\n更多線上課程：http://www.dharmaschool.com/index.html\n\"');
INSERT INTO videos(vid, pid, title, description) VALUES('zo5EUGEE33k', 'PL533CA3B9B1A90885', '從海峽二岸關係看預言（聖嚴法師-大法鼓 0054)', '海峽兩岸的關係備受關注，尤其是中共一連串的軍事演習，究竟中共會不會武力犯台，或者什麼時候中共最可能會武力犯台，關於這些大家關心的問題。\n\n讓我們來請教聖嚴法師。\n更多線上課程：http://www.dharmaschool.com/index.html');
INSERT INTO videos(vid, pid, title, description) VALUES('XQ-m4g2SbpM', 'PL533CA3B9B1A90885', '安全感（聖嚴法師-大法鼓 0055)', '也許是由於缺乏安全感和安定感的關係，台灣社會特別容易因為一點風吹草動而人心惶惶、人心浮動，究竟缺乏安全感和安定感，對於個人乃至於整個社會產生什麼樣的影響和什麼樣的現象，我們又如何來建立自己的安全感和安定感呢？\n\n讓我們來請教聖嚴法師。\n更多線上課程：http://www.dharmaschool.com/index.html');
INSERT INTO videos(vid, pid, title, description) VALUES('vupS32miAaU', 'PL533CA3B9B1A90885', '念頭與行為的關係（聖嚴法師-大法鼓 0056)', '\"很多人都認為觀念並不等於行為，壞的行為才會造成壞的結果，那麼觀念既然沒有付諸實施，所以壞的觀念也並不會造成壞的結果，有人甚至說我既然不做，想想總可以吧，是不是壞的念頭，對我們真的沒有影響呢？\n\n讓我們來請教聖嚴法師。\n更多線上課程：http://www.dharmaschool.com/index.html\n\"');
INSERT INTO videos(vid, pid, title, description) VALUES('zL1bvLoxCKw', 'PL533CA3B9B1A90885', '佛教與人的關係（聖嚴法師-大法鼓 0057)', '常常聽到人間佛教，也常常聽到人成即佛成，這些話到底具有什麼樣的意義呢？\n佛教跟人之間的關係到底是如何？\n\n讓我們來請教聖嚴法師。\n更多線上課程：http://www.dharmaschool.com/index.html');
INSERT INTO videos(vid, pid, title, description) VALUES('L2OXY6mAgQE', 'PL533CA3B9B1A90885', '佛、人的差異（聖嚴法師-大法鼓 0058)', '我們談到佛是人成，人成即佛成，什麼樣的境界叫成佛了呢？\n人和佛差距到底有多少呢？\n\n讓我們來請教聖嚴法師。\n更多線上課程：http://www.dharmaschool.com/index.html');
INSERT INTO videos(vid, pid, title, description) VALUES('5-uqE7V8ms4', 'PL533CA3B9B1A90885', '嬰行菩薩、菩薩戒（聖嚴法師-大法鼓 0059)', '當我們在無助的時候，我們常會說「菩薩保佑」，我們知道菩薩很多，有觀世音菩薩、大勢至菩薩、文殊菩薩，但是您有沒有聽說過一種叫嬰行菩薩，什麼是嬰行菩薩？\n嬰行菩薩又跟我們有什麼關係呢？\n\n讓我們來請教聖嚴法師。\n更多線上課程：http://www.dharmaschool.com/index.html\n\"');
INSERT INTO videos(vid, pid, title, description) VALUES('OueWdy4k8gI', 'PL533CA3B9B1A90885', '自我與無我（聖嚴法師-大法鼓 0060)', '我們提到從人到佛的過程，也就是從自我到無我的過程，什麼叫自我？什麼叫無我？怎麼樣能從自我達到無我呢？\n\n讓我們來請教聖嚴法師。\n更多線上課程：http://www.dharmaschool.com/index.html');
INSERT INTO videos(vid, pid, title, description) VALUES('kQxsclSbxKw', 'PL533CA3B9B1A90885', '自我肯定(一)（聖嚴法師-大法鼓 0061)', '從自我到無我，大概可以分為三個階段，分別是自我的肯定、自我的提昇、自我的消融，也就是無我了。那麼自我的肯定究竟要肯定一些什麼呢？我們要怎麼樣做到自我肯定呢？\n\n讓我們來請教聖嚴法師。\n更多線上課程：http://www.dharmaschool.com/index.html');
INSERT INTO videos(vid, pid, title, description) VALUES('G8jNwFd3fvM', 'PL533CA3B9B1A90885', '自我肯定(二)修行法門（聖嚴法師-大法鼓 0062)', '自我肯定就是要瞭解自己的優點和缺點，尤其是要瞭解自己的缺點，這實在是相當難做到的，在這一方面佛法能夠給我們什麼樣的幫助呢？\n\n讓我們來請教聖嚴法師。\n更多線上課程：http://www.dharmaschool.com/index.html');
INSERT INTO videos(vid, pid, title, description) VALUES('WClleeE_69g', 'PL533CA3B9B1A90885', '懺悔的意義與作用、方法（聖嚴法師-大法鼓 0063)', '懺悔是自我肯定非常重要的方式，懺悔究竟還有一些什麼其他的好處呢？ \n如果不懺悔又會有什麼樣的影響呢？\n我們應該如何的來懺悔呢？\n\n讓我們來請教聖嚴法師。\n更多線上課程：http://www.dharmaschool.com/index.html');
INSERT INTO videos(vid, pid, title, description) VALUES('cdcQr58f_uw', 'PL533CA3B9B1A90885', '各種懺的意義（聖嚴法師-大法鼓 0064)', '在很多廟裡會舉辦一些大悲懺、淨土懺、梁皇懺，這些懺跟個人的懺悔有什麼不同呢？\n這些懺之間又有什麼不同的意義呢？\n\n讓我們來請教聖嚴法師。\n更多線上課程：http://www.dharmaschool.com/index.html');
INSERT INTO videos(vid, pid, title, description) VALUES('4NODmoLF9ak', 'PL533CA3B9B1A90885', '佛教徒應守的禮儀（聖嚴法師-大法鼓 0065)', '一個佛教徒究竟應該遵守那些禮儀？\n為什麼現在一些寺廟，原來是應該講究清修的，卻大力的提倡聯合婚禮、聯合奠祭和聯合祝壽，是想藉由這樣的活動，提倡什麼樣的禮儀呢？\n\n讓我們來請教聖嚴法師。\n更多線上課程：http://www.dharmaschool.com/index.html');
INSERT INTO videos(vid, pid, title, description) VALUES('BdP2MRvS_DY', 'PL533CA3B9B1A90885', '法鼓山提倡禮儀環保之因（聖嚴法師-大法鼓 0066)', '農禪寺最近大力的提倡聯合婚禮、聯合祝壽和聯合奠祭，而寺廟原來應該是用來清修的，為什麼農禪寺要提倡這些儀式呢？\n\n讓我們來請教聖嚴法師。\n更多線上課程：http://www.dharmaschool.com/index.html');
INSERT INTO videos(vid, pid, title, description) VALUES('HLDKbyCFRgo', 'PL533CA3B9B1A90885', '民主的真諦（聖嚴法師-大法鼓 0067)', '佛法裡強調人人都有佛性，眾生都能夠成佛，在二千五百多年前， 可以說相當先進的民主觀念。\n究竟在佛法裡，還有那些民主的觀念呢？\n民主的精神在佛陀時候，是如何的呈現在僧團以及七眾弟子之間的？\n\n讓我們來請教聖嚴法師。\n更多線上課程：http://www.dharmaschool.com/index.html\n\n　　大法鼓　佛法　學佛　禪修　民主精神　我不領眾，佛也在僧中　六和合僧');
INSERT INTO videos(vid, pid, title, description) VALUES('9nfLBs2HXMs', 'PL533CA3B9B1A90885', '法治與戒律（聖嚴法師-大法鼓 0068)', '一個民主的社會，需要有法治來建立秩序、促進和諧，法治除了可以保障個人的權力和自由之外，同時也規範出全體人民和平共處、互敬互助的原則，法治的建立需要基於民意，而人民必須遵守法治，這樣子的法治精神，在佛教裡是不是也存在呢？\n佛教的戒律是怎麼樣建立的？戒律跟法治又存在什麼樣的關係呢？\n\n讓我們來請教聖嚴法師。\n更多線上課程：http://www.dharmaschool.com/index.html');
INSERT INTO videos(vid, pid, title, description) VALUES('5tzxbJa3dRE', 'PL533CA3B9B1A90885', '合理與不合理之制度（聖嚴法師-大法鼓 0069)', '生活在現代社會裡，常常要面對各種紛擾的現象，經過我們分析思考判斷後，往往可以歸納出合理跟不合理這兩種結果，雖然這兩種結果只有一字之差，但是其中的差距卻不可以道理計，影響也是非常非常深遠的。究竟面對各種現象時，我們應該如何來判定是合理還是不合理呢？\n\n讓我們來請教聖嚴法師。\n更多線上課程：http://www.dharmaschool.com/index.html');
INSERT INTO videos(vid, pid, title, description) VALUES('yIFf9ZWWv_g', 'PL533CA3B9B1A90885', '我見與常理的呼應（聖嚴法師-大法鼓 0070)', '在這個自我意識高漲的現代社會裡，自我的看法和個人的意見是相當受到重視的，如何適度拿捏，使自我的看法不至於過分的主觀，同時又和社會常理相互呼應，是每一個現代人都必須具備的態度和修養，究竟如何做到這一點呢？\n\n讓我們來請教聖嚴法師。\n更多線上課程：http://www.dharmaschool.com/index.html');
INSERT INTO videos(vid, pid, title, description) VALUES('P1Wm2Qnw7-Q', 'PL533CA3B9B1A90885', '主觀與客觀,自我意識（聖嚴法師-大法鼓 0071)', '我們常說，做人做事要客觀一點，不要太主觀了。可是在現代社會，又鼓勵每一個人發揮自我的創意，同時要有獨立思考判斷的能力，在主觀和客觀之間，如何求得一個平衡點？又如何跳脫自我意識的過分擴張呢？\n\n讓我們來請教聖嚴法師。\n更多線上課程：http://www.dharmaschool.com/index.html');
INSERT INTO videos(vid, pid, title, description) VALUES('j_tn0u7H270', 'PL533CA3B9B1A90885', '主動與被動（聖嚴法師-大法鼓 0072)', '中國人常常被認為是一個相當被動的民族，不過在現代的這個社會裡，被動不僅不合時宜，也被認為是相當的不負責任，究竟被動和主動，對我們的人生會有多少影響，我們又如何來修正自己的行為方式，化被動為主動？我們就請聖嚴法師從佛學的角度出發，提供我們一些建議。\n\n讓我們來請教聖嚴法師。\n更多線上課程：http://www.dharmaschool.com/index.html');
INSERT INTO videos(vid, pid, title, description) VALUES('uX52kpeGObM', 'PL533CA3B9B1A90885', '適應與改革（聖嚴法師-大法鼓 0073)', '在這個民主的時代裡，人民的需求是需要受到重視的，社會的法令和規範不可能滿足每一個人的需求，在這樣的情形下，就產生了種種小眾的聲音，究竟應該抱著什麼樣的態度和觀念，在共同的環境裡面生活呢？現在就請聖嚴法師從佛學的角度，為我們揭開這層迷惘。\n\n讓我們來請教聖嚴法師。\n更多線上課程：http://www.dharmaschool.com/index.html');
INSERT INTO videos(vid, pid, title, description) VALUES('sH7zFKEyEjE', 'PL533CA3B9B1A90885', '修行（聖嚴法師-大法鼓 0074)', '也許你已經聽說過「修行」這個名詞，也許您對修行躍躍欲試，究竟修行是怎麼樣修的？修行又有什麼好處？在忙碌的工商業社會中我們如何不被工作限制，能夠在工作之餘品嚐到修行之樂呢？\n\n讓我們來請教聖嚴法師。\n更多線上課程：http://www.dharmaschool.com/index.html');
INSERT INTO videos(vid, pid, title, description) VALUES('rXtbQaam9u0', 'PL533CA3B9B1A90885', '世間法與出世間法的異同（聖嚴法師-大法鼓 0075)', '我們卻知道佛法裡，有所謂的世間法、出世間法，世間指的就是這個凡塵俗世，那麼出世間指的是什麼呢？世間法跟出世間法有什麼關係，他們又有什麼異同呢？\n\n讓我們來請教聖嚴法師。\n更多線上課程：http://www.dharmaschool.com/index.html');
INSERT INTO playlist(pid, cid, title, description) VALUES('PL47F3426E1CC55398','UCq2iefWrqW0W6Hic2xA1aDg', '大法鼓0001-0025', '');
INSERT INTO videos(vid, pid, title, description) VALUES('1pNk3jousVM', 'PL47F3426E1CC55398', '佛法與現代社會（聖嚴法師-大法鼓 0001）', '藉由觀念的疏通，禪的體驗，能夠幫助我們處於現代這樣忙碌緊張的生活中，仍然能夠保有身心的平靜與安定，這就是佛法，也就是修行了。');
INSERT INTO videos(vid, pid, title, description) VALUES('6LNWjrq4H2E', 'PL47F3426E1CC55398', '禪坐的功能（聖嚴法師-大法鼓 0002)', '「禪坐」是什麼？打坐與參禪之間的關連為何？\r\n  我們該如何學習將禪坐的功能與佛法的智慧運用在日常生活中\r\n  進而加強自我省察的能力。');
INSERT INTO videos(vid, pid, title, description) VALUES('_xXDzL2onYY', 'PL47F3426E1CC55398', '禪修與日常生活（禪修的好處）（聖嚴法師-大法鼓 0003）', '我們已經說明參禪打坐的好處，現在我們要請聖嚴法師，進一步告訴我們打坐的方法。\n\n讓我們來請教聖嚴法師\n更多線上課程：http://www.dharmaschool.com/index.html');
INSERT INTO videos(vid, pid, title, description) VALUES('mYqqenuU8Z8', 'PL47F3426E1CC55398', '談如何面對壓力化解壓力（聖嚴法師-大法鼓 0004）', '現代人普遍都感覺到壓力沈重，您是不是也有一樣的困擾呢?\n那麼究竟壓力來自什麼地方?\n佛法或者是修禪打坐，對於消除壓力又有什麼幫助呢?\n我們現在就來請教聖嚴法師。\n\n更多線上課程：http://www.dharmaschool.com/index.html');
INSERT INTO videos(vid, pid, title, description) VALUES('qKssQFmR5LY', 'PL47F3426E1CC55398', '如何處理複雜的人際關係（聖嚴法師-大法鼓 0005）', '最近社會上暴戾之氣好像愈來愈嚴重了，一言不合就可以大打出手，甚至動刀動槍，致人於死地。\n家庭暴力的現象也日益嚴重，為什麼現代人的火氣那麼大呢？\n糾紛和爭執是不是一定要用暴力的方式來解決呢？\n\n讓我們來請教聖嚴法師\n更多線上課程：http://www.dharmaschool.com/index.html');
INSERT INTO videos(vid, pid, title, description) VALUES('FPi9u9Ju1tE', 'PL47F3426E1CC55398', '談資訊多元化及因緣的觀念（聖嚴法師-大法鼓 0006）', '現在是一個民主時代，民主很重要的一個特徵，就是多元化。\n因為多元化，因此大家有不同的想法、不同的意見，\n難免也就會引起爭執、口角甚至暴力相向，\n那麼佛法在這方面，能夠提供給我們什麼樣的幫助呢？\n\n讓我們來請教聖嚴法師\n更多線上課程：http://www.dharmaschool.com/index.html');
INSERT INTO videos(vid, pid, title, description) VALUES('aHI3s6WDmIw', 'PL47F3426E1CC55398', '談神通對社會的影響（聖嚴法師-大法鼓 0007）', '神通和特異功能這兩個都是最近相當流行的名詞，\n也有不少人，言之鑿鑿的表示，他曾經看過某某人施展神通\n或親眼看到某某人有某一種特異功能。\n那麼究竟佛法怎麼樣來看神通和特異功能呢？\n\n讓我們來請教聖嚴法師\n更多線上課程：http://www.dharmaschool.com/index.html');
INSERT INTO videos(vid, pid, title, description) VALUES('kY8B4dxftjY', 'PL47F3426E1CC55398', '佛法如何看算命這一件事（聖嚴法師-大法鼓 0008）', '隨著社會的快速發展，人就像陀螺一樣不停、不斷的打轉\n於是在滾滾紅塵中的你我，在忙與盲裡迷失了自己，想要控制一切。\n對未來的不可知充滿了恐懼，算命看風水也就因而大行其道。\n算命可信嗎？看風水到底管不管用呢？\n那麼究竟佛法，怎麼樣來看算命、卜卦和風水呢？\n\n讓我們來請教聖嚴法師\n更多線上課程：http://www.dharmaschool.com/index.html');
INSERT INTO videos(vid, pid, title, description) VALUES('ghslchuHLYE', 'PL47F3426E1CC55398', '談輪迴的觀念（聖嚴法師-大法鼓 0009)', '前世今生這本書非常暢銷，也使輪迴這個觀念變成相當熱門一個話題，大家都感到非常的好奇，究竟輪迴是什麼？佛教怎麼看輪迴，我們對輪迴應該有什麼樣的正確的認識呢？\n\n讓我們來請教聖嚴法師。\n更多線上課程：http://www.dharmaschool.com/index.html');
INSERT INTO videos(vid, pid, title, description) VALUES('rXNEJQEvkIk', 'PL47F3426E1CC55398', '談佛教的因果觀念（聖嚴法師-大法鼓 0010)', '\"佛教裡的因果觀念，是不是我們這輩子非常享福，就是上輩子種了好因，是不是這輩子非常倒楣，是不是上輩子造了業呢？佛教的因果觀念到底是什麼？\n\n讓我們來請教聖嚴法師。\n更多線上課程：http://www.dharmaschool.com/index.html');
INSERT INTO videos(vid, pid, title, description) VALUES('4pOyOt9CxcI', 'PL47F3426E1CC55398', '佛法對家庭生活的影響（聖嚴法師-大法鼓 0011)', '現代人通常都認為家庭是他們快樂與否的根源，但是不少人最後不得不痛苦的棄守了這個城堡，也有一些人繼續在這個城堡裡面掙扎，究竟怎麼樣才能夠擁有快樂的家庭生活呢？佛法在這方面能夠提供給我們什麼智慧呢？\n\n讓我們來請教聖嚴法師。\n更多線上課程：http://www.dharmaschool.com/index.html');
INSERT INTO videos(vid, pid, title, description) VALUES('mF_trFDpBzo', 'PL47F3426E1CC55398', '談在家人如何修行（聖嚴法師-大法鼓 0012)', '\"在家人如何兼顧家庭與修行，是不是能夠同時兼顧家庭和修行這兩方面呢？\n\n讓我們來請教聖嚴法師。\n更多線上課程：http://www.dharmaschool.com/index.html');
INSERT INTO videos(vid, pid, title, description) VALUES('DB11MEPctfY', 'PL47F3426E1CC55398', '談夫妻間溝通的重要性（聖嚴法師-大法鼓 0013）', '家庭裡面的溝通，溝通簡單的說呢，就是說和聽，看起來很容易的事，可是卻常常容易出錯，尤其在家庭裡面常常因為溝通不良而引起了種種的紛爭，那麼在這一方面，佛法究竟能夠給我們什麼樣的智慧和幫助呢?\n我們來請教聖嚴法師\n更多線上課程：http://www.dharmaschool.com/index.html');
INSERT INTO videos(vid, pid, title, description) VALUES('5uBLQ9RAqoU', 'PL47F3426E1CC55398', '談夫妻間理財的觀念（聖嚴法師-大法鼓 0014)', '夫妻間的荷包問題，家庭裡面的錢怎麼用，由誰來支配，這些問題也常常是引起家庭紛爭的根源，在這方面，佛法能給我們什麼樣的啟發。\n\n讓我們來請教聖嚴法師。\n更多線上課程：http://www.dharmaschool.com/index.html\"');
INSERT INTO videos(vid, pid, title, description) VALUES('KQ3ywMFgcdc', 'PL47F3426E1CC55398', '談夫妻在家庭中分工的觀念（聖嚴法師-大法鼓 0015)', '家庭分工問題是現今非常熱門的話題，傳統男主外女主內的家庭分工方式，到了現代好像已經不適用了，因為夫妻都出外工作，雙薪家庭越來越多，那麼在這樣子情形底下，家庭應該怎麼樣分工。\n讓我們來請教聖嚴法師。\n更多線上課程：http://www.dharmaschool.com/index.html');
INSERT INTO videos(vid, pid, title, description) VALUES('7LbLAFRuLw4', 'PL47F3426E1CC55398', '外遇（聖嚴法師-大法鼓 0016)', '外遇問題也是一個非常熱門的問題，隨著社會越來越開放，男女的交往越來越自由，外遇的情形也越來越多，甚至已經演變成婚姻的頭號殺手，那麼外遇問題為什麼那麼多，怎麼樣解決，佛法在這方面能給我們什麼樣的指點。\n\n讓我們來請教聖嚴法師。\n更多線上課程：http://www.dharmaschool.com/index.html');
INSERT INTO videos(vid, pid, title, description) VALUES('-HT7RCE8jcE', 'PL47F3426E1CC55398', '婚姻暴力（聖嚴法師-大法鼓 0017)', '婚姻暴力是最近相當的熱門的話題，也越來越受到重視，為什麼終身相許的親愛伴侶，到最後會以暴力相向，甚至演變成殺夫或殺妻的悲劇，在這方面佛法又能提供給我們什麼樣的智慧。\n\n讓我們來請教聖嚴法師。\n更多線上課程：http://www.dharmaschool.com/index.html');
INSERT INTO videos(vid, pid, title, description) VALUES('XL7DRx7VnHo', 'PL47F3426E1CC55398', '婆媳問題（聖嚴法師-大法鼓 0018)', '婆媳紛爭往往是家庭失和很重要的一個因素，兩個女人之間的戰爭，到底最後誰輸誰贏了呢？其實往往是家庭破碎兩敗俱傷，在這一方面，佛法能夠提供給我們什麼樣的智慧呢？\n讓我們來請教聖嚴法師。\n更多線上課程：http://www.dharmaschool.com/index.html');
INSERT INTO videos(vid, pid, title, description) VALUES('UUKX2BW99UE', 'PL47F3426E1CC55398', '吃素的意義（一）（聖嚴法師-大法鼓 0019)', '最近吃素是滿流行的，吃素究竟有什麼好處，佛教為什麼鼓勵大家吃素呢？\n讓我們來請教聖嚴法師。\n更多線上課程：http://www.dharmaschool.com/index.html　\"');
INSERT INTO videos(vid, pid, title, description) VALUES('CIx2x8tT_G0', 'PL47F3426E1CC55398', '吃素的意義（二）（聖嚴法師-大法鼓 0020)', '\"吃素實際上會碰到的一些問題，常常看到很多的人，吃所謂的素雞、素鴨，甚至有些連名字都取的像葷的一樣，味道做的也很像，關於這一點，讓我們來請教聖嚴法師。\n\n更多線上課程：http://www.dharmaschool.com/index.html　\"');
INSERT INTO videos(vid, pid, title, description) VALUES('1iJKNQpA4_k', 'PL47F3426E1CC55398', '清掃環境有沒有涉及殺生（聖嚴法師-大法鼓 0021)', '殺生的問題是我們每一個人，在日常生活裡面都會碰到的問題，譬如說為了環境衛生，我們可不可以打死蚊子、蟑螂和螞蟻這些害蟲，如果我們不撲滅牠們，是不是又會影響到我們自己的健康。\n讓我們來請教聖嚴法師。\n更多線上課程：http://www.dharmaschool.com/index.html');
INSERT INTO videos(vid, pid, title, description) VALUES('m7yRrlJtA2s', 'PL47F3426E1CC55398', '墮胎（聖嚴法師-大法鼓 0022)', '講到殺生，很多人都會想到動物，其實人也是眾生之一，我們要談談跟人有關的問題，也就是所謂的安樂死、墮胎等等，佛教對這些問題的看法究竟是什麼？\n讓我們來請教聖嚴法師。\n更多線上課程：http://www.dharmaschool.com/index.html');
INSERT INTO videos(vid, pid, title, description) VALUES('J9wdBktTc94', 'PL47F3426E1CC55398', '安樂死（聖嚴法師-大法鼓 0023)', '今天我們要繼續討論，同樣是有爭議性的安樂死的問題，以及自殺的問題，安樂死究竟是慈悲，還是殘忍呢？佛教觀點怎麼看？\n讓我們來請教聖嚴法師。\n更多線上課程：http://www.dharmaschool.com/index.html');
INSERT INTO videos(vid, pid, title, description) VALUES('phZo5_fI9W8', 'PL47F3426E1CC55398', '自殺（聖嚴法師-大法鼓 0024)', '自殺究竟算不算殺生，佛教怎麼看自殺這個問題，到了了無生趣的時候，我們又應該怎麼辦呢？佛教能夠給我們什麼樣的幫助？\n讓我們來請教聖嚴法師。\n更多線上課程：http://www.dharmaschool.com/index.html');
INSERT INTO videos(vid, pid, title, description) VALUES('al59gmELOi8', 'PL47F3426E1CC55398', '放生（聖嚴法師-大法鼓 0025)', '放生過去被認為是佛教徒很大的一個功德，可是現在由於時代和環境的變遷，放生被認為是有害自然保育，做為一個現代的佛教徒，我們究竟應該怎麼樣來看放生這件事。\n\n讓我們來請教聖嚴法師。\n更多線上課程：http://www.dharmaschool.com/index.html');
INSERT INTO playlist(pid, cid, title, description) VALUES('PLAED8240283C6066F','UCq2iefWrqW0W6Hic2xA1aDg', '大法鼓0276-0300', '');
INSERT INTO videos(vid, pid, title, description) VALUES('AKFc7HF7GfY', 'PLAED8240283C6066F', '亂局中人如何自安安人（聖嚴法師-大法鼓 0276）', '我們要來談一個大家都相當關心的問題，那就是亂局中如何自安安人。台灣在國際政治上的處境似乎是相當的孤立，跟中共的關係也相當的微妙。我們經常在面對中共的威脅，政治和經濟也常常因為國際局勢以及海峽對岸的行動而產生種種變化。因此很多人終日惶惶不安，找不到自我安頓的地方，在混亂不安的局勢之中，各界人士應該有什麼樣的正念來安定自己，甚至影響周遭的親友以及廣大的社會大眾呢？ \r\n\r\n我們恭請聖嚴法師來為我們開示。\r\n http://www.dharmaschool.com/index.html');
INSERT INTO videos(vid, pid, title, description) VALUES('XCSemu-LUMU', 'PLAED8240283C6066F', '為什麼隨便就稱呼人菩薩（聖嚴法師-大法鼓 0277）', '今天我們要來談一談，為什麼隨便就\r\n稱呼別人菩薩。佛教中有幾位很有名\r\n的大菩薩：像觀音、文殊、地藏菩賢\r\n等等。都是很受崇敬的菩薩。\r\n大家特別知道觀世音菩薩是救苦救難\r\n大慈大悲聞聲救苦的大菩薩，而地藏\r\n菩薩則是我不入地獄，誰入地獄的大\r\n菩薩。\r\n但是對於一些很平凡的人，佛教徒卻\r\n也稱呼他們是菩薩，這是什麼道理呢\r\n？這樣隨口稱呼一般凡夫俗子菩薩，\r\n會不會褻瀆真正的大菩薩呢？\r\n\r\n\r\n我們恭請聖嚴法師來為我們開示。\r\n\r\nhttp://www.dharmaschool.com/index.html');
INSERT INTO videos(vid, pid, title, description) VALUES('6TPR4dJgxfo', 'PLAED8240283C6066F', '佛教是男女平等的宗教嗎（聖嚴法師-大法鼓 0278)', '佛教是男女平等的宗教嗎？目前台灣的佛教徒男女都很多，佛教的出家人卻好像是女性比男性還多一些，許多大的佛寺都是女的法師比男的法師多。這是什麼原因造成的呢？佛教的倫理對於男女兩性的地位有什麼特別的區別嗎？是不是能夠做到像當今歐美人士十分關切的男女平等呢？ \r\n\r\n我們恭請聖嚴法師來為我們開示。\r\n http://www.dharmaschool.com/index.html');
INSERT INTO videos(vid, pid, title, description) VALUES('bg8lbI8G3D0', 'PLAED8240283C6066F', '佛菩薩是人還是神（聖嚴法師-大法鼓 0279）', '佛菩薩是人還是神？佛教中崇拜\r\n的對象主要是佛跟菩薩而不是神\r\n。但是佛和菩薩到底是神還是人\r\n呢？他們跟神又有什麼不同呢？\r\n禮拜佛跟菩薩是不是就是偶像崇\r\n拜呢？\r\n\r\n\r\n我們恭請聖嚴法師來為我們開示。\r\n\r\nhttp://www.dharmaschool.com/index.html');
INSERT INTO videos(vid, pid, title, description) VALUES('HRQGMpkuPLM', 'PLAED8240283C6066F', '燒冥紙有用嗎（聖嚴法師-大法鼓 0280）', '有一些佛教的寺院沒有焚燒金紙、銀紙的地方。\r\n甚至也有很多的法師提倡不燒紙錢給已經過世的祖先或者是鬼神。\r\n理由是燒這些東西沒有用,他們在另一個世界中生活不需要這些錢。而且燒紙錢也有害環保。\r\n但是有的人又明明夢到祖先或者是什麼人,在夢中要求他燒金紙給他,這應該怎麼解釋呢\r\n讓我們來請教聖嚴法師。\r\n\r\n更多線上課程：http://www.dharmaschool.com/index.html');
INSERT INTO videos(vid, pid, title, description) VALUES('X9x5xU4X1mY', 'PLAED8240283C6066F', '出家人應該干政嗎（聖嚴法師-大法鼓 0281）', '出家人是以弘揚佛教為主要的工作\r\n，在中國歷史上很少有出家人當皇\r\n帝、宰相或者是大臣的。\r\n但是在現今的台灣就有出家人當民\r\n意代表，甚至也有人參與選舉。\r\n這是出家人隨著時代的進步也在進\r\n步，還是出家人失去了本身應有的\r\n定位走了偏鋒，做了不應該做的事\r\n情呢？\r\n\r\n我們恭請聖嚴法師來為我們開示。\r\n\r\nhttp://www.dharmaschool.com/index.html');
INSERT INTO videos(vid, pid, title, description) VALUES('2feV7LjDqL4', 'PLAED8240283C6066F', '降伏妄念（聖嚴法師-大法鼓 0282）', '在打坐、念佛、拜佛或者是誦經的時候沒有辦法很專注，時常會有妄念出現。有的時候甚至還會有些不好的念頭，那這樣是不是修行不成反而有罪過呢？ \r\n\r\n我們恭請聖嚴法師來為我們開示 \r\nhttp://www.dharmaschool.com/index.html');
INSERT INTO videos(vid, pid, title, description) VALUES('nnSoFgHRfSI', 'PLAED8240283C6066F', '青少年應如何善待自己（聖嚴法師-大法鼓 0283）', '新新人類經常說只要我喜歡有什麼不可以，因此他們養成了及時享樂的心態，和隨性率性的作風。他們在KTV、麻將桌和飆車中追尋快樂，那麼這些人應該是很懂得善待自己的一群了。但是事實上他們並沒有真正的得到快樂，反而更加的空虛跟孤寂。我們來請教聖嚴法師這樣的善待自己是不是出了什麼問題了？ \r\n\r\n我們恭請聖嚴法師來為我們開示。\r\n http://www.dharmaschool.com/index.html');
INSERT INTO videos(vid, pid, title, description) VALUES('Bsb6yXjBgRw', 'PLAED8240283C6066F', '小孩子如何薰習佛法（聖嚴法師-大法鼓 0284）', '小孩子如何熏習佛法？對於一個大人來說\r\n因為他的思想比較成熟，涉世的經驗也比\r\n較豐富。要了解佛法有比較多的修學管道\r\n，但是對於家中不識字或者識字不多，思\r\n想單純又涉世不深的小孩子，有什麼辦法\r\n來幫助他們種植善根吸取佛法呢？ \r\n\r\n我們恭請聖嚴法師來為我們開示 \r\n\r\nhttp://www.dharmaschool.com/index.html');
INSERT INTO videos(vid, pid, title, description) VALUES('CmMJrdZVT6s', 'PLAED8240283C6066F', '佛教徒怎麼會綁人呢（聖嚴法師-大法鼓 0285）', '今年九月間國際新聞傳出了印度的佛教徒\r\n為了爭取更大的自由權，綁架人質向政府\r\n抗議。那麼以前我們只聽到佛教徒為了某\r\n種目的，示威、遊行，或者是犧牲自己。\r\n從來沒有侵害過別人，如今聽到這樣的消\r\n息讓人感到十分的困惑，佛教徒怎麼會這\r\n樣做呢？ \r\n\r\n我們恭請聖嚴法師來為我們開示 \r\n\r\nhttp://www.dharmaschool.com/index.html');
INSERT INTO videos(vid, pid, title, description) VALUES('le270Q5iM-w', 'PLAED8240283C6066F', '文化認同有必要嗎（聖嚴法師-大法鼓 0286）', '這一、兩百年以來，由於西方世界非常的強盛\r\n，科技發達，在文化上占有優勢。讓很多亞洲\r\n跟非洲的人士認為自己的文化是不好的。其實\r\n文化是長期累積的，不是可以完全移植的。中\r\n國也有許多優於歐美的文化，我們應該如何一\r\n邊汲取西方文化的長處同時又重建對自己優良\r\n文化的認同呢？ \r\n\r\n我們恭請聖嚴法師來為我們開示 \r\n\r\nhttp://www.dharmaschool.com/index.html');
INSERT INTO videos(vid, pid, title, description) VALUES('yyjs_80RR2M', 'PLAED8240283C6066F', '悅眾是什麼意思（聖嚴法師-大法鼓 0287）', '社會上一般的公司團體跟機構\r\n，通常稱呼一些領導階層的人\r\n為幹部。過去的幾年內佛教界\r\n也常常使用幹部這個名稱，來\r\n稱呼領導階層。\r\n民國八十四年%九月份以後，\r\n法鼓山就把幹部的稱呼廢除掉\r\n了，改稱領導階層的人為悅眾\r\n菩薩。這個名詞對一般的社會\r\n大眾來講是一個很新鮮的名詞\r\n，它到底是什麼意思呢？\r\n\r\n我們恭請聖嚴法師來為我們開示\r\n\r\nhttp://www.dharmaschool.com/index.html');
INSERT INTO videos(vid, pid, title, description) VALUES('GZ6ltrbx1CA', 'PLAED8240283C6066F', '吃素不小心吃到葷怎麼辦（聖嚴法師-大法鼓 0288）', '大多數吃全素的人都希望自己不再吃葷了。但是有的時候親友贈送的食品，可能含有豬油或者是蛋的成分在裡面。自己不小心吃了以後才發現。也可能在外面跟許多人一起用餐的時候，因為某些因素而吃了葷菜。這個時候可能會覺得很不舒服，甚至會產生罪惡感，或者會有不知如何是好的感覺。讓我們來請教聖嚴法師。吃全素的人不小心吃到葷菜的時候到底該怎麼辦呢？ \r\n\r\n更多線上課程：http://www.dharmaschool.com/index.html');
INSERT INTO videos(vid, pid, title, description) VALUES('zdIqsz1qtFk', 'PLAED8240283C6066F', '追求完美的人格（聖嚴法師-大法鼓 0289）', '佛是福德智慧以及圓滿人格十全十美的人，這也是為什麼我們要學佛的原因。但有些人為了追求完美的形象，給自己很大的壓力，因為苛責自己而常常感到很深的挫折感，變得不快樂。我們該用什麼樣正確的方法來追求完美的人格呢？ \r\n\r\n我們恭請聖嚴法師來為我們開示\r\n http://www.dharmaschool.com/index.html');
INSERT INTO videos(vid, pid, title, description) VALUES('IiUlIKCZkio', 'PLAED8240283C6066F', '如何忙的快樂累的歡喜（聖嚴法師-大法鼓 0290）', '聖嚴法師有一句名言說：忙、忙、忙，忙得好快樂！累、累、累，累得很歡喜！但是一般人往往在工作繁忙當中，就會感受到心理壓力。累的時候經常也會感到煩躁不已，怎麼能夠做到忙而快樂；累而歡喜？ \r\n\r\n我們恭請聖嚴法師來為我們開示\r\n http://www.dharmaschool.com/index.html');
INSERT INTO videos(vid, pid, title, description) VALUES('BPfqYZtw7_A', 'PLAED8240283C6066F', '境隨心轉（聖嚴法師-大法鼓 0291）', '一個悲觀的人往往從不如意的一面來看待事情，\r\n因此常常覺得生活過得很不順遂，\r\n不幸的事好像也真的是接二連三的發生\r\n反過來，一個樂觀的人從人生的光明面來看事情，似乎好運也就跟著他走\r\n即使有了困難也都能夠解決，這是不是就是佛教所說的境隨心轉呢？\r\n\r\n我們恭請聖嚴法師來為我們開示。\r\n\r\nhttp://www.dharmaschool.com/index.html');
INSERT INTO videos(vid, pid, title, description) VALUES('oOXqVfneqyI', 'PLAED8240283C6066F', '如何妥當的處理舊物品（聖嚴法師-大法鼓 0292）', '如何妥當的處理舊的物品，現在的科技進步可以說是非常的快速\r\n許多家庭或是團體裡面使用的物品，過了不久就變得落伍或是陳舊了\r\n尤其是像電腦這種高科技產品，更是幾年以後就可能因為趕不上時代而必須淘汰掉，有的東西我們可以轉送給他人或者是賣掉，但是有的時候就只能丟棄\r\n可是這又會產生一種不惜福的罪惡感，我們來請教聖嚴法師。\r\n\r\n我們恭請聖嚴法師來為我們開示。\r\n\r\nhttp://www.dharmaschool.com/index.html');
INSERT INTO videos(vid, pid, title, description) VALUES('1yeNN-1oSlg', 'PLAED8240283C6066F', '法鼓山的活動的意義（聖嚴法師-大法鼓 0293）', '目前我們台灣社會的亂源很多，法鼓山提出了提昇人的品質、建設人間淨土的理念，那麼要實踐這樣的理想，是不是應該針對社會的現象，很有系統的展開活動才能夠達到目的呢？\n\n我們恭請聖嚴法師來為我們開示。\n\nhttp://www.dharmaschool.com/index.html');
INSERT INTO videos(vid, pid, title, description) VALUES('KHE1kALeaN4', 'PLAED8240283C6066F', '爭與不爭、取與捨如何拿捏（聖嚴法師-大法鼓 0294）', '一般人對於佛教徒的要求很高，人格要高尚、操守要嚴謹，特別是應該與世無爭 但是佛教徒也有他的理想跟抱負，想要好好的奉獻自己給我們的社會、人群\r\n甚至是世界上所有的人，那麼在爭與不爭之間，取與捨之間，如何才能夠拿捏得恰到好處呢？\r\n\r\n\r\n我們恭請聖嚴法師來為我們開示。\r\n\r\nhttp://www.dharmaschool.com/index.html');
INSERT INTO videos(vid, pid, title, description) VALUES('pwaueVKpYFA', 'PLAED8240283C6066F', '廿一世紀的趨向（聖嚴法師-大法鼓 0295）', '再過五年世界就要進入二十一世紀了，那麼現在已經有一些人開始在預測\r\n二十一世紀的世界，會有些什麼樣的趨勢，或者會有那些大的事情發生\r\n站在宗教的立場來看，二十一世紀會有那些情形發生呢？\r\n\r\n\r\n我們恭請聖嚴法師來為我們開示。\r\n\r\nhttp://www.dharmaschool.com/index.html');
INSERT INTO videos(vid, pid, title, description) VALUES('MaYB9zF1kuc', 'PLAED8240283C6066F', '如何安定浮動的人心（聖嚴法師-大法鼓 0296）', '如何安定浮動的人心，從台灣近來一連串的金融風暴，政經問題和移民潮流等等\r\n我們可以看出台灣的人心很浮動不安，浮動的人心對於個人、家庭、社會和國家\r\n只有帶來更多不安和動亂，那麼有什麼方法，能夠改善台灣社會這種人心浮動不安的現象呢？\r\n\r\n\r\n我們恭請聖嚴法師來為我們開示。\r\n\r\nhttp://www.dharmaschool.com/index.html');
INSERT INTO videos(vid, pid, title, description) VALUES('uSn5OMg_cX4', 'PLAED8240283C6066F', '如何使人精進學佛（聖嚴法師-大法鼓 0297）', '很多的人剛開始接觸佛教的時候，會覺得佛教的教義很好，修行的方法也很有用\r\n佛教徒也很慈悲，因此相當感興趣也很精進，但是過了一段時間以後，漸漸的可能因為忙或是懶等因素就不再接觸佛教，慢慢的，好像佛教對他來說也變得可有可無了，像這樣的人有什麼辦法讓他再精進學佛嗎？\r\n\r\n\r\n\r\n我們恭請聖嚴法師來為我們開示。\r\n\r\nhttp://www.dharmaschool.com/index.html');
INSERT INTO videos(vid, pid, title, description) VALUES('38teuuZhVLM', 'PLAED8240283C6066F', '如何用簡單方法安定身心（聖嚴法師-大法鼓 0298）', '如何用簡單的方法來安定身心，大多數的人在透過精進的禪修之後，都可以得到身心安定，平靜以及品德提昇的效果，但是能夠有機會參加精進禪修的人，畢竟是社會上很少數的人，對於大多數沒有機會參加禪修的人，是不是有什麼簡單的方法，能夠達到安定身心、平衡身心，提昇人品的功效呢？\r\n\r\n\r\n\r\n我們恭請聖嚴法師來為我們開示。\r\n\r\nhttp://www.dharmaschool.com/index.html');
INSERT INTO videos(vid, pid, title, description) VALUES('GpyYc-jo6CY', 'PLAED8240283C6066F', '用什麼態度來看待夢見親友（聖嚴法師-大法鼓 0299）', '用什麼樣的態度來看待夢界親友，對於已經過世的至親好友，我們常常會有許多的懷念，並且掛念他們目前的狀況是不是很好，那麼對於剛過世的人，我們也特別容易夢到他們處於苦，或者是樂的環境中，也有已經過去幾十年的親友突然在我們的夢裡面出現，那麼對於這些夢境，我們應該以什麼樣的態度來看待它呢？\r\n\r\n\r\n我們恭請聖嚴法師來為我們開示。\r\n\r\nhttp://www.dharmaschool.com/index.html');
INSERT INTO videos(vid, pid, title, description) VALUES('eUM18dnxHds', 'PLAED8240283C6066F', '佛教徒的裝扮（聖嚴法師-大法鼓 0300）', '今天我們要來談一談佛教徒的妝扮，佛教徒在修行活動中，不鼓勵人化妝打扮\r\n因此有很多的佛教徒信佛以後，不像以前那麼注重外表的妝扮，但是在現代社會中，有的時候打扮是一種必要的包裝，也有人說這是一種禮貌，做為一個佛教徒在日常生活中，應該怎麼樣來妝扮自己才恰當呢？\r\n\r\n\r\n我們恭請聖嚴法師來為我們開示。\r\n\r\nhttp://www.dharmaschool.com/index.html');
INSERT INTO playlist(pid, cid, title, description) VALUES('PL1A31B2D2E8A76369','UCq2iefWrqW0W6Hic2xA1aDg', '大法鼓0251-0275', '');
INSERT INTO videos(vid, pid, title, description) VALUES('XG9jsZ4bUSc', 'PL1A31B2D2E8A76369', '如何做一個不打妄語的人（聖嚴法師-大法鼓 0251）', '言語可以說是人與人之間心靈溝通，建立良好關係的必備條件，良好的溝通方式不但可以幫助我們廣結善緣，也可以啟發我們的潛能跟創造力。但是不適當的語言，也就是所謂的妄語，只會帶來彼此的猜忌跟傷害。譬如說，說謊話，嚴重的時候甚至會使雙方反目成仇，有的人為了自己的利益，會故意的欺騙別人，也有的人不知道該謙虛，更不知道該尊重別人，這樣的人表面上可能占盡了先機討到便宜，但是等大家知道事實的真相之後，自然就會遠離他。\r\n更多線上課程：http://www.dharmaschool.com/index.html');
INSERT INTO videos(vid, pid, title, description) VALUES('ZACxn_T8-RY', 'PL1A31B2D2E8A76369', '如何選擇適合的行業（聖嚴法師-大法鼓 0252）', '當我們年紀輕的時候沒有經過磨練，也比較缺乏耐心跟毅力，在工作中一旦遇到挫折就可能馬上想要逃避，有人從二十歲到現在三十幾歲了，換過十幾種各式各樣的工作，還不清楚自己究竟應該從事什麼樣的行業比較適合。像這樣的人，對他們有什麼樣的開示呢?\r\n更多線上課程：http://www.dharmaschool.com/index.html');
INSERT INTO videos(vid, pid, title, description) VALUES('uUQn9xLfEe0', 'PL1A31B2D2E8A76369', '遇挫折時如何調適自己（聖嚴法師-大法鼓 0253）', '人往往有很多的理想，希望自己能夠有崇高的社會地位，耀眼的財富以及響亮的聲名等等。\r\n所以不斷的拚命追求，但是年紀大了一點之後，很多人卻發現，這些東西似乎距離他們越來越遠了。\r\n因此不免會有沮喪、挫折等種種痛苦的感覺。\r\n而就算是追逐到了其中的一兩樣，也往往會有不過如此的空虛感。那麼這個時候該怎麼樣來調適自己呢？\r\n讓我們恭請聖嚴法師來為我們開示。\r\n\r\n更多線上課程：http://www.dharmaschool.com/index.html');
INSERT INTO videos(vid, pid, title, description) VALUES('FsYpMvbXHk0', 'PL1A31B2D2E8A76369', '為出國留學青年的開示（聖嚴法師-大法鼓 0254）', '我們的社會裡出國留學的年輕人愈來愈多了。\r\n有許多的人出國留學以前，不清楚自己出去要學什麼、學到什麼程度、學成以後有什麼用處。\r\n而對於他們將要留學的環境，譬如說是教授、師資、學校、社會風氣等等也往往不太瞭解。\r\n他們在國外可能一待三、五年，甚至十幾年。\r\n有些人拿到了學位，也有些人始終拿不到自己想要的文憑。\r\n好像學得了一些什麼，又好像什麼都沒有學到。\r\n對於那一些準備出國或者是希望出國的年輕人，心裡應該要有一些什麼樣的準備呢？\r\n讓我們恭請聖嚴法師來為我們開示。\r\n\r\n更多線上課程：http://www.dharmaschool.com/index.html');
INSERT INTO videos(vid, pid, title, description) VALUES('fNc3kx12CbQ', 'PL1A31B2D2E8A76369', '如何管教離家出走的小孩（聖嚴法師-大法鼓 0255）', '在目前的社會中青少年朋友離家出走，或者是三更半夜不回家的事情是愈來愈多了。\r\n那麼當孩子突然一夜沒有回家，做父母的往往心急如焚。\r\n而在孩子回家以後，又往往立刻給予一頓責打苛罵，造成親子之間更大的裂痕。\r\n對於蹺家的孩子應該怎麼管教呢？\r\n讓我們恭請聖嚴法師來為我們開示。\r\n\r\n更多線上課程：http://www.dharmaschool.com/index.html');
INSERT INTO videos(vid, pid, title, description) VALUES('9vcs1EUBLNw', 'PL1A31B2D2E8A76369', '青少年的父母如何自我調適（聖嚴法師-大法鼓 0256）', '閩南語中有一句話說：小孩子有耳無嘴。\r\n但是在現代社會裡，小孩子不只是喜歡問為什麼。\r\n當他對父母的管教感到不高興的時候，還常常會頂撞父母。\r\n很多父母因此無法接受，認為這個孩子頑劣不可教。\r\n當孩子頂撞父母的時候，該怎麼教育他呢？父母本身又該做什麼樣的自我調整呢？\r\n讓我們恭請聖嚴法師來為我們開示。\r\n\r\n更多線上課程：http://www.dharmaschool.com/index.html');
INSERT INTO videos(vid, pid, title, description) VALUES('47zgH5aW8ZM', 'PL1A31B2D2E8A76369', '青少年如何交異性朋友（聖嚴法師-大法鼓 0257）', '一般人都認為孩子在十八歲以前應該好好的讀書，或者是學習各種技能，不應該有男女的感情交往。但是現在十來歲的青少年有親密異性朋友的愈來愈多了。\r\n有不少青少年因為受到電視跟電影的影響，對異性產生了好奇心。\r\n結果常常是在迷迷糊糊的情況下，就跟異性發生了超友誼的關係。而給自己、家庭和社會帶來了不少的問題。\r\n那麼年輕人應該要抱著什麼樣的態度跟異性交往呢？\r\n讓我們恭請聖嚴法師來為我們開示。\r\n\r\n更多線上課程：http://www.dharmaschool.com/index.html');
INSERT INTO videos(vid, pid, title, description) VALUES('1FudUQ43Kgk', 'PL1A31B2D2E8A76369', '兒童佛學夏令營（聖嚴法師-大法鼓 0258）', '在民國六十年代台灣的中學跟大學生，喜歡參加暑假的健行隊、戰鬥營跟登山隊等活動。\r\n而現在的學生則喜歡參加夏令營，幾乎從小學到大學都有機會參加各式各樣的夏令營。\r\n近年來特別是佛教的夏令營，相當受到學生跟家長的歡迎。\r\n佛學夏令營對我們的青少年有些什麼樣的幫助呢？\r\n讓我們恭請聖嚴法師來為我們開示。\r\n\r\n更多線上課程：http://www.dharmaschool.com/index.html');
INSERT INTO videos(vid, pid, title, description) VALUES('Q5R2DKKzgaE', 'PL1A31B2D2E8A76369', '佛教兒歌（聖嚴法師-大法鼓 0259）', '近年來佛教弘法方式愈來愈多元，佛教兒童教育的發展方興未艾，兒歌的創作也是其中相當重要的一環。\r\n但是跟一般的兒歌比較起來，佛教的兒歌在數量跟品質上仍然有一段差距。\r\n這主要是因為要把佛教的教義跟精神，用最淺顯易懂的方式表達出來。\r\n而且能夠吸引小孩子，並不是一件容易的事。\r\n我們現在就恭請聖嚴法師來為我們談一談。\r\n\r\n更多線上課程：http://www.dharmaschool.com/index.html');
INSERT INTO videos(vid, pid, title, description) VALUES('gEDYHV7kbo4', 'PL1A31B2D2E8A76369', '加強教理與修行方法的整合（聖嚴法師-大法鼓 0260）', '今天在不同國家中的佛教徒，往往依照自己的傳統、文化跟風俗來修行佛法。\r\n佛教的修行方法必須適應現代人的生活而有所調整，因此也有了種種各式各樣的修行方法。\r\n為了避免一些想要探究佛法的朋友感到困惑，我們是不是能夠把修行的方法來做一番整合呢？\r\n我們現在就恭請聖嚴法師來為我們開示。\r\n\r\n更多線上課程：http://www.dharmaschool.com/index.html');
INSERT INTO videos(vid, pid, title, description) VALUES('Eho3BRjYYkY', 'PL1A31B2D2E8A76369', '青少年的犯罪趨勢（聖嚴法師-大法鼓 0261）', '今天我們要來談的是青少年的迷失，很多人都感覺到\r\n目前社會上迷失的青少年似乎愈來愈多。\r\n事實上也的確是這樣，根據我國近年的犯罪統計青少\r\n年犯罪不僅愈來愈嚴重，而且呈現出了集體性、暴力性\r\n、病態享樂性、墮落性，低齡化以及在學學生犯罪人數\r\n激增等等的特性。\r\n青少年犯罪的原因很多，但是根據犯罪心理學學者的研\r\n究：家庭因素是促成青少年犯罪最主要的原因之一，可\r\n見健全的家庭教育，對青少年身心健康發展有多麼重要\r\n的影響了。\r\n\r\n我們恭請聖嚴法師來為我們開示。\r\n\r\nhttp://www.dharmaschool.com/index.html');
INSERT INTO videos(vid, pid, title, description) VALUES('stiZEE--JfE', 'PL1A31B2D2E8A76369', '小孩子吃素會不會營養不良（聖嚴法師-大法鼓 0262）', '今天我們要來談一談，小孩子吃素會不會營養不良。\r\n目前台灣信仰佛教的年輕父母很多，他們去佛寺參加\r\n活動的時候，常常喜歡把小孩子帶去。\r\n也有些父母自己不信佛，但是很喜歡讓自己的孩子\r\n參加兒童佛學夏令營等等佛教的活動。\r\n因此孩子在很小的時候，就有吃素的經驗，\r\n有一些小孩，甚至自願在小學或是國中階段，\r\n甚至更小的年紀就要求吃素，並且真的魚肉不沾。\r\n小孩子那麼小就吃素對他們的健康會不會有影響呢？\r\n\r\n我們恭請聖嚴法師來為我們開示。\r\n\r\nhttp://www.dharmaschool.com/index.html');
INSERT INTO videos(vid, pid, title, description) VALUES('XFrOFh8bsco', 'PL1A31B2D2E8A76369', '還沒發生的事情為什麼會先夢到（聖嚴法師-大法鼓 0263）', '今天我們要來談一個有趣的話題，那就是還沒有發生的事情，\r\n為什麼會先夢到呢？我們有時候會聽到身邊的親人或者朋友說起：\r\n他在某一件事情還沒發生以前，就先在夢中夢到了，\r\n譬如說還沒有去過的地方先夢到，幾天以後才見到的人，\r\n幾天前就先夢到了，另外也有各種大大小小的個人事件、\r\n社會事件，乃至於世界大事，有些人都可能先夢到。\r\n為什麼會這樣呢？\r\n\r\n\r\n我們恭請聖嚴法師來為我們開示。\r\n\r\nhttp://www.dharmaschool.com/index.html');
INSERT INTO videos(vid, pid, title, description) VALUES('caiwcO-YKEY', 'PL1A31B2D2E8A76369', '出家人如何稱呼（聖嚴法師-大法鼓 0264）', '我們今天來談一談出家人如何稱呼，目前出家僧眾\r\n參與社會活動的情形，可以說是愈來愈普遍了。\r\n那麼當我們，碰到一位出家人的時候，\r\n如果自己沒有信佛，可能不知道該怎麼稱呼他才好\r\n有的人仍然稱呼出家人某某先生，或者是某某小姐\r\n而有的人是見到出家人就稱大師。\r\n那麼到底應該怎麼稱呼出家人才比較恰當呢？\r\n\r\n\r\n我們恭請聖嚴法師來為我們開示。\r\n\r\nhttp://www.dharmaschool.com/index.html');
INSERT INTO videos(vid, pid, title, description) VALUES('vn6R1x61PKM', 'PL1A31B2D2E8A76369', '父母在不遠遊,對嗎（聖嚴法師-大法鼓 0265）', '我們今天要來談一談，父母在不遠遊對嗎？\r\n過去中國人認為，當父母在世的時候，\r\n孝順的人應該跟父母住在一起。\r\n所以說父母在不遠遊，我們知道美國人的習慣\r\n如果一個小孩子到了二十歲以後，還跟父母住在一起\r\n親友鄰居都會覺得很奇怪，也很不能接受。\r\n那麼不同的風俗，有沒有個對錯或者好壞呢？\r\n\r\n我們恭請聖嚴法師來為我們開示。\r\n\r\nhttp://www.dharmaschool.com/index.html');
INSERT INTO videos(vid, pid, title, description) VALUES('5GLlc-rV0E4', 'PL1A31B2D2E8A76369', '為什麼吃早齋或六齋日或十齋日呢（聖嚴法師-大法鼓 0266）', '今天我們要來談一談，為什麼要吃早齋，或者定期吃素。\r\n有一些人很喜歡吃魚、吃肉，但是為了健康或者是為了宗\r\n教的理由，想要改吃素。\r\n有人就教他們說，你可以不完全吃素，早餐吃素就好了，\r\n或者是一個月的初一、十五或者是六天、十天吃素。\r\n也就是所謂的六齋日，或者是十齋日。\r\n平常大魚大肉的吃，碰到某一些時間，又吃素吃得很嚴格\r\n這是不是很虛偽呢？這樣做到底有什麼意義？\r\n\r\n我們恭請聖嚴法師來為我們開示。\r\n\r\nhttp://www.dharmaschool.com/index.html');
INSERT INTO videos(vid, pid, title, description) VALUES('sLi1tswCOGg', 'PL1A31B2D2E8A76369', '佛教中的佛菩薩神為什麼特別多（聖嚴法師-大法鼓 0267）', '我們今天要來談一談，為什麼佛教中的佛、菩薩和神特別的多\r\n當我們進到佛寺去的時候，常常會看到好多的神像，以及各種\r\n不同的佛和菩薩像，也常常會聽到許許多多不同的佛和菩薩的\r\n名字。\r\n為什麼佛教會有這麼多的佛、菩薩跟神呢？\r\n這些佛、菩薩跟神的大小又是如何呢？\r\n\r\n我們恭請聖嚴法師來為我們開示。\r\n\r\nhttp://www.dharmaschool.com/index.html');
INSERT INTO videos(vid, pid, title, description) VALUES('kUHs9r8soLY', 'PL1A31B2D2E8A76369', '山頭的意思是什麼（聖嚴法師-大法鼓 0268）', '台灣目前有一些很有名的佛寺，各自在發展自己的弘法事業。\r\n因此有人說這些是山頭，山頭的意思一方面表示這是很有力量\r\n的團體﹔另一方面卻又帶有一種自我色彩的意味。\r\n那麼到底為什麼會把一些有大力量的佛教團體稱為山頭呢？\r\n\r\n我們恭請聖嚴法師來為我們開示。\r\n\r\nhttp://www.dharmaschool.com/index.html');
INSERT INTO videos(vid, pid, title, description) VALUES('ttdeEQKYSZU', 'PL1A31B2D2E8A76369', '宗教信仰不同處理葬禮的方法不同怎麼辦（聖嚴法師-大法鼓 0269）', '今天我們要來談一談，因為宗教信仰不同，以至於\r\n處理喪事的方法不同的時候該怎麼辦？通常來說一\r\n個家庭中的成員信仰同一種宗教的並不是很多，而\r\n有些家庭裡的兄弟姊妹各有自己的宗教信仰，因此\r\n當父母過世的時候，可能各自堅持應該用佛教或者\r\n基督教或者是天主教或者道教的儀式來舉行喪禮甚\r\n至因此而弄得彼此感情破裂。\r\n遇到這種情形，有沒有什麼辦法可以圓滿的處理呢\r\n\r\n我們恭請聖嚴法師來為我們開示。\r\n\r\nhttp://www.dharmaschool.com/index.html');
INSERT INTO videos(vid, pid, title, description) VALUES('NcF4kckOHW8', 'PL1A31B2D2E8A76369', '佛教重視慶生活動嗎（聖嚴法師-大法鼓 0270）', '今天我們要來談一談，佛教徒該不該重視慶生活動。\r\n佛教徒常常把自己的生日說成是母難日，也就是母親\r\n受苦受難的日子。那麼既然是母難日，照理來說就不\r\n應該太去慶祝它了。\r\n但是法鼓山每年舉辦盛大的聯合祝壽，每次都有不少\r\n人參加。那麼這種做法是不是跟佛教徒母難日，不慶\r\n祝的想法互相違背呢？\r\n\r\n我們恭請聖嚴法師來為我們開示。\r\n\r\nhttp://www.dharmaschool.com/index.html');
INSERT INTO videos(vid, pid, title, description) VALUES('Sto5fmoChRY', 'PL1A31B2D2E8A76369', '為什麼人家喜歡去教堂結婚不去佛寺結婚呢（聖嚴法師-大法鼓 0271）', '今天我們要來談一談，為什麼大家喜歡在教堂結婚\r\n而很少在佛寺舉行結婚儀式？台灣有一些年輕人事\r\n實上他們本身並不是很虔誠的天主教徒或者是基督\r\n教徒。\r\n但是他們喜歡在教堂裡舉行結婚儀式，理由是他們\r\n喜歡那種氣氛，日本的年輕人更是大多數都在教堂\r\n裡面結婚，而很少在佛教的寺院裡面完婚的。\r\n這是什麼原因呢？是不是在佛寺中不可以舉行結婚\r\n典禮呢？或者是佛教的婚禮不吸引人？\r\n\r\n我們恭請聖嚴法師來為我們開示。\r\n\r\nhttp://www.dharmaschool.com/index.html');
INSERT INTO videos(vid, pid, title, description) VALUES('zMIWakkud7w', 'PL1A31B2D2E8A76369', '出家人的姓氏（聖嚴法師-大法鼓 0272）', '今天我們要來談一談出家人的姓氏，中國人有自己\r\n傳統的家族姓氏，每一個人一出生以後就有家庭賦\r\n予他的姓氏，而中國人對於自己的姓氏也是非常重\r\n視的，所以我們常說行不改姓﹔坐不改名。\r\n而當一個人出了家以後，他原來的名字就不再使用\r\n了，而使用出家以後師父給他的法名。\r\n那麼他原來的姓氏還用不用呢？\r\n如果有人問一位出家人請問您貴姓？\r\n這適不適何呢\r\n\r\n我們恭請聖嚴法師來為我們開示。\r\n\r\nhttp://www.dharmaschool.com/index.html');
INSERT INTO videos(vid, pid, title, description) VALUES('gAaM_kOmnIE', 'PL1A31B2D2E8A76369', '佛為什麼稱呼很多（聖嚴法師-大法鼓 0273）', '我們今天要來談一談的是佛為什麼有那麼多不同的稱呼？\r\n佛教的教主是釋迦牟尼佛，我想這是大家都知道的事。\r\n但是我也聽說佛又被稱為如來、釋尊、天人師等等許多\r\n不同的名號，為什麼要用那麼多不同的名稱去稱呼佛，\r\n而讓很多人反而弄不清楚這些指的都是佛呢？\r\n這些稱號是不是有什麼特殊的意義呢？\r\n\r\n我們恭請聖嚴法師來為我們開示。\r\n\r\nhttp://www.dharmaschool.com/index.html');
INSERT INTO videos(vid, pid, title, description) VALUES('N5df7YGWW_E', 'PL1A31B2D2E8A76369', '為什麼要生西方而不往生東方（聖嚴法師-大法鼓 0274）', '今天我們要來談一談，為什麼要往生西方\r\n而不往生東方呢？常聽到人家說往生西方\r\n極樂世界是一件幸福的事情。\r\n可是為什麼就沒有聽人家說要往生東方什\r\n麼世界去，或者是要往生南方或者是北方\r\n的世界呢？西方真的那麼特別嗎？\r\n極樂世界為什麼在西方呢？\r\n\r\n我們恭請聖嚴法師來為我們開示。\r\n\r\nhttp://www.dharmaschool.com/index.html');
INSERT INTO videos(vid, pid, title, description) VALUES('ACRF0ro-Qi8', 'PL1A31B2D2E8A76369', '為什麼信教的人多而社會這麼亂（聖嚴法師-大法鼓 0275）', '今天我們要來談一個比較嚴肅的話題，那就是\r\n為什麼信教的人多了，而似乎社會卻更亂了，\r\n我想大部分的人都會同意，宗教是一股安定社\r\n會的力量。\r\n但是拿現在的台灣跟二十年前的台灣來比較，\r\n你會發現信教的人口增加了。例如佛教就經常舉\r\n辦各種活動，也積極的在從事社會福利跟慈善事\r\n業，但是我們的社會亂象卻似乎愈來愈嚴重了﹔\r\n政治經濟的問題固然混亂不堪，青少年犯罪問題\r\n也是日益嚴重，而街頭暴力、搶劫、強暴等等問\r\n題更是層出不窮，令人不禁要問宗教發達果真為\r\n我們的社會帶來更多的祥和之氣了嗎？\r\n宗教徒是不是也出了什麼問題呢？\r\n\r\n我們恭請聖嚴法師來為我們開示。\r\n\r\nhttp://www.dharmaschool.com/index.html');
INSERT INTO playlist(pid, cid, title, description) VALUES('PL405DE357E0793082','UCq2iefWrqW0W6Hic2xA1aDg', '大法鼓0226-0250', '');
INSERT INTO videos(vid, pid, title, description) VALUES('4VreFvlz7os', 'PL405DE357E0793082', '善書與佛書（聖嚴法師--大法鼓 0226）', '生活在台灣的人有很多的機會接觸到助印善書跟佛書之類的事情。\r\n很多人會發心助印這些書籍，但是事實上並不了解善書跟佛書對人真的有什麼幫助\r\n我們現在就恭請聖嚴法師針對善書跟佛書的定義，為我們做一個明確的詮釋。\r\n\r\n更多線上課程：http://www.dharmaschool.com/index.html');
INSERT INTO videos(vid, pid, title, description) VALUES('aPYEA1R_fZk', 'PL405DE357E0793082', '相煎何太急（聖嚴法師--大法鼓 0227）', '那麼在人類社會中，我們經常可以看到彼此勾心鬥角的現象。\r\n原始人爭食物、爭地盤\r\n現代人呢？爭榮譽、爭權利、爭地位。\r\n可悲的是文明社會的人類，為了娛樂、賭博等原因，可使人跟動物相鬥，或者動物跟動物相鬥。\r\n譬如像鬥牛啦、鬥雞、鬥狗、鬥蟋蟀等等。\r\n為了滿足人類的娛樂需求，而使這些動物血肉模糊的重傷或者是死亡。\r\n我們應該如何來遏止這種殘忍的娛樂呢？我們現在就恭請聖嚴法師來為我們開示。\r\n\r\n更多線上課程：http://www.dharmaschool.com/index.html');
INSERT INTO videos(vid, pid, title, description) VALUES('YtOxCHy0IrU', 'PL405DE357E0793082', '保護野生動物（聖嚴法師--大法鼓 0228）', '現在科學文明越來越發達，破壞大自然的現象也越來越嚴重。\r\n原始森林的面積逐漸縮小，再加上人類因為貪婪而捕殺野生動物，使得野生動物已經漸漸的瀕臨滅種的邊緣。\r\n那麼現在我們就恭請聖嚴法師針對保護野生動物為我們開示。\r\n\r\n更多線上課程：http://www.dharmaschool.com/index.html');
INSERT INTO videos(vid, pid, title, description) VALUES('9o8PkTSFrNA', 'PL405DE357E0793082', '培養佛教人才（聖嚴法師--大法鼓 0230）', '近年來台灣信仰佛教的人數在急速的增加當中，而佛教的出版品種類也十分繁多\n但是相對的，佛教界的人才卻出現了嚴重不足的現象。\n佛教界如何運用各種不同的方式跟管道，來快速有效的培養各種人才，以因應時代的需要呢？\n我們現在就恭請聖嚴法師為我們開示。\n\n更多線上課程：http://www.dharmaschool.com/index.html');
INSERT INTO videos(vid, pid, title, description) VALUES('UcWkE_7w6o8', 'PL405DE357E0793082', '如何使佛法成為時代的指南針（聖嚴法師-大法鼓 0231）', '佛法的目的是要我們把它運用在日常生活裡，開發清涼的智慧，解決煩惱跟痛苦\r\n所以可以說任何時代都需要佛法。但是，如何使佛法配合時代的脈動，引領時代的方向，解除現代人的困惑和苦難，必須要有相當的智慧跟方便。\r\n\r\n更多線上課程：http://www.dharmaschool.com/index.html');
INSERT INTO videos(vid, pid, title, description) VALUES('PbkkALDikLE', 'PL405DE357E0793082', '新生代的佛教（聖嚴法師-大法鼓 0232）', '佛教已經漸漸的受到西方開明人士所接受，,這些接受佛教並且信奉佛教的歐美人士，是以四十歲以下的新生代為主流，而在國內大部分的大專院校都設有佛學社團也有好幾所大學開設了跟佛學相關的課程，那麼這些在在都可以證明佛學的研究跟佛教的信仰，已經受到全球的重視，特別是在新生代之間廣為流行,究竟為什麼新生代反而比年紀大的人容易接受佛教呢?\r\n更多線上課程：http://www.dharmaschool.com/index.html');
INSERT INTO videos(vid, pid, title, description) VALUES('m--wa8_gW9o', 'PL405DE357E0793082', '確認僧眾的形象（聖嚴法師-大法鼓 0233）', '在家居士一向以山林苦修的尺度來要求出家人，如果有出家人去從事研究經典、著書立說、講經說法，或者是建造寺院，這些弘法事業，就會受到部分居士的非議。他們認為這些都是世俗的事，出家人不應該參與這樣的觀念正確嗎?');
INSERT INTO videos(vid, pid, title, description) VALUES('uwcn5hhfTCw', 'PL405DE357E0793082', '以平常心學佛（聖嚴法師-大法鼓 0234）', '現在社會非常的流行速食文化，什麼都追求速成，修道好像也有這樣的傾向，譬如說即刻開悟、一天開悟，這些吸引人的號召，當然也就吸引了很多的人投入他們的行列，對於一個有心學佛的人來說什麼樣的態度才是正確的呢?\r\n\r\n更多線上課程：http://www.dharmaschool.com/index.html');
INSERT INTO videos(vid, pid, title, description) VALUES('6v9D9zpn_fI', 'PL405DE357E0793082', '一門深入論（聖嚴法師-大法鼓 0235）', '很多人都會希望房子愈大愈好，東西愈多愈好，這是一般人都有的看法，但是現在就連學佛修行的人，對修行的法門也有愈多愈好的混淆想法。有些人一會兒念阿彌陀佛、一會兒念觀世音菩薩、一會兒持咒、一會兒參禪、一會兒修密、到頭來不知道那一宗法門才是最適合自己的。\r\n更多線上課程：http://www.dharmaschool.com/index.html');
INSERT INTO videos(vid, pid, title, description) VALUES('tbZ-AoV5gRw', 'PL405DE357E0793082', '惜福（聖嚴法師-大法鼓 0236）', '弘一大師曾經告訴我們，惜福就是要惜衣、惜食、惜財、惜物，一個人不要把福享盡了，而要把福跟眾生同享，可惜的是現代人常常是把好衣穿盡、美食享盡、錢財花盡、東西用盡，彷彿我們生活在地球的末日，要把未來的歲月統統集中在現在這一點上來享受，來滿足自己的虛榮跟貪慾，從來沒有想過這世界上還有許多需要被照顧的人，這樣的人會有什麼樣的結果呢？\r\n更多線上課程：http://www.dharmaschool.com/index.html');
INSERT INTO videos(vid, pid, title, description) VALUES('KmFAhN7kAC8', 'PL405DE357E0793082', '諸惡莫作眾善奉行（聖嚴法師-大法鼓 0237）', '您常常在寺廟中看到諸惡莫作，眾善奉行，自淨其意，是諸佛教。這樣的句子嗎?那它的意思是什麼呢?\r\n更多線上課程：http://www.dharmaschool.com/index.html');
INSERT INTO videos(vid, pid, title, description) VALUES('Zn31OJtkzGk', 'PL405DE357E0793082', '修道要恆心不變（聖嚴法師-大法鼓 0238）', '您想過沒有，修道有時候就跟種樹一樣，你雖然沒有看到樹在生長，但是不知不覺中，它日以繼夜的在成長。也許十年、二十年或者是三十年之後，這棵樹就變成非常有用的材料了，修道也是急不得的，不要想今天修行，明天就能夠開悟，必須要天天鍛鍊，一天一天把妄想、把慾念減少，這就是進步了。\r\n更多線上課程：http://www.dharmaschool.com/index.html');
INSERT INTO videos(vid, pid, title, description) VALUES('BX1PCnHJ65U', 'PL405DE357E0793082', '慚愧、懺悔的重要（聖嚴法師-大法鼓 0239）', '佛教強調修道的人，如果不承認錯誤、不能改過向善，那麼修道就不可能有進步，更不用說有什麼大的成就了，對於為什麼慚愧懺悔、修行佛道，是這麼的重要呢?\r\n更多線上課程：http://www.dharmaschool.com/index.html');
INSERT INTO videos(vid, pid, title, description) VALUES('A5ofkezrP1o', 'PL405DE357E0793082', '修行要經得起驗（聖嚴法師-大法鼓 0240）', '有一句俗話說，道高一尺，修魔高一丈，修行的時候，當你越用心來修行的時候，就越容易受到干擾、受到考驗。譬如說，打坐的時候，妄念特別多，\r\n念佛的時候，也是沒有辦法專注在佛號上，有的時候也會發生所謂走火入魔的現象，這究竟是什麼原因呢?\r\n更多線上課程：http://www.dharmaschool.com/index.html');
INSERT INTO videos(vid, pid, title, description) VALUES('Da76Le894O8', 'PL405DE357E0793082', '居家環境中如何設立佛堂（聖嚴法師-大法鼓 0241）', '如何在家裡設置佛堂，很多學佛的朋友，都希望能夠在家裡設置一個清靜莊嚴的佛堂，好方便日常生活修行，那麼一個學佛的人，在家中設立佛堂要注意些什麼呢?\r\n更多線上課程：http://www.dharmaschool.com/index.html');
INSERT INTO videos(vid, pid, title, description) VALUES('iUxLt8zim6E', 'PL405DE357E0793082', '什麼是皈依（聖嚴法師-大法鼓 0242）', '很多人對於皈依三寶，皈依佛門不太瞭解，以為皈依就是出家，那至於什麼是皈依，什麼樣的人才能皈依?皈依以後會使人失去自由嗎?\r\n更多線上課程：http://www.dharmaschool.com/index.html');
INSERT INTO videos(vid, pid, title, description) VALUES('xpen40bmEnQ', 'PL405DE357E0793082', '年輕人的安身之處（聖嚴法師-大法鼓 0243）', '每年的暑假，都有很多的年輕人離開了學校，正式的投身在就業市場中，當然社會要比學校來得複雜得多，在這個複雜多變的社會裡，很多年輕人會變得不知所措、無所適從，不知道自己在社會上應該站在那個位置，而徬徨失落，那麼年輕人究竟應該怎麼樣幫助自己，找到一個安身立命的地方呢?\r\n更多線上課程：http://www.dharmaschool.com/index.html');
INSERT INTO videos(vid, pid, title, description) VALUES('oE8svxqG8fY', 'PL405DE357E0793082', '年輕人良性的價值觀（聖嚴法師-大法鼓 0244）', '隨著時代的變遷、科技進步、經濟繁榮、物質享受不斷的提升，整個社會的風氣也日趨功利，當然我們的年輕人也不能避免的，沾染上了功利的色彩，我們知道年輕人是國家社會的新生命，現在的年輕人是什麼樣子，未來的社會就會是什麼樣子。那麼我們究竟應該如何幫助年輕人，建立一種良性的價值觀呢?\r\n更多線上課程：http://www.dharmaschool.com/index.html');
INSERT INTO videos(vid, pid, title, description) VALUES('IxpTpYVWClM', 'PL405DE357E0793082', '給下一代正確宗教觀（聖嚴法師-大法鼓 0245）', '很多人從小就沒有機會接觸正統的佛教，他們看到父母跟長輩信奉鬼神、求神問卜，往往誤以為那就是佛教，認為佛教就是鬼神的信仰，當然這是錯誤的。很多做家長的也往往忽略了，給下一代正確的宗教觀念，是很重要的。孩子在正確的觀念引導下，將來在人生的旅途上，才不容易迷失方向，或者誤入歧途，那麼如何才能夠建立青少年正確的宗教觀呢?\r\n更多線上課程：http://www.dharmaschool.com/index.html');
INSERT INTO videos(vid, pid, title, description) VALUES('-j9J8gjpQjE', 'PL405DE357E0793082', '談聯考升學的壓力（聖嚴法師-大法鼓 0246）', '每年的七、八月間，都有各種升學考試舉行，那麼對於參加聯考的考生來說，那是一件非常重大的挑戰。因為他們的未來，往往就決定在這一次的考試當中，對於考不好的孩子，落榜的傷害跟打擊是非常沈重的，所以就難怪，我們常常聽到年輕人，因為害怕聯考，或者是因為落榜而自殺。\r\n更多線上課程：http://www.dharmaschool.com/index.html');
INSERT INTO videos(vid, pid, title, description) VALUES('KBGreEaEPYY', 'PL405DE357E0793082', '不爭的自在（聖嚴法師-大法鼓 0247）', '現在的社會可以說是充滿了競爭，就以青少年朋友來說，我們要參加無數大大小小的考試跟競賽，為了要爭取好成績，或者要進入好學校。好學校就會有非贏不可的念頭，而進入社會之後，競爭是更激烈了，在這樣的情形底下，人們通常很容易接受成功，但是卻不能接受失敗，甚至為了爭名奪利，顯示自己的優秀，\r\n不惜犧牲一切，這樣的競爭，到底有什麼意義呢?\r\n更多線上課程：http://www.dharmaschool.com/index.html');
INSERT INTO videos(vid, pid, title, description) VALUES('y0QpDzLmpo4', 'PL405DE357E0793082', '如何避免成為貪的奴隸（聖嚴法師-大法鼓 0248）', '現在社會可以說是貪慾氾濫，要叫青少年朋友不貪，似乎是不太可能。不過當我們的心被貪念牽引的時候，就會時時刻刻計算著，要用什麼辦法才能夠滿足那些慾望。而慾望太多，我們的能力跟生活條件沒有辦法達成的時候，這些慾望就會像毒蛇跟猛獸一般，不斷的戕害著我們純樸的本質，甚至最後吞食了我們。\r\n更多線上課程：http://www.dharmaschool.com/index.html');
INSERT INTO videos(vid, pid, title, description) VALUES('NHpEcHeX9e4', 'PL405DE357E0793082', '如何成為知足的人（聖嚴法師-大法鼓 0249）', '在目前的社會上很多人熱烈的追求著名利，以為獲得的越多，就能夠得到更多的快樂。但是慾望像個無底洞，永遠難以滿足，因此這些人非但不能夠感受到快樂，反而常常有煩躁、嫉妒、忿怨，甚至是擔憂等等不安的情緒，事實上只有知足的人，才能夠珍惜現在所擁有的一切。所以他們會以適當的方法來追求合理的人生目標，而不是盲目的追逐名利。\r\n更多線上課程：http://www.dharmaschool.com/index.html');
INSERT INTO videos(vid, pid, title, description) VALUES('rZVF7cCBw6s', 'PL405DE357E0793082', '和青少年談不自私（聖嚴法師-大法鼓 0250）', '中國有一句俗話說，人不為己、天誅地滅。好像我們做人處事，就要事事以自己的需求為考量、處處為自己打算、時時提防別人。雖然人的私心是無可避免的，但是也因為大家的自私，造成了彼此之間的隔閡、計較跟猜疑，深怕別人奪走了我們的利益，那麼這種自我防衛的心理，導致了大家很難坦誠的互相幫助，也使社會產生了很多亂象，最終受害的還是自己。\r\n更多線上課程：http://www.dharmaschool.com/index.html');
INSERT INTO playlist(pid, cid, title, description) VALUES('PL1BDB2676BE45F17B','UCq2iefWrqW0W6Hic2xA1aDg', '大法鼓0201-0225', '');
INSERT INTO videos(vid, pid, title, description) VALUES('9KOcsx-HozE', 'PL1BDB2676BE45F17B', '恰到好處才是中道（聖嚴法師-大法鼓 0201）DVD', '修行的人無論是念佛、持咒、持律或者是參禪，都不能貪心想要很快的成功。因為貪心是一種執著，跟道心相違背。修行要不偏不倚，不要太過也不要不及。只有中道才能夠使我們的修行細水長流、有所成就。\n我們現在就恭請聖嚴法師來為我們開示。\n\n更多線上課程：https://www.youtube.com/user/DDMTV01');
INSERT INTO videos(vid, pid, title, description) VALUES('qfWwKcSHPKs', 'PL1BDB2676BE45F17B', '慎選修行道場（聖嚴法師-大法鼓 0202）DVD', '當我們想要修行的時候常常會發現，來自四面八方的障礙都湧現出來了。有的是家庭環境不許可，有的是個人的身心情況不配合，因此而沒有辦法修行。就算是我們克服了這些問題，當我們要選擇修行的道場的時候，又會發現要選擇適合自己的道場，也有很多的問題必須考慮。\n我們現在就恭請聖嚴法師來為我們開示。\n\n更多線上課程：https://www.youtube.com/user/DDMTV01');
INSERT INTO videos(vid, pid, title, description) VALUES('D2mi3Pn9qbM', 'PL1BDB2676BE45F17B', '構成世界性宗教的條件（聖嚴法師-大法鼓 0203）DVD', '宗教來自人類對世界跟人生的探討以及對於做為人的價值的反思，\n所以宗教可以說是跟人類的理想緊密的連繫在一起的，但是並不是每一種宗教都能夠發展成世界性的宗教。構成世界性宗教的首要條件，就是它必須宣揚某一種普遍的真理，並且能夠說服人們相信它的教導是正確的。\n我們現在就恭請聖嚴法師來為我們開示。\n\n更多線上課程：https://www.youtube.com/user/DDMTV01');
INSERT INTO videos(vid, pid, title, description) VALUES('amBGxInoZY4', 'PL1BDB2676BE45F17B', '大乘和小乘的差別（聖嚴法師-大法鼓 0204）DVD', '佛教最初開始傳播到印度以外的地區，並且對其他的文化產生影響，是在印度阿育王統治的時期。但是一直到公元前後，或者說佛陀涅槃之後大約五百年左右，大乘佛教才得以全面的展開。那麼究竟大乘跟小乘佛教有什麼差別呢。\n我們現在就恭請聖嚴法師來為我們開示。\n\n更多線上課程：https://www.youtube.com/user/DDMTV01');
INSERT INTO videos(vid, pid, title, description) VALUES('RLee1Qvk4S8', 'PL1BDB2676BE45F17B', '佛的國土的建立（聖嚴法師-大法鼓 0205）DVD', '在佛陀時代一位名叫寶積的年輕人，曾經問佛陀：要建立純淨的佛國淨土，菩薩要做些什麼事？佛陀回答他說：當一個人領悟了佛的教導，他就進入了佛的淨土，這時候佛土就擴大了。當人們自覺到自己具有成為菩薩，乃至成佛的清淨本性的時候，也進入了佛國淨土。因此佛國淨土是準備賜福給一切有情眾生的。\n\n更多線上課程：https://www.youtube.com/user/DDMTV01');
INSERT INTO videos(vid, pid, title, description) VALUES('48KIhJJ9uU0', 'PL1BDB2676BE45F17B', '學術界為什麼重視佛學（聖嚴法師-大法鼓 0206）DVD', '現代的中國學者不論是文、史、哲學、理工等等。那一類的專家多多少少都會涉獵佛書或者是佛學。有的甚至有一定程度的信仰傾向或者本身就已經是佛教徒了。而國際上的學術界也漸漸有了轉變，今天西方學界中也有一些佛教信徒，或者有不少修行的經驗，所以可以說佛學已經受到學術界普遍的重視。\n\n更多線上課程：https://www.youtube.com/user/DDMTV01');
INSERT INTO videos(vid, pid, title, description) VALUES('jzaWLq0Hqmw', 'PL1BDB2676BE45F17B', '放下攀緣（聖嚴法師-大法鼓 0207）DVD', '人的心中往往會有許多的不安，因此就向外攀緣以求保護自己、安定自己。向外攀緣的途徑不外乎是爭名鬥勝或者是奪利。佛法就是教導我們要放下攀緣。當一個人能從攀緣中掙脫出來，才能夠免於被外界的物慾操縱的痛苦，過著清淨安定喜悅的生活。\n我們現在就恭請聖嚴法師來為我們開示。\n\n更多線上課程：https://www.youtube.com/user/DDMTV01');
INSERT INTO videos(vid, pid, title, description) VALUES('6gDUSi87Df4', 'PL1BDB2676BE45F17B', '豐足自在（聖嚴法師-大法鼓 0208）DVD', '當我們在人生中擁有了一切有價值的事情，譬如說像身體的健康內心的平安跟滿足等等...。並且可以把我們所擁有的一切奉獻給別人，或者跟別人分享的時候，我們的人生就是豐足的人生。我們就恭請聖嚴法師，來為我們開示如何可以使得生命豐足。\n\n更多線上課程：https://www.youtube.com/user/DDMTV01');
INSERT INTO videos(vid, pid, title, description) VALUES('eA4GVTbWijI', 'PL1BDB2676BE45F17B', '業力和潛意識（聖嚴法師-大法鼓 0209）DVD', '潛意識在不知不覺中支配著我們的行為跟生活，影響了我們能力的發展和智慧的判斷。因此有些心理分析學家稱它是命運的主宰，如果我們隨著潛意識所控制的業力隨波逐流，就永遠墜入萬劫不復的因果循環裡了。現在我們就恭請聖嚴法師就業力跟潛意識，這兩者之間的關係來為我們開示。\n\n更多線上課程：https://www.youtube.com/user/DDMTV01');
INSERT INTO videos(vid, pid, title, description) VALUES('LjK-CwQbSG0', 'PL1BDB2676BE45F17B', '空和心理動力（聖嚴法師-大法鼓 0210）DVD', '心理分析把人格分成為三個部分，那就是本我、自我跟超我，這三個部分就構成了一個關係密切的小組，影響了我們的一生。\n佛家所宣揚的空的觀念，跟以上所說的理論並不太一樣，現在我們就恭請聖嚴法師就這個主題為我們做更深入的解說。\n\n更多線上課程：https://www.youtube.com/user/DDMTV01');
INSERT INTO videos(vid, pid, title, description) VALUES('V6XkhVZJ5s4', 'PL1BDB2676BE45F17B', '少欲知足（聖嚴法師-大法鼓 0211）', '人類都有求生的本能，而求生是來自於人性的需要。\r\n譬如自尊的需要安全的需要，跟自由的需要等等．．。\r\n但是當這些需要受到嚴重的挫折的時候，人們往往會有求死的傾向。\r\n所以佛教中常常教導我們要少慾知足，要清心寡慾，這樣才不會受到本能以及慾望所干擾，而走入毀滅的道路。\r\n更多線上課程：http://www.dharmaschool.com/index.html');
INSERT INTO videos(vid, pid, title, description) VALUES('B0QMPR8an04', 'PL1BDB2676BE45F17B', '什麼是世間法（聖嚴法師-大法鼓 0212）', '俗語說佛法無邊，那麼相對的來說，世間法就有界限了。\r\n但是談佛法不能離開世間法，畢竟我們在沒有成佛之前是生存於這個世間的。\r\n現在我們就恭請聖嚴法師，就什麼是世間法來為我們作開示。\r\n\r\n\r\n更多線上課程：http://www.dharmaschool.com/index.html');
INSERT INTO videos(vid, pid, title, description) VALUES('5Qr4gIzczc0', 'PL1BDB2676BE45F17B', '什麼是佛教的因果觀（聖嚴法師--大法鼓 0213）', '我們常聽人說種瓜得瓜，種豆得豆。\r\n但是有的時候好人不一定有好報，壞人也不一定有壞的下場。\r\n如果我們只從現在這一生來看的話，因果論是很不容易說服人的。\r\n那麼我們應該怎麼樣來看佛教的因果觀呢。\r\n\r\n更多線上課程：http://www.dharmaschool.com/index.html');
INSERT INTO videos(vid, pid, title, description) VALUES('rPU7zA8iXpI', 'PL1BDB2676BE45F17B', '什麼是佛法（聖嚴法師--大法鼓 0214)', '時常聽人家說佛法是解脫法，為什麼佛法是解脫法呢？\r\n要徹底的解脫又有那些方法跟層次呢？\r\n我們現在就恭請聖嚴法師來為我們開示佛法的真諦。\r\n\r\n更多線上課程：http://www.dharmaschool.com/index.html');
INSERT INTO videos(vid, pid, title, description) VALUES('sfX0wBer_Zo', 'PL1BDB2676BE45F17B', '人往高處爬的真義（聖嚴法師--大法鼓 0215）', '有一句俗話說人往高處爬，水往低處流。\r\n的確每一個人都希望受到別人的敬重，都希望能夠爬上最高的巔峰。功成名就，揚名萬世。\r\n雖然功名和成就是激勵人們向上奮鬥的力量，可能這也會引起人跟人之間的磨擦，甚至會引起自己內心的衝突。\r\n那究竟人往高處爬的真正意義是什麼呢。我們現在就恭請聖嚴法師來為我們開示。\r\n\r\n更多線上課程：http://www.dharmaschool.com/index.html');
INSERT INTO videos(vid, pid, title, description) VALUES('PHA7D6HDHVo', 'PL1BDB2676BE45F17B', '如何去除自我膨脹的幻象（聖嚴法師--大法鼓 0216）', '在我們每一個人的意識當中，都不免以為自己是很巨大的很了不起的，很少有人會覺得自己很渺小。\r\n特別是一些趾高氣揚的年輕人，往往自以為自己能夠成為叱吒風雲，征服天下的英雄豪傑而不可一世。\r\n究竟我們應該如何來去除這自我膨脹的幻象呢。\r\n\r\n更多線上課程：http://www.dharmaschool.com/index.html');
INSERT INTO videos(vid, pid, title, description) VALUES('bTd0Jgg0UkY', 'PL1BDB2676BE45F17B', '傳統宗教與新興宗教的差異（聖嚴法師--大法鼓 0217）', '今天我們要來談一談傳統宗教跟新興的宗教有什麼不同，又各有什麼利弊得失？\r\n譬如幾年前在美國有一個人民教派。不久之前還有一個大衛教派。\r\n同時最近日本的奧姆真理教，也都鬧得轟轟烈烈。\r\n產生了一些奇怪的社會現象。\r\n那麼台灣也將會從海外流入一些新興的宗教，我們應該如何來面對這些問題呢。\r\n\r\n更多線上課程：http://www.dharmaschool.com/index.html');
INSERT INTO videos(vid, pid, title, description) VALUES('zGIXUTfG47Q', 'PL1BDB2676BE45F17B', '宗教教育的重要（聖嚴法師--大法鼓 0218）', '無論是什麼時代、什麼地區、那一個國家和民族，幾乎有人類的地方就必然有宗教的存在。\r\n我們從東西方的歷史來看，凡是宗教沒落的時代就會造成人心的墮落、道德的淪喪，進而導致社會的混亂不安，乃至戰禍連連。\r\n如果我們想要挽救人心、重整道德，就必須正視宗教教育的重要性。\r\n\r\n更多線上課程：http://www.dharmaschool.com/index.html');
INSERT INTO videos(vid, pid, title, description) VALUES('_nJ5IlN5w7U', 'PL1BDB2676BE45F17B', '慈濟、文化、修持（聖嚴法師--大法鼓 0219）', '我們都知道慈濟、文化跟修持是佛教救世利人的三大要務。\r\n這三者應該環環相扣，不能有所偏廢。\r\n如果有所偏差會產生那些現象呢？\r\n我們現在就恭請聖嚴法師就三大任務的重要性來為我們做開示。\r\n\r\n更多線上課程：http://www.dharmaschool.com/index.html');
INSERT INTO videos(vid, pid, title, description) VALUES('DVdzET2NXCo', 'PL1BDB2676BE45F17B', '誰是外道（聖嚴法師--大法鼓 0220）', '佛教所說的外道是指佛教以外的宗教。\r\n外道儘管是外道，只要不破壞善良的風俗以及人間的道德，他們也能夠安慰空虛的人心。這是不爭的事實。\r\n但是近年來由於有一些外道，傳播的非常的快、非常的廣，也有不少外道進入了佛教，甚至佛教徒也有人兼修外道法。\r\n因此造成一般人對佛教的誤解跟觀念的混淆\r\n我們現在就恭請聖嚴法師為我們分析什麼是外道，我們又應該如何來分辨外道。\r\n\r\n更多線上課程：http://www.dharmaschool.com/index.html');
INSERT INTO videos(vid, pid, title, description) VALUES('pHkg3glNOoU', 'PL1BDB2676BE45F17B', '明辨宗教書籍的重要性（聖嚴法師--大法鼓 0221）', '目前國內的出版社和書店中常常可以看到一種非常奇怪的現象。\r\n那就是所陳列的宗教書籍，往往並不是真正的宗教書籍，而是混雜了奇門遁甲、人相大全、紫微斗數，天道和神道等等這些書籍。\r\n事實上這些絕對不是世界公認五大宗教，或者七大宗教的一類。\r\n這種錯誤的歸類法，不只對於出版界是一大諷刺，也容易誤導社會大眾。\r\n我們現在就恭請聖嚴法師為我們開示，明辨宗教書籍的重要。\r\n\r\n更多線上課程：http://www.dharmaschool.com/index.html');
INSERT INTO videos(vid, pid, title, description) VALUES('sD-meWEjD40', 'PL1BDB2676BE45F17B', '佛教對平等權利及分享的看法（聖嚴法師--大法鼓 0222）', '現在是民主的時代，講求平等跟權利。\r\n那麼有人說佛教是非常民主的宗教，不但重視所有人的權利；能夠將權利分享給所有的人，也能夠尊重所有人的意見。\r\n那麼究竟佛教的平等是如何的平等法？佛教權利指的又是什麼樣的權利？佛教的分享又是如何的分享法呢？\r\n我們現在就恭請聖嚴法師來為我們開示。\r\n\r\n更多線上課程：http://www.dharmaschool.com/index.html');
INSERT INTO videos(vid, pid, title, description) VALUES('8WdyAnig1lw', 'PL1BDB2676BE45F17B', '以出世精神做入世事業（聖嚴法師--大法鼓 0223）', '許多人看待佛教徒，常常會有兩種標準。\r\n你如果在山林中沉潛靜修，他們會說這是逃避現實。\r\n你如果是走入大眾之中，又可能被譏諷為六根不淨。\r\n一般人的心裡是既希望佛教能夠清高出塵，又祈望佛教能夠給予世間人類實際的利益。\r\n那麼我們現在就恭請聖嚴法師為我們開示，佛教徒如何來兼顧入世跟出世的事業。\r\n\r\n更多線上課程：http://www.dharmaschool.com/index.html');
INSERT INTO videos(vid, pid, title, description) VALUES('gIVrIbyEo9s', 'PL1BDB2676BE45F17B', '神秘經驗（聖嚴法師--大法鼓 0224）', '近年來不論是佛教圈內還是圈外都有這一種追求神祕，相信神祕的趨向。\r\n許多人認為不論是為了求取現實的利益，還是要獲得未來的解脫，都可以藉著神祕經驗的追求，來達到速成的目的。\r\n那麼究竟佛教的教主釋迦牟尼佛是如何看待神祕經驗的呢？\r\n我們恭請聖嚴法師為我們開示。\r\n\r\n更多線上課程：http://www.dharmaschool.com/index.html');
INSERT INTO videos(vid, pid, title, description) VALUES('m1IgTL2elrI', 'PL1BDB2676BE45F17B', '正視民間信仰問題（聖嚴法師--大法鼓 0225）', '一般來說宗教都是勸人為善的，為了因應民間大眾的需要，宗教也表現出各種不同的信仰型態。\r\n一般的民間信仰也可能會勸人去信佛、拜佛、布施和行善。\r\n但是因為它沒有明確的善惡標準以及相當的理論基礎，因此迷信的色彩也非常的濃。\r\n我們現在就恭請聖嚴法師為我們開示民間信仰的利弊。\r\n\r\n更多線上課程：http://www.dharmaschool.com/index.html');
INSERT INTO playlist(pid, cid, title, description) VALUES('PL14B5B1041E67C428','UCq2iefWrqW0W6Hic2xA1aDg', '大法鼓0176-0200', '');
INSERT INTO videos(vid, pid, title, description) VALUES('kaG3EX0IXNY', 'PL14B5B1041E67C428', '如何在生活中學習放下的妙用（聖嚴法師-大法鼓 0176）', '在生活上我們常常使用的是加法，我們常常會想，如果能夠再多賺一點錢，再多升一級官，那該有多好呀。\r\n我們永遠被貪欲驅策著往前奔跑，沒有滿足的時候，因為我們捨不得名利地位、跟權利。\r\n所以我們永遠沒有辦法了解，捨得跟放下所帶來的輕鬆的感覺，通過不要這一關。\r\n生活中學習放下，精神上自然就會更增加安寧跟平靜。\r\n我們恭請恭請聖嚴法師來為我們開示。\r\n\r\n更多線上課程：http://www.dharmaschool.com/index.html');
INSERT INTO videos(vid, pid, title, description) VALUES('2xZGkWhM3qY', 'PL14B5B1041E67C428', '大愛的真義（聖嚴法師-大法鼓 0177）', '大愛簡單的說就是主動的，服務的人生觀。\r\n我們不再自得其樂，願意以自身的力量去感召別人，為別人服務，奉獻。\r\n當我們的愛提昇到這個層次，我們的人生境界就更加的開闊了。\r\n我們恭請恭請聖嚴法師來為我們開示。\r\n\r\n更多線上課程：http://www.dharmaschool.com/index.html');
INSERT INTO videos(vid, pid, title, description) VALUES('BqxbeEbD4uU', 'PL14B5B1041E67C428', '（一）實踐人生的真義（聖嚴法師-大法鼓 0178）', '您常常主意很多卻很少去實踐，事後又後悔不已嗎？\r\n事實上人生最重要的就是實踐了。如何正確的處理現在，就是實踐的人生的真實意義。\r\n因為只有眼前這一秒鐘，就一剎那才算是我們可以掌握，可以有所實踐的生命。\r\n而過去的種種不論好、壞都不可能再回頭了。\r\n我們恭請恭請聖嚴法師來為我們開示。\r\n\r\n更多線上課程：http://www.dharmaschool.com/index.html');
INSERT INTO videos(vid, pid, title, description) VALUES('UNMBFV1MOEs', 'PL14B5B1041E67C428', '（二）生命的價值（聖嚴法師-大法鼓 0179）', '我們的心靈跟生命常常會被一些胡思亂想給堵塞了。\r\n由於沒有辦法好好得活在當下，到最後回想起來，我們的一生好像都是空白的。\r\n我們常常會視而不見、聽而不聞、食而不知其味。靈被蒙蔽之後，陷入了麻木不仁的狀態之中。\r\n您的心裡是不是也正充滿了憂懼，因而沒有辦法看清生命真正的價值呢？\r\n我們恭請恭請聖嚴法師來為我們開示。\r\n\r\n更多線上課程：http://www.dharmaschool.com/index.html');
INSERT INTO videos(vid, pid, title, description) VALUES('ZLg2DgV1D4Q', 'PL14B5B1041E67C428', '（三）如何衝破人生的苦悶（聖嚴法師-大法鼓 0180）', '當我們的感覺跟期望和現實產生了距離，那麼這個距離就會造成我們心中的矛盾。\r\n矛盾一天天的加深，我們的苦悶也隨之擴大。\r\n苦悶使我們對現實不滿對環境感到無力。\r\n這時候我們的人生就出現了危機，有很多人甚至為了使苦悶得到彌補，而盲目的追逐。\r\n這樣惡性循環的結果，反而產生現實生活的不安。\r\n那麼如何衝破人生的苦悶回歸自在呢？\r\n我們恭請恭請聖嚴法師來為我們開示。\r\n\r\n更多線上課程：http://www.dharmaschool.com/index.html');
INSERT INTO videos(vid, pid, title, description) VALUES('P7DHbMD6LzY', 'PL14B5B1041E67C428', '（四）如何不違反良心（聖嚴法師-大法鼓 0181）DVD', '在人生中，我們常常要面臨許多選擇。通常這類選擇只有二種結果，一種是出賣良心，放棄自我而逃避。一種是忠於自己的良心，順著自己內在真正的感覺去做決定。可是就算我們暫時逃避了良心卻隨時會覺醒，會再度監督我們、鞭策我們。長期地走在不忠於良心的這條路上，終究會使得生命的意義完全喪失。不要違反良心，這就是我們人生實踐的第一步。\n我們恭請恭請聖嚴法師來為我們開示。\n\n更多線上課程：https://www.youtube.com/user/DDMTV01');
INSERT INTO videos(vid, pid, title, description) VALUES('n7IX5J4uRf4', 'PL14B5B1041E67C428', '（五）如何培養道德勇氣（聖嚴法師-大法鼓 0182）DVD', '勇氣有真假二種。假的勇氣就是逞血氣之勇，挺身而鬥，自以為是英雄。而真正的勇氣是義理之勇，道德之勇。這種基於內在良知的自由選擇培養出來的勇氣，才是絕對的勇氣。道德勇氣的培養，可以使我們對周遭的人、事、物都懷抱真實的關愛跟慈愛，使我們的人生呈現另一番景象。\n我們恭請恭請聖嚴法師來為我們開示。\n\n更多線上課程：https://www.youtube.com/user/DDMTV01');
INSERT INTO videos(vid, pid, title, description) VALUES('ESsHGMs2D5U', 'PL14B5B1041E67C428', '無污染的心（聖嚴法師-大法鼓 0183）DVD', '隨著年歲的增長，由於種種環境的影響，我們的心是不是還能夠像剛出生的時候一樣毫無污染呢？在複雜的社會環境裡，有沒有辦法讓我們的心永遠保持它的清明呢？\n我們恭請恭請聖嚴法師來為我們開示。\n\n更多線上課程：https://www.youtube.com/user/DDMTV01');
INSERT INTO videos(vid, pid, title, description) VALUES('dR0kM6VTSZw', 'PL14B5B1041E67C428', '開闊的心（聖嚴法師-大法鼓 0184）DVD', '有人說心有多大，世界就有多大。我們的心，如果能夠像天空、像原野或者像海洋一樣開闊，就能夠容下無敵的東西，也更能夠享受到生命的自由。\n我們恭請恭請聖嚴法師來為我們開示。\n\n更多線上課程：https://www.youtube.com/user/DDMTV01');
INSERT INTO videos(vid, pid, title, description) VALUES('WQ-zQ6twvHE', 'PL14B5B1041E67C428', '寧靜的心（聖嚴法師-大法鼓 0185）DVD', '我們每天要接觸很多人我們隨時隨地都需要跟別人接觸。在頻繁的接觸中，我們如何避免跟別人起摩擦或者發生衝突。甚至不會為了外界的事物而影響自己的心境，這是一門很深的學問？\n我們恭請恭請聖嚴法師來為我們開示。\n\n更多線上課程：https://www.youtube.com/user/DDMTV01');
INSERT INTO videos(vid, pid, title, description) VALUES('AcWgmJhtL4U', 'PL14B5B1041E67C428', '掌握自己的心（聖嚴法師-大法鼓 0186）DVD', '人活在世界上雖然有很多不如意、不順遂的事。但是無論我們遭遇怎樣的逆境，我們都要好好的掌握、把持自己的心，讓他時時存有善意，處處保持正念。以篤實、堅定的意志去克服困難跟障礙。\n我們恭請恭請聖嚴法師來為我們開示。\n\n更多線上課程：https://www.youtube.com/user/DDMTV01');
INSERT INTO videos(vid, pid, title, description) VALUES('l11S3mfl7x0', 'PL14B5B1041E67C428', '以自我為中心的影響（聖嚴法師-大法鼓 0187）DVD', '大家都知道自我的重要，所以一旦這個我被抽離了，就會讓我們感覺到害怕。然而佛法卻告訴我們苦、空、無常、無我。佛法的目的就是要幫助每一個人，從自我的困擾中達到無我的解脫自在。\n我們恭請恭請聖嚴法師來為我們開示。\n\n更多線上課程：https://www.youtube.com/user/DDMTV01');
INSERT INTO videos(vid, pid, title, description) VALUES('1Y8Zs2gnce8', 'PL14B5B1041E67C428', '觀身不淨（聖嚴法師-大法鼓 0188）DVD', '在佛教眾多的修行方法中，四念處是最基本的修行方法。今天我們就要來談一談四念處中的第一種觀身不淨。我們要如何做過觀想自己的身體不淨，來衝破自我的限制呢。\n我們恭請恭請聖嚴法師來為我們開示。\n\n更多線上課程：https://www.youtube.com/user/DDMTV01');
INSERT INTO videos(vid, pid, title, description) VALUES('sctjYrZMnfA', 'PL14B5B1041E67C428', '觀受是苦（聖嚴法師-大法鼓 0189）DVD', '我們的一生所受的苦多而樂少，甚至我們雖然感受到了快樂。但是並不知道這個快樂固然是受到苦痛後的成果，卻也是造成苦痛的原因。所以樂跟苦是一體的，密不可分。什麼是觀受是苦，如何做到觀受是苦。\n我們恭請恭請聖嚴法師來為我們開示。\n\n更多線上課程：https://www.youtube.com/user/DDMTV01');
INSERT INTO videos(vid, pid, title, description) VALUES('2LjWktsBEDE', 'PL14B5B1041E67C428', '觀心無常（聖嚴法師-大法鼓 0190）DVD', '我們的身體是經常在變化的，其實我們的念頭也經常在變化。前念跟後念交替，一個念頭接著一個念頭川流不息，遷變不已。因為這些心念經常在變動，都不是永恆存在的，以實際上不能算是真實的。觀心無常就是告訴我們心念剎那起滅的虛幻。\n我們恭請恭請聖嚴法師來為我們開示。\n\n更多線上課程：https://www.youtube.com/user/DDMTV01');
INSERT INTO videos(vid, pid, title, description) VALUES('rTlN6U0vZKU', 'PL14B5B1041E67C428', '觀法無我（聖嚴法師-大法鼓 0191）DVD', '佛教的教義說一切有形無形的現象，在我們身邊不停的變動著。我們生活在這個變動不已的幻境當中，常常自己為自己編織苦惱的生死羅網而毫不自覺。觀法無我就是要讓我們練習放下自我的幻覺，才能夠積極的修行菩薩道。\n我們恭請恭請聖嚴法師來為我們開示。\n\n更多線上課程：https://www.youtube.com/user/DDMTV01');
INSERT INTO videos(vid, pid, title, description) VALUES('FIefpafqnSs', 'PL14B5B1041E67C428', '持戒的重要（聖嚴法師-大法鼓 0192）DVD', '在佛教的教義中，持戒是修行的根本、是一種規律。就像是法律一樣，是用來防止我們犯罪的。持戒就不會造罪而遭業報了。\n我們恭請恭請聖嚴法師來為我們開示。\n\n更多線上課程：https://www.youtube.com/user/DDMTV01');
INSERT INTO videos(vid, pid, title, description) VALUES('V9RoURj8G28', 'PL14B5B1041E67C428', '修定的重要（聖嚴法師-大法鼓 0193）DVD', '有些人修行，今天修這個法門，明天修那個法門，後天修另一個法門。缺乏穩定力，道心不堅。不但修行沒有成果，甚至容易受到外的引誘，而盲從、墮落。有穩定力才不致於讓我們見異思遷，奔波勞碌，一無所成。\n我們恭請恭請聖嚴法師來為我們開示。\n\n更多線上課程：https://www.youtube.com/user/DDMTV01');
INSERT INTO videos(vid, pid, title, description) VALUES('fiMGYCYQwqA', 'PL14B5B1041E67C428', '佛教與政治的關係（聖嚴法師-大法鼓 0195）DVD', '台灣的佛教徒跟東南亞國家比起來似乎是不太關心政治，甚至也不太關心這個時代跟社會。事實上，目前許多有遠見的佛教人士，儘管自己不參政，但是對政治總是保持著一份關心。甚至也在政治上有一定的影響力。因為政治跟每一個人都是息息相關，沒有任何一個人能夠脫離政治的影響。當政治清明社會安定的時候，人們才有能力去追求宗教的信仰。\n\n更多線上課程：https://www.youtube.com/user/DDMTV01');
INSERT INTO videos(vid, pid, title, description) VALUES('6aqsEIZ6RP4', 'PL14B5B1041E67C428', '佛教徒參政的立場（聖嚴法師-大法鼓 0196）DVD', '佛法雖然是出世的，但是並不否認世間的價值。佛陀在世的時候，也相當關心國家政治，甚至他也曾經對一些國王開示為政治國之道。可見佛教，仍然是有他的政治理想的。所以發心參與政治的佛教徒，在面對眼前錯綜複雜的，政治環境的時候，要如何堅守立場，不隨波逐流，以實現佛教的政治理想呢？\n\n更多線上課程：https://www.youtube.com/user/DDMTV01');
INSERT INTO videos(vid, pid, title, description) VALUES('J2kFkTklcP0', 'PL14B5B1041E67C428', '出家人可以問政嗎（聖嚴法師-大法鼓 0197）DVD', '早在距離現在兩千五百多年前， 佛陀就為僧團制定了相當民主的政治制度，用來管理僧眾。而且大乘佛教是以渡化眾生為目標的。想要渡化眾生就必須參與他們的生活、瞭解他們的需要；所以當出家人參與政治的時候，其實也是在從事度化眾生的工作。因為僧眾除了本身的自修跟弘揚佛法的工作之外，更能以佛法的正知正見來引導政治。把我們所居住的世間建設成淨土。\n\n更多線上課程：https://www.youtube.com/user/DDMTV01');
INSERT INTO videos(vid, pid, title, description) VALUES('MLzEa56_Jy8', 'PL14B5B1041E67C428', '早起晚睡為誰忙（聖嚴法師-大法鼓 0198）DVD', '我們都知道士農工商各行各業凡是想成功的人，都會不由自主要忙忙碌碌。弄得吃也不得安寧，睡也不得安眠。一天到晚惦記著名利，人們就在這世俗塵勞中輾轉沈淪，不知道苦海無邊回頭是岸。\n\n更多線上課程：https://www.youtube.com/user/DDMTV01');
INSERT INTO videos(vid, pid, title, description) VALUES('RU1sizjH5jM', 'PL14B5B1041E67C428', '不要臨渴而掘井（聖嚴法師-大法鼓 0199）DVD', '我們常說病後方知身是苦，死後方知錯用心。這是一般人的通病。身體健康的時候以為世間是快樂的，樣樣都稱心如意，不肯發心修行。等到經歷病苦跟死亡的威脅的時候，手足無措，才後悔平時不努力用功，所以沒有辦法提起勇氣面對生死。疾病其實是我們修道的助緣。\n我們現在就恭請聖嚴法師來為我們開示。\n\n更多線上課程：https://www.youtube.com/user/DDMTV01');
INSERT INTO videos(vid, pid, title, description) VALUES('CYf1-useUU8', 'PL14B5B1041E67C428', '莫到老來方學道（聖嚴法師-大法鼓 0200）DVD', '有一句話說莫到老來方學道，孤墳盡是少年人。這是告訴我們光陰很寶貴，不要隨意把光陰空過了。應該趁著年輕的時候發憤修行，不要等到了頭髮白了再來談修行，那就來不及了。因為生命無常，災禍也會降臨到年輕人的頭上。而且等到年紀大了，身體不聽使喚了，那就很難修行了。\n我們現在就恭請聖嚴法師來為我們開示。\n\n更多線上課程：https://www.youtube.com/user/DDMTV01');
INSERT INTO playlist(pid, cid, title, description) VALUES('PL65799B29D3749C37','UCq2iefWrqW0W6Hic2xA1aDg', '大法鼓0151-0175', '');
INSERT INTO videos(vid, pid, title, description) VALUES('dVx033LUuNk', 'PL65799B29D3749C37', '人間佛教是否為反傳統佛教（聖嚴法師-大法鼓 0151）', '有些人以為佛教就只是重視形式上的吃素、念佛，所以缺乏入世的責任感是出世的宗教。\r\n事實上民國初年的太虛大師，就大力的闡揚建設人間佛教的必要性。\r\n而現代的佛教也積極的在修行傳道和從事布施、救濟等工作。\r\n佛教走入世間，這種人間的佛教究竟是不是反傳統的佛教呢？\r\n我們現在就恭請聖嚴法師來為我們開示。\r\n\r\n更多線上課程：http://www.dharmaschool.com/index.html');
INSERT INTO videos(vid, pid, title, description) VALUES('c-qPwSIyra8', 'PL65799B29D3749C37', '佛教音樂（聖嚴法師-大法鼓 0152）', '佛教音樂不只是用來弘揚佛法，\r\n它優雅的韻律還可以開啟人們的心智，促使菩提的種子在內心發芽茁壯。\r\n我們現在就恭請聖嚴法師，帶領我們認識佛教的音樂。\r\n\r\n更多線上課程：http://www.dharmaschool.com/index.html');
INSERT INTO videos(vid, pid, title, description) VALUES('PBYUeWKigLc', 'PL65799B29D3749C37', '如何安於檢樸生活求內心安寧（聖嚴法師-大法鼓 0153）', '現代社會裡人們遠離了自然，生活在嘈雜髒亂的環境中，\r\n再加上對物欲的無盡追求，內心往往會有強烈的失落感。\r\n如果我們沒有辦法擺脫外在環境的限制，那麼不妨追求內心的寧靜安詳，所謂境由心生。\r\n我們現在就恭請聖嚴法師來為我們開示。\r\n\r\n更多線上課程：http://www.dharmaschool.com/index.html');
INSERT INTO videos(vid, pid, title, description) VALUES('kkMMKmgR_CE', 'PL65799B29D3749C37', '如何方便過日子（環保）（聖嚴法師-大法鼓 0154）', '科技的進步確實帶給人們不少的方便。塑膠袋、保麗龍、保特瓶等各種包裝產品隨手可得。\r\n文明雖然創造方便，但是我們也許沒有警覺，方便背後所潛藏的環保危機。\r\n方便也讓我們變得不懂得珍惜所有的資源，這也是現代人的悲哀。\r\n『不要方便過日子』這是今天我們要恭請聖嚴法師為我們開示的主題。\r\n\r\n更多線上課程：http://www.dharmaschool.com/index.html');
INSERT INTO videos(vid, pid, title, description) VALUES('YNunpKjBC90', 'PL65799B29D3749C37', '禪修的教學方法（聖嚴法師-大法鼓 0155）', '近年來，禪修已經逐漸的被應用在教學上了。\r\n由於老師們興起了修禪的風氣，感受到它的好處，所以禪修靜坐就在校園裡面流行起來了。\r\n禪．本身就是一種活潑的生命態度。所以學生可以藉著禪修對自己的生命清楚的觀照。\r\n從淨化人心的角度來看，禪修運用在教學上絕對有它正面的意義。\r\n\r\n更多線上課程：http://www.dharmaschool.com/index.html');
INSERT INTO videos(vid, pid, title, description) VALUES('g0tbt6M5bm0', 'PL65799B29D3749C37', '如何活在當下的人生（聖嚴法師-大法鼓 0156）', '當我們面對的環境越不穩定、突發的情況越多，\r\n時間就會因為內在和外在因素的干擾而被分割，因此產生的壓力就更大了。\r\n佛教的禪宗教導我們要活在當下承擔責任。這也可以說是時間管理的另外一種詮釋吧。\r\n現在我們就恭請聖嚴法師，教導我們如何學習掌握活在當下的時間哲學\r\n\r\n更多線上課程：http://www.dharmaschool.com/index.html');
INSERT INTO videos(vid, pid, title, description) VALUES('opo_1FYy1PQ', 'PL65799B29D3749C37', '女性的生涯規劃（聖嚴法師-大法鼓 0157）', '當女性施展身手的舞台不再局限於家庭，而延伸到工作場所的時候，\r\n面對複雜的社會型態跟多元的價值取向，現代女性該如何做生涯規劃？\r\n又如何才能兼顧工作跟家庭呢？\r\n我們現在就恭請聖嚴法師來為我們開示。\r\n\r\n更多線上課程：http://www.dharmaschool.com/index.html');
INSERT INTO videos(vid, pid, title, description) VALUES('26GpLm54ILA', 'PL65799B29D3749C37', '女性如何面對業障化解障礙（聖嚴法師-大法鼓 0158）', '很多女性佛教徒，當身心不適的時候，常常會習慣性以業障深重來自我解釋。\r\n不論是家庭主婦或職業婦女都會有自認為業障深重的心理症候群，\r\n因而阻礙了人格的成長，在日常生活中也沒有辦法找到平衡點。\r\n如果生活不順心、有障礙就以「業障深重」來搪塞的話，就沒有辦法找出問題發生的真正原因。\r\n當然也就找不到解決的方法。\r\n我們現在就恭請聖嚴法師來為我們開示。\r\n\r\n更多線上課程：http://www.dharmaschool.com/index.html');
INSERT INTO videos(vid, pid, title, description) VALUES('OtWIE4iiYnI', 'PL65799B29D3749C37', '如何作一位現代窈窕淑女（聖嚴法師-大法鼓 0159）', '現代的女性為了追求美貌，不惜花費大筆的金錢來整容、塑造曲線，或者是購買高級化妝品。\r\n但是這些追求美麗的手段，畢竟只著重於外表，並不能帶來實質的改變。\r\n女士們如果一向只著重在外表的改善，那麼何不妨換個方向從內部來著手改變呢。\r\n我們現在就恭請聖嚴法師來為我們開示。\r\n\r\n更多線上課程：http://www.dharmaschool.com/index.html');
INSERT INTO videos(vid, pid, title, description) VALUES('3llYjLCEcVw', 'PL65799B29D3749C37', '如何追求光明圓滿的婚姻（聖嚴法師-大法鼓 0160）', '環顧我們周遭的婚姻，不論是不是美滿，常常都充滿著大大小小的危機。\r\n在複雜關係充斥的現代社會裡，要維繫婚姻的完整跟和諧似乎是相當不容易。\r\n除了要應付內憂外患之外，還必須處理不同階段所產生的各種婚姻課題。\r\n所以有人說婚姻就如同是修行。\r\n我們現在就恭請聖嚴法師來為我們開示。\r\n\r\n更多線上課程：http://www.dharmaschool.com/index.html');
INSERT INTO videos(vid, pid, title, description) VALUES('NFEwNb5YX1I', 'PL65799B29D3749C37', '如何從追逐金錢的遊戲中掙脫（聖嚴法師-大法鼓 0161）', '很多人供奉諸佛菩薩，一心盼望的只是佛力加持，能夠降福消災、財源廣進。\r\n但是祈求者的發心，如果是基於私欲，就沒有辦法跟諸佛菩薩的慈悲心契合。\r\n一般人追逐金錢的動機雖然各不相同，但是金錢所能換取的欲望滿足。\r\n無論是精神或者是肉體的都有如麻醉品一樣，令人沈溺其中、不可自拔。\r\n那麼究竟如何才能從追逐金錢的遊戲中掙脫呢。\r\n我們現在就恭請聖嚴法師來為我們開示。\r\n\r\n更多線上課程：http://www.dharmaschool.com/index.html');
INSERT INTO videos(vid, pid, title, description) VALUES('TvQyw8w1S4A', 'PL65799B29D3749C37', '佛法如何看生涯規劃（聖嚴法師-大法鼓 0162）', '一般人所說的生涯規劃，都只著重在從生到死的這一段過程，就個人有限的生命所做的規劃。\r\n但是如何達到生命的究竟圓滿，就不在規劃的範圍之內了。\r\n大部分的人生涯規劃都太偏重了外在價值，只是在知識和工作的層面打轉。\r\n事實上生涯規劃，必須依據內在的反省規劃整個生命的品質，找尋到人生的平衡點。\r\n我們現在就恭請聖嚴法師來為我們開示。\r\n\r\n更多線上課程：http://www.dharmaschool.com/index.html');
INSERT INTO videos(vid, pid, title, description) VALUES('qKkUWg37rTs', 'PL65799B29D3749C37', '如何正確看待身體而修行（聖嚴法師-大法鼓 0163）', '從佛教的角度看來，身體是一切痛苦的根本來源。\r\n疾病侵襲的時候痛苦不堪，面對死亡的時候更是驚恐不已。\r\n即使是健康的時候，人們對自己的容貌和體魄也是百般罣礙，擔心自己比不上別人。\r\n於是競相追隨現代美容跟健身的潮流，以高價位的華麗衣飾來修飾自己、包裝自己。\r\n我們應該如何正確的看待我們這個身體，從身體來修行呢？\r\n我們現在就恭請聖嚴法師來為我們開示。\r\n\r\n更多線上課程：http://www.dharmaschool.com/index.html');
INSERT INTO videos(vid, pid, title, description) VALUES('C2gKsH-uHOA', 'PL65799B29D3749C37', '如何衝破物質的牽絆（聖嚴法師-大法鼓 0164）', '現代人可以說對物質十分的依賴。\r\n過度物化的結果，導致我們在大量運用物質的同時也失去了掌控物質的自主權。\r\n像現代人很喜歡買名牌貨，也就形成一股名牌信仰的潮流。\r\n我們對於物質所產生的執著和喜愛，使我們沒有辦法做自己的主人。\r\n那麼如何才能衝破物質的誘惑跟牽絆呢？\r\n我們現在就恭請聖嚴法師來為我們開示。\r\n\r\n更多線上課程：http://www.dharmaschool.com/index.html');
INSERT INTO videos(vid, pid, title, description) VALUES('XU6uzcVPiDI', 'PL65799B29D3749C37', '如何昇華感情（聖嚴法師-大法鼓 0165）', '所謂情不重，不生娑婆。有情眾生缺少不了感情的生活。\r\n一旦感情缺乏，就如同枯萎的草木一樣無法生存。\r\n但是感情卻也是一份牽掛，是人生的一道關卡，多少人為他傷神費心。\r\n情既然是有情眾生的必須品。那麼如何淨化它，將它昇華，就需要般若的智慧了。\r\n我們現在就恭請聖嚴法師來為我們開示。\r\n\r\n更多線上課程：http://www.dharmaschool.com/index.html');
INSERT INTO videos(vid, pid, title, description) VALUES('enXykjZbB6I', 'PL65799B29D3749C37', '人際關係如何能處處自在（聖嚴法師-大法鼓 0166）', '在佛法的八苦之中，就有兩種苦是來自於人際關係的痛苦。那就是怨憎會苦跟愛別離苦。\r\n怨憎會苦指的就是互相憎恨的人，冤家路窄。\r\n而相親相愛的人千里隔離不能相聚，甚至天人永隔，那就是愛別離苦了。\r\n我們如果沒有辦法承受愛人的離散，沒有辦法面對做人的難處。\r\n那怎麼能夠在修行的路上走得灑脫自然呢？\r\n我們現在就恭請聖嚴法師來為我們開示。\r\n\r\n更多線上課程：http://www.dharmaschool.com/index.html');
INSERT INTO videos(vid, pid, title, description) VALUES('su-9yppLT8Y', 'PL65799B29D3749C37', '做事的藝術（聖嚴法師-大法鼓 0167）', '有很多人做起事來雜亂無章，把原本簡單的事情變得繁雜不堪。\r\n而有智慧的人呢？做事有條不紊、秩序井然。能夠把困難的事，抽絲剝繭清楚的解決。\r\n事情本來就有本末始終、輕重緩急。如果能夠掌握得宜就能夠處事自在了。\r\n尤其是必須跟時間賽跑的現代人，更必須懂得處事自在的方法。\r\n我們現在就恭請聖嚴法師來為我們開示。\r\n\r\n更多線上課程：http://www.dharmaschool.com/index.html');
INSERT INTO videos(vid, pid, title, description) VALUES('Vuz18nNj3sI', 'PL65799B29D3749C37', '如何超越人生境遇而自在（聖嚴法師-大法鼓 0168）', '在人的一生中有無數的處境和遭遇。\r\n多數人面對得失、榮譽和毀譽，都沒有辦法意志不動搖、心境不變化。\r\n得意的時候，不能夠居安思危。\r\n失意的時候不能夠恬淡自處，不能夠隨遇而安。\r\n心猿意馬的結果，使我們難以獲得圓滿的人生。\r\n我們應該如何超越人生中的境遇，時時觀境自在呢？\r\n我們現在就恭請聖嚴法師來為我們開示。\r\n\r\n更多線上課程：http://www.dharmaschool.com/index.html');
INSERT INTO videos(vid, pid, title, description) VALUES('a4myXwEHJOQ', 'PL65799B29D3749C37', '如何建立自信（聖嚴法師-大法鼓 0169）', '在人際關係日益複雜的現代社會中，人的社會地位跟生命金好像都是來自別人的肯定，別人的毀譽對我們形成了無形的壓力。\r\n在面對外界的打擊的時候如果我們能夠建立自信，就不至於被擊倒。\r\n所以我們希望能夠就如何建立自信這個主題恭請聖嚴法師來為我們開示。\r\n\r\n更多線上課程：http://www.dharmaschool.com/index.html');
INSERT INTO videos(vid, pid, title, description) VALUES('Rc1H7BrrHiY', 'PL65799B29D3749C37', '名利權位為何不能使人喜悅（聖嚴法師-大法鼓 0170）', '名、利、權、位是很多人競相追逐的目標。這些世俗所謂成功的要件，就構成了人跟人之間相互比較的標準。\r\n為了追求這樣的目標，人們努力奮鬥希望有朝一日能夠成為人群中的佼佼者。\r\n可是通常人群中的佼佼者，也有爬得愈高，摔得愈重的恐懼。\r\n為什麼名、利、權、位所得到的成功，不能為我們帶來真正的喜悅呢？\r\n我們恭請恭請聖嚴法師來為我們開示。\r\n\r\n更多線上課程：http://www.dharmaschool.com/index.html');
INSERT INTO videos(vid, pid, title, description) VALUES('bGVNouL_rn0', 'PL65799B29D3749C37', '找回真正自我的方法（聖嚴法師-大法鼓 0171）', '在長期社會化的過程中，我們為了被周遭的人所接納，漸漸學會了抹滅自己真正的聲音，掩飾自己真正的感情。\r\n口是心非久了，就連自己真實的感覺是什麼也沒有辦法體會了。而且也失去了辨別事物真相的能力。\r\n我們真的甘心情願只保留外表的軀體，而喪失心靈真正的自我嗎？\r\n我們恭請恭請聖嚴法師來為我們開示。\r\n\r\n更多線上課程：http://www.dharmaschool.com/index.html');
INSERT INTO videos(vid, pid, title, description) VALUES('0wqec-SVGNM', 'PL65799B29D3749C37', '如何才能勇於認錯及負責（聖嚴法師-大法鼓 0172）', '一般人都不肯輕易認錯，因為他害怕一旦承認錯誤別人就會否定他的價值，他所擁有的一切就會消失了。\r\n所以他寧可忽視良心的譴責，也不願意承擔犯錯之後所應該負起的責任。\r\n執迷不悟的人就如同背負著沉重包袱一樣。\r\n而我們也必須反省，對於那些能夠坦白承認過錯願意悔改的人，我們是不是能夠真正的接納，\r\n甚至尊敬他們坦承過錯需要很大的勇氣。\r\n我們恭請恭請聖嚴法師來為我們開示。\r\n\r\n更多線上課程：http://www.dharmaschool.com/index.html');
INSERT INTO videos(vid, pid, title, description) VALUES('kXYlEUTIa3Q', 'PL65799B29D3749C37', '如何超越食色性也（聖嚴法師-大法鼓 0173）', '人總是不安於現狀、追求發展的，但是在發展的過程中，會發覺自我這個本質上的障礙，不斷的牽絆住自己\r\n為我們帶來無力感和挫折感。\r\n因此自我的超越跟開展是非常重要的。\r\n我們先從如何超越「食色性也」這種人性的基本需求來請教聖嚴法師。\r\n\r\n更多線上課程：http://www.dharmaschool.com/index.html');
INSERT INTO videos(vid, pid, title, description) VALUES('ZfUTpvlksL4', 'PL65799B29D3749C37', '喪失社會地位時如何自處（聖嚴法師-大法鼓 0174）', '人是群居的動物，是生活在這個社會的網絡裡面，所以社會地位跟社會認同一旦面臨了失衡狀態，我們不僅會失去安全感，也會構成打擊。\r\n如果我們只寄望從社會地位，跟別人的認同中獲得滿足。\r\n那麼一旦失去的時候，我們又該如何自處呢？\r\n我們恭請恭請聖嚴法師來為我們開示。\r\n\r\n更多線上課程：http://www.dharmaschool.com/index.html');
INSERT INTO videos(vid, pid, title, description) VALUES('q9uE82FMSNM', 'PL65799B29D3749C37', '如何追求自由尊嚴（聖嚴法師-大法鼓 0175）', '一般人都會認為命有好壞之分是無可奈何的，所以無論如何打拚都只能在命運中打轉，\r\n被命運限定是沒有自由的。\r\n因為自我設限，人們就不會積極的去尋求人的尊嚴與自由，也就沒有辦法再往上超越，\r\n因此就避免不了人生苦悶。\r\n自由跟尊嚴的追求既然這麼重要，我們又該用什麼方法來追求它們呢？\r\n我們恭請恭請聖嚴法師來為我們開示。\r\n\r\n更多線上課程：http://www.dharmaschool.com/index.html');
INSERT INTO playlist(pid, cid, title, description) VALUES('PLAE64974CC5B33BD3','UCq2iefWrqW0W6Hic2xA1aDg', '大法鼓0901-0925', '');
INSERT INTO videos(vid, pid, title, description) VALUES('RNy-8bEJN84', 'PLAE64974CC5B33BD3', '生老病死四苦及八苦（聖嚴法師-大法鼓 0901）', '我們以為「生」是一種歡心，師父說：「生」其實是一種苦，除了「生」之苦以外，還有那些苦呢？這些苦又怎麼樣能夠離得了呢？\r\n\r\n讓我們恭請聖嚴法師來為我們開示。\r\n\r\n更多線上課程：http://www.dharmaschool.com/index.html');
INSERT INTO videos(vid, pid, title, description) VALUES('n6lOiFvZviI', 'PLAE64974CC5B33BD3', '定樂是何種快樂的境界（聖嚴法師-大法鼓 0902）', '很多人都追求定樂，認為那種快樂好像都不想再進入這個塵世間，到底那種快樂是什麼境界，定樂，也就是從禪定中所得到的一種快樂，也不為外境所動的一種快樂，怎麼樣能夠得到這種快樂？而這種快樂為什麼又不是一種究竟的快樂呢？\r\n\r\n讓我們恭請聖嚴法師來為我們開示。\r\n\r\n更多線上課程：http://www.dharmaschool.com/index.html');
INSERT INTO videos(vid, pid, title, description) VALUES('LzgD4_fW8kU', 'PLAE64974CC5B33BD3', '什麼是真正的愛？愛也是苦（聖嚴法師-大法鼓 0903）', '很多人都憧憬愛情，愛也是一種被歌頌的、高貴的情操，人間因為有愛而充滿了欣欣向榮的生機，但是不久之前，國內卻因為愛情產生了好幾起的悲劇，那麼愛是不是也是一種苦呢？\r\n\r\n讓我們恭請聖嚴法師來為我們開示。\r\n\r\n更多線上課程：http://www.dharmaschool.com/index.html');
INSERT INTO videos(vid, pid, title, description) VALUES('XHvUiw68EQQ', 'PLAE64974CC5B33BD3', '婚姻中離苦得樂的態度和方法（聖嚴法師-大法鼓 0904）', '愛原來是一種高貴的情操，但是如果觀念錯誤的話，愛就會變成一種苦，我們常說婚姻是戀愛的墳墓，又有人說婚姻就像一座圍城，在裡面的人拚命想出來，在外面的人又拚命想進去，這麼說來，婚姻是不是也是一種苦呢？\r\n\r\n讓我們恭請聖嚴法師來為我們開示。\r\n\r\n更多線上課程：http://www.dharmaschool.com/index.html');
INSERT INTO videos(vid, pid, title, description) VALUES('sfe6dvFp-SY', 'PLAE64974CC5B33BD3', '晚婚與不婚的看法和忠告（聖嚴法師-大法鼓 0905）', '家庭是社會很重要的基礎，很多的功能都應該由家庭擔負起來，師父也說我們可以把家庭把婚姻，當做是一個很好的修行的道場，隨著社會經濟的進步，晚婚和不婚的人越來越多，甚至有人說晚婚和不婚，將會是另一種社會公害，真的是這樣子嗎？\r\n\r\n讓我們恭請聖嚴法師來為我們開示。\r\n\r\n更多線上課程：http://www.dharmaschool.com/index.html');
INSERT INTO videos(vid, pid, title, description) VALUES('BcHLWvJpLuY', 'PLAE64974CC5B33BD3', '何謂愛別離苦（聖嚴法師-大法鼓 0906）', '在佛法裡還有一種苦叫做愛別離苦，我們都知道人有悲歡離合、月有陰晴圓缺，天下沒有不散的宴席，當跟心愛的人分離的時候，我們難免還是會心生憂苦，甚至悽然淚下，怎麼樣才能減少這種愛別離苦呢？\r\n\r\n讓我們恭請聖嚴法師來為我們開示。\r\n\r\n更多線上課程：http://www.dharmaschool.com/index.html');
INSERT INTO videos(vid, pid, title, description) VALUES('zrWcfjZ8ROY', 'PLAE64974CC5B33BD3', '怎麼樣化解愛別離苦（聖嚴法師-大法鼓 0907）', '有一句俗話說天若有情天亦老，可見愛情、友情、親情，雖然都是我們需要的，也帶給我們很多的溫暖，但也帶給我們很多痛苦，我們怎麼樣來化解愛別離苦呢？是不是如果我們不要愛、不要情，就不會有苦了。\r\n\r\n讓我們恭請聖嚴法師來為我們開示。\r\n\r\n更多線上課程：http://www.dharmaschool.com/index.html');
INSERT INTO videos(vid, pid, title, description) VALUES('bEKMeQNuf2A', 'PLAE64974CC5B33BD3', '何謂求不得苦（聖嚴法師-大法鼓 0908）', '在佛法的八苦裡，除了「愛別離苦」之外，還有一種「求不得苦」，什麼叫做求不得苦，我們又如何化解求不得苦呢？\r\n\r\n讓我們恭請聖嚴法師來為我們開示。\r\n\r\n更多線上課程：http://www.dharmaschool.com/index.html');
INSERT INTO videos(vid, pid, title, description) VALUES('HyqPuagTkM0', 'PLAE64974CC5B33BD3', '用求願非貪求來化解求不得苦（聖嚴法師-大法鼓 0909）', '慾望可以說是社會進步的動力，當一個人什麼都不求的時候，就個人來說，是不是失去了努力的目標，而對社會來說，是不是失去了進步的動力了呢？\r\n\r\n讓我們恭請聖嚴法師來為我們開示。\r\n\r\n更多線上課程：http://www.dharmaschool.com/index.html');
INSERT INTO videos(vid, pid, title, description) VALUES('gUkLNY-nR3A', 'PLAE64974CC5B33BD3', '當願望落空時該怎麼辦（聖嚴法師-大法鼓 0910）', '師父告訴我們要化解求不得苦，就是要用求願的方式培福、造福，而不能一味的貪求，但是當我們求願，而願望又落空的時候，我們又怎麼樣來化解呢？\r\n\r\n讓我們恭請聖嚴法師來為我們開示。\r\n\r\n更多線上課程：http://www.dharmaschool.com/index.html');
INSERT INTO videos(vid, pid, title, description) VALUES('1AjjK4U5O1Q', 'PLAE64974CC5B33BD3', '何謂五蘊熾盛苦及其影響（聖嚴法師-大法鼓 0911）', '在佛法的八苦裡，還有一苦叫五蘊熾盛苦，心經裡面有一句話「照見五蘊皆空」，那麼五蘊熾盛是一種什麼樣的苦，它又會造成什麼樣的影響呢？\r\n\r\n讓我們恭請聖嚴法師來為我們開示。\r\n\r\n更多線上課程：http://www.dharmaschool.com/index.html');
INSERT INTO videos(vid, pid, title, description) VALUES('5xpYDvb8SKI', 'PLAE64974CC5B33BD3', '化解五蘊熾盛苦-五蘊皆空（聖嚴法師-大法鼓 0912）', '五蘊如果是空，就是我們學佛、修福、修慧一種工具，可是五蘊如果熾盛的話，就會給我們帶來很多的煩惱和痛苦，妄念跟五蘊熾盛這兩者之間又有什麼樣的關連性？\r\n\r\n讓我們恭請聖嚴法師來為我們開示。\r\n\r\n更多線上課程：http://www.dharmaschool.com/index.html');
INSERT INTO videos(vid, pid, title, description) VALUES('9KfdRiWYeG0', 'PLAE64974CC5B33BD3', '五蘊皆空的正確觀及實踐（聖嚴法師-大法鼓 0913）', '五蘊熾盛會給我們帶來的痛苦跟煩惱，師父也提到照見五蘊皆空，是化解五蘊熾盛痛苦煩惱最好的方法，有人會這樣認為，五蘊熾盛是不是也是證明，我之所以存在、活著最佳的寫照，如果五蘊皆空是不是也代表一種槁木死灰呢？\r\n\r\n讓我們恭請聖嚴法師來為我們開示。\r\n\r\n更多線上課程：http://www.dharmaschool.com/index.html');
INSERT INTO videos(vid, pid, title, description) VALUES('ozTAI-VaEJo', 'PLAE64974CC5B33BD3', '用佛法離苦得樂非消極（聖嚴法師-大法鼓 0914）', '佛法裡的八苦，是生、老、病、死苦、怨憎會苦、愛別離苦、求不得苦以及五蘊熾盛苦，佛教一直在講苦，是不是佛教徒都是在講逃避現實的 出世的、消極的呢？\r\n\r\n讓我們恭請聖嚴法師來為我們開示。\r\n\r\n更多線上課程：http://www.dharmaschool.com/index.html');
INSERT INTO videos(vid, pid, title, description) VALUES('NjU5-xqkWEE', 'PLAE64974CC5B33BD3', '知苦，離苦，後滅苦（聖嚴法師-大法鼓 0915）', '師父告訴我們，真正的出世就是入世，但不為世間的現象所困擾，師父認為，我們就能夠離苦得樂，佛法裡是不是還有其他的方法，可以幫助我們離苦，甚至滅苦的呢？\r\n\r\n讓我們恭請聖嚴法師來為我們開示。\r\n\r\n更多線上課程：http://www.dharmaschool.com/index.html');
INSERT INTO videos(vid, pid, title, description) VALUES('3_yYHI6ePxg', 'PLAE64974CC5B33BD3', '日常生活如何實踐離苦得樂（聖嚴法師-大法鼓 0916）', '師父談到要離苦得樂，並不是要消極的出世，而是要積極的知苦，去體會苦，從苦難中成長，就可以真正的離苦得樂， 就是要改變我們的觀念，究竟在日常生活裡面，我們應該要怎麼樣實踐呢？\r\n\r\n讓我們恭請聖嚴法師來為我們開示。\r\n\r\n更多線上課程：http://www.dharmaschool.com/index.html');
INSERT INTO videos(vid, pid, title, description) VALUES('tvMWlgMlX2w', 'PLAE64974CC5B33BD3', '如何滅苦不以苦難為苦難（聖嚴法師-大法鼓 0917）', '師父告訴我們觀想，還有宗教信仰，都可以幫助我們漸漸的脫離痛苦，脫離痛苦就能夠得到快樂，可是我們是希望能夠滅苦，也就是不以苦難為苦難，怎麼樣真正做到這一點呢？佛教又能對我們有什麼幫助呢？\r\n\r\n讓我們恭請聖嚴法師來為我們開示。\r\n\r\n更多線上課程：http://www.dharmaschool.com/index.html');
INSERT INTO videos(vid, pid, title, description) VALUES('xTtDjRLauJk', 'PLAE64974CC5B33BD3', '\"緣起性空\"助眾生離苦滅苦（聖嚴法師-大法鼓 0918）', '師父告訴我們真正的滅苦，是要不以苦難為苦難，宗教信仰的正知正見，能夠幫助我們離苦滅苦，在佛法裡還有那些觀念，能夠幫助我們離苦滅苦呢？　「緣起性空」這個觀念，能不能幫助我們離苦滅苦？\r\n\r\n讓我們恭請聖嚴法師來為我們開示。\r\n\r\n更多線上課程：http://www.dharmaschool.com/index.html');
INSERT INTO videos(vid, pid, title, description) VALUES('ksiVfv4l06g', 'PLAE64974CC5B33BD3', '真正的快樂-從苦解脫（聖嚴法師-大法鼓 0919）', '很多人有一些嗜好，他們在從事這些嗜好活動的時候，覺得很快樂，已經覺得離苦得樂，所以他們可能會覺得，佛法的離苦得樂太難了，我還不如去做我認為對我幫助比較大的離苦得樂，這種離苦得樂跟佛法說的離苦得樂，有什麼差距呢？\r\n\r\n讓我們恭請聖嚴法師來為我們開示。\r\n\r\n更多線上課程：http://www.dharmaschool.com/index.html');
INSERT INTO videos(vid, pid, title, description) VALUES('L_AM8a0BUU0', 'PLAE64974CC5B33BD3', '因緣和因果的關係（聖嚴法師-大法鼓 0920）', '師父告訴我們，人所以會苦，是因為我們不了解，「緣起性空」的道理，不了解生命是無常的，不了解色即是空，如果說緣起性空的話，為什麼還有因果概念，也就是說緣起性空跟佛法裡所說因果概念，是不是互相違背抵觸的呢？\r\n\r\n讓我們恭請聖嚴法師來為我們開示。\r\n\r\n更多線上課程：http://www.dharmaschool.com/index.html');
INSERT INTO videos(vid, pid, title, description) VALUES('C3bqe6QrQuY', 'PLAE64974CC5B33BD3', '因果不是消極的宿命論（聖嚴法師-大法鼓 0921）', '談到因果，很多人就會落入宿命的思考，以為一切發生的事都是因果造成的，甚至有人用此來逃避責任，用來做為做壞事的藉口，佛法中的因果是不是這麼消極、宿命呢？\r\n\r\n讓我們恭請聖嚴法師來為我們開示。\r\n\r\n更多線上課程：http://www.dharmaschool.com/index.html');
INSERT INTO videos(vid, pid, title, description) VALUES('PH0Ayg8zcbQ', 'PLAE64974CC5B33BD3', '正確的因果論觀點（聖嚴法師-大法鼓 0922）', '佛法的因果論不是宿命論，也不是定命論。\r\n那麼正確的因果論應該是什麼樣的觀點呢？\r\n\r\n我們恭請恭請聖嚴法師來為我們開示。\r\n\r\n更多線上課程：http://www.dharmaschool.com/index.html');
INSERT INTO videos(vid, pid, title, description) VALUES('z7QEiU0BpJU', 'PLAE64974CC5B33BD3', '因緣果報的觀念（聖嚴法師-大法鼓 0923）', '有一些人在生活裡面碰到很多很多的磨難，受了很多很多的苦。\r\n有一些人因此就會推論說：他前一世或前幾世一定做了很多的壞事，\r\n今生來受報；所以才這麼苦。\r\n是不是因果論就可以這樣子解釋呢？\r\n\r\n讓我們繼續請教聖嚴法師\r\n\r\n\r\n更多線上課程：http://www.dharmaschool.com/index.html');
INSERT INTO videos(vid, pid, title, description) VALUES('dEzY9xJHW5U', 'PLAE64974CC5B33BD3', '共業共願及共修法會的意義（聖嚴法師-大法鼓 0924）', '談到因果，就免不了要談到業力。師父在前幾集裡面，告訴我們\r\n眾生有所謂的共業，既然有人因為受報而降生這個世間；也有人\r\n因為還願而來到這個世間。\r\n那麼有共業是不是也有共願呢？\r\n我們又應該如何來看待共業和共願呢？\r\n\r\n\r\n我們恭請聖嚴法師來為我們開示。\r\n\r\n\r\n更多線上課程：http://www.dharmaschool.com/index.html');
INSERT INTO videos(vid, pid, title, description) VALUES('mCkbWBkBiuY', 'PLAE64974CC5B33BD3', '為什麼心念壞也會生惡業（聖嚴法師-大法鼓 0925）', '師父提到最近國內外發生了一連串的災難事件，這是因為人的心念很壞\r\n所以造了惡業。可是通常，我們會認為造惡業是因行為，也就是我們做\r\n了壞事才會產生惡業。\r\n為什麼念頭也會產生惡業呢？\r\n\r\n我們恭請聖嚴法師來為我們開示。\r\n\r\n\r\n更多線上課程：http://www.dharmaschool.com/index.html');
INSERT INTO playlist(pid, cid, title, description) VALUES('PLBD7DE62607244441','UCq2iefWrqW0W6Hic2xA1aDg', '大法鼓1126-1150', '');
INSERT INTO videos(vid, pid, title, description) VALUES('KAjP0y6WiBQ', 'PLBD7DE62607244441', '五蘊皆空法門-行蘊空（聖嚴法師-大法鼓 1126）', '師父提到色、受、想、行、識，這五蘊是構成人的五種要素，色，包括了地、水、火、風，所以是變動不拘的，受，他有苦樂憂喜捨是變動不拘的，想，我們的想法、我們的念頭，甚至我們思考的方式，也經常是變動不拘的， 這都是空，那麼行和識又怎麼來解釋呢？\r\n\r\n讓我們恭請聖嚴法師來為我們開示。\r\n\r\n更多線上課程：http://www.dharmaschool.com/index.html');
INSERT INTO videos(vid, pid, title, description) VALUES('C48rvLE6t20', 'PLBD7DE62607244441', '五蘊皆空法門-識蘊空（聖嚴法師-大法鼓 1127）', '五蘊當中的識蘊，師父說在小乘佛法裡，它指的就是眼耳鼻舌身意的意 ，在大乘佛法裡，它又被稱為第八識，讓我們繼續來請教聖嚴師父。\r\n\r\n讓我們恭請聖嚴法師來為我們開示。\r\n\r\n更多線上課程：http://www.dharmaschool.com/index.html');
INSERT INTO videos(vid, pid, title, description) VALUES('FftfowaFiGo', 'PLBD7DE62607244441', '大乘第八識空與小乘第六識空的不同（聖嚴法師-大法鼓 1128）', '師父為我們解釋了什麼是色受想行識，說它們都是空的，小乘的第六識的意識，它是空的，是變動的，師父說在大乘的第八識，又不一樣，那究竟什麼不一樣呢？\r\n\r\n讓我們恭請聖嚴法師來為我們開示。\r\n\r\n更多線上課程：http://www.dharmaschool.com/index.html');
INSERT INTO videos(vid, pid, title, description) VALUES('UX2XtaF6uZQ', 'PLBD7DE62607244441', '大乘第八識空與靈魂（聖嚴法師-大法鼓 1129）', '無論是小乘佛法所說的意識，或是大乘佛法所說的第八識，師父說它都是變動的，不是永恆的，所以是無常的，是空的，在提到第八識時，也說所謂的第八識，是藏著一切業的種子，隨著我們的生死流轉，是不是靈魂呢？\r\n\r\n讓我們恭請聖嚴法師來為我們開示。\r\n\r\n更多線上課程：http://www.dharmaschool.com/index.html');
INSERT INTO videos(vid, pid, title, description) VALUES('q749kNCer0s', 'PLBD7DE62607244441', '觀五蘊皆空-身（聖嚴法師-大法鼓 1130）', '我們了解五蘊是空的，最終的目的是要，修心經的五蘊皆空法門，如何把這個觀念變成我們要修的法門，怎麼樣去修呢？\r\n\r\n讓我們恭請聖嚴法師來為我們開示。\r\n\r\n更多線上課程：http://www.dharmaschool.com/index.html');
INSERT INTO videos(vid, pid, title, description) VALUES('YznJBjoLVmk', 'PLBD7DE62607244441', '觀五蘊皆空-受、想、行（聖嚴法師-大法鼓 1131）', '怎麼樣修心經的五蘊皆空的法門，師父提到我們要先從觀身體的受開始，那麼慢慢地我們就感覺身體不存在了，那麼接下來，就住入受、想、行的階段，在下面又怎麼樣呢？\r\n\r\n讓我們恭請聖嚴法師來為我們開示。\r\n\r\n更多線上課程：http://www.dharmaschool.com/index.html');
INSERT INTO videos(vid, pid, title, description) VALUES('Skts5tHGNdA', 'PLBD7DE62607244441', '觀五蘊皆空-識(觀空)（聖嚴法師-大法鼓 1132）', '如何透過修行達到五蘊皆空這樣的境界？聖嚴法師說，首先我們要觀受，觀身體的受，觀到我們的身體都沒有了，感覺身體不存在了。然後，我們要觀心裡的活動，就進入受想行的層次，最後，進入不苦不樂的境界。這時候，我們會覺得到安定、清靜、自在。但是，我們不能貪戀這非常美妙的感覺。這個時候我們就要開始觀空，觀到最後你還有空的感覺，那接下來又該怎麼辦呢？');
INSERT INTO videos(vid, pid, title, description) VALUES('ya05gGDqZ9M', 'PLBD7DE62607244441', '在家人如何離空離有（聖嚴法師-大法鼓 1133）', '一般人是把虛幻的身體跟心理的現象當作自我，可是當我們在觀五蘊皆空的過程當中，會發現這是空的，慢慢地我們會把空當作是有，以空為我，事實上還是一種執著，所以我們要繼續觀，到最後我們就是離空離有，沒有自我中心，那智慧就會出現，這樣的境界好高，是不是只有出家的僧眾才能夠修到這樣的境界，我們在家人有沒有辦法修呢？\r\n\r\n讓我們恭請聖嚴法師來為我們開示。\r\n\r\n更多線上課程：http://www.dharmaschool.com/index.html');
INSERT INTO videos(vid, pid, title, description) VALUES('A-DUCK1TyBY', 'PLBD7DE62607244441', '心經在日常生活裡給予何種提醒和幫助（聖嚴法師-大法鼓 1134）', '心經的五蘊皆空法門，聽起來非常的高深，好像很難修的樣子。可是透過師父的解釋，我們發現，只要常用這樣的觀念提醒自己，事實上我們一般的在家眾，在日常的生活裡，也可以靠這個法門得利不少。那麼心經這一部經典，可以說是佛學裡面，非常重要的一部經典。它在日常生活裡面，還能給我們什麼樣的提醒和幫助呢？\r\n更多線上課程：http://www.dharmaschool.com/index.html');
INSERT INTO videos(vid, pid, title, description) VALUES('ha0JfEx6l0M', 'PLBD7DE62607244441', '從空間角度看心經-六根、六塵、六識(十八界)（聖嚴法師-大法鼓 1135）', '心經上提到幾個名詞，譬如說六根、六塵、六識、眼、耳、鼻、舌、身、意、色、身、香、味、觸、法。聽起來好像都非常的艱澀，可是透過師父的解釋，我們發現它原來就是我們每­天在用的，每天在我們身邊發生的一些現象。那麼我們怎麼樣把心經的觀念，進一步來幫助我們認識生命的本質離苦得樂呢？\r\n更多線上課程：http://www.dharmaschool.com/index.html');
INSERT INTO videos(vid, pid, title, description) VALUES('gMBLFJ1pNMo', 'PLBD7DE62607244441', '從時間角度看心經-十二因緣（聖嚴法師-大法鼓 1136）', '在上一集裡面，師父從空間的角度來解釋心經。\r\n認為是六根六塵六識，這十八界的組合構成了人生命的事實。\r\n從時間來看心經又可以怎樣的解釋呢？\r\n讓我們繼續來請教聖嚴師父。\r\n\r\n更多線上課程：http://www.dharmaschool.com/index.html');
INSERT INTO videos(vid, pid, title, description) VALUES('ES70WzodP6M', 'PLBD7DE62607244441', '無始（聖嚴法師-大法鼓 1137）', '心經可以從空間上看人的存在，也可以從時間上看人的存在。\r\n從空間上看人的存在就是十八界，從時間上就是十二因緣。\r\n十二因緣可以有一世的，也可以有是三世的。\r\n上一次師父解釋了一世的，今天我們繼續來看從三世因緣怎麼來看十二因緣。\r\n\r\n更多線上課程：http://www.dharmaschool.com/index.html');
INSERT INTO videos(vid, pid, title, description) VALUES('f3sUDaarbqs', 'PLBD7DE62607244441', '無始與十二因緣的關係（聖嚴法師-大法鼓 1138）', '在念懺悔文的時候一定會念到「往昔所造諸惡業皆由無始貪瞋癡」。\r\n師父在上一集裡為我們詳細解說了什麼是無始，我們終於了解無始的意思。\r\n那麼這無始跟我們這十二因緣，跟我們這一生，或者跟我們的過去生未來生之間又有什麼樣的關係呢？\r\n讓我們繼續來請教聖嚴師父。\r\n\r\n更多線上課程：http://www.dharmaschool.com/index.html');
INSERT INTO videos(vid, pid, title, description) VALUES('AyAWA7VoV_w', 'PLBD7DE62607244441', '無老死亦無老死盡之涵意（聖嚴法師-大法鼓 1140）', '我們要繼續再根據心經呢從時間來看人類生命的構成\r\n一連好幾集師父為我們解釋了，\r\n從一世和三世的觀點來看從無明到老死這十二因緣的過程\r\n我們知道在心經上也提到\r\n『無無明\r\n　亦無無明盡\r\n　乃至無老死\r\n　亦無老死盡』\r\n這整個的含意是什麼呢？\r\n讓我們繼續來請教聖嚴師父。\r\n\r\n更多線上課程：http://www.dharmaschool.com/index.html');
INSERT INTO videos(vid, pid, title, description) VALUES('rRJI54zgPXE', 'PLBD7DE62607244441', '如何修耳根圓通法門（聽鳥雨水聲）（聖嚴法師-大法鼓 1141）', '談完了五蘊皆空法門，今天我們要繼續來談耳根圓通法門。\r\n大家都知道觀世音菩薩本身就是修耳根圓通法門得道的。\r\n耳根圓通法門在前面的時候師父也簡單的介紹了一下。\r\n什麼叫做耳根圓通法門？今天我們來談談到底要怎麼來修耳根圓通法門？\r\n讓我們繼續來請教聖嚴師父。\r\n\r\n更多線上課程：http://www.dharmaschool.com/index.html');
INSERT INTO videos(vid, pid, title, description) VALUES('rw5FlFyi29c', 'PLBD7DE62607244441', '修耳根圓通法門-吸音板（聖嚴法師-大法鼓 1142）', '當你內心憂急苦悶的時候呢，你不妨閉上眼睛，\r\n而用你的耳朵來享受周遭的聲音。\r\n但是最重要的就是你不要對它起任何的反應，就像一塊吸音板一樣，讓聲音自然地消失於無形。\r\n\r\n更多線上課程：http://www.dharmaschool.com/index.html');
INSERT INTO videos(vid, pid, title, description) VALUES('sF4Bh7zPp4M', 'PLBD7DE62607244441', '耳根圓通法門-觀無聲之聲、反聞聞自性（聖嚴法師-大法鼓 1143）', '觀世音菩薩修行的耳根圓通法門分為兩個層次，\r\n第一個層次就是聽無聲之聲， 也就是聽宇宙之音。\r\n這種聲音稱它為天籟也可以。\r\n這種聲音就是宇宙的聲音，只有你修行的時候可以聽到。\r\n\r\n更多線上課程：http://www.dharmaschool.com/index.html');
INSERT INTO videos(vid, pid, title, description) VALUES('_GAw0p8scx0', 'PLBD7DE62607244441', '反聞聞自性，入流亡所（聖嚴法師-大法鼓 1144）', '師父在這兩集裡面一直在跟我們講什麼叫做耳根圓通法門。\r\n師父說觀世音菩薩修行的耳根圓通法門分為兩個層次。\r\n第一個層次就是聽無聲之聲，也就是聽宇宙之音。\r\n第二個是根本連這個也不要聽，叫反聞聞自性，\r\n連耳根都不要用了。\r\n這個法門到底怎麼樣修呢，讓我們繼續來請教聖嚴師父。\r\n\r\n更多線上課程：http://www.dharmaschool.com/index.html');
INSERT INTO videos(vid, pid, title, description) VALUES('NyMNY4Z-VOU', 'PLBD7DE62607244441', '如何修行反聞聞自性（聖嚴法師-大法鼓 1145）', '在上一集的節目裡，師父提到了觀世音菩薩修行的耳根圓通法門。\r\n第二個層次也就是反聞聞自性、入流亡所\r\n師父說這是進入一切又忘掉一切，在一切之中可是不以為一切是自己。\r\n這樣的境界的確是非常的高深？我們一般人可以修行得到嗎？\r\n讓我們繼續來請教聖嚴師父。\r\n\r\n更多線上課程：http://www.dharmaschool.com/index.html');
INSERT INTO videos(vid, pid, title, description) VALUES('htzZkMwP6VE', 'PLBD7DE62607244441', '觀音菩薩法門是自利利他法門（聖嚴法師-大法鼓 1146）', '在上一集的節目裡，師父提到了觀世音菩薩修行的耳根圓通法門。\r\n什麼叫做反聞聞自性、入流亡所\r\n也就是說要超越自我、又不離自我\r\n那觀世音菩薩修成了這個耳根圓通法門以後，他又如何利用這些法門來利益眾生呢？\r\n讓我們繼續來請教聖嚴師父。\r\n\r\n更多線上課程：http://www.dharmaschool.com/index.html');
INSERT INTO videos(vid, pid, title, description) VALUES('xQGduYAWv4w', 'PLBD7DE62607244441', '對生死的體悟（涅盤、舍利）（聖嚴法師-大法鼓 1147）', '蟻螻尚且貪生。人呢就更是貪生怕死大家都希望好死不如歹活。\r\n最好呢，人是能夠長壽永生。\r\n生死是不是可以控制的呢？有沒有什麼外力可以改變生死呢？\r\n做一個佛教徒我們應該又如何面對生死呢？今天我們就生死的大事來請教聖嚴師父？\r\n\r\n更多線上課程：http://www.dharmaschool.com/index.html');
INSERT INTO videos(vid, pid, title, description) VALUES('XK8fTawwgik', 'PLBD7DE62607244441', '延壽之法（佛法觀點看了凡四訓）（聖嚴法師-大法鼓 1148）', '「生死有命,富貴在天」話雖如此，很多人還是不認命，用盡各種方法，希望自己的壽命能夠長一點，是不是生命真的用某種方法，可以延長呢？\r\n\r\n讓我們恭請聖嚴法師來為我們開示。\r\n\r\n更多線上課程：http://www.dharmaschool.com/index.html');
INSERT INTO videos(vid, pid, title, description) VALUES('TDoijizg3Sg', 'PLBD7DE62607244441', '求佛、菩薩能延壽嗎？（福報和業報）（聖嚴法師-大法鼓 1149）', '我們常常聽到一些朋友說：\r\n我常常念經，我也做好事，為什麼我的運氣還是這麼壞呢？\r\n為什麼呢？\r\n\r\n讓我們恭請聖嚴法師來為我們開示。\r\n\r\n更多線上課程：http://www.dharmaschool.com/index.html');
INSERT INTO videos(vid, pid, title, description) VALUES('PMeZ2n0872c', 'PLBD7DE62607244441', '佛教徒如何面對死亡？（聖嚴法師-大法鼓 1150）', '師父說我們念經、求佛、拜菩薩，有時候是可以延壽的。\r\n但是，就算是延壽也延不了多久，所以人終於是要面對死亡，死亡的過程，究竟是怎麼樣。\r\n死亡真的那麼可怕嗎？\r\n死後又如何呢？\r\n\r\n讓我們恭請聖嚴法師來為我們開示。\r\n\r\n更多線上課程：http://www.dharmaschool.com/index.html');
INSERT INTO playlist(pid, cid, title, description) VALUES('PL254BF4E43288072F','UCq2iefWrqW0W6Hic2xA1aDg', '大法鼓0976-1000', '');
INSERT INTO videos(vid, pid, title, description) VALUES('OED9U6S-H5Q', 'PL254BF4E43288072F', '觀念移轉-轉負為正（聖嚴法師-大法鼓 0976）', '要用佛法智慧的觀念，來改變我們錯誤的觀念。\r\n讓我們能夠離苦得樂，可是我們也發現現代人受到外界的刺激比較多，\r\n所以往往受外界的刺激，立刻由好的觀念變成了壞的觀念。\r\n怎樣避免這種負面觀念的移轉呢？\r\n\r\n我們恭請聖嚴法師來為我們開示。\r\n\r\nhttp://www.dharmaschool.com/index.html');
INSERT INTO videos(vid, pid, title, description) VALUES('Uvnar5jCjzA', 'PL254BF4E43288072F', '為何修行的人仍在輪迴（聖嚴法師-大法鼓 0977）', '師父談到了無明的苦，那麼打坐禪修就是讓我們離苦得樂\r\n可是有些修行的朋友可能會問說：我修行了那麼久\r\n我知苦，也希望離苦，希望能夠得到解脫\r\n可是為什麼我還在苦裡面打滾呢？\r\n這到底是什麼樣的原因？\r\n\r\n我們恭請聖嚴法師來為我們開示。\r\n\r\nhttp://www.dharmaschool.com/index.html');
INSERT INTO videos(vid, pid, title, description) VALUES('D1tCX31sJeQ', 'PL254BF4E43288072F', '十二因緣和修行佛法的關係（聖嚴法師-大法鼓 0978）', '師父為我們說明什麼叫做十二因緣，\r\n以及十二因緣跟三世因果的關係。\r\n那麼了解十二因緣跟修行佛法，\r\n究竟有什麼樣的關係呢？\r\n\r\n我們恭請聖嚴法師來為我們開示。\r\n\r\nhttp://www.dharmaschool.com/index.html');
INSERT INTO videos(vid, pid, title, description) VALUES('m4pEij6357M', 'PL254BF4E43288072F', '行、識的意義（聖嚴法師-大法鼓 0979）', '師父為我們說明了解十二因緣的重要性，\r\n同時也為我們解釋了十二因緣裡面的「行」到底是什麼意思？\r\n師父說「行」不是行為的行，而是五蘊中的行蘊。\r\n不知道您是不是跟我一樣好像聽了以後一知半解，糊裡糊塗。\r\n\r\n我們恭請聖嚴法師來為我們開示。\r\n\r\nhttp://www.dharmaschool.com/index.html');
INSERT INTO videos(vid, pid, title, description) VALUES('ZyVZ12TF7bk', 'PL254BF4E43288072F', '六識五蘊十二因緣的三種識異同（聖嚴法師-大法鼓 0980）', '師父為我們解釋了有關於過去世的十二因緣之中的三個：\r\n就是無明、行和識可是提到識，\r\n我想很多的觀眾朋友會跟我有一樣的疑問，\r\n就是我們聽過有六識還有五蘊裡面也有色、受、想、行、識，\r\n十二因緣裡面也有識，那這三個識之間到底有什麼異同呢？\r\n\r\n我們恭請聖嚴法師來為我們開示。\r\n\r\nhttp://www.dharmaschool.com/index.html');
INSERT INTO videos(vid, pid, title, description) VALUES('rahs-9ZVru8', 'PL254BF4E43288072F', '何謂中陰身(識與名色之間)（聖嚴法師-大法鼓 0981）', '凡是人，都會對生死的問題非常有興趣，在上一集裡，師父就從十二因緣的觀念告訴我們，人怎麼樣由過去的一世，進入現在的一世，也提到了很多的專有名詞，包括了識、中陰身、名色等等，今天我們要繼續探討這一方面的問題。\r\n\r\n讓我們恭請聖嚴法師來為我們開示。\r\n\r\n更多線上課程：http://www.dharmaschool.com/index.html');
INSERT INTO videos(vid, pid, title, description) VALUES('YNBoxoOTz2g', 'PL254BF4E43288072F', '何謂六入（聖嚴法師-大法鼓 0982）', '十二因緣裡名色和六入，名色就是入胎，六入就是從入胎到出生的這個階段，究竟六入的詳細的意思是什麼呢？我們怎麼樣做，才能夠讓這個胎兒，在這一生裡面過得比較好呢？\r\n\r\n讓我們恭請聖嚴法師來為我們開示。\r\n\r\n更多線上課程：http://www.dharmaschool.com/index.html');
INSERT INTO videos(vid, pid, title, description) VALUES('hms9lF9BV64', 'PL254BF4E43288072F', '胎教有用嗎？(觸)（聖嚴法師-大法鼓 0983）', '十二因緣從名色到觸這個階段，從入胎到出生這個階段，胎兒究竟是呈現一個什麼樣的狀態，怎麼樣能夠幫助胎兒厚植福德，一般所說的胎教到底有沒有用，胎教又該從什麼時候怎麼做？\r\n\r\n讓我們恭請聖嚴法師來為我們開示。\r\n\r\n更多線上課程：http://www.dharmaschool.com/index.html');
INSERT INTO videos(vid, pid, title, description) VALUES('APD1qCZVM-g', 'PL254BF4E43288072F', '行苦-壞苦與受（聖嚴法師-大法鼓 0984）', '從過去世的無明、行、識，談到這一世的名色、六入、觸、受，師父說受包含了五種，分別是苦、樂、憂、喜、捨這五種都是苦，為什麼呢？\r\n\r\n讓我們恭請聖嚴法師來為我們開示。\r\n\r\n更多線上課程：http://www.dharmaschool.com/index.html');
INSERT INTO videos(vid, pid, title, description) VALUES('W6Pbfk2z2Pk', 'PL254BF4E43288072F', '十二因緣-愛與取（聖嚴法師-大法鼓 0985）', '在十二因緣的這一世，包括名色、六入、觸、受、愛，還有取和有，這兩個又是什麼樣的意思呢？\r\n\r\n讓我們恭請聖嚴法師來為我們開示。\r\n\r\n更多線上課程：http://www.dharmaschool.com/index.html');
INSERT INTO videos(vid, pid, title, description) VALUES('gLPaXp2lZ5k', 'PL254BF4E43288072F', '十二因緣-有與苦（聖嚴法師-大法鼓 0986）', '十二因緣的愛和取， 愛是一種占有，取是因為占有的心，所產生了一種拿或者是控制的動作，而師父也告訴我們，取就是最大的造業的因，接下來又是什麼呢？\r\n\r\n讓我們恭請聖嚴法師來為我們開示。\r\n\r\n更多線上課程：http://www.dharmaschool.com/index.html');
INSERT INTO videos(vid, pid, title, description) VALUES('fY3m3qzAG-Q', 'PL254BF4E43288072F', '有未來果報的因未來生有什麼（聖嚴法師-大法鼓 0987）', '所謂三世十二因緣，在過去世有無明、行、識，在這一世有名色、六入、觸、受、愛、取、有，師父說「有」就是有了未來果報的因，那接下來又是什麼呢？\r\n\r\n讓我們恭請聖嚴法師來為我們開示。\r\n\r\n更多線上課程：http://www.dharmaschool.com/index.html');
INSERT INTO videos(vid, pid, title, description) VALUES('cEEqR5O4J5o', 'PL254BF4E43288072F', '老死病死與念頭生滅（聖嚴法師-大法鼓 0988）', '十二因緣的未來生，有生和老死，事實上師父說：生、老、病、死，它們是一個非常自然的過程，而且是四者是並行的，也就是與生俱來的，有生就有老和病死，師父也提到生、老死跟生、滅是一樣的，這是什麼意思呢？\r\n\r\n讓我們恭請聖嚴法師來為我們開示。\r\n\r\n更多線上課程：http://www.dharmaschool.com/index.html');
INSERT INTO videos(vid, pid, title, description) VALUES('XFiagqxtDQE', 'PL254BF4E43288072F', '念頭生滅(不起無明得智慧)（聖嚴法師-大法鼓 0989）', '生、老、病、死跟生滅之間的關係，師父說肉體上的生老病死，可能並不如心理上、心念上的生滅來得重要，如果能了解生滅的道理，也許我們就可以參透生死，或者說就可以不起無明、不起煩惱，而得到智慧，這中間的道理，我們請師父再給我們做詳細的說明。\r\n\r\n讓我們恭請聖嚴法師來為我們開示。\r\n\r\n更多線上課程：http://www.dharmaschool.com/index.html');
INSERT INTO videos(vid, pid, title, description) VALUES('UBRQZxIyfvk', 'PL254BF4E43288072F', '了解十二因緣解脫因果滅無明（聖嚴法師-大法鼓 0990）', '師父談完了整個的生老死，把三世十二因緣的因果關係，完全解說清楚，如果我們能夠學會中斷念頭，也許就可以解脫生死，我們可以在這一世裡來看到十二因緣，這又是什麼樣的意思？\r\n\r\n讓我們恭請聖嚴法師來為我們開示。\r\n\r\n更多線上課程：http://www.dharmaschool.com/index.html');
INSERT INTO videos(vid, pid, title, description) VALUES('HYv_OqsjJqU', 'PL254BF4E43288072F', '如何滅無明斷煩惱(怎麼觀)（聖嚴法師-大法鼓 0991）', '師父告訴我們，無明就是我們煩惱和痛苦的起源，無明就是沒有智慧，不知道念頭是不斷的、是生生滅滅，並沒有一個真實的我的存在，所以要獲得智慧就要滅無明，怎麼滅無明呢？\r\n\r\n讓我們恭請聖嚴法師來為我們開示。\r\n\r\n更多線上課程：http://www.dharmaschool.com/index.html');
INSERT INTO videos(vid, pid, title, description) VALUES('oDEm84a_GVw', 'PL254BF4E43288072F', '滅無明-轉變念頭（聖嚴法師-大法鼓 0992）', '師父說：無明就是我們煩惱的起源，我們要得到智慧、得到解脫，就要滅無明，怎麼滅無明呢？師父談到我們可以轉變念頭，當我們轉變念頭的時候，我們的煩惱就會少一些，無明就會少一些，那麼是不是還有其他的方法呢？\r\n\r\n讓我們恭請聖嚴法師來為我們開示。\r\n\r\n更多線上課程：http://www.dharmaschool.com/index.html');
INSERT INTO videos(vid, pid, title, description) VALUES('dHOzgpTrenc', 'PL254BF4E43288072F', '滅無明-觀識 （聖嚴法師-大法鼓 0993）', '師父開示我們，如何藉著減少煩惱來減少我們的無明，其中一個方法，就是要轉變我們的觀念，第二個方法就是要觀察我們心的動向， 也就是行。師父說，如果我們的起心動念少了，煩惱就會少了。可是起心動念少，好像非常的難，如果做不到怎麼辦呢？\r\n\r\n讓我們恭請聖嚴法師來為我們開示。\r\n\r\n更多線上課程：http://www.dharmaschool.com/index.html');
INSERT INTO videos(vid, pid, title, description) VALUES('ZvDy1orL-aI', 'PL254BF4E43288072F', '觀識除煩惱日常生活如何觀（聖嚴法師-大法鼓 0994）', '師父告訴我們說，如果我們不能觀到行的話，也就是心的動向，很難觀察的話，我們可以觀「識」，也就是說看看自己有沒有分別心，如果能夠做到沒有分別心的話， 那麼「行」，心的動能也會減少，可是觀識也是不容易做到的，在日常生活裡，我們如何來實踐？\r\n\r\n讓我們恭請聖嚴法師來為我們開示。\r\n\r\n更多線上課程：http://www.dharmaschool.com/index.html');
INSERT INTO videos(vid, pid, title, description) VALUES('skCtBhHVnAk', 'PL254BF4E43288072F', '滅無明-從觀行到觀識（聖嚴法師-大法鼓 0995）', '師父告訴我們如何觀識，也就是如何察覺我們內心是不是有分別、執著的心，如果我們的心越平靜，我們的煩惱就越少、智慧就越多，在日常生活裡，我們怎麼來實踐呢？\r\n\r\n讓我們恭請聖嚴法師來為我們開示。\r\n\r\n更多線上課程：http://www.dharmaschool.com/index.html');
INSERT INTO videos(vid, pid, title, description) VALUES('lBBC34zqc1c', 'PL254BF4E43288072F', '觀十二因緣-觀六入、觀觸（聖嚴法師-大法鼓 0996）', '今天我們來談觀十二因緣法，師父告訴過我們如何觀行、觀識、觀名色，接下來又要觀什麼呢？如何觀呢？\r\n\r\n\r\n讓我們恭請聖嚴法師來為我們開示。\r\n\r\n更多線上課程：http://www.dharmaschool.com/index.html');
INSERT INTO videos(vid, pid, title, description) VALUES('skXrNTmPLKw', 'PL254BF4E43288072F', '觀十二因緣-觀受、觀取 （聖嚴法師-大法鼓 0997）', '師父告訴我們，如何觀行、觀識、觀名色、觀六入以及觀觸，觀觸是觀我們六入跟六塵或者之間它們的關係，如果接觸的關係觀了以後， 接下來就觀，接觸以後感到的受，接觸以後感到的受是什麼？\r\n\r\n讓我們恭請聖嚴法師來為我們開示。\r\n\r\n更多線上課程：http://www.dharmaschool.com/index.html');
INSERT INTO videos(vid, pid, title, description) VALUES('OrBFFXSqaxg', 'PL254BF4E43288072F', '十二因緣與惑業苦的流轉 （聖嚴法師-大法鼓 0998）', '師父說的三世因果、十二因緣，不曉得您獲得了什麼樣的啟示，師父也提到，其實人生就在受著惑、業、苦的果報，那麼惑業苦跟十二因緣又有什麼樣的關係呢？\r\n\r\n讓我們恭請聖嚴法師來為我們開示。\r\n\r\n更多線上課程：http://www.dharmaschool.com/index.html');
INSERT INTO videos(vid, pid, title, description) VALUES('6iTaNcHY5zo', 'PL254BF4E43288072F', '何謂無漏的功德 （聖嚴法師-大法鼓 0999）', '師父告訴我們什麼叫做惑業苦，也告訴我們人生有什麼樣的十惡業跟十善業，師父也告訴我們，如果您奉行十善業的話，其實這還是有漏的福報，那麼什麼叫做無漏的福報呢？\r\n\r\n讓我們恭請聖嚴法師來為我們開示。\r\n\r\n更多線上課程：http://www.dharmaschool.com/index.html');
INSERT INTO videos(vid, pid, title, description) VALUES('XUeo4ce7TOs', 'PL254BF4E43288072F', '解脫與三世十二因緣的關係（聖嚴法師-大法鼓 1000）', '師父告訴我們，如果我們能夠瞭解，並且實踐空、無我、無常的觀念，我們就可以種無漏的福報，那麼這跟三世因果和十二因緣之間，又有什麼樣的關係呢？\r\n\r\n讓我們恭請聖嚴法師來為我們開示。\r\n\r\n更多線上課程：http://www.dharmaschool.com/index.html');
INSERT INTO playlist(pid, cid, title, description) VALUES('PLF6FAD91F61C24F44','UCq2iefWrqW0W6Hic2xA1aDg', '大法鼓0951-0975', '');
INSERT INTO videos(vid, pid, title, description) VALUES('xRmVNJK80YI', 'PLF6FAD91F61C24F44', '第二層功德的我-為眾生奉獻（聖嚴法師-大法鼓 0951）', '師父告訴我們說我們，不應該要有「虛妄的我」，也不應該要有「愚蠢的我」\r\n要有的是「功德的我」。\r\n師父也告訴我們說「功德的我」又分為很多的層次，\r\n在上一集裡師父告訴我們說， 學習跟奉獻是另一個層次\r\n接下來的層次又包括哪些呢？\r\n\r\n\r\n我們恭請聖嚴法師來為我們開示。\r\n\r\nhttp://www.dharmaschool.com/index.html');
INSERT INTO videos(vid, pid, title, description) VALUES('UdSgW5WC3zY', 'PLF6FAD91F61C24F44', '最高層次功德的我-真我（聖嚴法師-大法鼓0952）', '什麼是「功德的我」的第二層次，也就是說，這種人功德是越做越大\r\n不以現在的社會為滿足，他還是為一切的眾生來奉獻來服務\r\n他是一個清淨的， 不求回饋的，功德越做越大的我\r\n但是師父告訴我們，這樣的我還不是最高層次\r\n那麼更高層次的我，又是什麼呢？\r\n\r\n我們恭請聖嚴法師來為我們開示。\r\n\r\nhttp://www.dharmaschool.com/index.html');
INSERT INTO videos(vid, pid, title, description) VALUES('Rj_QrvJwF4A', 'PLF6FAD91F61C24F44', '實踐真我快樂的我的方法（聖嚴法師-大法鼓0953）', '一連幾集師父告訴我們，從我以及到無我的層次\r\n譬如說從虛妄的我到愚蠢的我到功德的我\r\n功德的我又可以分為三個層次，到第三個層次才是真我、快樂的我、自由的我\r\n那麼在日常生活裡面，我們該如何實踐?\r\n怎麼樣子才能到達這樣的快樂，自由自在的境界呢?\r\n\r\n我們恭請聖嚴法師來為我們開示。\r\n\r\nhttp://www.dharmaschool.com/index.html');
INSERT INTO videos(vid, pid, title, description) VALUES('boG2uI0SYt0', 'PLF6FAD91F61C24F44', '自我成長-自我肯定向別人學習（聖嚴法師-大法鼓0954）', '自我的完成，可以分為三個階段\r\n自我的肯定、自我的成長以及自我的消融\r\n自我肯定的方法就是，自己的優點要謙虛，對自我的缺點要改進\r\n藉著這樣的過程，自我就可以不斷地成長\r\n是不是還有其他來提升自我的方法呢？\r\n\r\n我們恭請聖嚴法師來為我們開示。\r\n\r\nhttp://www.dharmaschool.com/index.html');
INSERT INTO videos(vid, pid, title, description) VALUES('_8Cf1c9F6q0', 'PLF6FAD91F61C24F44', '自我成長-意志力控制情緒念頭（聖嚴法師-大法鼓 0955）', '師父告訴我們，除了靠著自我肯定來達到自我成長以外\n我們還可以向別人學習，也就是說無論是別人的優點和缺點\n都可以做為我們的借鏡，做為我們成長的動力\n是不是還有其他自我成長的方法呢？');
INSERT INTO videos(vid, pid, title, description) VALUES('V8h2Ka_k9SM', 'PLF6FAD91F61C24F44', '自我成長-用智慧轉移控制情緒（聖嚴法師-大法鼓 0956）', '師父告訴我們，自我成長另外一個方法，就是要時時觀察自己的內心，\r\n了解自己的情緒和念頭，然後用意志力來控制，\r\n我想很多人，可能都用得著這個方法\r\n是不是還有其他更好的方法呢？\r\n\r\n我們恭請聖嚴法師來為我們開示。\r\n\r\nhttp://www.dharmaschool.com/index.html');
INSERT INTO videos(vid, pid, title, description) VALUES('JpeMhuj-NJM', 'PLF6FAD91F61C24F44', '自我成長-智慧觀照己慈悲對人（聖嚴法師-大法鼓 0957）', '師父告訴我們如何時時刻刻觀察我們自己的內心\n然後用智慧了解我們情緒的生滅，然後也是用智慧當機立斷，去除我們的惱熱\n還有什麼方法可以增進我們的自我成長呢？');
INSERT INTO videos(vid, pid, title, description) VALUES('P_RG5TAxCvo', 'PLF6FAD91F61C24F44', '如何做到智慧觀照己慈悲對人（聖嚴法師-大法鼓 0958）', '師父開示我們說\r\n自我成長除了要用智慧，時時刻刻觀照自己的內心之外\r\n還要用慈悲來觀察別人內心的活動，這又要怎麼做到呢？\r\n\r\n我們恭請聖嚴法師來為我們開示。\r\n\r\nhttp://www.dharmaschool.com/index.html');
INSERT INTO videos(vid, pid, title, description) VALUES('U69J8slDHhg', 'PLF6FAD91F61C24F44', '自我成長最終目的自我消融無我（聖嚴法師-大法鼓 0959）', '幾乎人人都在追求自我成長，一連好幾集師父也告訴我們很多自我成長的方法\r\n包括向他人學習，無論是別人的優點或缺點，都可以當做我們的借鏡\r\n用智慧來觀照自己的內心，省察自己的缺點，斷自己的煩惱\r\n並且用慈悲心，去觀照別人內心的活動，這一連串的自我成長\r\n他的目的是什麼呢？\r\n\r\n我們恭請聖嚴法師來為我們開示。\r\n\r\nhttp://www.dharmaschool.com/index.html');
INSERT INTO videos(vid, pid, title, description) VALUES('v_Uvemagjc0', 'PLF6FAD91F61C24F44', '自我消融對凡夫的用處（聖嚴法師-大法鼓 0960）', '師父談到自我成長的最終目的，就是要自我消融，而達到自我消融的境界\r\n是完全沒有煩惱，智慧無邊，慈悲無邊，這樣的境界好像只有佛菩薩才能達到\r\n是不是說只有佛菩薩才需要追求自我的消融\r\n或者說自我的消融對凡夫來講是做不到的呢？\r\n\r\n\r\n\r\n\r\n我們恭請聖嚴法師來為我們開示。\r\n\r\nhttp://www.dharmaschool.com/index.html');
INSERT INTO videos(vid, pid, title, description) VALUES('ENscOvDAhnY', 'PLF6FAD91F61C24F44', '如何做到自我消融-常懷懺悔心（聖嚴法師-大法鼓 0961）', '師父說過自我的完成分為三個階段\r\n就說是自我的肯定、自我的成長、最後是自我的消融\r\n如果只有自我的肯定和自我的成長，很可能很容易有傲慢心\r\n所以我們必須要有自我的消融。自我的消融怎麼做到呢？\r\n\r\n我們恭請聖嚴法師來為我們開示。\r\n\r\nhttp://www.dharmaschool.com/index.html');
INSERT INTO videos(vid, pid, title, description) VALUES('Tbu2o6nv0mc', 'PLF6FAD91F61C24F44', '無我-正確的婚姻觀（聖嚴法師-大法鼓 0962）', '師父告訴我們，如果我們的自我中心能夠少一點的話，我們的煩惱就會少一點\r\n如果我們的自我中心，能夠少一點，我們的智慧跟慈悲，就會多一點\r\n可是我也聽到有人告訴我說：唉啊！我就是因為無我，所以我才會這麼痛苦煩惱甚至失去了我的婚姻，究竟為什麼會這樣呢？\r\n\r\n\r\n我們恭請聖嚴法師來為我們開示。\r\n\r\nhttp://www.dharmaschool.com/index.html');
INSERT INTO videos(vid, pid, title, description) VALUES('3u6tesqASN0', 'PLF6FAD91F61C24F44', '無我-正確的工作觀（聖嚴法師-大法鼓 0963）', '師父告訴我們，透過自我消融，所達到的無我境界是最高的境界\r\n非常值得我們去追求也可以帶給我們智慧、慈悲跟快樂\r\n但是也有不少人，因為誤會了什麼是真正的無我而產生諸多的煩惱\r\n我們在這方面繼續來請教聖嚴法師。\r\n\r\n我們恭請聖嚴法師來為我們開示。\r\n\r\nhttp://www.dharmaschool.com/index.html');
INSERT INTO videos(vid, pid, title, description) VALUES('zqV2o4xBedY', 'PLF6FAD91F61C24F44', '無我-正確的人生觀（聖嚴法師-大法鼓0964）', '我們要繼續來談一談，對「無我」的一些誤解\r\n有些人以為「無我」就是什麼事都無所謂，有些人以為就是不負責任\r\n或許有的人，沒有志向、沒有羞恥感、沒有未來性\r\n他們都認為自己的行為是所謂的「無我」，是不是真的這樣子呢？\r\n我們恭請聖嚴法師來為我們開示。\r\n\r\nhttp://www.dharmaschool.com/index.html');
INSERT INTO videos(vid, pid, title, description) VALUES('mgHG-FQ93oU', 'PLF6FAD91F61C24F44', '人間如何建設成淨土（聖嚴法師-大法鼓 0965）', '師父一直在跟我們討論，自我肯定、自我成長、自我消融這三個階段\r\n這三個階段，它的目的是要提昇人的品質\r\n而提昇人的品質，最終的目的，是要建設人間淨土\r\n但是人間，真的可以建設成淨土嗎？又如何來建設人間淨土呢？\r\n\r\n我們恭請聖嚴法師來為我們開示。\r\n\r\nhttp://www.dharmaschool.com/index.html');
INSERT INTO videos(vid, pid, title, description) VALUES('BnKpzCAidJc', 'PLF6FAD91F61C24F44', '實踐人間淨土從心做起（聖嚴法師-大法鼓0966）', '很多人常常感嘆世道人心是越來越壞了，\r\n但是師父也開示我們說，只要我們心存智慧和慈悲\r\n五濁惡世也可以建設成人間淨土，究竟怎麼做到呢？\r\n\r\n我們恭請聖嚴法師來為我們開示。\r\n\r\nhttp://www.dharmaschool.com/index.html');
INSERT INTO videos(vid, pid, title, description) VALUES('RXzWawUP0BQ', 'PLF6FAD91F61C24F44', '心淨則國土淨（聖嚴法師-大法鼓0967）', '很多人都期盼，這個人間淨土能夠早日實現\r\n而師父告訴我們，這跟我們的心有關\r\n只要我們的心清淨，我們行為就清淨，行為清淨，環境就清淨，人間淨土就實現了\r\n我們提昇人的品質，是為了建設人間淨土，那麼建設人間淨土，又是需要提昇人的品質，那麼到底心清淨，環境能不能清淨呢？\r\n\r\n我們恭請聖嚴法師來為我們開示。\r\n\r\nhttp://www.dharmaschool.com/index.html');
INSERT INTO videos(vid, pid, title, description) VALUES('FNYWXFWV-_8', 'PLF6FAD91F61C24F44', '禪修對日常生活的影響好處（聖嚴法師-大法鼓 0968）', '好長的一段時間以來，我們一直在談到\r\n如何藉著佛法的觀念，來淨化我們的心靈\r\n讓我們在紛擾城市中，得到一些清涼，還有一分自在\r\n我們繼續來談談禪修，也請師父跟我們分享很多禪定的喜悅\r\n我們也知道最近在國內國外，禪修的風氣都相當風行\r\n甚至美國很多演藝界的人士，也非常喜歡禪修，這是為什麼呢？\r\n\r\n\r\n我們恭請聖嚴法師來為我們開示。\r\n\r\nhttp://www.dharmaschool.com/index.html');
INSERT INTO videos(vid, pid, title, description) VALUES('W0MypQuHzZs', 'PLF6FAD91F61C24F44', '禪修的日常生活化（聖嚴法師-大法鼓0969）', '師父告訴我們禪修，可以減少我們情緒的波動\r\n所以就能夠讓我們內心更加的安定，更自在，也更有智慧\r\n那麼在日常生活裡面，我們如何隨時隨地的來禪修呢？\r\n禪修又有什麼樣的步驟跟方法呢？\r\n\r\n我們恭請聖嚴法師來為我們開示。\r\n\r\nhttp://www.dharmaschool.com/index.html');
INSERT INTO videos(vid, pid, title, description) VALUES('tt8UVWOeTh8', 'PLF6FAD91F61C24F44', '禪修步驟-如何體驗呼吸（聖嚴法師-大法鼓 0970）', '師父開示我們說要禪修\r\n第一步就要放鬆你的身心，第二個就要開始體驗呼吸\r\n師父說：呼吸不僅是我們最大的享受，同時練好了呼吸法\r\n我們可以身體健康、心情平靜\r\n我們日常生活裡，要如何來練這個呼吸法呢？\r\n\r\n我們恭請聖嚴法師來為我們開示。\r\n\r\nhttp://www.dharmaschool.com/index.html');
INSERT INTO videos(vid, pid, title, description) VALUES('gTXjFiWbkEA', 'PLF6FAD91F61C24F44', '如何數呼吸（聖嚴法師-大法鼓 0971）', '今天我們要繼續來談禪修的呼吸法，師父開示我們說，\r\n練呼吸法的時候，最重要的就是你要去察覺，要去體驗。\r\n但是卻不要去控制你的呼吸，\r\n也就是說呼吸的深、淺、快、慢、長、短\r\n都不要去在意它，不過數息要怎麼數呢？\r\n\r\n我們恭請聖嚴法師來為我們開示。\r\n\r\nhttp://www.dharmaschool.com/index.html');
INSERT INTO videos(vid, pid, title, description) VALUES('exuRM-QXRFw', 'PLF6FAD91F61C24F44', '禪修輔助方法-打坐的姿勢（聖嚴法師-大法鼓 0972）', '我們一直在談怎麼樣來體驗呼吸、享受呼吸\r\n師父說當你專注在呼吸上的時候你會發現頭腦非常寧靜不起雜念\r\n果然我覺得非常的愉快，這種愉快可能是我們平常都沒有感受到的。\r\n那麼在接下來我們要怎樣來注意我們的姿勢呢？\r\n\r\n我們恭請聖嚴法師來為我們開示。\r\n\r\nhttp://www.dharmaschool.com/index.html');
INSERT INTO videos(vid, pid, title, description) VALUES('5igYz4mu8Ik', 'PLF6FAD91F61C24F44', '適合打坐的時機和體驗（聖嚴法師-大法鼓 0973）', '師父跟我們談到禪修打坐的方法：\r\n第一個要放鬆你的身心，第二個要體驗呼吸\r\n師父談到了呼吸的方法，還有打坐的姿勢\r\n接下來我們要繼續談談什麼時候適合打坐？\r\n是不是每一個人都適合打坐？\r\n\r\n我們恭請聖嚴法師來為我們開示。\r\n\r\nhttp://www.dharmaschool.com/index.html');
INSERT INTO videos(vid, pid, title, description) VALUES('qgouBaZiaqo', 'PLF6FAD91F61C24F44', '打坐要具備的條件及忌諱（聖嚴法師-大法鼓 0974）', '師父為我們開示禪修打坐的姿勢、方法，跟步驟\r\n那麼不曉得您是不是已經開始體驗打坐了呢？\r\n是不是每一個人都可以打坐？\r\n打坐要具備什麼樣的條件呢？\r\n\r\n我們恭請聖嚴法師來為我們開示。\r\n\r\nhttp://www.dharmaschool.com/index.html');
INSERT INTO videos(vid, pid, title, description) VALUES('uudEd6-V6GM', 'PLF6FAD91F61C24F44', '佛法的實踐-觀念移轉（聖嚴法師-大法鼓 0975）', '禪修打坐最主要的目的就是要淨化心靈，\r\n也就是藉著禪修打坐化煩惱心為菩提心。\r\n生出我們的智慧在實際上怎樣能達到這樣的效果呢？\r\n\r\n我們恭請聖嚴法師來為我們開示。\r\n\r\nhttp://www.dharmaschool.com/index.html');
INSERT INTO playlist(pid, cid, title, description) VALUES('PL23346AF12D878FD1','UCq2iefWrqW0W6Hic2xA1aDg', '大法鼓0926-0950', '');
INSERT INTO videos(vid, pid, title, description) VALUES('iap6HSVE6wM', 'PL23346AF12D878FD1', '心念意念的力量(心誠則靈)（聖嚴法師-大法鼓 0926）', '我們談到心念跟意念的力量，們常說心誠則靈，這是不是代表著心念的力量呢？\r\n\r\n讓我們恭請聖嚴法師來為我們開示。\r\n\r\n更多線上課程：http://www.dharmaschool.com/index.html');
INSERT INTO videos(vid, pid, title, description) VALUES('MGw8FQ-EC68', 'PL23346AF12D878FD1', '起心動念要時刻觀照留意（聖嚴法師-大法鼓 0927）', '我們討論心念和意念的力量，佛法裡面常提醒我們起心動念都要留意，\r\n也就是說，心中的念頭要時時觀照、刻刻注意。這是為什麼？\r\n\r\n我們恭請聖嚴法師來為我們開示。\r\n\r\n\r\n更多線上課程：http://www.dharmaschool.com/index.html');
INSERT INTO videos(vid, pid, title, description) VALUES('r2gHLeTvR1A', 'PL23346AF12D878FD1', '如何用佛法規範頭腦良善（聖嚴法師-大法鼓 0928）', '師父告訴我們，人如果要活得快樂成功，就要時時觀照我們的念頭，起心動念要時時留意，佛法修行主要就是來訓練、規範我們的頭腦，讓它表現得更好，要怎麼做到呢？\r\n\r\n讓我們恭請聖嚴法師來為我們開示。\r\n\r\n更多線上課程：http://www.dharmaschool.com/index.html');
INSERT INTO videos(vid, pid, title, description) VALUES('VjNsxT4a3tE', 'PL23346AF12D878FD1', '發願重在實踐-談吃素（聖嚴法師-大法鼓 0929）', '師父告訴我們，起心動念非常重要，會影響到我們的人生是不是成功，是不是幸福，怎麼樣起心動念才會正確呢？我們知道發願很容易，實踐比較困難，在遇到挫折的時候，應該怎麼辦呢？\r\n\r\n讓我們恭請聖嚴法師來為我們開示。\r\n\r\n更多線上課程：http://www.dharmaschool.com/index.html');
INSERT INTO videos(vid, pid, title, description) VALUES('PjVN9pD4lj4', 'PL23346AF12D878FD1', '發願的意義及實踐（聖嚴法師-大法鼓 0930）', '發願貴在實踐，因為實踐比較困難，發願比較容易，所以難免有些人就會一再的發願，可是從來沒有實踐，這是不是就像在開空頭支票呢？會有什麼樣的影響呢？\r\n\r\n讓我們恭請聖嚴法師來為我們開示。\r\n\r\n更多線上課程：http://www.dharmaschool.com/index.html');
INSERT INTO videos(vid, pid, title, description) VALUES('1D7wd36XwOE', 'PL23346AF12D878FD1', '怎樣才是不切實際的願（聖嚴法師-大法鼓 0931）', '發願貴在實踐，所以我們不要發不切實際的願。\r\n可是在佛的經典裡面，我們可以看到很多的佛菩薩都是發了很大很大的宏願\r\n就我們凡人看起來，這好像也是非常的不切實際，很難以實踐的願。\r\n那麼是不是一定要發大願呢？\r\n怎樣才算是不切實際的願呢？\r\n\r\n我們恭請聖嚴法師來為我們開示。\r\n\r\n\r\n更多線上課程：http://www.dharmaschool.com/index.html');
INSERT INTO videos(vid, pid, title, description) VALUES('j46P4907WTk', 'PL23346AF12D878FD1', '人該如何發願及其方向（聖嚴法師-大法鼓 0932）', '每個人心裡其實都有願，這個願也可以說是我們的夢想、我們的理想，我們在年輕的時候，理想都是比較遠大的，到了有一點年紀，就會慢慢開始務實，究竟我們在年輕的時候，該怎麼樣發願，人的一生該怎麼樣發願？這個願或者這個夢想、這個理想比較能夠落實？\r\n\r\n讓我們恭請聖嚴法師來為我們開示。\r\n\r\n更多線上課程：http://www.dharmaschool.com/index.html');
INSERT INTO videos(vid, pid, title, description) VALUES('GxQwM7QR-V0', 'PL23346AF12D878FD1', '佛教徒的發願有何不同（聖嚴法師-大法鼓 0933）', '一般人在一生中應該如何發願？\r\n做為一個佛教徒又該如何發願呢？\r\n\r\n\r\n我們恭請聖嚴法師來為我們開示。\r\n\r\n\r\n更多線上課程：http://www.dharmaschool.com/index.html');
INSERT INTO videos(vid, pid, title, description) VALUES('yqES5AYFSdc', 'PL23346AF12D878FD1', '父母與孩子的願望如何一致（聖嚴法師-大法鼓 0934）', '很多父母對自己的孩子，抱著很大的理想、很大的願望，希望他們成龍成鳳，但是很多孩子覺得，這並不是我的願望，因此感覺到很多的壓力，父母的願跟孩子的願，要怎麼樣才能夠合為一致呢？\r\n\r\n\r\n讓我們恭請聖嚴法師來為我們開示。\r\n\r\n更多線上課程：http://www.dharmaschool.com/index.html');
INSERT INTO videos(vid, pid, title, description) VALUES('pLi3h2BqR3k', 'PL23346AF12D878FD1', '師父提倡法鼓山理念的願力（聖嚴法師-大法鼓 0935）', '我們都知道，二十多年前師父就提倡要\r\n「提升人的品質，建設人間淨土」\r\n並且創立了法鼓山，師父的目的是什麼呢？\r\n這又是什麼樣的願力在支持他呢？\r\n\r\n\r\n我們恭請聖嚴法師來為我們開示。\r\n\r\n\r\n更多線上課程：http://www.dharmaschool.com/index.html');
INSERT INTO videos(vid, pid, title, description) VALUES('D77LiAqGNsw', 'PL23346AF12D878FD1', '發利益眾生順遂因緣的宏願（聖嚴法師-大法鼓 0936）', '為什麼會發願「提昇人的品質， 建設人間淨土」他同時告訴我們這個願呢？ 不但可以從自己做起， 還可以推己及人， 是不是我們也可以發這樣的願呢？\r\n\r\n我們恭請聖嚴法師來為我們開示。\r\n\r\n\r\n更多線上課程：http://www.dharmaschool.com/index.html');
INSERT INTO videos(vid, pid, title, description) VALUES('seP-rAjX6Qg', 'PL23346AF12D878FD1', '如何實踐法鼓山的理念（聖嚴法師-大法鼓 0937）', '「提昇人的品質%建設人間淨土」，不只是法鼓山的理念，也是師父的弘願，師父發下了這個弘願以後，又是一步一步如何落實實踐的呢？\r\n\r\n讓我們恭請聖嚴法師來為我們開示。\r\n\r\n更多線上課程：http://www.dharmaschool.com/index.html');
INSERT INTO videos(vid, pid, title, description) VALUES('bT8k77XtTPo', 'PL23346AF12D878FD1', '培養佛教人才與師父理念弘願（聖嚴法師-大法鼓 0938）', '師父談到了，為了實踐提昇人的品質，建設人間淨土這個弘願，法鼓山推行三大教育，也就是大學院教育、 大普化教育以及大關懷教育， 那麼師父非常重視佛教人才的培養，這跟法鼓山的理念，以及師父的弘願之間又有什麼樣的關係呢？\r\n\r\n我們恭請聖嚴法師來為我們開示。\r\n\r\n\r\n更多線上課程：http://www.dharmaschool.com/index.html');
INSERT INTO videos(vid, pid, title, description) VALUES('1Y6x7YiRO4c', 'PL23346AF12D878FD1', '個人日常如何實踐法鼓山理念（聖嚴法師-大法鼓 0939）', '「 提昇人的品質， 建設人間淨土」這不僅是法鼓山的理念，也是師父的弘願，同時， 師父說這也是我們每一個人可以發的願，那麼我們該如何發願？如何在生活裡面實踐呢？\r\n\r\n我們恭請聖嚴法師來為我們開示。\r\n\r\n更多線上課程：http://www.dharmaschool.com/index.html');
INSERT INTO videos(vid, pid, title, description) VALUES('G7KV-1uA4y8', 'PL23346AF12D878FD1', '如何實踐大普化教育及內容（聖嚴法師-大法鼓 0940）', '師父談到為了達成提昇人的品質，建設人間淨土這樣的理念跟弘願，法鼓山積極推動三大教育，也就是大學院教育、大普化教育以及大關懷教育，這三大教育的內容跟涵意以及如何實踐？\r\n\r\n我們恭請聖嚴法師來為我們開示。\r\n\r\n\r\n更多線上課程：http://www.dharmaschool.com/index.html');
INSERT INTO videos(vid, pid, title, description) VALUES('QPC9aMU2020', 'PL23346AF12D878FD1', '大關懷教育內容及實踐方式（聖嚴法師-大法鼓 0941）', '師父詳細為我們介紹了大普化教育以及實踐大普化教育的方法，也就是要透過種種的方式來淨化、感化人心，那麼大關懷教育也就是說，從胎兒一直到死亡的關懷%又是如何做到呢？\r\n\r\n我們恭請聖嚴法師來為我們開示。\r\n\r\n\r\n更多線上課程：http://www.dharmaschool.com/index.html');
INSERT INTO videos(vid, pid, title, description) VALUES('WocAvRK3bGw', 'PL23346AF12D878FD1', '四大環保與天災人禍的關係（聖嚴法師-大法鼓 0942）', '師父告訴我們所謂的大關懷教育，包括了四安跟四環，那麼四環裡面有心靈環保、 禮儀環保、生活環保以及自然環保， 而我們也都知道最近以來，無論國內外，都是天災人禍不斷， 這跟四大環保之間有什麼關係？我們如何藉四環來減少這些災難事件 ？\r\n\r\n我們恭請聖嚴法師來為我們開示。\r\n\r\n\r\n更多線上課程：http://www.dharmaschool.com/index.html');
INSERT INTO videos(vid, pid, title, description) VALUES('3ljwh41Fx_A', 'PL23346AF12D878FD1', '何謂心靈環保及具體內容（聖嚴法師-大法鼓 0943）', '師父告訴我們說，近年以來，國內外的天災人禍不斷，最主要的原因呢就是人心，人的觀念以及人的行為，產生了偏差，所以正本清源之道呢？就是要積極的推動法鼓山所提倡的四環運動。那麼在這一集裡，我們要繼續來請教聖嚴法師， 「四環運動」它具體的涵義和內容是什麼？\r\n\r\n我們恭請聖嚴法師來為我們開示。\r\n\r\n\r\n更多線上課程：http://www.dharmaschool.com/index.html');
INSERT INTO videos(vid, pid, title, description) VALUES('OfWPI-C5Uvs', 'PL23346AF12D878FD1', '心靈環保目的改變自己的觀念（聖嚴法師-大法鼓 0944）', '師父談到四環運動裡，最重要的就是心靈環保，而心靈環保最主要的目的，就是要改變觀念，這是最重要也是最困難的。如果我們想改變自己的觀念，我們該怎麼樣做呢？\r\n\r\n我們恭請聖嚴法師來為我們開示。\r\n\r\n\r\n更多線上課程：http://www.dharmaschool.com/index.html');
INSERT INTO videos(vid, pid, title, description) VALUES('zn2ai-MnweA', 'PL23346AF12D878FD1', '怎樣的價值觀是正確的（聖嚴法師-大法鼓 0945）', '師父談到要做到心靈環保，要改變觀念，非常重要的是要有安全感、滿足感以及正確的價值觀。那麼我們到底該有什麼樣的價值觀呢？\r\n\r\n我們恭請聖嚴法師來為我們開示。\r\n\r\n更多線上課程：http://www.dharmaschool.com/index.html');
INSERT INTO videos(vid, pid, title, description) VALUES('Vq87TNzH-JE', 'PL23346AF12D878FD1', '人生目的許願還願人生意義盡責負責（聖嚴法師-大法鼓 0946）', '雖然物質生活愈來愈富裕，但是仍然有很多人覺得活得很痛苦，活得很無奈或者是活得很茫然，最主要就是他們不了解，人生的目的與人生的意義，在上一集裡師父告訴我們說，人生的目的是許願跟還願，人生的意義是盡責跟負責，那麼這其中究竟有那些非常深刻的含意呢？\r\n\r\n我們恭請聖嚴法師來為我們開示。\r\n\r\n\r\n更多線上課程：http://www.dharmaschool.com/index.html');
INSERT INTO videos(vid, pid, title, description) VALUES('ucRWr5ZUj6c', 'PL23346AF12D878FD1', '怎樣社會儀式收淨化人心之效（聖嚴法師-大法鼓 0947）', '透過個人的禮儀，產生了恭敬心和禮讓心，是我們進化心靈的第一步，那麼這只是個人的禮儀，在社會上，我們知道還有很多的儀式，這些儀式應該有什麼樣的形式和內容，才能夠產生淨化人心的功效呢？\r\n\r\n我們恭請聖嚴法師來為我們開示。\r\n\r\n\r\n更多線上課程：http://www.dharmaschool.com/index.html');
INSERT INTO videos(vid, pid, title, description) VALUES('-3yqqtlm8uw', 'PL23346AF12D878FD1', '從佛法觀點看什麼是真我（聖嚴法師-大法鼓 0949）', '師父開示我們說要消除我執，要消除煩惱，非常重要的先要了解「我」是什麼？ 那麼從佛法因緣跟無常的觀念來看，身體不是我、觀念不是我、心念也不是我， 那麼究竟「我」是什麼呢？\r\n\r\n我們恭請聖嚴法師來為我們開示。\r\n\r\n\r\n更多線上課程：http://www.dharmaschool.com/index.html');
INSERT INTO videos(vid, pid, title, description) VALUES('bLkmqFrPJGQ', 'PL23346AF12D878FD1', '第一層功德的我-學習與奉獻（聖嚴法師-大法鼓 0950）', '從佛法因緣，還有無常的觀念來看，平常我們所執著的我，就是我的身體、我的觀念，可能不是真的我，那麼從因果的觀點來看，那個我可能是個愚蠢的我，是苦中做樂、以苦為樂、苦多樂少，那麼真正的我應該是什麼呢？\r\n\r\n讓我們恭請聖嚴法師來為我們開示。\r\n\r\n更多線上課程：http://www.dharmaschool.com/index.html');
INSERT INTO playlist(pid, cid, title, description) VALUES('PL4EEEE1F7053254EE','UCq2iefWrqW0W6Hic2xA1aDg', '大法鼓0626-0650', '');
INSERT INTO videos(vid, pid, title, description) VALUES('dLsGVaSG3yE', 'PL4EEEE1F7053254EE', '出家具備何種條件才圓滿（聖嚴法師-大法鼓 0626）', '雖然說一人出家九族升天，但是如果沒有徵得父母的同意，而逕行出家，使得父母感到痛心、不諒解，甚至誤解佛教的真義的話，那麼在這樣的情形下出家，還算不算是一種功德，還能夠修行度人嗎？那麼出家究竟該具備什麼樣的條件才算圓滿呢？\r\n\r\n讓我們恭請聖嚴法師來為我們開示。\r\n\r\n更多線上課程：http://www.dharmaschool.com/index.html');
INSERT INTO videos(vid, pid, title, description) VALUES('S0C7CC96OH0', 'PL4EEEE1F7053254EE', '何謂三昧？是何種境界？（聖嚴法師-大法鼓 0627）', '在佛教的經典裡，我們常會看到「三昧」這個名詞，譬如說法華三昧、無住三昧、念佛三昧、般舟三昧等等，什麼是三昧？進入三昧又是怎麼樣的一種境界呢？\r\n\r\n讓我們恭請聖嚴法師來為我們開示。\r\n\r\n更多線上課程：http://www.dharmaschool.com/index.html');
INSERT INTO videos(vid, pid, title, description) VALUES('ulPyVgABreA', 'PL4EEEE1F7053254EE', '出家人適合參加有歌舞表演的活動嗎（聖嚴法師-大法鼓 0628）', '在現在這個社會裡，我們常常有很多的公益晚會、 義賣活動會邀請出家人來共襄盛舉，是在這些活動中，往往，也安排了很多的歌舞表演節目，那麼究竟出家人適不適合參加這類的活動呢？\r\n\r\n讓我們恭請聖嚴法師來為我們開示。\r\n\r\n更多線上課程：http://www.dharmaschool.com/index.html');
INSERT INTO videos(vid, pid, title, description) VALUES('jypSssXy7q4', 'PL4EEEE1F7053254EE', '何謂正法？如何能聽聞正法（聖嚴法師-大法鼓 0629）', '在佛教的書籍中，常常強調皈依三寶以後，應該要多聞正法，才能夠進入佛道。\r\n究竟什麼樣的法才是正法呢？一般大眾又要如何才能夠聽聞到正法呢？\r\n\r\n\r\n讓我們恭請聖嚴法師來為我們開示。\r\n\r\n更多線上課程：http://www.dharmaschool.com/index.html');
INSERT INTO videos(vid, pid, title, description) VALUES('Lf4LmWSlAxY', 'PL4EEEE1F7053254EE', '如何做到真不執著(有原則但不執著)（聖嚴法師-大法鼓 0630）', '佛教徒常勸人不要執著，究竟什麼是執著呢？\r\n它跟一般人所說的，做人要有原則有什麼不同的地方。\r\n而不要執著又跟下定決心達成目標，是不是有互相衝突的地方，人們如何才能夠做到真正的不執著呢？\r\n\r\n讓我們恭請聖嚴法師來為我們開示。\r\n\r\n更多線上課程：http://www.dharmaschool.com/index.html');
INSERT INTO videos(vid, pid, title, description) VALUES('1_kd0No_XXI', 'PL4EEEE1F7053254EE', '從佛法觀點看進化論（聖嚴法師-大法鼓 0631）', '佛教講忍辱、講慈悲，不過中國人有一句俗話說：「人不為己，天誅地滅」。\r\n西方的達爾文也提倡物競天擇，適者生存的理論。\r\n從佛法的觀點來說，人們應該如何來看待這類的觀念呢？\r\n\r\n讓我們恭請聖嚴法師來為我們開示。\r\n\r\n更多線上課程：http://www.dharmaschool.com/index.html');
INSERT INTO videos(vid, pid, title, description) VALUES('3F_XCYMWnsE', 'PL4EEEE1F7053254EE', '從佛法觀點看情緒管理(EQ)（聖嚴法師-大法鼓 0632）', '過去很長的一段時間，大家都比較重視談IQ，不過最近EQ卻成為熱門話題，很多人都認為EQ比IQ更重要， EQ就是情緒管理，是人們對自我情緒管理的能力，從佛法的觀點，如何來看待EQ這種情緒管理的問題？\r\n\r\n讓我們恭請聖嚴法師來為我們開示。\r\n\r\n更多線上課程：http://www.dharmaschool.com/index.html');
INSERT INTO videos(vid, pid, title, description) VALUES('OYnp9ZKjSio', 'PL4EEEE1F7053254EE', '談移民(珍惜自家寶藏)（聖嚴法師-大法鼓 0633）', '有些人總認為外國的月亮比較圓，因此移民的人數最近漸漸的增加。\r\n禪宗的馬祖禪跟他的弟子慧海禪師之間，曾經有一段對話，說到要珍惜自家寶藏，究竟自家寶藏這句話有什麼深刻的涵意？\r\n\r\n讓我們恭請聖嚴法師來為我們開示。\r\n\r\n更多線上課程：http://www.dharmaschool.com/index.html');
INSERT INTO videos(vid, pid, title, description) VALUES('7KEwISRG_Q8', 'PL4EEEE1F7053254EE', '自己和影子的關係（聖嚴法師-大法鼓 0634）', '您曾經想過您跟影子之間，是一種什麼樣的關係嗎？\r\n唐朝詩人李白，有兩句著名的詩句 「舉杯邀明月對影成三人」。 其中的三人， 指的是月亮、李白跟他自己的影子，而洞山良价禪師卻有「水面的影子是我，我不是水面的影子」的體驗，究竟影子跟我之間是一種什麼樣的關係呢？洞山良价禪師的體驗又有什麼樣的含意呢？\r\n\r\n讓我們恭請聖嚴法師來為我們開示。\r\n\r\n更多線上課程：http://www.dharmaschool.com/index.html');
INSERT INTO videos(vid, pid, title, description) VALUES('VYUuY8-Yr2g', 'PL4EEEE1F7053254EE', '為什麼是開示而非開釋？（聖嚴法師-大法鼓 0635）', '當我們請出家的法師，來為我們講經說法的時候，我們常會說恭請法師開示，那麼究竟開示的示是表示的示呢？ 還是解釋的釋？\r\n為什麼是說開示，而不是用致詞之類的詞句呢？\r\n\r\n讓我們恭請聖嚴法師來為我們開示。\r\n\r\n更多線上課程：http://www.dharmaschool.com/index.html');
INSERT INTO videos(vid, pid, title, description) VALUES('DYuZiBR8ca8', 'PL4EEEE1F7053254EE', '何謂功德？有漏功德？無漏功德（聖嚴法師-大法鼓 0636）', '我們常聽人家說到「功德」這兩個字，而佛經裡面也說功德可分為有漏功德跟無漏功德，那究竟「功德」是什麼意思呢？為什麼有無漏功德跟有漏功德的差別呢？\r\n\r\n讓我們恭請聖嚴法師來為我們開示。\r\n\r\n更多線上課程：http://www.dharmaschool.com/index.html');
INSERT INTO videos(vid, pid, title, description) VALUES('5JsIkog7AN8', 'PL4EEEE1F7053254EE', '出家人的運動或休閒活動（聖嚴法師-大法鼓 0637）', '在電視上或者是一些報章雜誌上，有的時候我們可以看到一些介紹出家人生活的文章， 或者是節目，我們可以發現出家人除了誦經、拜佛跟打坐之外，幾乎沒有什麼健身或是休閒活動，究竟出家人能不能參加各類運動或者是休閒活動呢？\r\n\r\n讓我們恭請聖嚴法師來為我們開示。\r\n\r\n更多線上課程：http://www.dharmaschool.com/index.html');
INSERT INTO videos(vid, pid, title, description) VALUES('Ipz1_jJzdlg', 'PL4EEEE1F7053254EE', '佛教如何看待環境教育（聖嚴法師-大法鼓 0638）', '中國人向來非常重視為孩子選擇好的學習環境，譬如大家都很熟悉孟母三遷的故事，就是描述孟母為孟子選擇一個好的環境，來教育他的過程。究竟環境教育對人有什麼影響呢？佛教又如何看待環境教育呢？\r\n\r\n讓我們恭請聖嚴法師來為我們開示。\r\n\r\n更多線上課程：http://www.dharmaschool.com/index.html');
INSERT INTO videos(vid, pid, title, description) VALUES('G921iKH-pts', 'PL4EEEE1F7053254EE', '\"如是我聞\"的典故（聖嚴法師-大法鼓 0639）', '在每一部佛經的開始，都會看到一句經文寫著「如是我聞」，為什麼在每一部經的開頭都是這句話呢？它又有什麼特別的典故呢？\r\n\r\n讓我們恭請聖嚴法師來為我們開示。\r\n\r\n更多線上課程：http://www.dharmaschool.com/index.html');
INSERT INTO videos(vid, pid, title, description) VALUES('0i7JbcNDHNo', 'PL4EEEE1F7053254EE', '抱美女過河公案看男女關係（聖嚴法師-大法鼓 0640）', '佛教徒非常注重男女有別的觀念，但是在佛教的典籍中，我們也讀到過坦山大師抱美女過河的故事。身為現代人，究竟該如何拿捏男、女之間的分際呢？\r\n\r\n讓我們恭請聖嚴法師來為我們開示。\r\n\r\n更多線上課程：http://www.dharmaschool.com/index.html');
INSERT INTO videos(vid, pid, title, description) VALUES('lniyCLROYNQ', 'PL4EEEE1F7053254EE', '禪修中的空白原因與境界 （聖嚴法師-大法鼓 0641）', '在繪畫裡邊有一種技巧叫做留白，這是畫家在經過縝密的構思之後而形成的，聽說在禪修的經驗也會有呈現空白的景象。禪修的過程中，出現空白景象的原因是什麼？又是個什麼樣的境界呢?\r\n\r\n讓我們恭請聖嚴法師來為我們開示。\r\n\r\n更多線上課程：http://www.dharmaschool.com/index.html');
INSERT INTO videos(vid, pid, title, description) VALUES('CqXIIaNSWNs', 'PL4EEEE1F7053254EE', '磨磚不能成鏡打坐如何成佛（聖嚴法師-大法鼓 0642）', '很多的人打坐或者是念佛，都是希望能夠成就無上佛道、證無上佛果。但是在唐朝的時候，有一位禪宗大師懷讓禪師，他卻說磨磚既不能成鏡，打坐又如何能成佛？生為現代人，究竟該如何修行才能夠見性成佛呢？\r\n\r\n讓我們恭請聖嚴法師來為我們開示。\r\n\r\n更多線上課程：http://www.dharmaschool.com/index.html');
INSERT INTO videos(vid, pid, title, description) VALUES('j6sRxwOXeYg', 'PL4EEEE1F7053254EE', '文字短意境深？禪宗不立文字（聖嚴法師-大法鼓 0643）', '我們常看到有關禪師們之間的對談，或者是回答弟子問題的記錄。其中，禪師經常以反問或破執的方式，言簡意賅來回答問題。讓弟子從簡短的文字中，領悟其中的禪機。但是，是不是文字越簡短意境就越深遠？這跟禪宗強調不立文字有什麼關聯呢？\r\n\r\n讓我們恭請聖嚴法師來為我們開示。\r\n\r\n更多線上課程：http://www.dharmaschool.com/index.html');
INSERT INTO videos(vid, pid, title, description) VALUES('uYF9g-R6dSc', 'PL4EEEE1F7053254EE', '自心？自性？怎樣做到自皈依（聖嚴法師-大法鼓 0644）', '六祖壇經裡面曾經說過：善知識自心皈依自性，是皈依自性佛。但是，什麼是自心、自性？這句經文又有什麼深刻的含意？怎麼樣才能做到自皈依呢？\r\n\r\n讓我們恭請聖嚴法師來為我們開示。\r\n\r\n更多線上課程：http://www.dharmaschool.com/index.html');
INSERT INTO videos(vid, pid, title, description) VALUES('838_ge0NThE', 'PL4EEEE1F7053254EE', '何謂三世因果？非宿命論（聖嚴法師-大法鼓 0645）', '佛教相信三世因果，強調每一個人都有他個人的過去世、現在世跟未來世，一個人的過去、現在跟未來世之間，究竟有什麼樣的關連？三世因果的說法是不是一種宿命論的說法呢？\r\n\r\n讓我們恭請聖嚴法師來為我們開示。\r\n\r\n更多線上課程：http://www.dharmaschool.com/index.html');
INSERT INTO videos(vid, pid, title, description) VALUES('YiCPr4Rnk-c', 'PL4EEEE1F7053254EE', '跟錯師父、供養不修行能成正果嗎（聖嚴法師-大法鼓 0646）', '有的人很樂於行善布施、也很精進的修行，但是卻因為跟錯了師父沒有得到正確的指引，這樣的人能不能修成正果？另一些人他們只願意護持道場、供養大師，卻不願意行善助人，這樣的人能不能修成正果呢？\r\n\r\n讓我們恭請聖嚴法師來為我們開示。\r\n\r\n更多線上課程：http://www.dharmaschool.com/index.html');
INSERT INTO videos(vid, pid, title, description) VALUES('wIg0Ej_qNgg', 'PL4EEEE1F7053254EE', '現代出家人大菩提悲願的職務（聖嚴法師-大法鼓 0648）', '一般人對佛教出家人的印象大都是常伴青燈木魚、吃齋念佛不跟外界接觸。事實上，現在的佛教出家人，除了必須做好出家人基本的日常修行之外，還必須走出山林，接受很多的工作職務，以便教化指導各個層面的社會人士。是不是出家人一定要接受這麼多的職務，才是大菩提心、大悲願心的表現呢？\r\n\r\n讓我們恭請聖嚴法師來為我們開示。\r\n\r\n更多線上課程：http://www.dharmaschool.com/index.html');
INSERT INTO videos(vid, pid, title, description) VALUES('DuQqXENJ2Pg', 'PL4EEEE1F7053254EE', '癌症病人和家人如何自我調適（聖嚴法師-大法鼓 0649）', '依照醫學界的統計，每一個小時有四個人得到癌症、三個人因而死亡。這樣的數據不禁讓很多人感到擔心。如果，家裡有了癌症病人該怎麼辦？究竟癌症病人跟家屬該怎樣自我調適，才能夠平靜、安詳的過生活呢？\r\n\r\n讓我們恭請聖嚴法師來為我們開示。\r\n\r\n更多線上課程：http://www.dharmaschool.com/index.html');
INSERT INTO videos(vid, pid, title, description) VALUES('K1Er-8Dho94', 'PL4EEEE1F7053254EE', '在世學佛的特別意義（聖嚴法師-大法鼓 0650）', '佛經中記載著說：在人臨命終前，如果能夠稱念十聲阿彌陀佛的名號，就能夠得到阿彌陀佛接引，往生西方。既然在臨命終前念佛，就能夠往生西方極樂世界，為何要從現在就開始學佛？這是否有什麼特別的意義嗎？\r\n\r\n讓我們恭請聖嚴法師來為我們開示。\r\n\r\n更多線上課程：http://www.dharmaschool.com/index.html');
INSERT INTO playlist(pid, cid, title, description) VALUES('PLFFAA85CBB46C8D1F','UCq2iefWrqW0W6Hic2xA1aDg', '大法鼓0601-0625', '');
INSERT INTO videos(vid, pid, title, description) VALUES('YX3cj9dAYzg', 'PLFFAA85CBB46C8D1F', '如何奠定孩子的啟蒙教育（聖嚴法師-大法鼓 0601）', '俗話說，三歲定終身，它的意思是說孩子在三歲以前所學、所見的，對他未來一生將會產生重要的影響，為人父母的該如何謹慎小心的為孩子的啟蒙教育奠定基礎呢？\r\n\r\n我們恭請聖嚴法師來為我們開示。\r\n\r\nhttp://www.dharmaschool.com/index.html');
INSERT INTO videos(vid, pid, title, description) VALUES('sMNs2j6xxCQ', 'PLFFAA85CBB46C8D1F', '佛教如何解釋不邪淫戒（聖嚴法師-大法鼓 0602）', '在佛教所傳授的五戒當中有一條是不邪淫戒，我們都知道現在社會風氣比較開放，我們又該如何來解釋這條戒律呢？\r\n\r\n我們恭請聖嚴法師來為我們開示。\r\n\r\nhttp://www.dharmaschool.com/index.html');
INSERT INTO videos(vid, pid, title, description) VALUES('KasJslJCvLc', 'PLFFAA85CBB46C8D1F', '佛教如何看待突破金氏紀錄（聖嚴法師-大法鼓 0603）', '有些人非常喜歡接受挑戰，用盡了各種方法來突破紀錄， 過去也曾經有新聞報導，有對父母為了滿足孩子向金氏紀錄挑戰的願望，讓只有七歲的小女孩駕駛飛機，結果造成三個人不幸罹難，我們要請教聖嚴法師，佛教是如何來看待這些紀錄呢？\r\n\r\n\r\n我們恭請聖嚴法師來為我們開示。\r\n\r\nhttp://www.dharmaschool.com/index.html');
INSERT INTO videos(vid, pid, title, description) VALUES('L9_zC-72xm4', 'PLFFAA85CBB46C8D1F', '西方社會如何看待正信的佛教（聖嚴法師-大法鼓 0604）', '西方人大多信仰天主教跟基督教，不過最近一、二十年以來，佛教寺院在西方也日益增加，也有不少西方人士開始接觸正信的佛教，學習正信的佛法，甚至開始從事護法跟弘法的工作，我們要請教聖嚴法師，在西方社會中，人們是如何看待正信的佛教呢？\r\n\r\n我們恭請聖嚴法師來為我們開示。\r\n\r\nhttp://www.dharmaschool.com/index.html');
INSERT INTO videos(vid, pid, title, description) VALUES('4f7v53q5dxg', 'PLFFAA85CBB46C8D1F', '佛教徒以何為師（聖嚴法師-大法鼓 0605）', '在佛陀的時代，佛陀處處以身作則，大家都以佛為師，以佛的行為舉止為典範。\r\n那麼現在呢？佛已經滅度了兩千多年了，那麼現在的佛教徒又該以什麼為師呢？\r\n\r\n我們恭請聖嚴法師來為我們開示。\r\n\r\nhttp://www.dharmaschool.com/index.html');
INSERT INTO videos(vid, pid, title, description) VALUES('HskALYgIAgQ', 'PLFFAA85CBB46C8D1F', '為何念佛的「念」沒有口字旁（聖嚴法師-大法鼓 0606）', '一般來說念佛、誦經，是用口念，所以呢，應該寫成有口字邊的唸，不過，我們在佛教典籍裡看到卻是寫成紀念的念，那麼這其中有什麼不同呢？\r\n\r\n我們恭請聖嚴法師來為我們開示。\r\n\r\nhttp://www.dharmaschool.com/index.html');
INSERT INTO videos(vid, pid, title, description) VALUES('SKvhihlwDMo', 'PLFFAA85CBB46C8D1F', '佛教經典中一些難懂的梵文有何意義（聖嚴法師-大法鼓 0607）', '佛教經典當中，我們經常會看到一些難懂的梵文詞句，譬如說阿耨多羅三藐三菩提，以及摩訶般若波羅蜜等詞句，到底它們有什麼樣的意義呢？為什麼經典中常常出現這樣的詞句呢？\r\n\r\n我們恭請聖嚴法師來為我們開示。\r\n\r\nhttp://www.dharmaschool.com/index.html');
INSERT INTO videos(vid, pid, title, description) VALUES('lVX8ZkhmU3M', 'PLFFAA85CBB46C8D1F', '念佛有何意義（聖嚴法師-大法鼓 0608）', '每個星期六的晚上都會有上千名的信眾，到農禪寺去念佛共修，到底念佛的意義是什麼呢？念佛又有什麼樣的功德呢？\r\n\r\n我們恭請聖嚴法師來為我們開示。\r\n\r\nhttp://www.dharmaschool.com/index.html');
INSERT INTO videos(vid, pid, title, description) VALUES('_mR5kKCQkZc', 'PLFFAA85CBB46C8D1F', '超度有何意義（聖嚴法師-大法鼓 0609）', '中國的民間習俗，往往會為已經去世親友超度。那麼究竟超度的意義是什麼呢？站在佛教的立場又贊不贊成超度？\r\n\r\n我們恭請聖嚴法師來為我們開示。\r\n\r\nhttp://www.dharmaschool.com/index.html');
INSERT INTO videos(vid, pid, title, description) VALUES('KJF30ncBBgw', 'PLFFAA85CBB46C8D1F', '打齋有何意義（聖嚴法師-大法鼓 0610）', '在佛教的道場裡，我們常常會聽到或者是看到這麼一句話「打齋供眾,同結法緣」，至於什麼是打齋呢？打齋又怎麼樣能夠跟別人結法緣呢？\r\n\r\n我們恭請聖嚴法師來為我們開示。\r\n\r\nhttp://www.dharmaschool.com/index.html');
INSERT INTO videos(vid, pid, title, description) VALUES('XWX88RGs31E', 'PLFFAA85CBB46C8D1F', '為何佛教將心比喻為牛（聖嚴法師-大法鼓 0611）', '在佛經裡常把心比喻成牛，並且教導大眾如何降伏調柔自己的心牛，好安住自己的心。又為什麼佛經中要把心比喻為牛，而不用其他的動物來代替呢？人們又該如何駕馭調柔自己的心呢？\r\n\r\n\r\n讓我們恭請聖嚴法師來為我們開示。\r\n\r\n更多線上課程：http://www.dharmaschool.com/index.html');
INSERT INTO videos(vid, pid, title, description) VALUES('wO8lJay8aTM', 'PLFFAA85CBB46C8D1F', '佛教是不是一種多神的宗教（聖嚴法師-大法鼓 0612）', '不知道您有沒有發現，幾乎每一座寺院供奉的佛像呢？\r\n都不全然相同，有的供西方三聖，有的供三寶佛，也有的供釋迦牟尼佛或者是五方佛，還有供奉各式各樣的菩薩的。\r\n我們要請教聖嚴法師，這種現象是不是表示佛教是一種多神信仰的宗教呢？');
INSERT INTO videos(vid, pid, title, description) VALUES('SdJ87AsKn28', 'PLFFAA85CBB46C8D1F', '法鼓山以何立場興辦大學（聖嚴法師-大法鼓 0613）', '最近幾年國內的佛教教育事業相當的興盛，各個佛教大學和學院紛紛設立。譬如：華梵、慈濟、佛光以及即將成立的法鼓大學等等，我們要請教聖嚴法師，為什麼宗教團體要興辦大學教育呢？ 法鼓大學又是站在什麼樣的立場來辦教育呢？\r\n\r\n讓我們恭請聖嚴法師來為我們開示。\r\n\r\n更多線上課程：http://www.dharmaschool.com/index.html');
INSERT INTO videos(vid, pid, title, description) VALUES('S2gtZiXj1Gs', 'PLFFAA85CBB46C8D1F', '佛經翻譯有何意義（聖嚴法師-大法鼓 0614）', '目前世界各地所看到的佛經，尤其是中文的佛經，幾乎都是從其他語文翻譯過來的，佛經翻譯的工作，已經進行了兩千多年了，不知道現在是不是已經停止了，如果還在進行當中，那又是翻譯一些什麼東西呢？\r\n\r\n讓我們恭請聖嚴法師來為我們開示。\r\n\r\n更多線上課程：http://www.dharmaschool.com/index.html\r\n\r\n00015 為什麼需要翻譯呢');
INSERT INTO videos(vid, pid, title, description) VALUES('F8JdqASC2Tk', 'PLFFAA85CBB46C8D1F', '彌勒佛造型為何不同一般神佛（聖嚴法師-大法鼓 0615）', '我們都知道佛教所有佛像的造型，都是非常高貴、莊嚴的樣子，但是，有一尊彌勒佛卻是又矮又胖，還有一個很大很大的肚子，為什麼彌勒佛的造型跟所有的佛像不一樣呢？\r\n\r\n讓我們恭請聖嚴法師來為我們開示。\r\n\r\n更多線上課程：http://www.dharmaschool.com/index.html');
INSERT INTO videos(vid, pid, title, description) VALUES('5KSa0E54UqI', 'PLFFAA85CBB46C8D1F', '練武與瑜伽（聖嚴法師-大法鼓 0616）', '根據傳說和歷史記載，中國古代的出家人，大多懷有一身的武功，河南省的少林寺甚至發展出聞名世界的少林拳來，不知道現在的出家人還練不練武，練武對出家人有什麼特別的意義嗎？\r\n\r\n讓我們恭請聖嚴法師來為我們開示。\r\n\r\n更多線上課程：http://www.dharmaschool.com/index.html');
INSERT INTO videos(vid, pid, title, description) VALUES('4AHm53jpjCk', 'PLFFAA85CBB46C8D1F', '佛教的藝術觀為何（聖嚴法師-大法鼓 0617）', '我們都知道中國古代，有很多非常傑出的佛教藝術創作，譬如說雕刻、繪畫， 以及建築等等，到現在還受到全世界的矚目，不過近世以來，中國的佛教徒似乎再也沒有什麼傑出的佛教藝術創作問世了，那是不是佛教的藝術逐漸不被重視了呢？\r\n\r\n讓我們恭請聖嚴法師來為我們開示。\r\n\r\n更多線上課程：http://www.dharmaschool.com/index.html');
INSERT INTO videos(vid, pid, title, description) VALUES('ewm5w8oUY1Q', 'PLFFAA85CBB46C8D1F', '什麼時代是佛教最興盛的時代（聖嚴法師-大法鼓 0618）', '佛教在中國歷代的社會中，可以說是一直起起落落、時盛時衰，那不知道在整個中國歷史上，是那一個時代佛教最興盛，而又是什麼原因造成當時佛教的興盛呢？\r\n\r\n讓我們恭請聖嚴法師來為我們開示。\r\n\r\n更多線上課程：http://www.dharmaschool.com/index.html');
INSERT INTO videos(vid, pid, title, description) VALUES('GoU2Y-NR8Ng', 'PLFFAA85CBB46C8D1F', '佛教為何可令中國人接受（聖嚴法師-大法鼓 0619）', '佛教從秦漢時代傳到中國，到現在已經有兩千多年的時間了，那麼佛教最初來中國，是一開始就受到中國人的歡迎呢？還是採用了什麼特殊的方法來接引，中國人才慢慢接受的呢？\r\n\r\n讓我們恭請聖嚴法師來為我們開示。\r\n\r\n更多線上課程：http://www.dharmaschool.com/index.html');
INSERT INTO videos(vid, pid, title, description) VALUES('T4tBRVFwD2E', 'PLFFAA85CBB46C8D1F', '台灣的法師是否常出國弘法（聖嚴法師-大法鼓 0620）', '最近一、二十年常有一些西藏喇嘛來台灣弘法，而這兩、三年來，又有一些來自泰國跟世界其他國家的大師來台灣弘法，不知道他們的成效如何？\r\n而台灣的法師是不是也常前往世界各國弘法呢？他們的成績又如何呢？\r\n\r\n讓我們恭請聖嚴法師來為我們開示。\r\n\r\n更多線上課程：http://www.dharmaschool.com/index.html');
INSERT INTO videos(vid, pid, title, description) VALUES('lJGk5RkfB10', 'PLFFAA85CBB46C8D1F', '學佛是否可增進家庭和諧（聖嚴法師-大法鼓 0621）', '幸福的家庭、美滿的婚姻是絕大多數的成年男女，所憧憬跟追求的，但是台灣的離婚率年年升高，怨偶的比例也相當不少，那麼一個人學佛、信佛之後，對婚姻的幸福是不是有所幫助呢？\r\n\r\n讓我們恭請聖嚴法師來為我們開示。\r\n\r\n更多線上課程：http://www.dharmaschool.com/index.html');
INSERT INTO videos(vid, pid, title, description) VALUES('NruEW98jAYc', 'PLFFAA85CBB46C8D1F', '佛教講不講「真理」（聖嚴法師-大法鼓 0622）', '所有的哲學跟宗教，幾乎都有各自信仰的真理，耶穌基督就曾說過， 「我就是道路、真理跟生命」，那麼究竟佛教講不講真理呢？如果有，又以什麼為真理呢？\r\n\r\n讓我們恭請聖嚴法師來為我們開示。\r\n\r\n更多線上課程：http://www.dharmaschool.com/index.html');
INSERT INTO videos(vid, pid, title, description) VALUES('a0yJljm7_7g', 'PLFFAA85CBB46C8D1F', '佛教人才為何常稱為「龍象」（聖嚴法師-大法鼓 0623）', '佛教的寺院前面，常常會有一對石獅子，而佛教也常形容法師弘法是做獅子吼，一位很好的佛教人才，又常常被稱為佛門龍象，似乎獅子、龍跟象這二種動物，特別受到了佛教的重視。\r\n\r\n讓我們恭請聖嚴法師來為我們開示。\r\n\r\n更多線上課程：http://www.dharmaschool.com/index.html');
INSERT INTO videos(vid, pid, title, description) VALUES('9QWn_3AhewY', 'PLFFAA85CBB46C8D1F', '寺院各項規則有其用處（聖嚴法師-大法鼓 0624）', '有些朋友實在也有心學佛，不過要學佛、信佛，真的是相當的不容易，因為約束跟規則實在是太多了，譬如他們進入寺院的時候，常常會看到各種不同的規則， 例如借宿規則、用齋規則、課誦規則以及禪堂規則等等，而且每個寺院的規則都各不相同，那麼為什麼會有這麼多的規則呢？它們有什麼樣的用處呢？\r\n\r\n讓我們恭請聖嚴法師來為我們開示。\r\n\r\n更多線上課程：http://www.dharmaschool.com/index.html');
INSERT INTO videos(vid, pid, title, description) VALUES('506i3A8HDcU', 'PLFFAA85CBB46C8D1F', '極樂世界與天堂有何不同（聖嚴法師-大法鼓 0625）', '佛教的本義是教人行善去惡、求證果以及進入西方極樂世界。\r\n基督教則強調信奉上帝可以到天堂，可以得永生，而其他的宗教也有類似的教義。我們要請教聖嚴法師，在每一種宗教之間是不是有相通的道理，那麼佛教的極樂世界跟其他宗教的天堂，又有什麼不一樣嗎？\r\n\r\n讓我們恭請聖嚴法師來為我們開示。\r\n\r\n更多線上課程：http://www.dharmaschool.com/index.html');
INSERT INTO playlist(pid, cid, title, description) VALUES('PL6568D6F6FC84099D','UCq2iefWrqW0W6Hic2xA1aDg', '大法鼓0576-0600', '');
INSERT INTO videos(vid, pid, title, description) VALUES('ryuoZEHNQko', 'PL6568D6F6FC84099D', '社會不安如何改善（聖嚴法師-大法鼓 0576）', '有一句古話說「處亂事而盜賊猖」，那還有一句古話「世風日下,人心不古」那麼這兩句話是不是意謂著，在人品低落的時候，社會就比較混亂，而當社會中的人品，比較高尚的時候，整個社會也會比較的富裕繁榮，那麼究竟人品的低落與高尚，跟社會風氣的良窳，又有著什麼樣的密切關聯呢？\r\n\r\n我們恭請聖嚴法師來為我們開示。\r\n\r\nhttp://www.dharmaschool.com/index.html');
INSERT INTO videos(vid, pid, title, description) VALUES('gUx3UTDJzcI', 'PL6568D6F6FC84099D', '摒棄現代虛偽包裝落實心靈純淨（聖嚴法師-大法鼓 0577）', '在目前這個功利掛帥，經濟競爭又非常激烈的時代裡面，我們可以看到有一些企業跟商家，往往為了追求利潤而不擇手段，有時候，是用次級品來冒充高級品，那麼甚至是用假貨來混充真貨，於是，在不久之前，我們社會上就出現了所謂的過期奶粉，飼料奶粉和死豬肉等等的問題，我們要請教聖嚴法師，在目前經濟競爭這麼大的壓力下，我們該如何妥善的照顧我們的心靈，不要為了追求利潤%而違背道德良心呢？\r\n\r\n我們恭請聖嚴法師來為我們開示。\r\n\r\nhttp://www.dharmaschool.com/index.html');
INSERT INTO videos(vid, pid, title, description) VALUES('JvMyHN_57DI', 'PL6568D6F6FC84099D', '落實心靈環保（聖嚴法師-大法鼓 0578）', '聖嚴法師近年來，大力提倡心靈環保，但是，也有人認為在目前的台灣生活環境，都沒有辦法維持清潔了，要做心靈環保又談何容易呢？心靈環保真的只是唱高調嗎？要如何才能落實心靈環保呢？\r\n\r\n我們恭請聖嚴法師來為我們開示。\r\n\r\nhttp://www.dharmaschool.com/index.html');
INSERT INTO videos(vid, pid, title, description) VALUES('123DdznVBSs', 'PL6568D6F6FC84099D', '禪宗不立文字與公案（聖嚴法師-大法鼓 0579）', '我們要來談談禪宗，大家都知道在佛教當中，禪宗強調不立文字，六祖慧能大師也說「諸佛理論，若取文字，非佛意也」，但是禪宗為什麼卻又留下了數量龐大的禪語跟公案呢？\r\n\r\n我們恭請聖嚴法師來為我們開示。\r\n\r\nhttp://www.dharmaschool.com/index.html');
INSERT INTO videos(vid, pid, title, description) VALUES('gpi5WMizpa0', 'PL6568D6F6FC84099D', '「上上智」「沒意智」意義（聖嚴法師-大法鼓 0580）', '六祖慧能大師曾經說過，「下下人」有「上上智」，「上上人」有「沒意智」，這個「沒」是沒有的沒，「意」是意思的意，合起來叫做「沒意智」，那我們要請教聖嚴法師，什麼叫「沒意智」？\r\n為什麼會說有「下下人」有「上上智」，「上上人」有「沒意智」呢？\r\n\r\n我們恭請聖嚴法師來為我們開示。\r\n\r\nhttp://www.dharmaschool.com/index.html');
INSERT INTO videos(vid, pid, title, description) VALUES('uQLeHQo4xGI', 'PL6568D6F6FC84099D', '托缽化緣（聖嚴法師-大法鼓 0581）', '有的時候在馬路旁邊，我們常會遇到出家人向我們化緣，那麼為什麼他要化緣呢？他化的又是什麼緣呢？\r\n\r\n我們恭請聖嚴法師來為我們開示。\r\n\r\nhttp://www.dharmaschool.com/index.html');
INSERT INTO videos(vid, pid, title, description) VALUES('NOc7GEoKzOY', 'PL6568D6F6FC84099D', '「開悟楞嚴，成佛法華」意義（聖嚴法師-大法鼓 0582）', '在佛教裡面有一句說法，那就是說「開悟楞嚴,成佛法華」，那麼它的意思是不是說只有楞嚴經才能夠讓人開悟，只有法華經才能夠使人成佛呢？\r\n\r\n我們恭請聖嚴法師來為我們開示。\r\n\r\nhttp://www.dharmaschool.com/index.html');
INSERT INTO videos(vid, pid, title, description) VALUES('ENiXB8vCSPs', 'PL6568D6F6FC84099D', '「佛心」的定義（聖嚴法師-大法鼓 0583）', '禪宗四祖道信大師曾經向三祖僧璨禪師請教，什麼是佛心？\r\n聖嚴法師也有一本著作，書名就叫做佛心。\r\n我們要請教聖嚴法師，究竟什麼是佛心？\r\n\r\n我們恭請聖嚴法師來為我們開示。\r\n\r\nhttp://www.dharmaschool.com/index.html');
INSERT INTO videos(vid, pid, title, description) VALUES('wh7dTJnQ88M', 'PL6568D6F6FC84099D', '慈悲和婦人之仁的差別（聖嚴法師-大法鼓 0584）', '我們經常會將慈悲跟爛好人， 畫上等號， 爛好人讓人家欺負真的是慈悲嗎？\r\n究竟什麼樣的慈悲才是有智慧的呢？\r\n\r\n我們恭請聖嚴法師來為我們開示。\r\n\r\nhttp://www.dharmaschool.com/index.html');
INSERT INTO videos(vid, pid, title, description) VALUES('pGWZKzpBVGE', 'PL6568D6F6FC84099D', '生命的意義與生命的價值（聖嚴法師-大法鼓 0585）', '有的人一生汲汲營營，忙忙碌碌，卻不知道為什麼而忙碌？\r\n也有的人呢毫無目標渾渾噩噩的度過了一生，那究竟生命的意義跟生命的價值是什麼呢？\r\n\r\n我們恭請聖嚴法師來為我們開示。\r\n\r\nhttp://www.dharmaschool.com/index.html');
INSERT INTO videos(vid, pid, title, description) VALUES('NuE5hFPNWQE', 'PL6568D6F6FC84099D', '如何達到懺悔的功效（聖嚴法師-大法鼓 0586）', '有些人在改過向善的時候，總會發一些狠誓或者是毒誓，有時候甚至連祖宗八代都被請出來做見證，但是事過境遷之後，卻又忘得一乾二淨。我們要請教聖嚴法師，發誓真的有用嗎？怎麼樣才能夠真正達到懺悔的功效呢？\r\n\r\n我們恭請聖嚴法師來為我們開示。\r\n\r\nhttp://www.dharmaschool.com/index.html');
INSERT INTO videos(vid, pid, title, description) VALUES('w2oAKEBmpJI', 'PL6568D6F6FC84099D', '佛教的跪拜禮是否合誼（聖嚴法師-大法鼓 0587）', '時代越來越文明，人跟人之間的禮節呢？也似乎越來越趨向簡單化跟平等化，過去中國人對長輩磕頭跪拜的禮節，在民國以後就廢除了，但是佛教徒在面對佛菩薩的聖像跟大法師的時候，仍然普遍採行跪拜禮，是不是佛教比較守舊？喜歡傳統呢？\r\n\r\n我們恭請聖嚴法師來為我們開示。\r\n\r\nhttp://www.dharmaschool.com/index.html');
INSERT INTO videos(vid, pid, title, description) VALUES('k_z8YSCZPBc', 'PL6568D6F6FC84099D', '法名有何意義（聖嚴法師-大法鼓 0588）', '最近皈依的佛教徒愈來愈多了，通常一名佛教徒，在一位法師的面前接受皈依典禮之後，就會得到一個法名，其實法名並沒有任何的法律效力，平常也不一定會用到，那不知道為什麼要多此一舉的取一個法名，這個法名究竟有什麼樣的意義呢？\r\n\r\n我們恭請聖嚴法師來為我們開示。\r\n\r\nhttp://www.dharmaschool.com/index.html');
INSERT INTO videos(vid, pid, title, description) VALUES('YqL_Dc7EIHE', 'PL6568D6F6FC84099D', '「業障」意義為何（聖嚴法師-大法鼓 0589）', '有些佛教徒常常喜歡在遇到任何的困難、不幸或者是病痛的時候，說業障、業障，那這句話聽起來好像是說這是我的報應嘛，應該的呀！\r\n這樣的說法是不是一種消極宿命論的說法呢？它有任何積極的意義在嗎？\r\n\r\n我們恭請聖嚴法師來為我們開示。\r\n\r\nhttp://www.dharmaschool.com/index.html');
INSERT INTO videos(vid, pid, title, description) VALUES('aOloIOkybMI', 'PL6568D6F6FC84099D', '朝聖意義、功能為何（聖嚴法師-大法鼓 0590）', '台灣的佛教徒最喜歡去的朝聖地點，就是印度釋迦牟尼佛出生說法跟圓寂的地點，另外呢，就是中國的四大名山跟八小名山，那麼朝聖有什麼樣的意義跟功能呢？\r\n朝佛的聖蹟跟中國祖師的遺蹟，又有什麼不同嗎？\r\n\r\n我們恭請聖嚴法師來為我們開示。\r\n\r\nhttp://www.dharmaschool.com/index.html');
INSERT INTO videos(vid, pid, title, description) VALUES('wfH4eCR8t3E', 'PL6568D6F6FC84099D', '「盂蘭盆」「齋僧」意義（聖嚴法師-大法鼓 0591）', '在佛教界呢，每年的七月常常會舉辦盂蘭盆會，盂蘭盆供僧或者是齋僧大會等等的活動，我們要請教聖嚴法師，盂蘭盆是什麼意思？\r\n為什麼要選農曆的七月？而不是在其他的時間來辦這一類的齋僧大會呢？\r\n\r\n我們恭請聖嚴法師來為我們開示。\r\n\r\nhttp://www.dharmaschool.com/index.html');
INSERT INTO videos(vid, pid, title, description) VALUES('22qMSZ6tIJg', 'PL6568D6F6FC84099D', '非婚同居對社會有何影響（聖嚴法師-大法鼓 0592）', '在現代的社會裡，有些人希望能夠得到異性的安慰，但是又不想被太多的責任所羈絆，而喪失了自我的空間。於是，他們選擇了不結婚而同居的生活方式。\r\n這種想法跟做法對個人跟社會，是不是會有一些不良的影響呢？\r\n\r\n我們恭請聖嚴法師來為我們開示。\r\n\r\nhttp://www.dharmaschool.com/index.html');
INSERT INTO videos(vid, pid, title, description) VALUES('2y6D8Zr6d2U', 'PL6568D6F6FC84099D', '略帶三分病好修行是否正確（聖嚴法師-大法鼓 0593）', '不知道您是不是碰過一種人，他明明身體健康滿好的，卻常說自己身體不好，病很重，還有一種人卻是罹患了重病，卻硬說自己的身體非常健康，不用看醫生，這樣的觀念，跟佛教所說的「略帶三分病好修行」的看法一樣嗎？當我們遇到這兩種人的時候，又該怎麼辦呢？\r\n\r\n我們恭請聖嚴法師來為我們開示。\r\n\r\nhttp://www.dharmaschool.com/index.html');
INSERT INTO videos(vid, pid, title, description) VALUES('yWnKTFVrjpk', 'PL6568D6F6FC84099D', '父母虐待小孩對社會有何影響（聖嚴法師-大法鼓 0594）', '有一句俗話說「天下無不是的父母」，但是近年來，在報紙上我們常常可以看到有一些父母，把年幼的孩子送入不良的場所工作，或是為子女做色情媒介，也有一些父母因為本身夫妻不合，而以傷害孩子來報復對方，甚至有虐待或者是強姦自己子女的事情。\r\n我們要請教聖嚴法師，這種行為對個人和社會會產生什麼樣的影響呢？\r\n\r\n\r\n我們恭請聖嚴法師來為我們開示。\r\n\r\nhttp://www.dharmaschool.com/index.html');
INSERT INTO videos(vid, pid, title, description) VALUES('MTowKnV-yQc', 'PL6568D6F6FC84099D', '如何能「無生法忍出脫三界」（聖嚴法師-大法鼓 0595）', '有人說，出家呢是修心向道，斷除煩惱，證無生法忍而出脫三界，那麼什麼是無生法忍？如何能夠出脫三界，一般的在家居士，甚至也能證得無生法忍出脫三界呢？\r\n\r\n\r\n我們恭請聖嚴法師來為我們開示。\r\n\r\nhttp://www.dharmaschool.com/index.html');
INSERT INTO videos(vid, pid, title, description) VALUES('EaK0IF6KJ2c', 'PL6568D6F6FC84099D', '如何建立健康正確的道德觀念（聖嚴法師-大法鼓 0596）', '時下有些年輕人，在找工作的時候，常常要求工作要輕鬆，待遇要優厚，如果有額外增加的工作，或者是加班，即使是有加班費，也是做得心不甘、情不願。\r\n我們要請教聖嚴法師，一個現代人該如何建立正確、健康的職業道德呢？\r\n\r\n我們恭請聖嚴法師來為我們開示。\r\n\r\nhttp://www.dharmaschool.com/index.html');
INSERT INTO videos(vid, pid, title, description) VALUES('BTXbv8Aj05k', 'PL6568D6F6FC84099D', '幫助別人是否應該（聖嚴法師-大法鼓 0597）', '在日常生活裡，我們常會盼望能夠有貴人相助，不過當我們獲得別人援助的時候，不是認為理所當然，就是認為對方是多管閒事，我們要請教聖嚴法師這種心態正確嗎？\r\n而如果我們在幫助別人，而被認為是理所當然或者是多管閒事的時候，我們又應該如何做自我的心理調適呢?\r\n\r\n我們恭請聖嚴法師來為我們開示。\r\n\r\nhttp://www.dharmaschool.com/index.html');
INSERT INTO videos(vid, pid, title, description) VALUES('YQuIjQDAl3E', 'PL6568D6F6FC84099D', '人是否應時時刻刻活在當下（聖嚴法師-大法鼓 0598）', '今天我們要談的是「活在當下」，中國禪宗指導人們要時時活在當下，如果一個人真的每天時時刻刻都活在當下，就沒有時間去回想過去，這麼一來會不會降低記憶力，而使他頭腦越來越空白呢？\r\n同時他也沒時間去規劃未來，這麼一來會不會又落入，「人無遠慮,必有近慮」的處境當中呢？\r\n\r\n我們恭請聖嚴法師來為我們開示。\r\n\r\nhttp://www.dharmaschool.com/index.html');
INSERT INTO videos(vid, pid, title, description) VALUES('-XIjA3VTCXs', 'PL6568D6F6FC84099D', '姻緣是否命定（聖嚴法師-大法鼓 0599）', '今天我們要來談一談有關婚姻的問題，現在人的婚姻比起傳統舊社會，已經有太多的空間跟自由去選擇自己的伴侶，但是如何用智慧去選擇理想的伴侶呢？\r\n站在佛法的觀點， 姻緣是不是也有命定之說呢？\r\n如果沒有得到善因緣，是不是可以走上出家的道路，或是還有其他更好的生活方式呢？\r\n\r\n我們恭請聖嚴法師來為我們開示。\r\n\r\nhttp://www.dharmaschool.com/index.html');
INSERT INTO videos(vid, pid, title, description) VALUES('RRGLUnu677g', 'PL6568D6F6FC84099D', '佛教看待胎教的問題（聖嚴法師-大法鼓 0600）', '今天我們要來談一談「胎教」中國人一向非常重視胎教，有人說懷孕的媽媽要誦經、念佛，生出來的孩子才會聰明乖巧，也有的人說，懷孕期間要聽輕柔的古典音樂，孩子的個性才會柔順又有音樂的天分，我在懷孕的時候也都這麼做了，果然生出來的孩子我覺得相當的聰明、乖巧，我們要來請教聖嚴法師，從佛法的觀點又是怎麼來看胎教這個問題呢？\r\n\r\n我們恭請聖嚴法師來為我們開示。\r\n\r\nhttp://www.dharmaschool.com/index.html');
INSERT INTO playlist(pid, cid, title, description) VALUES('PL76A8731FBA2CCF89','UCq2iefWrqW0W6Hic2xA1aDg', '大法鼓0551-0575', '');
INSERT INTO videos(vid, pid, title, description) VALUES('sJhrgpmwMqw', 'PL76A8731FBA2CCF89', '佛教有沒有枉死城的傳說 （聖嚴法師-大法鼓 0551)', '在台灣很多鄉下地方，有一種信仰，認為人如果在不應該死的時候死了，\n譬如因為車禍、火災、地震等意外而死亡，或者是自殺而死。\n死後一定要進入枉死城再受苦，經過很久才能夠出來，究竟佛教有沒有這樣的說法\n或是觀念呢？\n讓我們繼續來請教聖嚴師父。 \n\n更多線上課程：http://www.dharmaschool.com/index.html');
INSERT INTO videos(vid, pid, title, description) VALUES('65AQr2eY94I', 'PL76A8731FBA2CCF89', '何謂「善知識」（聖嚴法師-大法鼓 0552）', '佛教常常鼓勵人，要多多的親近善知識，佛經裡，更處處提起「大善知識」這個名詞，那麼善知識是什麼意思呢？\r\n既然有善知識，是不是也有惡知識呢？\r\n怎麼知道一個人是不是值得親近的善知識呢？\r\n\r\n我們恭請聖嚴法師來為我們開示。\r\n\r\nhttp://www.dharmaschool.com/index.html');
INSERT INTO videos(vid, pid, title, description) VALUES('EXrKaa6h85k', 'PL76A8731FBA2CCF89', '西方極樂世界為何有優劣的差別（聖嚴法師-大法鼓 0553）', '佛教徒也許都聽說過，往生西方極樂世界，是在九種等級的蓮花中自然化生出來的，那麼佛教不是很強調眾生平等沒有差別嗎？\r\n為什麼卻連西方極樂世界的蓮花，都有九種優劣不同的等級呢？\r\n\r\n我們恭請聖嚴法師來為我們開示。\r\n\r\nhttp://www.dharmaschool.com/index.html');
INSERT INTO videos(vid, pid, title, description) VALUES('xJy3BiNl1Uc', 'PL76A8731FBA2CCF89', '打坐入定是否有害（聖嚴法師-大法鼓0554）', '佛教徒常用打坐的方式來修行，聽說打坐坐得好，很可能會入定。\n如果一個人，因為打坐而入了定，怎麼叫也叫不醒他，該怎麼辦呢？\n會不會因為入定太久而死亡，或者變成殘廢或重病呢？\n我們恭請聖嚴法師來為我們開示。\n\nhttp://www.dharmaschool.com/index.html');
INSERT INTO videos(vid, pid, title, description) VALUES('wCzqg1wKtr4', 'PL76A8731FBA2CCF89', '為何出家人不能穿便衣（聖嚴法師-大法鼓 0555）', '現在世界各國的軍人或警察，都有穿著便衣執勤的情形，我們也經常看到，天主教的神父跟基督教的牧師，在日常生活裡穿著便服。\r\n為什麼佛教的出家人，都還是穿著跟一般人不一樣的衣著呢？\r\n為什麼不能有便衣比丘或者是比丘尼呢？\r\n\r\n我們恭請聖嚴法師來為我們開示。\r\n\r\nhttp://www.dharmaschool.com/index.html');
INSERT INTO videos(vid, pid, title, description) VALUES('mjnwHG5Zyqg', 'PL76A8731FBA2CCF89', '佛教戒律是否有「不傷害植物」 （聖嚴法師-大法鼓 0556)', '今天我們要來談一談不殺生，佛教的根本戒律第一條，就是不殺生戒\n一般人都知道不殺生，是指不殺害任何的動物，包括了蚊子、蒼蠅、螞蟻跟昆蟲等等。\n不知道佛教的戒律中，有沒有說到不可以砍伐或傷害花草樹木這些植物呢？\n讓我們繼續來請教聖嚴師父。 \n\n更多線上課程：http://www.dharmaschool.com/index.html');
INSERT INTO videos(vid, pid, title, description) VALUES('xbj6rcgQdMc', 'PL76A8731FBA2CCF89', '學佛已久的在家人是否可稱法師 （聖嚴法師-大法鼓 0557)', '法師這個稱號通常是用來稱呼佛教的出家人的，但是在目前有一些學佛很久\n而且相當有見解的在家人，也常常演說佛法，甚至解說佛經，\n同時非常成功並且受到歡迎，他們是不是也可以被稱為法師呢？\n讓我們繼續來請教聖嚴師父。 \n\n更多線上課程：http://www.dharmaschool.com/index.html');
INSERT INTO videos(vid, pid, title, description) VALUES('isH5z1vZjtQ', 'PL76A8731FBA2CCF89', '何謂三藏法師（聖嚴法師-大法鼓 0558）', '我們要為您介紹另外一個名詞，那就是三藏法師。\r\n我們常常看到在很多佛經的封面上，寫著某某三藏法師譯，最常見的當然是玄奘三藏跟鳩摩羅什三藏。\r\n但是一般人並不了解三藏法師是什麼意思，還有現在的出家人為什麼不叫三藏法師呢？\r\n\r\n我們恭請聖嚴法師來為我們開示。\r\n\r\nhttp://www.dharmaschool.com/index.html');
INSERT INTO videos(vid, pid, title, description) VALUES('PLYS2nl8j4A', 'PL76A8731FBA2CCF89', '「阿彌陀佛」的涵意（聖嚴法師-大法鼓 0559）', '中國的佛教徒不管見到任何人、做任何事，都常常說「阿彌陀佛」。\r\n見面的時候、分手的時候、表示抱歉、謝謝、對不起或者太好了等等，都是一句「阿彌陀佛」。\r\n發生了不得了的事，或表示自己難過、生氣、不愉快的事情，也是說阿彌陀佛。\r\n為什麼這句話的涵意包含這麼廣呢？\r\n\r\n我們恭請聖嚴法師來為我們開示。\r\n\r\nhttp://www.dharmaschool.com/index.html');
INSERT INTO videos(vid, pid, title, description) VALUES('wT46blJuzbQ', 'PL76A8731FBA2CCF89', '金剛經是否能使人開悟 （聖嚴法師-大法鼓 0560)', '據說中國禪宗最偉大的祖師六祖慧能大師，\n有一天在路上突然聽金剛經裡的一句話就開悟了，\n然後五祖弘忍大師特別為他講解金剛經，更使得他大徹大悟，\n是不是金剛經比其他的佛經更容易使人開悟呢？\n讓我們繼續來請教聖嚴師父。 \n\n更多線上課程：http://www.dharmaschool.com/index.html');
INSERT INTO videos(vid, pid, title, description) VALUES('SnDT2d_A9Xg', 'PL76A8731FBA2CCF89', '「世智辯聰」的意義（聖嚴法師-大法鼓 0561）', '佛教常常用「世智辯聰」這句話，來形容社會上很多有學問、口才好、既聰明又能幹的人，這種人在一般人看來是滿傑出的。\r\n但是佛的這句話，好像並不完全是正面的意思。\r\n究竟「世智辯聰」這句話真正的意思是什麼呢？\r\n\r\n我們恭請聖嚴法師來為我們開示。\r\n\r\nhttp://www.dharmaschool.com/index.html');
INSERT INTO videos(vid, pid, title, description) VALUES('_741ln58-4k', 'PL76A8731FBA2CCF89', '「修行」與「修持」的區別（聖嚴法師-大法鼓 0562）', '今天我們要來談談「修行」跟「修持」。\r\n我想「修行」這兩個字的意思，大多數人都瞭解，但是佛教徒很歡喜用「修持」這兩個字，到底「修持」跟「修行」的意思有什麼不同呢？\r\n「念經」跟「持經」又有什麼不同呢？\r\n\r\n我們恭請聖嚴法師來為我們開示。\r\n\r\nhttp://www.dharmaschool.com/index.html');
INSERT INTO videos(vid, pid, title, description) VALUES('V4ydRvfutWU', 'PL76A8731FBA2CCF89', '出家的真義（聖嚴法師-大法鼓 0563）', '有人說：「出家人是隨佛出家，荷擔如來家業」。究竟出家的真意是什麼？\r\n又是如何來荷擔如來家業呢？\r\n\r\n我們恭請聖嚴法師來為我們開示。\r\n\r\nhttp://www.dharmaschool.com/index.html');
INSERT INTO videos(vid, pid, title, description) VALUES('hRCc-uQbnNA', 'PL76A8731FBA2CCF89', '「法身」「報身」「應身」「化身」（聖嚴法師-大法鼓 0564）', '今天我們要繼續為您解釋幾個名詞，那就是「法身」「報身」「應身」「化身」佛教的教理中認為每一尊佛，都有他的法身、報身、應身跟化身，那麼這幾個名詞，各有什麼意義跟功能呢？我們是不是都能夠見到呢？\r\n\r\n我們恭請聖嚴法師來為我們開示。\r\n\r\nhttp://www.dharmaschool.com/index.html');
INSERT INTO videos(vid, pid, title, description) VALUES('_Ss81__eIlo', 'PL76A8731FBA2CCF89', '往生的遺體是否不能移動（聖嚴法師-大法鼓 0565）', '佛教徒一般有一種觀念，認為人在往生八小時之內，不應該移動或是觸動他的軀體。如果為了防止亡者遺體腐化，或者是為了保持衛生而做一些措施，譬如說放置乾冰、存放冰庫等等，會不會影響亡者往生善道呢？\r\n\r\n我們恭請聖嚴法師來為我們開示。\r\n\r\nhttp://www.dharmaschool.com/index.html');
INSERT INTO videos(vid, pid, title, description) VALUES('vqkbXIktJJo', 'PL76A8731FBA2CCF89', '何謂「菩提」「菩提心」（聖嚴法師-大法鼓 0566）', '佛教徒常對人說要發菩提心，也有人說煩惱即菩提，那麼究竟什麼是菩提，煩惱又為什麼會是菩提呢？\r\n\r\n我們恭請聖嚴法師來為我們開示。\r\n\r\nhttp://www.dharmaschool.com/index.html');
INSERT INTO videos(vid, pid, title, description) VALUES('BvRtQDToHZM', 'PL76A8731FBA2CCF89', '禪修的三個階段為何（聖嚴法師-大法鼓 0567）', '聽說學畫畫呢有三個階段，也就是看山是山，看山不是山跟最後的看山還是山，也有人說坐禪的人也有這三個階段。\r\n只是第三個階段看山已經沒有自己的存在了，我們要請教聖嚴法師，禪修的人在這樣的三個階段當中，分別會是怎麼樣的境界呢？\r\n\r\n我們恭請聖嚴法師來為我們開示。\r\n\r\nhttp://www.dharmaschool.com/index.html');
INSERT INTO videos(vid, pid, title, description) VALUES('JJ--L76-800', 'PL76A8731FBA2CCF89', '佛教的四大菩薩各有何德行（聖嚴法師-大法鼓 0568）', '很多人都知道佛教有四位大菩薩，每一位各代表一種德行，他們是大智文殊、大行普賢、大悲觀音跟大願地藏菩薩。\r\n我們常常看到有很多人，念誦觀音或是地藏菩薩的聖名，但是就是很少人念文殊或普賢菩薩的聖名，讓我們來請教聖嚴法師這究竟是為什麼？\r\n\r\n我們恭請聖嚴法師來為我們開示。\r\n\r\nhttp://www.dharmaschool.com/index.html');
INSERT INTO videos(vid, pid, title, description) VALUES('7p9aVPgL7kc', 'PL76A8731FBA2CCF89', '為何歷史上無記載已開悟的禪師（聖嚴法師-大法鼓 0569）', '在中國禪宗裡有「見性成佛」或者「開悟成佛」，這樣的句子，那麼在佛經典集裡面也記載著有許多的，禪宗祖師都有開悟的經驗。但是在歷史上卻從來沒有，稱呼這些已經開悟的祖師們為「佛陀」，那麼這究竟是什麼樣的原因呢？');
INSERT INTO videos(vid, pid, title, description) VALUES('3wRtABVA_H4', 'PL76A8731FBA2CCF89', '慈悲和智慧孰重要（聖嚴法師-大法鼓 0570）', '慈悲比較重要還是智慧比較重要，佛教非常強調，人人都應該培養慈悲跟智慧這兩種德行；也可以說，佛教最重視的這門修養就是慈悲跟智慧。\r\n但是，這兩種德行當中，究竟是慈悲比較重要？還是智慧比較重要呢？\r\n\r\n我們恭請聖嚴法師來為我們開示。\r\n\r\nhttp://www.dharmaschool.com/index.html');
INSERT INTO videos(vid, pid, title, description) VALUES('_lzWHzHdbXI', 'PL76A8731FBA2CCF89', '死前安詳平和是否幸福（聖嚴法師-大法鼓 0571）', '很多人，特別是年紀大的人，認為能夠很寧靜、安詳、無病無痛地離開人間，是一種幸福，也是具有福報的人。但是我們卻看到有許多學佛很久的人，甚至是出家的法師，在臨死之前卻非常的痛苦，這不免令我們納悶，究竟是為什麼呢？\r\n\r\n我們恭請聖嚴法師來為我們開示。\r\n\r\nhttp://www.dharmaschool.com/index.html');
INSERT INTO videos(vid, pid, title, description) VALUES('LOjk1Oz1g8A', 'PL76A8731FBA2CCF89', '為何佛教營隊如此受歡迎（聖嚴法師-大法鼓 0572）', '在二十年前的台灣，一般民眾幾乎沒有聽過，有什麼佛教舉辦的營隊。\r\n但是在今天，參加佛教營隊的人不僅數量多，而且漸漸的遍布各種年齡和社會階層，為什麼佛教舉辦的活動營隊這麼受歡迎呢？\r\n\r\n我們恭請聖嚴法師來為我們開示。\r\n\r\nhttp://www.dharmaschool.com/index.html');
INSERT INTO videos(vid, pid, title, description) VALUES('HL1qV2qzKfs', 'PL76A8731FBA2CCF89', '佛教如何普渡眾生（聖嚴法師-大法鼓 0573）', '佛教有一句家喻戶曉的名言，那就是「普渡眾生」，那這句話呢正好也代表著，佛教出現在人間最重要的目的。但是佛教真的能夠普渡眾生嗎？又如何普渡眾生呢？\r\n\r\n我們恭請聖嚴法師來為我們開示。\r\n\r\nhttp://www.dharmaschool.com/index.html');
INSERT INTO videos(vid, pid, title, description) VALUES('GjcgpbPEZug', 'PL76A8731FBA2CCF89', '何時信教最適當（聖嚴法師-大法鼓 0574）', '在什麼年齡開始有宗教的信仰比較好？有很多人常說等我年紀大了以後，我要好好的信教，或是好好的修行，也有人認為，自己的孩子在還沒有成年以前，不應該有宗教信仰，要到長大成人以後，才比較適合有宗教信仰或者是修行，那麼究竟在人生的階段中，什麼時候開始有宗教信仰是最適當的呢？\r\n\r\n我們恭請聖嚴法師來為我們開示。\r\n\r\nhttp://www.dharmaschool.com/index.html');
INSERT INTO videos(vid, pid, title, description) VALUES('UhW6-XTv1h4', 'PL76A8731FBA2CCF89', '「地宮」的特殊意義及作用（聖嚴法師-大法鼓 0575）', '大家都知道佛教界建築當中，有地宮這種設施，而目前世界上尤以中國大陸，陝西省法門寺的地宮最為著名，不久之前\r\n法鼓山實施奠基大典的時候，也在地宮中埋藏不少的佛教文物，那麼究竟地宮有什麼特殊的意義跟作用呢？\r\n\r\n我們恭請聖嚴法師來為我們開示。\r\n\r\nhttp://www.dharmaschool.com/index.html');
INSERT INTO playlist(pid, cid, title, description) VALUES('PLDBF69AE0EBCC2E4F','UCq2iefWrqW0W6Hic2xA1aDg', '大法鼓0526-0550', '');
INSERT INTO videos(vid, pid, title, description) VALUES('YF0eHvzHZtY', 'PLDBF69AE0EBCC2E4F', '佛教徒應如何看待「觀落陰」事件（聖嚴法師-大法鼓 0526）', '有很多人在親友過世之後，希望能夠到幽冥地府，去看看他們的近況，也有的人，很有興趣到地獄去觀光旅行，媒體有關靈異的節目也相當的多，曾有媒體報導「觀落陰」旅行團，帶人到地獄旅行的新聞，那究竟佛教徒，應該如何看待這一類的事件。\r\n\r\n我們恭請聖嚴法師來為我們開示。\r\n\r\nhttp://www.dharmaschool.com/index.html');
INSERT INTO videos(vid, pid, title, description) VALUES('z7rLhw_0TvQ', 'PLDBF69AE0EBCC2E4F', '現代人應如何培養正確的威儀（聖嚴法師-大法鼓 0527）', '從小父母、師長都常教導我們，坐有坐相、站有站相，在中國傳統社會裡，非常重視日常威儀的，但是在現在的台灣社會裡，我們常會在公共場合中，看到有許多人表現出不雅的坐姿或行為，究竟身為一個現代人，該如何培養正確的威儀呢？\r\n\r\n我們恭請聖嚴法師來為我們開示。\r\n\r\nhttp://www.dharmaschool.com/index.html');
INSERT INTO videos(vid, pid, title, description) VALUES('vFBCOZTlLL4', 'PLDBF69AE0EBCC2E4F', '現代人應如何表達正確的言論（聖嚴法師-大法鼓 0528）', '現在社會可以說是呢越來越多元化，同時也越來越重視言論自由了，不論在東方或者是西方，有一些人都會發表一些不合宜的言論，有的涉及人身攻擊，有的違背社會善良風俗，那麼究竟身為一個現代人，該如何適當的表達言論，才能夠既表達自己的意思又不傷害他人呢？\r\n\r\n\r\n我們恭請聖嚴法師來為我們開示。\r\n\r\nhttp://www.dharmaschool.com/index.html');
INSERT INTO videos(vid, pid, title, description) VALUES('sPm-5vtvDHM', 'PLDBF69AE0EBCC2E4F', '「燄口」有何意義（聖嚴法師-大法鼓 0529）', '我們要為您介紹一個名詞，那就是「焰口」，很多的法會在結束之前呢，都有一個放焰口的儀式，那麼到底焰口是什麼意思呢？它又有什麼來源與根據呢？\r\n\r\n我們恭請聖嚴法師來為我們開示。\r\n\r\nhttp://www.dharmaschool.com/index.html');
INSERT INTO videos(vid, pid, title, description) VALUES('kO_igfBNUZQ', 'PLDBF69AE0EBCC2E4F', '「放燄口」的儀式合理嗎（聖嚴法師-大法鼓 0530）', '佛教法會裡常有「放焰口」的儀式，那麼放焰口一定要準備很多的供品，才能夠普施眾生嗎？供過的物品有時候不易保存，那麼該怎麼做才比較合乎環保的原則呢？\r\n\r\n我們恭請聖嚴法師來為我們開示。\r\n\r\nhttp://www.dharmaschool.com/index.html');
INSERT INTO videos(vid, pid, title, description) VALUES('LAx5dCsPjU0', 'PLDBF69AE0EBCC2E4F', '佛教的法會有何意義（聖嚴法師-大法鼓 0531）', '佛教有很多的法會，例如說水懺、梁皇懺，水陸法會或是水陸空法會、地藏法會等等，那麼這麼多的法會，它們之間各有什麼樣的不同？又各有什麼樣的意義呢？\r\n\r\n我們恭請聖嚴法師來為我們開示。\r\n\r\nhttp://www.dharmaschool.com/index.html');
INSERT INTO videos(vid, pid, title, description) VALUES('fFR_L4Ba06I', 'PLDBF69AE0EBCC2E4F', '怎樣培養孩子惜福的觀念（聖嚴法師-大法鼓 0532）', '今天我們要來談一談如何惜福跟培福，現在台灣社會，可以說物質生活已經是太過豐裕了，很多人為了滿足自己或是孩子的需求而不斷地買、不斷地丟，不僅造成不必要的浪費，也形成嚴重的環保問題，究竟身為現代的父母，該如何讓孩子從小養成惜福、培福的習慣呢？\r\n\r\n\r\n我們恭請聖嚴法師來為我們開示。\r\n\r\nhttp://www.dharmaschool.com/index.html');
INSERT INTO videos(vid, pid, title, description) VALUES('xeO6WoyG1TE', 'PLDBF69AE0EBCC2E4F', '怎樣解決心中的空虛感（聖嚴法師-大法鼓 0534）', '現代人內心的空虛感，現代人生活忙碌，但是有時候卻會感覺到，每天除了忙忙碌碌地上班、下班之外，內心卻空洞無聊，好像沒有什麼重心。\r\n即使是看電影、唱ＫＴＶ、打保齡球，仍然沒有辦法彌補內心的空虛，是不是有什麼方式能夠解決現代人的空虛感呢？\r\n\r\n我們恭請聖嚴法師來為我們開示。\r\n\r\nhttp://www.dharmaschool.com/index.html');
INSERT INTO videos(vid, pid, title, description) VALUES('G-QPaetd2v4', 'PLDBF69AE0EBCC2E4F', '怎樣紓解生活的緊張（聖嚴法師-大法鼓 0535）', '現在是一個資訊爆炸的時代，而我們也知道資訊愈是發達的時代，人們也容易感到知識貧乏。\r\n因為人的學習速度，在沒有辦法趕上資訊成長的速度之下，往往容易產生一種不知從何學起的無力感，更會有稍一怠惰就感覺落伍的壓力，人為什麼要生活得如此緊張呢？是不是有什麼方式，能夠緩和這種因為資訊爆炸所帶來的緊張焦慮呢？\r\n\r\n我們恭請聖嚴法師來為我們開示。\r\n\r\nhttp://www.dharmaschool.com/index.html');
INSERT INTO videos(vid, pid, title, description) VALUES('12UFwza1aF4', 'PLDBF69AE0EBCC2E4F', '佛法能啟發人的潛能（聖嚴法師-大法鼓 0537）', '人類的潛能，根據很多心理學家和人類學家的研究，人類的腦力往往只開發了百分之十，還有百分之九十以上都沒有開發。\r\n於是這幾年，坊間非常流行許多潛能激發的課程，也有藉由催眠來激發潛能的活動，佛法是不是也能夠啟發人的無限潛能呢？\r\n\r\n我們恭請聖嚴法師來為我們開示。\r\n\r\nhttp://www.dharmaschool.com/index.html');
INSERT INTO videos(vid, pid, title, description) VALUES('hvg0HaM_DOM', 'PLDBF69AE0EBCC2E4F', '「忍」和「退」的真諦（聖嚴法師-大法鼓 0538）', '有一句俗話說：「忍一時風平浪靜，退一步海闊天空」\r\n 那麼這是教導我們凡事不要汲汲營營、勾心鬥角，但是如果每件事都用這種態度，會不會變得太消極了呢？我們該如何判斷什麼時候該忍，什麼時候該退呢？\r\n\r\n我們恭請聖嚴法師來為我們開示。\r\n\r\nhttp://www.dharmaschool.com/index.html');
INSERT INTO videos(vid, pid, title, description) VALUES('tvwf8ufjdbU', 'PLDBF69AE0EBCC2E4F', '佛教說的「分別心」為何（聖嚴法師-大法鼓 0540）', '佛教常教人不要有分別心，但是在現在社會裡，我們又常常聽到某某人的小孩成績比你好，或者說某某人的薪水比你多，某某人的職位比你高等等這些比較的語言，那這跟佛法所說的分別心有什麼不同呢？\r\n\r\n我們恭請聖嚴法師來為我們開示。\r\n\r\nhttp://www.dharmaschool.com/index.html');
INSERT INTO videos(vid, pid, title, description) VALUES('FuZXjewu5JA', 'PLDBF69AE0EBCC2E4F', '佛法能給失業的人什麼幫助（聖嚴法師-大法鼓 0541）', '最近這幾年世界各地普遍經濟都不景氣，失業率增加，許多高學歷的中年人，面臨著失業或者是減薪的情況，而承受著心理跟生活的雙重壓力，對這些人佛法能夠給他們什麼樣的幫助呢？\r\n\r\n\r\n我們恭請聖嚴法師來為我們開示。\r\n\r\nhttp://www.dharmaschool.com/index.html');
INSERT INTO videos(vid, pid, title, description) VALUES('lnU1-t9FWcQ', 'PLDBF69AE0EBCC2E4F', '如何心胸開朗（聖嚴法師-大法鼓 0542）', '有不少人常覺得，自己的生活範圍也許相當的廣闊，事業也做得很大，可是自己的內心或者是行為的模式，卻常常侷限在一個小框框裡，而受到了種種的限制，面對這樣的情況，佛法能夠給他們什麼樣的幫助呢？\r\n\r\n\r\n我們恭請聖嚴法師來為我們開示。\r\n\r\nhttp://www.dharmaschool.com/index.html');
INSERT INTO videos(vid, pid, title, description) VALUES('oxdkx5-OG3Q', 'PLDBF69AE0EBCC2E4F', '是否信願行三糧具足便能往生淨土（聖嚴法師-大法鼓 0543）', '有人說，只要是信願行三資糧具足，就可往生淨土了，但是在我們一生當中，可能造了種種身口意的惡業，那麼真的只要信願行具足，就可以往生淨土，不受惡報嗎？\r\n\r\n我們恭請聖嚴法師來為我們開示。\r\n\r\nhttp://www.dharmaschool.com/index.html');
INSERT INTO videos(vid, pid, title, description) VALUES('rNwkMQSWMMc', 'PLDBF69AE0EBCC2E4F', '如何知道自己適不適合學佛（聖嚴法師-大法鼓 0544）', '有些人聽聞佛法就會感動流淚，但是有些人就會顯得躁動不安，為什麼會有這麼兩極化的表現呢？我們如何才能夠知道自己適不適合學佛呢？\r\n\r\n我們恭請聖嚴法師來為我們開示。\r\n\r\nhttp://www.dharmaschool.com/index.html');
INSERT INTO videos(vid, pid, title, description) VALUES('d_WgOY_pKk8', 'PLDBF69AE0EBCC2E4F', '如何學習包容他人（聖嚴法師-大法鼓 0546）', '現代社會科技是愈來愈進步了，但是人情卻愈來愈淡泊，人們的心胸也愈來愈狹窄，怎麼樣才能夠讓人們打開自己的心窗，學習接納別人、包容他人，並且感恩一切的眾生呢？\r\n\r\n\r\n我們恭請聖嚴法師來為我們開示。\r\n\r\nhttp://www.dharmaschool.com/index.html');
INSERT INTO videos(vid, pid, title, description) VALUES('uEOtFo8TcG8', 'PLDBF69AE0EBCC2E4F', '學佛的意義（聖嚴法師-大法鼓 0547）', '今天的台灣社會學佛的風氣相當盛行，但是有的人認為學佛只是佛學研究而已，跟各人的修行無關，也有些人以為學佛就是吃素、拜拜，而各人的品格以及道德無關，那究竟學佛的意義是什麼呢？學佛對各人又有什麼樣的幫助呢？\r\n\r\n\r\n我們恭請聖嚴法師來為我們開示。\r\n\r\nhttp://www.dharmaschool.com/index.html');
INSERT INTO videos(vid, pid, title, description) VALUES('5yuhJEc3Qj0', 'PLDBF69AE0EBCC2E4F', '是否可同時信仰多種宗教（聖嚴法師-大法鼓 0549）', '偶爾我們會看到有些人，一方面是虔誠的佛教徒，一方面又投入其他宗教的修行活動，譬如禱告、禮拜、唱詩等等\r\n那這種人是不是很虛偽，還是說一個人可以同時信仰兩種宗教，而不會有矛盾衝突呢？\r\n\r\n我們恭請聖嚴法師來為我們開示。\r\n\r\nhttp://www.dharmaschool.com/index.html');
INSERT INTO videos(vid, pid, title, description) VALUES('JdPTrKssr-Y', 'PLDBF69AE0EBCC2E4F', '深入經藏是否能得智慧（聖嚴法師-大法鼓 0550）', '在佛教徒中流行著一句話說 「深入經藏,智慧如海」\r\n為什麼深入經藏就能夠智慧如海呢？\r\n佛經那麼多又那麼深，有多少人能夠深入經藏呢？\r\n如果沒有辦法深入經藏，那麼是不是就沒有希望智慧如海了呢？\r\n\r\n我們恭請聖嚴法師來為我們開示。\r\n\r\nhttp://www.dharmaschool.com/index.html');
INSERT INTO playlist(pid, cid, title, description) VALUES('PL26F407EE0DA086C4','UCq2iefWrqW0W6Hic2xA1aDg', '大法鼓0501-0525', '');
INSERT INTO videos(vid, pid, title, description) VALUES('W2kiP-wy_AU', 'PL26F407EE0DA086C4', '破壞與建設的平衡（聖嚴法師-大法鼓 0501）', '法講成住壞空，緣生緣滅\r\n很多的制度跟設施在經過一段時間之後必然會出現新舊交替，以及汰舊換新的階段\r\n有破壞也有建設，原本是非常自然的事情\r\n但是從開始破壞到完成建設之間，應該有什麼樣的步驟呢\r\n人們在破壞跟建設之間，又應該如何才能夠取得平衡呢？\r\n讓我們恭請 聖嚴法師來為我們開示。\r\n\r\n更多線上課程：http://www.dharmaschool.com/index.html');
INSERT INTO videos(vid, pid, title, description) VALUES('lNO17QLnw5E', 'PL26F407EE0DA086C4', '如何建立一個正確的求職心態（聖嚴法師-大法鼓 0502）', '有一些受了高等教育的人，因為長期處於家庭跟學校這種單純的環境之中\r\n出了社會以後，面對種種競爭的環境跟複雜的關係，往往不能夠適應\r\n而不斷地變換工作或者乾脆辭職，終日枯坐家中\r\n身為一個社會新鮮人的父母跟師長，該如何輔導他們建立正確的求職心態，來面對就業市場的競爭呢？\r\n讓我們來請教聖嚴法師。\r\n\r\n更多線上課程：http://www.dharmaschool.com/index.html');
INSERT INTO videos(vid, pid, title, description) VALUES('uf6oSuBT5fA', 'PL26F407EE0DA086C4', '有「引魂」這件事嗎（聖嚴法師-大法鼓 0504）', '我們常常可以在發生意外事故的現場，看到死者的家屬請一些道士來把死者的魂魄引回去。\r\n據說這樣做可以避免死者的魂魄在外面流浪。\r\n譬如千島湖事件就很多的家屬，請道士到出事的地點去招魂\r\n我們要請教聖嚴法師，佛教有招魂這種說法嗎。\r\n\r\n更多線上課程：http://www.dharmaschool.com/index.html');
INSERT INTO videos(vid, pid, title, description) VALUES('VZzDRNB4Yq4', 'PL26F407EE0DA086C4', '為何人死後會復活或冤魂附身（聖嚴法師-大法鼓 0505）', '我們會在報章雜誌或者是電視劇中看到\r\n死者的靈魂會附在其他人的身上，讓那個被附身的人，去做他自己生前沒有完成的事\r\n站在佛教的立場，我們該如何來看待這一類的事件呢？\r\n讓我們恭請 聖嚴法師來為我們開示。\r\n\r\n更多線上課程：http://www.dharmaschool.com/index.html');
INSERT INTO videos(vid, pid, title, description) VALUES('tkys9ViXzws', 'PL26F407EE0DA086C4', '學佛者可養小動物嗎（聖嚴法師-大法鼓 0506）', '永和有一位施太太寫信來問，他的女兒很喜歡小狗跟小貓，一直很希望能夠在家裡養一隻小寵物\r\n但是施太太是受了菩薩戒的人他擔心學佛的人不能夠飼養小動物\r\n因此想要請教聖嚴法師，究竟學佛的人可以養寵物嗎\r\n更多線上課程：http://www.dharmaschool.com/index.html');
INSERT INTO videos(vid, pid, title, description) VALUES('updiYYixRgE', 'PL26F407EE0DA086C4', '如何追求理想（聖嚴法師-大法鼓 0507）', '每個人都朝著自己的理想目標努力的追求，或者是追逐\r\n不過佛教講隨順因緣不執著，當我們在追求理想的時候\r\n究竟是不是一種執著呢？\r\n讓我們恭請 聖嚴法師來為我們開示。\r\n\r\n更多線上課程：http://www.dharmaschool.com/index.html');
INSERT INTO videos(vid, pid, title, description) VALUES('K2vsG1JDtfw', 'PL26F407EE0DA086C4', '佛教的解脫觀（聖嚴法師-大法鼓 0508）', '一些人每當遇到困難沒有辦法解決的時候呢？\r\n就會說乾脆死了算了？或者是說死了一了百了？\r\n死了真的一了百了嗎？這是不是就是佛教所說的解脫生死呢？\r\n讓我們恭請 聖嚴法師來為我們開示。\r\n\r\n更多線上課程：http://www.dharmaschool.com/index.html');
INSERT INTO videos(vid, pid, title, description) VALUES('ShXQy4uKZks', 'PL26F407EE0DA086C4', '如何幫助人禪修（聖嚴法師-大法鼓 0509）', '有不少的人表示，他們在參加聖嚴法師主持的精進修行活動之後呢\r\n在短短的幾天之內，改變了他們的人生觀，生活方式跟態度\r\n使得原本消極、無奈心理不平衡的人，產生了一百八十度的轉變\r\n那麼究竟是什麼樣的力量讓他們做那麼大的改變呢？\r\n當他們回到原來的生活環境之後，能不能繼續維持呢？\r\n讓我們恭請 聖嚴法師來為我們開示。\r\n\r\n更多線上課程：http://www.dharmaschool.com/index.html');
INSERT INTO videos(vid, pid, title, description) VALUES('swaBSOnBtX0', 'PL26F407EE0DA086C4', '何謂「近事女」「菜姑」（聖嚴法師-大法鼓 0510）', '在菲律賓的寺院裡面，有一種住在寺院裡帶髮修行的女眾，叫做菜姑\r\n那麼她們專門協助寺院進行法會活動\r\n請教 聖嚴法師，什麼是「近事女」\r\n「近事女」跟「菜姑」又有什麼異同呢？\r\n\r\n更多線上課程：http://www.dharmaschool.com/index.html');
INSERT INTO videos(vid, pid, title, description) VALUES('LpyL52CSSyQ', 'PL26F407EE0DA086C4', '對「靈異現象」的評論（聖嚴法師-大法鼓 0511）', '我們常聽到有一些鬧鬼的房子，它的地點原本是墳場，或者是刑場\r\n這些房子常常會發生一些奇奇怪怪的現象\r\n而在現實生活裡也有很多人繪聲繪影描述類似的事情\r\n那麼究竟學佛的人，在聽到這一類的言論\r\n或者是發生這一類狀況的時候，該如何說明跟處理呢？\r\n讓我們恭請 聖嚴法師來為我們開示。\r\n\r\n更多線上課程：http://www.dharmaschool.com/index.html');
INSERT INTO videos(vid, pid, title, description) VALUES('4lzd0stlTfw', 'PL26F407EE0DA086C4', '如何安排修行及做義工的時間（聖嚴法師-大法鼓 0512）', '很多佛教徒不僅自己呢經常到寺院或者去醫院去擔任義工。\r\n同時呢也積極的鼓勵他人盡量的挪出時間，來奉獻自己成就大眾。\r\n那麼究竟學佛的人在工作，家庭修行跟擔任義工之間，\r\n該如何協調配合，才能夠事事兼顧，福慧雙修呢？\r\n讓我們恭請 聖嚴法師來為我們開示。\r\n\r\n更多線上課程：http://www.dharmaschool.com/index.html');
INSERT INTO videos(vid, pid, title, description) VALUES('cTFese8Yd-8', 'PL26F407EE0DA086C4', '「誦經」的功德（聖嚴法師-大法鼓 0513）', '學佛、信佛的人認為誦經有誦經的功德\r\n但是沒有信仰的人卻認為與其花時間去誦經\r\n不如去看小說，散文，讀詩，或者是讀其他的勵志文章\r\n不僅可以吸收新知，還可以陶冶心性\r\n那學佛的人究竟該如何來看待這樣的觀念呢？\r\n讓我們恭請聖嚴法師就這個問題為我們開示\r\n\r\n更多線上課程：http://www.dharmaschool.com/index.html');
INSERT INTO videos(vid, pid, title, description) VALUES('bLzsfDazWP8', 'PL26F407EE0DA086C4', '何謂「正法、像法、末法」（聖嚴法師-大法鼓 0514）', '常聽到人家說，現在的人不容易修行，修行而能夠成功的更少\r\n因為佛法有正法、像法以及末法三個時期，而現在正好是末法時期\r\n那麼究竟正法、像法跟末法三個時期的分別是什麼呢？\r\n難道現代人真的修行修不成嗎？\r\n讓我們恭請聖嚴法師就這個問題為我們開示\r\n\r\n更多線上課程：http://www.dharmaschool.com/index.html');
INSERT INTO videos(vid, pid, title, description) VALUES('-KfTgdbZiJw', 'PL26F407EE0DA086C4', '放下屠刀是否就能成佛（聖嚴法師-大法鼓 0515）', '有一句俗話說「浪子回頭金不換」\r\n而佛家則說 「放下屠刀,立地成佛」\r\n真的放下屠刀真的就能立地成佛嗎\r\n如果成佛真的那麼容易\r\n為什麼到現在為止只有釋迦牟尼成佛了呢\r\n放下屠刀立地成佛這句話是不是不真實的呢？\r\n讓我們恭請 聖嚴法師來為我們開示。\r\n\r\n更多線上課程：http://www.dharmaschool.com/index.html');
INSERT INTO videos(vid, pid, title, description) VALUES('Q-aLfVe2-F8', 'PL26F407EE0DA086C4', '開示弘一大師之偈誦辭（聖嚴法師-大法鼓 0516）', '弘一大師有個偈頌，他的原文是「名譽與利養，於人所樂受，能損害善法，如劍斬人頭」\r\n它的意思是說名譽跟利益是愚癡的人，所喜歡接受的\r\n但是它們對善法所造成的傷害，就好像用利劍去斬掉一個人的頭一般\r\n究竟這首偈子還有什麼樣的含意呢？\r\n讓我們恭請 聖嚴法師來為我們開示。\r\n\r\n更多線上課程：http://www.dharmaschool.com/index.html');
INSERT INTO videos(vid, pid, title, description) VALUES('bsHxbw24pCk', 'PL26F407EE0DA086C4', '慈悲是心靈環保的最高原則（聖嚴法師-大法鼓 0517）', '很多人只顧眼前的利益，以及生活中一時的方便而隨意地破壞大自然或者是污染公共的環境\r\n聖嚴法師有一句話語意深長「環保要從心靈開始，慈悲是心靈環保的最高原則」\r\n這句話究竟有什麼含意呢？\r\n讓我們恭請 聖嚴法師來為我們開示。\r\n\r\n更多線上課程：http://www.dharmaschool.com/index.html');
INSERT INTO videos(vid, pid, title, description) VALUES('f-8pOH3dspc', 'PL26F407EE0DA086C4', '謙虛待人者是不是很吃虧（聖嚴法師-大法鼓 0518）', '有一句俗話說「人善被人欺，馬善被人騎」\r\n在我們的社會裡，的確可以看到不少人常常仗勢欺人，伶牙俐齒，處處不讓人\r\n當然，我們也不難看到，很多的人以低姿態，謙虛的態度來待人\r\n那麼謙虛的人是不是很吃虧呢？\r\n讓我們恭請 聖嚴法師來為我們開示。\r\n\r\n更多線上課程：http://www.dharmaschool.com/index.html');
INSERT INTO videos(vid, pid, title, description) VALUES('FSnJuQ12Tec', 'PL26F407EE0DA086C4', '「供養偈」有何意義（聖嚴法師-大法鼓 0519）', '不論是那一種宗教的教徒，幾乎時時都在修行，也常常需要禱告\r\n例如天主教徒在吃飯前跟睡前禱告，回教徒每天禮拜五次\r\n而佛教徒在每一餐吃飯之前也要禱告，過他的方式跟其他的宗教不太一樣\r\n他具有什麼樣的意義呢？\r\n讓我們恭請 聖嚴法師來為我們開示。\r\n\r\n更多線上課程：http://www.dharmaschool.com/index.html');
INSERT INTO videos(vid, pid, title, description) VALUES('5nMycojiRMM', 'PL26F407EE0DA086C4', '修持與佈施的關係（聖嚴法師-大法鼓 0520）', '佛教徒向來有一種幾乎是根深蒂固的觀念\r\n他們以為修行辦道是出家人的事\r\n而布施供養則是在家人的事\r\n究竟這種想法正不正確呢？\r\n讓我們恭請 聖嚴法師來為我們開示。\r\n\r\n更多線上課程：http://www.dharmaschool.com/index.html');
INSERT INTO videos(vid, pid, title, description) VALUES('mjL3OcaZyo0', 'PL26F407EE0DA086C4', '宗教與迷信（聖嚴法師-大法鼓 0521）', '宗教信仰原本可以幫助人們淨化心靈，但是最近以來，台灣卻發生了好幾件以強調靈異神蹟的迷信手法，騙財詐欺的事件，可是有些信徒在事件被揭穿之後，仍然深信不移，紛紛聲稱他們的信仰沒有問題，使得社會大眾對宗教信仰也產生了懷疑，我們要請教聖嚴法師， 究竟該如何判斷一種宗教是不是正信的呢？\r\n如果選擇了不是正信的宗教，又要怎麼樣才能夠跳脫出來。\r\n\r\n我們恭請聖嚴法師來為我們開示。\r\n\r\nhttp://www.dharmaschool.com/index.html');
INSERT INTO videos(vid, pid, title, description) VALUES('5Lt5_FKGysE', 'PL26F407EE0DA086C4', '正教與邪教之區別（聖嚴法師-大法鼓 0522）', '從歷史上來看，我們知道宗教可以分為正教跟邪教兩種，那麼究竟這二種宗教之間，有什麼區別呢？\r\n一般社會大眾又該怎麼選擇，才不會誤信邪教而不自知呢？\r\n\r\n我們恭請聖嚴法師來為我們開示。\r\n\r\nhttp://www.dharmaschool.com/index.html');
INSERT INTO videos(vid, pid, title, description) VALUES('kQDeOxwURAY', 'PL26F407EE0DA086C4', '助念一定要念阿彌陀佛嗎？（聖嚴法師-大法鼓 0523）', '有一位吳小姐來問到，他常常跟幾位蓮友去做臨終助念關懷，助念完畢之後，有的時候，會看到亡者的面相莊嚴紅潤，有的則是全身柔軟，不禁讓人讚嘆，助念的助德殊勝，但是他想知道的是，助念一定要念阿彌陀佛經跟阿彌陀佛的名號呢？如果家屬要求的話，能不能改誦其他的經典或者是聖號呢？\r\n\r\n我們恭請聖嚴法師來為我們開示。\r\n\r\nhttp://www.dharmaschool.com/index.html');
INSERT INTO videos(vid, pid, title, description) VALUES('Lht77WLXnwM', 'PL26F407EE0DA086C4', '利人便是利己（聖嚴法師-大法鼓 0524）', '我們都知道社會是互動的。\r\n大部分的人都認為要有獲得，就要有回饋，但是我們也經常看到有的人是經常的給予，有的人是經常的承受。\r\n 聖嚴法師在四眾佛子共勉語中有兩句真言，「知恩報恩為先%利人便是利己」\r\n那這是施與受之間的互動呢？還是純粹貢獻而不求回饋呢？\r\n\r\n我們恭請聖嚴法師來為我們開示。\r\n\r\nhttp://www.dharmaschool.com/index.html');
INSERT INTO videos(vid, pid, title, description) VALUES('Xf-dvVlntGU', 'PL26F407EE0DA086C4', '父母如何看等待子女的感情問題（聖嚴法師-大法鼓 0525）', '現在台灣的社會男女密切交往的年齡，可以說是越來越下降，有一些十七、八歲的小情侶呢？因為家人反對他們交往，而不惜留書殉情，留下了滿腹傷痛的父母。\r\n究竟現在的父母跟子女間， 該如何建立一個良好的溝通管道， 以避免類似的悲劇重演呢？\r\n\r\n我們恭請聖嚴法師來為我們開示。\r\n\r\nhttp://www.dharmaschool.com/index.html');
INSERT INTO playlist(pid, cid, title, description) VALUES('PLC5CE0C9198033E05','UCq2iefWrqW0W6Hic2xA1aDg', '大法鼓0476-0500', '');
INSERT INTO videos(vid, pid, title, description) VALUES('BjZL4lJHfbk', 'PLC5CE0C9198033E05', '何謂共識？如何達成共識（聖嚴法師-大法鼓 0476）', '我們要來談一談什麼是共識，以及如何達成共識，我們在很多的場合，都時常可以聽到共識這兩個字，它好像很熟悉又好像很陌生，似乎懂又似乎不懂，那它究竟代表什麼意思呢？它跟口號有什麼不同呢？\r\n在現代這個多元化的社會裡，每個人都有自己的信仰文化跟價值觀，我們又該如何來達成共識呢？\r\n\r\n我們恭請聖嚴法師來為我們開示。\r\n\r\nhttp://www.dharmaschool.com/index.html');
INSERT INTO videos(vid, pid, title, description) VALUES('Oy4fqntjjzI', 'PLC5CE0C9198033E05', '如何遵循職場信譽標準（聖嚴法師-大法鼓 0477）', '現在歐美企業界流行一句話，就是有信譽的廠商才可以常相往來，也就是說有信譽的廠商才能夠經營得長久。反觀我國的商業社會，凡事都講究送紅包、走門路，道德日漸式微，那麼這句話對我們具有什麼樣的意義跟啟示呢？\r\n\r\n我們恭請聖嚴法師來為我們開示。\r\n\r\nhttp://www.dharmaschool.com/index.html');
INSERT INTO videos(vid, pid, title, description) VALUES('kMPhj21IARA', 'PLC5CE0C9198033E05', '何謂良性競爭（聖嚴法師-大法鼓 0478）', '競爭可以說是人類社會跟團體組織進步的原動力，換句話說，就是有競爭才會有進步，但是佛法講「無爭」，那麼學佛的人怎麼樣才能夠進步呢？\r\n\r\n我們恭請聖嚴法師來為我們開示。\r\n\r\nhttp://www.dharmaschool.com/index.html');
INSERT INTO videos(vid, pid, title, description) VALUES('HO4ZZd9VQsQ', 'PLC5CE0C9198033E05', '佛法所說的「分別心」有何意義（聖嚴法師-大法鼓 0479）', '佛法所說的「分別心」有何意義（聖嚴法師-大法鼓0479）\n\n佛教常常勸人不要有「分別心」，但是在現在的社會中，分別心卻處處可見。例如：企業求才的選擇、入學考試測驗以及選擇適當的結婚對象等等， 這都是分別心的例子。這與佛法所說的分別心是不是有所衝突呢？\n我們恭請聖嚴法師來為我們開示。\n\nhttp://www.dharmaschool.com/index.html');
INSERT INTO videos(vid, pid, title, description) VALUES('Wa4Po1QHKSA', 'PLC5CE0C9198033E05', '佛法與醫療的調適（聖嚴法師-大法鼓 0480）', '有一位很有錢的老太太，每天都在擔心有人要謀奪她的財產，或者是她的子女會把她的錢敗光，於是整天緊張兮兮，終於生病住院了。\r\n醫生用了很多的方法都沒有起色，於是建議她到寺院去念佛，而她去了幾天覺得沒有用又回家去了，我們要請教聖嚴法師面對這類人跟事，佛法能夠如何幫助他們呢？他的家人跟他自己又該如何調適呢?\r\n\r\n我們恭請聖嚴法師來為我們開示。\r\n\r\nhttp://www.dharmaschool.com/index.html');
INSERT INTO videos(vid, pid, title, description) VALUES('1QrbffOleMc', 'PLC5CE0C9198033E05', '佛教是否要追求現代化（聖嚴法師-大法鼓 0481）', '「現代化,」這個口號可以說是冠冕堂皇，也是許多人夢寐以求的目標，但是什麼是現代化呢？現代化等不等於趕時髦呢？佛教又如何賦以現代化意義呢？\r\n\r\n我們恭請聖嚴法師來為我們開示。\r\n\r\nhttp://www.dharmaschool.com/index.html');
INSERT INTO videos(vid, pid, title, description) VALUES('gk0qpJfRUbM', 'PLC5CE0C9198033E05', '供菜、供品的意義（聖嚴法師-大法鼓 0482）', '逢年過節的時候，我們常常可以看到家家戶戶準備了很多的供品，來供佛、拜神、祭主、拜天或者是拜好兄弟等等。有的寺廟在法會期間，也會準備供菜、供飯跟水果來供佛或者是超­薦亡者。我們要請教聖嚴法師，究竟供菜具有什麼樣的意義呢？是不是供得越多越感應呢？佛教又是如何看待供品呢？\n我們恭請聖嚴法師來為我們開示。\n\nhttp://www.dharmaschool.com/index.html');
INSERT INTO videos(vid, pid, title, description) VALUES('AjIakd9pO8M', 'PLC5CE0C9198033E05', '身體感官論吉兇（聖嚴法師-大法鼓 0483）', '那就是身體偶爾會有一些異常的反應，譬如眼皮跳或者是心悸、胸口疼痛，或者是肌肉抽痛等等，有些人一遇到這樣的情況，就會認為有什麼特別的事要發生了，如眼皮跳，他們就認為左眼跳是福，就是有好的事情要發生了，右眼跳就是災，就是有不好的事情要發生了。以佛法的觀點來看身體上這些偶發的異常反應，真的能夠做為什麼樣的徵兆嗎？\r\n\r\n我們恭請聖嚴法師來為我們開示。\r\n\r\nhttp://www.dharmaschool.com/index.html');
INSERT INTO videos(vid, pid, title, description) VALUES('T5EuAKVC2M0', 'PLC5CE0C9198033E05', '小惡能行嗎（聖嚴法師-大法鼓 0484）', '「小小的壞事,可以做嗎」有一句俗話說「小時偷拔葫%長大偷牽牛」，那麼現在家庭，由於子女的人數比較少，所以父母對於子女非常的溺愛，有的時候，孩子犯了錯也捨不得處罰，或者是責備。\r\n甚至還鼓勵、稱讚孩子錯誤的行為，那麼這樣的管教方式正確嗎？\r\n做一個現代的父母，應該如何管教子女，才不會害了孩子又危害社會呢？\r\n\r\n我們恭請聖嚴法師來為我們開示。\r\n\r\nhttp://www.dharmaschool.com/index.html');
INSERT INTO videos(vid, pid, title, description) VALUES('sTQWO-SCvy0', 'PLC5CE0C9198033E05', '如何對待雙親（聖嚴法師-大法鼓 0485）', '前一陣子有過兩則新聞，一個是一位母親因為丈夫長久不在家，發生了婚外情，他覺得孩子妨礙到他婚外情的生活，於是就用枕頭把四個月大的兒子給悶死了，另一則是因為母親不忍­見到孩子受病痛的折磨，於是親手把九個月大的孩子弄死。\n我們要請教聖嚴法師，這兩位母親各自有著什麼樣的因果？\n而孩子的父親和其他的家屬，又該怎麼樣的來面對這樣的母親？\n我們恭請聖嚴法師來為我們開示。\n\nhttp://www.dharmaschool.com/index.html');
INSERT INTO videos(vid, pid, title, description) VALUES('gl8xJK7jc1o', 'PLC5CE0C9198033E05', '如何學習年長者的辛勞（聖嚴法師-大法鼓 0486）', '有一句俗話說「富不過三代」，那麼在抗戰勝利以後，以及政府剛剛播遷來台灣的時候，很多人都胼手胝足，辛勤工作來建設我們的家園，但是現在生長在台灣的青少年，他們在富裕的年代裡面成長，很少人看到老一輩的辛苦，因此往往非常的浪費，大肆揮霍長輩辛勤累積的果實。\r\n我們要請教聖嚴法師，面對現代的新新人類，年長的人該如何對他們做經驗的傳承？\r\n00019 而不會被他們排斥\r\n00020 或者是拒絕呢\r\n我們恭請聖嚴法師來為我們開示。\r\n\r\nhttp://www.dharmaschool.com/index.html');
INSERT INTO videos(vid, pid, title, description) VALUES('InllM7R-Q4w', 'PLC5CE0C9198033E05', '現代人如何建立正確的宗教觀（聖嚴法師-大法鼓 0487）', '在日常生活裡，我們常常會需要填寫一些資料表，資料表裡面都會有一欄宗教信仰欄，很多人往往不知道該怎麼填寫比較好，他們會疑惑是不是只要自己拿香祭拜就應該填佛教呢？那麼究竟現代人該如何建立正確的宗教觀？\r\n\r\n我們恭請聖嚴法師來為我們開示。\r\n\r\nhttp://www.dharmaschool.com/index.html');
INSERT INTO videos(vid, pid, title, description) VALUES('JqaJkaW7wP8', 'PLC5CE0C9198033E05', '發願吃素、做善事是否可消災（聖嚴法師-大法鼓 0488）', '我們有時候會聽到有些人為了讓父母親，或者是親人消災延壽而發願吃素。或者發願做公益事業，甚至發願以自己減壽的方式，來讓父母親增壽，這真的能為父母親或是親人消災延壽­嗎？它跟根本的佛法的因果觀能不能符合呢？\n\n我們恭請聖嚴法師來為我們開示。\n\nhttp://www.dharmaschool.com/index.html');
INSERT INTO videos(vid, pid, title, description) VALUES('w0Y2vqX1P1k', 'PLC5CE0C9198033E05', '念佛會有感應嗎（聖嚴法師-大法鼓 0489）', '有的人在念佛、誦經或者是打坐的時候，會看到佛菩薩出現，或者感覺身體不斷的膨脹或者是縮小，有的人還聽得到別人在他旁邊說話，甚至還覺得有一股電流貫入了體內，那麼這一類的現象，究竟是怎麼一回事呢？\r\n發生這樣的現象又該如何面對跟處理呢？\r\n\r\n我們恭請聖嚴法師來為我們開示。\r\n\r\nhttp://www.dharmaschool.com/index.html');
INSERT INTO videos(vid, pid, title, description) VALUES('fAG4lfPfJpQ', 'PLC5CE0C9198033E05', '異族通婚是否適當（聖嚴法師-大法鼓 0490）', '隨著科技跟交通的發達，國際間的往來機會越來越增加了，不同民族、不同文化間的婚姻也隨之增加，有的，建立了幸福美滿的家庭，有的，的確發現彼此間的差異太大，沒有辦法繼續生活。\r\n我們要請教聖嚴法師，生為現在人該如何經營自己的婚姻，才不會做出錯誤的決定，形成自己、 家人以及社會的困惱。\r\n\r\n我們恭請聖嚴法師來為我們開示。\r\n\r\nhttp://www.dharmaschool.com/index.html');
INSERT INTO videos(vid, pid, title, description) VALUES('lmDS4f0OmVA', 'PLC5CE0C9198033E05', '禮拜六方的意義（聖嚴法師-大法鼓 0491）', '佛教徒常說要禮拜十方諸佛菩薩。\n不過在善生經裡呢,佛陀卻說佛教徒要禮拜六方。\n那麼究竟禮拜六方的意義是什麼呢？為什麼是禮拜六方而不是禮拜十方？\n我們恭請聖嚴法師來為我們開示。\n\n更多線上課程：http://www.dharmaschool.com/index.html');
INSERT INTO videos(vid, pid, title, description) VALUES('T5_NslndpG0', 'PLC5CE0C9198033E05', '出家人的因果是如何（聖嚴法師-大法鼓 0492）', '有位台大同學寫了一封信來請教聖嚴法師\r\n禪宗[百丈禪師語錄]的「野狐公案」中提到，有位出家人，因為說了一句不落因果的話，而五百世生為野狐。\r\n他要請教聖嚴法師的是，難道這位出家人，出家修行的功德還比不過說錯的一句話嗎？其中的因果又是什麼呢。\r\n\r\n更多線上課程：http://www.dharmaschool.com/index.html');
INSERT INTO videos(vid, pid, title, description) VALUES('8yMPJ5Ejj9Q', 'PLC5CE0C9198033E05', '如何才能做到「安心」（聖嚴法師-大法鼓 0493）', '法鼓山在84年開始提倡四安運動，倡導安心、安身安家跟安業。\r\n而在佛教史上，神光大師也曾經向達摩祖師請求安心。\r\n我們要請教聖嚴法師，真的有心可以安呢？\r\n我們應該怎麼做才能夠安心呢？\r\n\r\n更多線上課程：http://www.dharmaschool.com/index.html');
INSERT INTO videos(vid, pid, title, description) VALUES('qnEuECS9m3c', 'PLC5CE0C9198033E05', '團體共修及個別自修應如何調適（聖嚴法師-大法鼓 0494）', '佛教的修行，有自我修行及團體共修的形式，有的人在家裡自修或者到特定的地方閉關修行，有些人則到寺院去參加禪七、佛七等種種共修的活動。\n聖嚴法師在主持禪七的時候，曾經告訴大家要把自己孤立起來，他的意思究竟是什麼？\n而修行的人在團體共修及個別自修之間，又應該如何調適呢？\n\n讓我們恭請聖嚴法師來為我們開示\n\n更多線上課程：http://www.dharmaschool.com/index.html');
INSERT INTO videos(vid, pid, title, description) VALUES('avS_ySjwt88', 'PLC5CE0C9198033E05', '如何建立和諧的人際關係（聖嚴法師-大法鼓 0495）', '在日常生活裡，我們難免會碰到看不順眼，或者是不願意接觸來往的人。\r\n那碰到這樣的情形，我們該如何調整自己的心態，建立和諧的人際關係呢？\r\n讓我們來請教聖嚴法師。\r\n\r\n更多線上課程：http://www.dharmaschool.com/index.html');
INSERT INTO videos(vid, pid, title, description) VALUES('Hu35pqcy5ds', 'PLC5CE0C9198033E05', '如何能往生淨土（聖嚴法師-大法鼓 0496）', '究竟什麼樣的地方稱為「淨土」它有沒有什麼層次的區別？\r\n什麼樣的人才能夠往生淨土呢？\r\n聖嚴法師提倡建設人間淨土，這樣的淨土會實現嗎？\r\n00020 讓我們恭請 聖嚴法師來為我們開示。\r\n\r\n更多線上課程：http://www.dharmaschool.com/index.html');
INSERT INTO videos(vid, pid, title, description) VALUES('ThO_C_BAxbk', 'PLC5CE0C9198033E05', '朝山的意義（聖嚴法師-大法鼓 0497）', '我們常聽到一些學佛的人在說：朝山的功德非常殊勝，而且常常彼此相約去朝山\n那麼究竟什麼是朝山，它又具有什麼樣的意義呢？\n讓我們恭請 聖嚴法師來為我們開示。\n\n更多線上課程：http://www.dharmaschool.com/index.html');
INSERT INTO videos(vid, pid, title, description) VALUES('lCsSsGNX4GM', 'PLC5CE0C9198033E05', '佛教如何看待撲殺動物的行為（聖嚴法師-大法鼓 0498）', '英國暴發了狂牛病的事件，\r\n許多國家紛紛禁止英國牛肉進口\r\n英國政府為了不讓問題繼續擴大\r\n所以決定撲殺超過三百萬頭的牛隻\r\n大量撲殺動物，是不是太殘忍了呢\r\n們佛教徒又該如何看待這類的事件呢？\r\n讓我們恭請 聖嚴法師來為我們開示。\r\n\r\n更多線上課程：http://www.dharmaschool.com/index.html');
INSERT INTO videos(vid, pid, title, description) VALUES('MYbzlnw2KUg', 'PLC5CE0C9198033E05', '動物是人類的食物嗎（聖嚴法師-大法鼓 0499）', '在非洲傳出人們因為吃保育動物黑猩猩的肉而感染了一種叫做伊波拉的世紀病毒\r\n我們在台灣也經常聽說，人們遠赴越南或者是其他的地區去吃熊掌或者是其他野生動物的肉\r\n佛教講因果，人們吃了這麼多野生動物的肉，又要擔負什麼樣的因果呢？\r\n讓我們恭請 聖嚴法師來為我們開示。\r\n\r\n更多線上課程：http://www.dharmaschool.com/index.html');
INSERT INTO videos(vid, pid, title, description) VALUES('4y_sm9uIoAo', 'PLC5CE0C9198033E05', '該如何建立正確的倫理觀念（聖嚴法師-大法鼓 0500）', '過去中國被稱為「禮儀之邦」，而中國人也一向講究倫理，在今天的台灣社會，常常會看到親子或是兄妹之間發生亂倫的關係，或者孩子毆打年老的父母，甚至殺害父母的新聞，在現代的環境裡，人們該如何建立正確的倫理觀念呢？\n\n讓我們恭請 聖嚴法師來為我們開示。\n\n更多線上課程：http://www.dharmaschool.com/index.html');
INSERT INTO playlist(pid, cid, title, description) VALUES('PL2B56934CB5748395','UCq2iefWrqW0W6Hic2xA1aDg', '大法鼓0451-0475', '');
INSERT INTO videos(vid, pid, title, description) VALUES('UQpV4IgemuE', 'PL2B56934CB5748395', '清貧思想（聖嚴法師-大法鼓 0451）', '在物質文明急速發展的現代社會裡，有很多的國家，像是日本、美國甚至在台灣，最近都有大力提倡清平思想，主張過著反樸歸真的生活。\r\n為什麼這一類的思想最近會大為流行呢？\r\n我們又該如何在生活中落實呢？\r\n\r\n我們恭請聖嚴法師來為我們開示。\r\n\r\nhttp://www.dharmaschool.com/index.html');
INSERT INTO videos(vid, pid, title, description) VALUES('vNeNNWK16Qo', 'PL2B56934CB5748395', '修行與休閒（聖嚴法師-大法鼓 0452）', '對緊張忙碌的現代人來說，週末假日可以說是非常重要的，有的人利用週末假日去從事休閒活動，有的人積極參加各種宗教的修行活動，有的人是既想去運動休閒又希望能夠參加修行­活動，左右矛盾不知道該如何選擇。\n究竟在短暫的週末假日裡，現代人該如何在修行生活跟休閒生活裡面，做適當的選擇呢？\n我們恭請聖嚴法師來為我們開示。\n\nhttp://www.dharmaschool.com/index.html');
INSERT INTO videos(vid, pid, title, description) VALUES('yXVquhDinXQ', 'PL2B56934CB5748395', '受刑人的重生（聖嚴法師-大法鼓 0453）', '最近幾年，性暴力的問題愈來愈嚴重，受害者的年齡層次，也從成年女性擴大到老婦人跟小女孩，使得這些受害者的內心，往往留下了無法抹滅的傷痕，面對這些身心都受到傷害的人，我們的國家、社會，甚至我們每一個人該如何關懷跟幫助他們，使他們重建自我，建立新的生活。\r\n\r\n我們恭請聖嚴法師來為我們開示。\r\n\r\nhttp://www.dharmaschool.com/index.html');
INSERT INTO videos(vid, pid, title, description) VALUES('Tf5UFSMH3RM', 'PL2B56934CB5748395', '寬恕的美德（聖嚴法師-大法鼓 0454）', '一時說話不小心，得罪了別人，不但傷害了別人，也傷害了自己，使得彼此間原有的情誼破裂，向對方道歉，卻無法獲得原諒。\r\n因此她想請教聖嚴法師，究竟犯了錯的人該如何取得他人的諒解，我們又該如何學習寬恕別人的美德呢？\r\n\r\n我們恭請聖嚴法師來為我們開示。\r\n\r\nhttp://www.dharmaschool.com/index.html');
INSERT INTO videos(vid, pid, title, description) VALUES('14NKNLVx0UE', 'PL2B56934CB5748395', '布施的因果（聖嚴法師-大法鼓 0455）', '我們有句俗話說，「種善根,得善果」，有的人，在前幾世做了種種的功德跟善事，所以在這一世中，享受到種種的福報，但是他們卻不知道惜福， 常常揮金如土。可是遇到有公益團體，或者是慈善活動，讓他們捐款的時候，卻又是一毛不拔。我們要請教聖嚴法師，這樣的人，跟這樣的行為， 是不是會有什麼樣的因果呢？\n我們恭請聖嚴法師來為我們開示。\n\nhttp://www.dharmaschool.com/index.html');
INSERT INTO videos(vid, pid, title, description) VALUES('OkEWnyXDLCo', 'PL2B56934CB5748395', '需要與想要（聖嚴法師-大法鼓 0456）', '慾望可以說是社會進步的原動力，人們為了過好的生活，不斷的努力工作，創新發明以促進社會的成長，但是最近清平思想卻大為風行，它鼓勵人們要少欲知足，在需要跟想要之間取得平衡。讓很多的人不禁懷疑， 這樣子會不會造成國家跟社會的退步呢？\r\n\r\n\r\n我們恭請聖嚴法師來為我們開示。\r\n\r\nhttp://www.dharmaschool.com/index.html');
INSERT INTO videos(vid, pid, title, description) VALUES('vVO5W41qbXY', 'PL2B56934CB5748395', '青少年問題（聖嚴法師-大法鼓 0457）', '台語有一句俗話說「歹竹出好筍」，意思就是說，即使是在惡劣的家庭環境裡，也可能會有傑出的子女產生，但是相反的，現在很多的父母對子女可以說是備加關懷照顧，卻仍然會有脫序的行為發生。如偷竊、暴力行為甚至是對同學性騷擾等等，面對這樣的孩子，家庭跟學校應該如何幫助他來矯正偏差的行為呢？\r\n\r\n我們恭請聖嚴法師來為我們開示。\r\n\r\nhttp://www.dharmaschool.com/index.html');
INSERT INTO videos(vid, pid, title, description) VALUES('sOdKteGqPoo', 'PL2B56934CB5748395', '佛教徒的國際觀（聖嚴法師-大法鼓 0458）', '在現在的世界裡，國與國的關係是愈來愈密切了，所以做為一個現代的佛教徒為了要弘揚佛法，做化世度眾的工作，除了要具備佛學知識跟慈悲心之外，也必須具備國際觀。 那麼究竟什麼是佛教徒的國際觀，它的範圍跟標準又是什麼呢？\n我們恭請聖嚴法師來為我們開示。\n\nhttp://www.dharmaschool.com/index.html');
INSERT INTO videos(vid, pid, title, description) VALUES('zpkICfZvROM', 'PL2B56934CB5748395', '超薦亡者需要註名生辰八字嗎(聖嚴法師-大法鼓 0459）', '有一些寺院在法會期間會設有超薦往者的牌位，或者是消災燈等等，有些地方要登記姓名、住址跟生辰八字，有的卻只登記姓名不用寫其他的資料，就超薦往者的意義來說，這有什麼不同呢？\r\n會不會影響到超薦的功能跟意義呢？\r\n\r\n我們恭請聖嚴法師來為我們開示。\r\n\r\nhttp://www.dharmaschool.com/index.html');
INSERT INTO videos(vid, pid, title, description) VALUES('fO1UB2jFffw', 'PL2B56934CB5748395', '慈悲與情緒（聖嚴法師-大法鼓 0460）', '佛教常常教導人們要慈悲，面對煩惱的時候要自我消融，不被煩惱所困。但是當一個人處於情緒低潮，心情不好或者是怒髮衝冠的時候，哪裡還記得什麼是慈悲，什麼是自我消融。\r\n究竟人們該如何避免陷入情緒之中，而常存慈悲心呢？\r\n\r\n我們恭請聖嚴法師來為我們開示。\r\n\r\nhttp://www.dharmaschool.com/index.html');
INSERT INTO videos(vid, pid, title, description) VALUES('-ylTc8diB9U', 'PL2B56934CB5748395', '遇到學佛霸道的人怎麼辦（聖嚴法師-大法鼓 0461）', '常常有些學佛的人，看到別人吃葷食，就在旁邊說罪過罪過，或者是說你的業障很重喔！\n跟他人相處的時候，不管他人是不是佛教徒，也不管對方願不願意接受，就叫人要多念佛。可能他是好意，但是往往卻讓人很不自在。\n一個初學佛，或者是未學佛的人，在面對這樣情況的時候，該如何處理跟調適呢？\n\n我們恭請聖嚴法師來為我們開示。\n\nhttp://www.dharmaschool.com/index.html');
INSERT INTO videos(vid, pid, title, description) VALUES('3RolOx3Xarg', 'PL2B56934CB5748395', '吉凶一念間（聖嚴法師-大法鼓 0462）', '中國人有的時候是相當迷信，如果有一些事情發生的時候，我們就會認為這是不吉利或是觸楣頭。\r\n譬如說新店面開張的時候，有人說不吉利的話，或者新車剛上路就壓死了小動物等等。 甚至於過年期間打破了東西，也要用「歲歲平安」來沖喜氣。面對這類觀念的時候，學佛的人該如何自處呢？\r\n\r\n我們恭請聖嚴法師來為我們開示。\r\n\r\nhttp://www.dharmaschool.com/index.html');
INSERT INTO videos(vid, pid, title, description) VALUES('6pu2SMDt_Cw', 'PL2B56934CB5748395', '建立正確的道德觀及價值觀（聖嚴法師-大法鼓 0463）', '很多的青年的學生們在懵懂無知的階段，對各類事情可以說充滿好奇又勇於嘗試。譬如說吸食安非他命，或者是跟異性朋友發生性關係，導致未婚懷孕等等。讓他們的父母跟師長感到無奈又傷痛，究竟在這個價值觀念混淆的現代環境裡，父母跟師長應該如何教導孩子， 建立正確的道德觀跟價值觀呢？\r\n\r\n我們恭請聖嚴法師來為我們開示。\r\n\r\nhttp://www.dharmaschool.com/index.html');
INSERT INTO videos(vid, pid, title, description) VALUES('8nXmhWI6swQ', 'PL2B56934CB5748395', '碟仙（聖嚴法師-大法鼓 0464）', '高雄一所國中的學生，在學期結束前玩「碟仙」的遊戲，突然間有一名學生跳了起來，甚至有跳樓的傾向。新聞中並且表示，有好幾名學生，也都曾經有過這種「起舞」的情況，那麼­究竟是不是真的有碟仙呢？\n如果是仙，為什麼會讓人有異常的，甚至是傷害自己的行為舉動呢？\n\n我們恭請聖嚴法師來為我們開示。\n\nhttp://www.dharmaschool.com/index.html');
INSERT INTO videos(vid, pid, title, description) VALUES('oPe5Te0-n9w', 'PL2B56934CB5748395', '抱怨管理（聖嚴法師-大法鼓 0465）', '無論在家庭生活，或在工作上我們常常都會聽到抱怨的聲音，有的是抱怨丈夫不體貼、孩子不聽話，那麼有的是抱怨老闆，或者是同事。\r\n另外還有人抱怨政府的決策，抱怨社會的環境，究竟我們應該用怎樣的心態來面對別人的抱怨，又該如何處理抱怨呢？\r\n\r\n\r\n我們恭請聖嚴法師來為我們開示。\r\n\r\nhttp://www.dharmaschool.com/index.html');
INSERT INTO videos(vid, pid, title, description) VALUES('IO-T6qkWrpg', 'PL2B56934CB5748395', '了解無常善用生命（聖嚴法師-大法鼓 0466）', '雖然說世事無常，但是，我們無法否定既有的生命，也沒有辦法否定既有的環境。那麼我們該如何善用我們的生命，善用我們的環境呢？\r\n\r\n我們恭請聖嚴法師來為我們開示。\r\n\r\nhttp://www.dharmaschool.com/index.html');
INSERT INTO videos(vid, pid, title, description) VALUES('Te_YZ9DC8rM', 'PL2B56934CB5748395', '如何建立人間淨土（聖嚴法師-大法鼓 0467）', '在繁華的世界裡，人聲鼎沸、摩肩接踵的人群，在過往之間互相推擠，就好像他們彼此共同營造的共業，互相沾染一樣，那麼處於這樣一個世間，要如何才能營建一個屬於大家的淨土­呢？\n我們恭請聖嚴法師來為我們開示。\n\nhttp://www.dharmaschool.com/index.html');
INSERT INTO videos(vid, pid, title, description) VALUES('v4RB_y12ksw', 'PL2B56934CB5748395', '窮看相富燒香的真義（聖嚴法師-大法鼓 0468）', '聖嚴法師曾經在法華經人生系列講座中，提到一句令人省思的話，那就是「窮看相,富燒香」，今天我們要請聖嚴法師再為我們做更深入的開示，讓大家對人生有更明確的方向。\r\n\r\n我們恭請聖嚴法師來為我們開示。\r\n\r\nhttp://www.dharmaschool.com/index.html');
INSERT INTO videos(vid, pid, title, description) VALUES('EZ3jRfywhtc', 'PL2B56934CB5748395', '正確的時間觀（聖嚴法師-大法鼓 0469）', '你有沒有想過，時間到底是什麼東西呢？\r\n是鐘錶嗎？還是日曆呢？現代在人的現象，忙碌的人總覺得沒時間，總在趕時間，而閒暇的人則須要打發時間、消磨時間，但是聖嚴法師卻有一句名言：忙人時間最多。我們恭請聖嚴法師為我們開示，讓我們對時間有更正確的觀念。\r\n\r\n我們恭請聖嚴法師來為我們開示。\r\n\r\nhttp://www.dharmaschool.com/index.html');
INSERT INTO videos(vid, pid, title, description) VALUES('YQQt1k0js4o', 'PL2B56934CB5748395', '自責與負責（聖嚴法師-大法鼓 0470）', '有的人在遭遇到失敗，或是挫折的時候，會非常的自責，認為是自己沒有把事情處理好。但是有的人卻有一種想法， 就是千錯萬錯都是別人的錯， 我沒有任何的錯誤，當然不需要負任何的責任。\n我們要請教聖嚴法師，在自責跟負責之間應該如何求取平衡比較恰當。\n\n我們恭請聖嚴法師來為我們開示。\n\nhttp://www.dharmaschool.com/index.html');
INSERT INTO videos(vid, pid, title, description) VALUES('QzDIAC6zsE0', 'PL2B56934CB5748395', '自私與自利（聖嚴法師-大法鼓 0471）', '我們常聽到人說，這個人太自私自利了，那麼究竟自私跟自利的意思有沒有什麼不同呢？人們該如何做才能夠避免變得自私自利呢？\r\n\r\n我們恭請聖嚴法師來為我們開示。\r\n\r\nhttp://www.dharmaschool.com/index.html');
INSERT INTO videos(vid, pid, title, description) VALUES('UtUYANxjq6I', 'PL2B56934CB5748395', '如何導人學佛而不被排斥（聖嚴法師-大法鼓 0472）', '聖嚴法師常常說：「佛法那麼好，知道的人那麼少，誤解的人卻那麼多」，在現代的社會環境裡，大多數的人都沒有學佛，很多的佛教徒，希望能夠用佛法來幫助他們，我們要請教聖嚴法師，對沒有學佛的人，我們該如何用佛法來幫助他們，而不會讓他們產生排斥跟抗拒的心理。\r\n\r\n我們恭請聖嚴法師來為我們開示。\r\n\r\nhttp://www.dharmaschool.com/index.html');
INSERT INTO videos(vid, pid, title, description) VALUES('63mElDq2dpA', 'PL2B56934CB5748395', '何謂常慚愧（聖嚴法師-大法鼓 0473）', '近代中國佛教界，有一位非常有名的高僧印光大師，他以「常慚愧僧」自居，那麼究竟常慚愧是什麼意思呢？\n我們恭請聖嚴法師來為我們開示。\n\nhttp://www.dharmaschool.com/index.html');
INSERT INTO videos(vid, pid, title, description) VALUES('U7WWjLtZATo', 'PL2B56934CB5748395', '寺院內為什麼掛木刻的魚（聖嚴法師-大法鼓 0474）', '有位居士寫信來說，他曾經到過一些寺院去參訪，看到寺院的齋堂外面，掛著一條木刻的魚。他覺得很納悶，因為寺院是吃素的，為什麼會在齋堂的外面掛一條木刻的魚呢？\r\n\r\n我們恭請聖嚴法師來為我們開示。\r\n\r\nhttp://www.dharmaschool.com/index.html');
INSERT INTO videos(vid, pid, title, description) VALUES('5HbNXzZakqA', 'PL2B56934CB5748395', '在家居士可著僧服嗎？（聖嚴法師-大法鼓 0475）', '我們知道出家人的衣服，鞋子在外型及式樣上與一般服飾不同，我們叫它僧服、僧鞋或者是羅漢褂、羅漢鞋，因為出家人的服裝寬鬆、舒服，有些在家居士也很喜歡穿，究竟在家居士是不是可以穿出家人的服裝跟鞋子呢？\r\n\r\n我們恭請聖嚴法師來為我們開示。\r\n\r\nhttp://www.dharmaschool.com/index.html');
INSERT INTO playlist(pid, cid, title, description) VALUES('PLF1B278E524A6DA2E','UCq2iefWrqW0W6Hic2xA1aDg', '大法鼓0426-0450', '');
INSERT INTO videos(vid, pid, title, description) VALUES('5oFQUWt4Qmc', 'PLF1B278E524A6DA2E', '如何面對缺水問題（聖嚴法師-大法鼓 0426）', '台灣地區每年一到冬天就會有缺水的問題，而且一年比一年嚴重。\r\n最近甚至在春夏季節也會發生缺水的問題，很多的農地因此休耕。\r\n甚至影響到民生跟工業用水，影響的範圍可以說是非常的廣。\r\n讓我們來請教聖嚴法師。我們究竟該如何來面對這個缺水的問題。\r\n\r\n更多線上課程：http://www.dharmaschool.com/index.html');
INSERT INTO videos(vid, pid, title, description) VALUES('0xv6FUx667A', 'PLF1B278E524A6DA2E', '如何減少垃圾量（聖嚴法師-大法鼓 0427）', '垃圾問題可以說是台灣地區民眾胸口永遠的痛。\r\n大家不斷地大量製造垃圾，但是卻又不同意垃圾場跟焚化爐，設立在自己家的附近。\r\n結果是垃圾愈來愈多，但是卻沒有辦法消化、處理。\r\n有人說台灣遲早會變成垃圾島。\r\n我們究竟該如何來面對這個垃圾問題，我們又如何做到垃圾減量呢？\r\n我們恭請恭請聖嚴法師來為我們開示。\r\n\r\n更多線上課程：http://www.dharmaschool.com/index.html');
INSERT INTO videos(vid, pid, title, description) VALUES('Yilx7lvJxnk', 'PLF1B278E524A6DA2E', '新年拜佛拜懺的意義（聖嚴法師-大法鼓 0428）', '很多的佛教徒平時很少到寺院去參加活動，但是在舊曆年的春節期間，\n特別是大年初一，卻很喜歡到寺院裡面去參加各種誦經、拜佛，或者是拜懺的法會活動。\n究竟新年的拜佛，拜懺具有什麼樣的意義和功能？\n我們恭請恭請聖嚴法師來為我們開示。\n\n更多線上課程：http://www.dharmaschool.com/index.html');
INSERT INTO videos(vid, pid, title, description) VALUES('KCCeocvpEBU', 'PLF1B278E524A6DA2E', '建立整潔的國際化都市（聖嚴法師-大法鼓 0429）', '台北市是一個逐漸邁向國際化的都市，但是我們可以看到仍然有很多的人不遵守交通規則。\r\n甚至隨地丟棄垃圾，隨地吐痰或者是吐檳榔汁，嚴重地影響到市容跟我們的國際形象。\r\n究竟我們該如何改善國人的生活習慣跟社會風氣，讓台北市成為一個真正整潔、乾淨又有秩序的國際化城市呢？\r\n我們恭請恭請聖嚴法師來為我們開示。\r\n\r\n更多線上課程：http://www.dharmaschool.com/index.html');
INSERT INTO videos(vid, pid, title, description) VALUES('wfuI3f9GXV0', 'PLF1B278E524A6DA2E', '考試可以作弊嗎（聖嚴法師-大法鼓 0430）', '台灣現在各大學院校中，作弊的風氣很盛。這會有非常不良的影響，但是卻有一些學生覺得作弊也不是什麼大不了的事。\r\n還有學生說這是因為學校的退學率太高，逼得他們不得不作弊。\r\n這樣的觀念對嗎？我們該如何來導正這種不良的風氣呢？\r\n我們恭請聖嚴法師來為我們開示。\r\n\r\n更多線上課程：http://www.dharmaschool.com/index.html');
INSERT INTO videos(vid, pid, title, description) VALUES('Vu-hQLJDigI', 'PLF1B278E524A6DA2E', '路不拾遺（聖嚴法師-大法鼓 0431）', '前一陣子報紙上有一則新聞說，有一位小姐撿到了價值八百萬元的珠寶，他將心比心地想，失主一定很著急， 於是就把東西交給了警方處理，但是他卻不願意接受媒體的採訪，因為他怕人家笑他太傻了，這顯示我們的社會的確充滿了貪婪的氣息。因此拾金不昧這樣的行為反而會被譏笑成為傻­子。這應該如何來導正呢？\n\n我們恭請聖嚴法師來為我們開示。\nhttp://www.dharmaschool.com/index.html');
INSERT INTO videos(vid, pid, title, description) VALUES('LwSi7KW3uQk', 'PLF1B278E524A6DA2E', '媒體的作用（聖嚴法師-大法鼓 0432）', '現在的傳播媒體，可以說是充滿著各類的資訊，在各種的新聞事實，報導也非常的詳盡，連犯罪的方法也加以詳細的解說，甚至在國外有二位檢查官，他們認為一般偵探小說裡所描述的犯罪方法並不正確，於是就自己動手寫了一本%「犯案指南」，把各種犯罪手法詳細的說明，那麼現在的傳播媒體跟出版界傳播這一類的資訊對社會是不是會產生負面的影響呢？\r\n\r\n我們恭請聖嚴法師來為我們開示。\r\n\r\nhttp://www.dharmaschool.com/index.html');
INSERT INTO videos(vid, pid, title, description) VALUES('g6_27J5jnUs', 'PLF1B278E524A6DA2E', '真的有鬼擋牆嗎（聖嚴法師-大法鼓 0433）', '不曉得您是不是有這樣的經驗，那就是開車經過某一些地區的時候，車子無論怎麼走都走不出去，而在一個固定的範圍裡面繞圈子，譬如說，辛亥隧道、自強隧道以及金陵的雨花台，都聽說過有這樣的情形，這種情形一般稱為鬼擋牆，那麼真的有鬼擋牆這回事嗎？如果不幸遇到了，又該如何面對和處理呢？\r\n\r\n我們恭請聖嚴法師來為我們開示。\r\n\r\nhttp://www.dharmaschool.com/index.html');
INSERT INTO videos(vid, pid, title, description) VALUES('Zw-1MlUF4-I', 'PLF1B278E524A6DA2E', '緊張環境中如何調整身心（聖嚴法師-大法鼓 0434）', '今天我們要來關心一下台北人的命運，不知道您曾不曾經看過這篇文章，這是刊載在報紙上的，它說生活在台北的人受環境的影響，心情緊張，所以容易造成小孩子氣喘、老人風濕、­女人抱怨、男人鬱悶的現象，那麼究竟身為一個台北人，該如何照顧自己的身心健康，又如何改善社會環境呢？\n\n我們恭請聖嚴法師來為我們開示。\nhttp://www.dharmaschool.com/index.html');
INSERT INTO videos(vid, pid, title, description) VALUES('KvNgODw-CnE', 'PLF1B278E524A6DA2E', '異國認養（聖嚴法師-大法鼓 0435)', '現在社會裡有一些自己沒有兒女，或是兒女數目少的父母，他因為有愛心，所以收養了膚色不同的外國小孩，譬如說中國人收養白人的小孩，或者是美國人收養黃種人或者黑人的小孩，因此當小孩子懂事之後，必然知道自己是養子或者是養女，也可能他所處的環境裡，所有的人的膚色都跟他不同，這對小孩子會不會造成適應上的困難呢？\r\n\r\n我們恭請聖嚴法師來為我們開示。\r\n\r\nhttp://www.dharmaschool.com/index.html');
INSERT INTO videos(vid, pid, title, description) VALUES('wdnnhP0_u1I', 'PLF1B278E524A6DA2E', '兒童性騷擾（聖嚴法師-大法鼓 0436）', '最近在報紙上常常可以看到，成人對兒童施暴的新聞，有的是祖父級的老人家， 對只有五、六歲的小女孩性騷擾，有的是父親對女兒，母親對兒子做出亂倫的行為，甚至還有老師對學生性騷擾的行為出現，為什麼成年人會對兒童做出性騷擾的行為。\r\n又該如何來防止這樣的事件一再的發生呢？\r\n\r\n我們恭請聖嚴法師來為我們開示。\r\n\r\nhttp://www.dharmaschool.com/index.html');
INSERT INTO videos(vid, pid, title, description) VALUES('Cliq2229C0s', 'PLF1B278E524A6DA2E', '家庭中的禮儀（聖嚴法師-大法鼓 0437）', '從小到大我們就常聽到，父母跟老師都教我們對人要有禮貌，「請」、「謝謝」跟「對不起」，這些禮貌用語要常常掛在口邊。\n但是在家庭裡，我們卻常常忽略了家人之間應有的禮儀，究竟在家裡父母跟子女以及親友間，是不是也要講求禮貌呢？\n\n我們恭請聖嚴法師來為我們開示。\nhttp://www.dharmaschool.com/index.html');
INSERT INTO videos(vid, pid, title, description) VALUES('woA_l8HfKc4', 'PLF1B278E524A6DA2E', '資訊發達與人際關係（聖嚴法師-大法鼓 0438）', '那麼目前電腦可以說是愈來愈普及了，而網路最近也相當流行，人們不用出門就可以完成很多的事情。在家裡可以上班工作，用傳真就可以購物，甚至於開會%可以在網路上完成，人與人之間的互動關係減少了，人際關係也漸漸的淡薄，那麼我們應該如何改善，因為電腦發達而使得愈來愈淡薄的人際關係呢？\r\n\r\n我們恭請聖嚴法師來為我們開示。\r\n\r\nhttp://www.dharmaschool.com/index.html');
INSERT INTO videos(vid, pid, title, description) VALUES('Iu9UOpwCDNo', 'PLF1B278E524A6DA2E', '未婚生子（聖嚴法師-大法鼓 0439）', '在目前的台灣社會，很多人都有良好的經濟條件，女性也不一定需要仰賴另一半生活，因此只要孩子不要夫子的觀念就跟著產生了。\r\n究竟未婚生子的觀念對孩子、對社會，乃至於對國家，會有什麼樣子的影響呢？\r\n\r\n我們恭請聖嚴法師來為我們開示。\r\n\r\nhttp://www.dharmaschool.com/index.html');
INSERT INTO videos(vid, pid, title, description) VALUES('u6hJ9w-I9qU', 'PLF1B278E524A6DA2E', '吃拜拜的意義（聖嚴法師-大法鼓 0440）', '依照台灣的民間習俗，遇到了，婚、喪、喜、慶、祭神，甚至是為了選舉常常會席開數百桌、數千桌，甚至是流水席不斷。\n這種舖張的宴客方式，對我們的社會跟國家，會有什麼樣的影響呢？\n我們又該如何改善，這樣的社會風氣呢？\n\n我們恭請聖嚴法師來為我們開示。\n\nhttp://www.dharmaschool.com/index.html');
INSERT INTO videos(vid, pid, title, description) VALUES('sC3KoNfdaSQ', 'PLF1B278E524A6DA2E', '賭博（聖嚴法師-大法鼓 0441）', '台灣的社會裡，賭博的風氣相當的盛行，各種大賭、小賭的事件，到處都可以看到。有的人賭博，輸掉了千萬的家財，有的人甚至賠掉了所有的產業，更連累自己的配偶跟子女，背負沈重的債務跟家庭責任，這樣的事情公平嗎？遇到了這樣的配偶跟父母，我們又該怎麼辦呢？\r\n\r\n我們恭請聖嚴法師來為我們開示。\r\n\r\nhttp://www.dharmaschool.com/index.html');
INSERT INTO videos(vid, pid, title, description) VALUES('9mn7bCyw_AU', 'PLF1B278E524A6DA2E', '什麼是最好的喪葬儀式（聖嚴法師-大法鼓 0442）', '世界各國的人，都有屬於自己特殊的喪葬禮儀，拿我們台灣做為例子，葬禮中通常會有西樂隊、花圈跟孝女哭墓等等，這樣的葬禮有什麼意義呢？\r\n有沒有一種理想的葬禮，既能夠利益亡者，也能夠安慰生者呢？\r\n\r\n我們恭請聖嚴法師來為我們開示。\r\n\r\nhttp://www.dharmaschool.com/index.html');
INSERT INTO videos(vid, pid, title, description) VALUES('XuPuHEXkH5o', 'PLF1B278E524A6DA2E', '合適的喪葬服裝（聖嚴法師-大法鼓 0443）', '過去台灣人在為至親的長輩舉辦喪禮的時候，穿著上一向沿襲中國古代披麻戴孝的習俗，甚至參加喪禮的人，也一律必須在手臂上繫上一大塊的白布來表示哀悼，究竟在喪禮中應該怎­麼穿，才是既莊嚴又合宜的呢？\n\n我們恭請聖嚴法師來為我們開示。\n\nhttp://www.dharmaschool.com/index.html');
INSERT INTO videos(vid, pid, title, description) VALUES('WBGf6Wf45GM', 'PLF1B278E524A6DA2E', '殺豬公的意義（聖嚴法師-大法鼓 0444）', '在台灣大多數的村鎮，每年都會舉辦謝平安，或者是作醮等祭神活動，在這一天裡，常會有大豬公的比賽，去年就曾經有一個村莊只有三百多戶的居民，卻殺了兩百多頭的大豬公，殺這麼多的大豬公來祭神，究竟有什麼樣的意義呢？\r\n\r\n我們恭請聖嚴法師來為我們開示。\r\n\r\nhttp://www.dharmaschool.com/index.html');
INSERT INTO videos(vid, pid, title, description) VALUES('B2QvYgrDEY4', 'PLF1B278E524A6DA2E', '火葬的好處（聖嚴法師-大法鼓 0445）', '在中國傳統的觀念裡，認為人過世以後，土葬是最好的。\r\n所以民間有「入土為安」的說法，但是自從佛教傳入中國以後，卻鼓勵民眾用火葬來處理遺體。那麼究竟火葬有什麼好處呢？\r\n\r\n我們恭請聖嚴法師來為我們開示。\r\n\r\nhttp://www.dharmaschool.com/index.html');
INSERT INTO videos(vid, pid, title, description) VALUES('b1iXLSogsGo', 'PLF1B278E524A6DA2E', '佛教藝術觀(書)（聖嚴法師-大法鼓 0446）', '在現代的一些文化出版品中，有的人用插畫或者是漫畫，甚至卡通的方式來描繪佛教人物，以及佛典的故事，好讓更多的人能夠認識佛教、瞭解佛教，也使得歷代佛教祖師的行儀能夠­以一種更輕鬆、更詼諧的方式展現出來，這種方式算不算弘法？ 會不會有不良的影響呢？\n我們恭請聖嚴法師來為我們開示。\n\nhttp://www.dharmaschool.com/index.html');
INSERT INTO videos(vid, pid, title, description) VALUES('ckwA5c_ulkg', 'PLF1B278E524A6DA2E', '佛教藝術觀(電視劇)（聖嚴法師-大法鼓 0447）', '現在有一些電視節目，非常喜歡以佛教的故事做為題材，譬如像釋迦牟尼佛、觀世音菩薩、濟顛禪師以及玄奘大師。\r\n這些佛教人物的故事，都被拍成單元劇或者是連續劇，為了增加收視率還配合許多神怪跟武打的劇情。 \r\n使得佛教人物變得十分神奇具有法術，或者成了武林的英雄， 這種方式對佛教會有什麼樣的影響呢？\r\n\r\n我們恭請聖嚴法師來為我們開示。\r\n\r\nhttp://www.dharmaschool.com/index.html');
INSERT INTO videos(vid, pid, title, description) VALUES('1T-n1jbyJs4', 'PLF1B278E524A6DA2E', '送紅蛋油飯的意義（聖嚴法師-大法鼓 0448）', '在台灣有一種習俗，那就是在訂婚的時候，男方要提供大量的喜餅，供女方分送給親戚朋友，而在小孩子滿月的時候，也要贈送紅蛋跟油飯，給街坊鄰里的熟人，這樣的習俗具有什麼意義呢？在今天還有繼續存在的價值嗎？\r\n我們恭請聖嚴法師來為我們開示。\r\n\r\nhttp://www.dharmaschool.com/index.html');
INSERT INTO videos(vid, pid, title, description) VALUES('P543hcjMlww', 'PLF1B278E524A6DA2E', '求職的陷阱（聖嚴法師-大法鼓 0449）', '每到了寒暑假就會有許多大專學生，或者是剛畢業的社會新鮮人，加入就業市場尋找工作。他們因為沒有經驗，常常會有被騙失身，或者是失財這些事情發生，當發生這類問題的時候­，他個人、他的家人該怎麼面對和調適，社會又該怎麼樣減少這類事件的發生呢？\n\n我們恭請聖嚴法師來為我們開示。\n\nhttp://www.dharmaschool.com/index.html');
INSERT INTO videos(vid, pid, title, description) VALUES('x2CTGdgMg34', 'PLF1B278E524A6DA2E', '民主觀念的建立（聖嚴法師-大法鼓 0450）', '從小到大，老師跟父母都不斷的教導我們，要少數服從多數，多數尊重少數。可是當個人的利益，跟社會的公益發生衝突的時候，我們常常會犧牲大我來完成小我。在這樣的社會風氣底下，我們的下一代又怎能夠建立，正確的民主觀念呢？\r\n\r\n我們恭請聖嚴法師來為我們開示。\r\n\r\nhttp://www.dharmaschool.com/index.html');
INSERT INTO playlist(pid, cid, title, description) VALUES('PL80330819345387E1','UCq2iefWrqW0W6Hic2xA1aDg', '大法鼓0401-0425', '');
INSERT INTO videos(vid, pid, title, description) VALUES('FRCU-2RT2LU', 'PL80330819345387E1', '海峽兩岸的佛教發展（聖嚴法師-大法鼓 0401）', '海峽兩岸的交流是日益增加。\r\n宗教團體到大陸做聖蹟巡禮的機會也相對的增加了。\r\n聖嚴法師長年在世界各地弘法，也去過中國大陸，參訪過許多的佛教聖蹟。\r\n究竟海峽兩岸的佛教發展方向有什麼差異呢？\r\n未來的發展是不是會趨向於一致？\r\n讓我們來請教聖嚴法師。\r\n\r\n更多線上課程：http://www.dharmaschool.com/index.html');
INSERT INTO videos(vid, pid, title, description) VALUES('mGp-oxUUCwY', 'PL80330819345387E1', '不懂佛經可以念佛經嗎（聖嚴法師-大法鼓 0402）', '很多的人初發心想學佛的時候，都會先從念誦佛經開始。\r\n但是佛經中的經文常常是非常深奧難懂的，又很不容易念誦。\r\n很多人因此就會萌生了退轉的心。\r\n不懂佛經中的意理，可不可以念佛經呢？\r\n念錯了有沒有罪過？\r\n讓我們來請教聖嚴法師。\r\n\r\n更多線上課程：http://www.dharmaschool.com/index.html');
INSERT INTO videos(vid, pid, title, description) VALUES('GCgfqDbDdE8', 'PL80330819345387E1', '在家眾如何受持五戒、菩薩戒（聖嚴法師-大法鼓 0403）', '很多的在家居士都知道，受戒可以說是功德殊勝。\r\n學佛的人理應受戒，發菩提心，行大悲願。\r\n但是不少人由於對不殺生，不飲酒，不邪淫這些戒律的定義跟範圍不太了解。\r\n遲遲不敢受戒。\r\n究竟在家居士應該如何受持五戒，跟菩薩戒這些戒律呢？\r\n\r\n我們恭請聖嚴法師來為我們開示。\r\n\r\n更多線上課程：http://www.dharmaschool.com/index.html');
INSERT INTO videos(vid, pid, title, description) VALUES('pZSu_fuKqJw', 'PL80330819345387E1', '個人如何建立正確的方向感（聖嚴法師-大法鼓 0404）', '有很多的人不知道自己該做什麼，目標是什麼。\n只知道要讀大學，念研究所，畢業要找一份工作維持生活。\n但是很少去仔細思考，自己為什麼要念書，為什麼而工作。\n這些種種與個人切身相關的問題。\n如何建立正確的方向感，做一個有方向感的人呢？\n我們恭請聖嚴法師來為我們開示。\n\n更多線上課程：http://www.dharmaschool.com/index.html');
INSERT INTO videos(vid, pid, title, description) VALUES('J1Kr0ZqTImc', 'PL80330819345387E1', '天災是上帝的懲罰嗎（聖嚴法師-大法鼓 0405）', '最近幾年來中國大陸跟美國東部都發生了水災，日本也發生了大地震。\r\n這些天災人禍接二連三的發生。\r\n有人說「這是上帝對不相信祂的人所做的懲罰」\r\n也有人說這是老天爺看人類生活的太過安逸，奢侈了，\r\n所以，給人類一點教訓\r\n那佛教對這一類的事件，有什麼樣的看法呢？\r\n我們恭請聖嚴法師來為我們開示。\r\n\r\n更多線上課程：http://www.dharmaschool.com/index.html');
INSERT INTO videos(vid, pid, title, description) VALUES('jOqH0ypEyCY', 'PL80330819345387E1', '說人家的閒話有什麼果報（聖嚴法師-大法鼓 0406）', '語言是人與人之間溝通的工具，也是破壞人際關係的殺手。\r\n有的人善用語言來建立良好的人際關係。\r\n也有的人喜歡捕風捉影四處的說長道短，批評別人。\r\n以佛法的觀點來看愛說別人閒話的人，會受到什麼樣的果報呢？\r\n我們恭請聖嚴法師來為我們開示。\r\n\r\n更多線上課程：http://www.dharmaschool.com/index.html');
INSERT INTO videos(vid, pid, title, description) VALUES('arPpojhe8Ys', 'PL80330819345387E1', '現在父母如何處理自己的積蓄（聖嚴法師-大法鼓 0407）', '做父母的人常常在擔心如果在生前把積蓄分配給子女，\r\n會造成子女之間的相互猜忌，以及對父母不孝等等的問題。\r\n如果死後再按遺囑分配遺產呢，又怕因為分配不均而使子女對簿公堂？\r\n那麼究竟現在的父母，應該如何處理自己的積蓄比較好呢？\r\n我們恭請聖嚴法師來為我們開示。\r\n\r\n更多線上課程：http://www.dharmaschool.com/index.html');
INSERT INTO videos(vid, pid, title, description) VALUES('t0hedJaRj3I', 'PL80330819345387E1', '死刑該不該廢除（聖嚴法師-大法鼓 0408）', '佛教徒相信天下沒有不能改變的壞人。\r\n如果能給犯錯的人一個改過向善的機會，這個人也許有可能會變成社會上的大善人。\r\n同時過去也有過死刑犯在更審之後被判無罪的例子。\r\n如果他已經被執行了死刑，那豈不是死得冤枉。\r\n究竟在今天的社會裡面，死刑是不是還應該保留呢？\r\n我們恭請聖嚴法師來為我們開示。\r\n\r\n更多線上課程：http://www.dharmaschool.com/index.html');
INSERT INTO videos(vid, pid, title, description) VALUES('fZ5pGBfX4Sg', 'PL80330819345387E1', '執行死刑的人有無業報（聖嚴法師-大法鼓 0409）', '大家都知道殺人是犯罪的行為，同時佛法認為殺人是很大的業報。\r\n但是執行死刑的人，是因為司法和工作上的需要而殺人。\r\n究竟他會受到什麼樣的因果報應呢？\r\n我們恭請聖嚴法師來為我們開示。\r\n\r\n更多線上課程：http://www.dharmaschool.com/index.html');
INSERT INTO videos(vid, pid, title, description) VALUES('CEcRoh61hvQ', 'PL80330819345387E1', '舍利子如何產生？佛教如何看待？（聖嚴法師-大法鼓 0410）', '有的人認為舍利子是高僧往生火化之後才會產生的。\r\n也有的人說舍利子是豆類製品吃得太多，在體內產生化學變化所產生的。\r\n舍利子究竟是如何產生的，佛教又如何看待舍利子？\r\n我們恭請聖嚴法師來為我們開示。\r\n\r\n更多線上課程：http://www.dharmaschool.com/index.html');
INSERT INTO videos(vid, pid, title, description) VALUES('c1Ruw4XiCIQ', 'PL80330819345387E1', '佛教如何看待民間喪葬習俗（聖嚴法師-大法鼓 0411）', '台灣一般民間信仰認為往生者的家屬要為亡者披麻戴孝、做七、做百日\r\n如果沒有做的話,就會對亡者產生種種不良的影響。\r\n家屬也沒有辦法得到亡者的庇佑。\r\n那麼從佛法的觀點來看，這些習俗有意義嗎？\r\n佛教是如何看待這一類的民間習俗的？\r\n我們恭請聖嚴法師來為我們開示。\r\n\r\n更多線上課程：http://www.dharmaschool.com/index.html');
INSERT INTO videos(vid, pid, title, description) VALUES('MODvmaeZkO4', 'PL80330819345387E1', '如何建立書香社會（聖嚴法師-大法鼓 0412）', '現在可以說是一個速食文化的時代。年輕人比較喜歡看漫畫看電影或者是看電視，而不太喜歡花太多的時間跟精力去閱讀書本。\r\n如果要他們詳細閱讀大部頭的書那幾乎是不可能的事。\r\n這使得一批批的好書，在出版之後又被送回倉庫，或者成為再生紙。\r\n我們要如何建立一個書香社會呢？\r\n我們恭請聖嚴法師來為我們開示。\r\n\r\n更多線上課程：http://www.dharmaschool.com/index.html');
INSERT INTO videos(vid, pid, title, description) VALUES('pK4Mq0Qc6Ds', 'PL80330819345387E1', '如何修行避免墮地獄（聖嚴法師-大法鼓 0413）', '很多人在親友過世之後，仍然念念不忘，常常會利用各種方法去跟亡者會面\n譬如說，請靈媒牽亡魂出來會談，或者是深入幽冥地府去探望\n回來之後，就把在地獄所見的景象描繪得淋漓盡致，好像地獄就在眼前\n佛教對地獄的看法如何呢？\n人們應該如何修行才能夠避免落入地獄呢？\n\n我們恭請聖嚴法師來為我們開示。\n\n更多線上課程：http://www.dharmaschool.com/index.html');
INSERT INTO videos(vid, pid, title, description) VALUES('bIn2LQeXQ_A', 'PL80330819345387E1', '絕症病人的心理建設（聖嚴法師-大法鼓 0414）', '隨著工商業的發展跟科技的進步，許多以前沒有的病症都出現了。\n譬如癌症、愛滋病等等，有些病症甚至根本沒有辦法可以治癒。\n患了絕症的人在面對生死大事的時候，該如何自我心理建設，來過完最後的日子呢\n家人跟朋友又該如何協助他們呢？\n我們恭請聖嚴法師來為我們開示。\n\n更多線上課程：http://www.dharmaschool.com/index.html');
INSERT INTO videos(vid, pid, title, description) VALUES('dfjGquiQMRk', 'PL80330819345387E1', '佛教對鬼壓身的看法（聖嚴法師-大法鼓 0415）', '很多人都有過這樣的經驗，在夜裡睡覺的時候，會感覺到有一股不知名的強大力量壓迫著他。\n好像是有一個人壓在他的身上，讓他全身都沒有辦法動彈，發不出聲音，甚至連呼吸都有點困難，這種現象民間稱為鬼壓身。\n真的有鬼會在半夜出來干擾別人的睡眠嗎？佛教對鬼壓身又有什麼樣的看法呢？\n我們恭請聖嚴法師來為我們開示。\n\n更多線上課程：http://www.dharmaschool.com/index.html');
INSERT INTO videos(vid, pid, title, description) VALUES('8zyzG5HGQO0', 'PL80330819345387E1', '如何有效排除抱怨解決問題（聖嚴法師-大法鼓 0416）', '人們因為彼此間接觸頻繁，因而產生了很多的摩擦跟不滿，抱怨的聲音也此起彼落的出現。\n因此如何能夠有效的排除抱怨，解決問題，已經成為現代每一個人都應該具備的修養。\n聽到了抱怨的聲音，我們應該抱著什麼樣心態和觀念呢？\n我們恭請聖嚴法師來為我們開示。\n\n更多線上課程：http://www.dharmaschool.com/index.html');
INSERT INTO videos(vid, pid, title, description) VALUES('jw11Q7i3Bmk', 'PL80330819345387E1', '如何維持家庭和諧（聖嚴法師-大法鼓 0417）', '在傳統的中國家庭裡，老一輩的人往往會有重男輕女的觀念。\r\n有些做父母則會特別寵愛長子或者是么女\r\n那麼究竟做父母的，該怎麼樣才能夠盡可能的公平對待子女。\r\n子女們又該如何自我調適，來維持家庭的和諧？\r\n我們恭請恭請聖嚴法師來為我們開示。\r\n\r\n更多線上課程：http://www.dharmaschool.com/index.html');
INSERT INTO videos(vid, pid, title, description) VALUES('eZz5qA7i940', 'PL80330819345387E1', '受刑人的重生（聖嚴法師-大法鼓 0418）', '面對出獄重生的受刑人，我們的社會、國家，\r\n甚至於我們每一個人，該如何幫助他們呢？\r\n我們恭請恭請聖嚴法師來為我們開示。\r\n\r\n更多線上課程：http://www.dharmaschool.com/index.html');
INSERT INTO videos(vid, pid, title, description) VALUES('d4snZ8RNayg', 'PL80330819345387E1', '成長營對逃學生的幫助（聖嚴法師-大法鼓 0419）', '很多做父母的專注於自己的工作，因而忽略了對孩子的管教。\n漸漸的孩子們開始逃學、逃家，有的乾脆就休學不讀書了。\n面對這樣的學生，法鼓山曾經跟台北縣政府合辦了給逃學學生的成長營。\n那麼這種成長營對逃學學生有什麼幫助呢？\n讓我們來請教聖嚴法師。\n\n更多線上課程：http://www.dharmaschool.com/index.html');
INSERT INTO videos(vid, pid, title, description) VALUES('LSq95ZJgGAo', 'PL80330819345387E1', '如何達成有效的溝通（聖嚴法師-大法鼓 0420）', '人與人之間常常因為個人主觀堅持,而形成了溝通跟相處上的障礙,甚至會影響到工作和家庭。\r\n但是有些人在溝通之後都會認為對方瞭解我的意思，所以他會改。\r\n而且一定要改才能夠跟我配合，那麼這種溝通的觀念對嗎。\r\n怎麼樣才能達成有效的溝通？\r\n我們恭請聖嚴法師來為我們開示。\r\n\r\n更多線上課程：http://www.dharmaschool.com/index.html');
INSERT INTO videos(vid, pid, title, description) VALUES('6ERmqVDI9YA', 'PL80330819345387E1', '跳蚤市場──如何建立正確的消費（聖嚴法師-大法鼓 0421）', '近年來，有人引進國外風行的跳蚤市場到國內來，提供二手物品的新出處，也增加了人們逛街的新去處。\r\n究竟跳蚤市場在台灣，能不能夠發展成一般的消費場所呢？\r\n我們又該如何建立正確的消費觀念呢？\r\n我們恭請聖嚴法師來為我們開示。\r\n\r\n更多線上課程：http://www.dharmaschool.com/index.html');
INSERT INTO videos(vid, pid, title, description) VALUES('04l_jNxdAxw', 'PL80330819345387E1', '從星期五餐廳顯示社會出問題（聖嚴法師-大法鼓 00422)', '最近出現一種稱為星期五餐廳的地方，專門吸引女性的消費者，一些有錢太太因為在家裡太無聊，或是因為先生經常不在家，就到星期五餐廳去找刺激，甚至有一些未婚的女性，也沉迷在星期五餐廳中，究竟星期五餐廳的存在顯示我們的社會出了什麼樣的問題呢？\r\n讓我們來恭請聖嚴法師為我們開示。');
INSERT INTO videos(vid, pid, title, description) VALUES('ScUUJqD9SHs', 'PL80330819345387E1', '自殺、殺人的因果關係（聖嚴法師-大法鼓 0423）', '有一名台灣商人在生意失敗後，逃到了國外。\r\n在沒有辦法承受失敗的壓力跟痛苦之下，他殺了家人，然後自殺。\r\n這個消息震驚了國內外，同時也讓我們聯想到，在這樣的情形之下。\r\n殺人者跟被殺害者之間，究竟存在什麼樣的因果關係呢？\r\n我們恭請聖嚴法師來為我們開示。\r\n\r\n更多線上課程：http://www.dharmaschool.com/index.html');
INSERT INTO videos(vid, pid, title, description) VALUES('HjAFCXTv2iI', 'PL80330819345387E1', '體罰適當嗎（聖嚴法師-大法鼓 0424）', '很多研究心理和教育的學者專家，經過長期研究之後都發現。\r\n體罰小孩會對孩子未來的人格發展，造成非常不好的影響。\r\n但是呢，國內仍然有不少家長和老師迷信「不打不成器」，仍然採用體罰的方式來管教孩子，體罰小孩究竟恰不恰當？\r\n我們恭請聖嚴法師來為我們開示。\r\n\r\n更多線上課程：http://www.dharmaschool.com/index.html');
INSERT INTO videos(vid, pid, title, description) VALUES('9zdHiYzbDNE', 'PL80330819345387E1', '青年創業的抉擇（聖嚴法師-大法鼓 0425）', '很多年輕人剛出社會就想自己當老闆，於是跟朋友合夥投資或者是做生意。\n有的時候是因為經驗不足生意失敗，有的時候卻是被朋友欺騙，導致負債累累,走投無路。\n在這樣子的情形下，該怎麼樣來面對跟解決呢？\n我們恭請恭請聖嚴法師來為我們開示。\n\n更多線上課程：http://www.dharmaschool.com/index.html');
INSERT INTO playlist(pid, cid, title, description) VALUES('PL4D523C98A6705827','UCq2iefWrqW0W6Hic2xA1aDg', '大法鼓0376-0400', '');
INSERT INTO videos(vid, pid, title, description) VALUES('YQ7ZtN17wHg', 'PL4D523C98A6705827', '佛教為何用「蓮華」做象徵（聖嚴法師-大法鼓 0376）', '佛教裡，經常會使用蓮花來做為譬喻，特別是介紹西方彌陀世界的時候用得最多，譬如說是「蓮池海會」、「觀音、勢至坐蓮台」、「九品蓮華為父母」以及「九品蓮邦」等等，甚至經典也有以蓮華來命名的，像是「妙法蓮華經」，為什麼佛教會用「蓮華」來做為象徵呢？\r\n\r\n\r\n我們恭請聖嚴法師來為我們開示\r\n\r\nhttp://www.dharmaschool.com/index.html');
INSERT INTO videos(vid, pid, title, description) VALUES('aJLxIjv--fw', 'PL4D523C98A6705827', '卍字的意義、功能及作用（聖嚴法師-大法鼓 0377）', '在佛教的經典、書籍和道場裡面，我們都常常可以看到這一個卍字，那麼卍字是什麼意思呢？它在佛教裡面，又具有什麼樣的功能跟作用呢？\r\n\r\n我們恭請聖嚴法師來為我們開示\r\n\r\nhttp://www.dharmaschool.com/index.html');
INSERT INTO videos(vid, pid, title, description) VALUES('i0c7scCjE6I', 'PL4D523C98A6705827', '在學學生學佛的影響（聖嚴法師-大法鼓 0378）', '國內學佛的風氣愈來愈盛行，大學校園裡面，也紛紛的設立了各種佛學社團，甚至舉辦佛學講座和禪修活動，有些家長開始擔心，這樣會不會影響到功課，學生會不會不念書跑去出家­了，在學學生學佛會有什麼樣的影響呢？\n\n\n我們恭請聖嚴法師來為我們開示\n\nhttp://www.dharmaschool.com/index.html');
INSERT INTO videos(vid, pid, title, description) VALUES('ZFXR8d-xPgs', 'PL4D523C98A6705827', '佛教對沖煞的看法（聖嚴法師-大法鼓 0379）', '佛教對沖煞的看法，前幾個月在報紙上，有一則新聞說到，有一位檢察官到殯儀館去驗屍，結果被沖到而暈倒了，也有一些朋友去參加喪禮或公祭，回家之後，如果人感覺有點不舒服，也說是被沖煞到了，佛教對沖煞有什麼看法呢？\r\n\r\n我們恭請聖嚴法師來為我們開示\r\n\r\nhttp://www.dharmaschool.com/index.html');
INSERT INTO videos(vid, pid, title, description) VALUES('IQu-vzCCUhM', 'PL4D523C98A6705827', '參加助念的蓮友要吃素嗎（聖嚴法師-大法鼓 0380）', '很多學佛的人，都希望在臨終之前，能夠聽到善知識的開示，同時有蓮友助念，使他能夠往生西方極樂世界，但是亡者的家屬以及參加助念的蓮友，常常為了是不是一定要吃素，而產生了很多的疑問，究竟參加助念的人，是不是要吃素呢？\r\n我們恭請聖嚴法師來為我們開示\r\n\r\nhttp://www.dharmaschool.com/index.html');
INSERT INTO videos(vid, pid, title, description) VALUES('Rc_2UWfp5bg', 'PL4D523C98A6705827', '佛像如何處理（聖嚴法師-大法鼓 0381）', '很多的佛教家庭常在家裡面供有佛像或者是菩薩像。\r\n遇到佛像損壞了或者是舊了\r\n或者是搬家沒有空間再可以供設佛像的時候\r\n常常不知道該如何來處理這些佛像，因而求助無門\r\n佛像究竟應該如何處理比較妥當呢？\r\n讓我們來請教聖嚴法師。\r\n\r\n更多線上課程：http://www.dharmaschool.com/index.html');
INSERT INTO videos(vid, pid, title, description) VALUES('V1G0O8hO63s', 'PL4D523C98A6705827', '出家人為什麼要削髮（聖嚴法師-大法鼓 0382）', '每一種宗教都有傳教師，而傳教師的生活形態，也因為個個宗教的教義不同而有所不同\r\n佛教的教義中指出慾望是痛苦的根源，因此主張要戒除五欲\r\n佛教的傳教師也就是一般所稱的和尚，更是過著獨身的出家生活\r\n但是為什麼佛教的出家人要削髮呢？\r\n讓我們來請教聖嚴法師。\r\n\r\n更多線上課程：http://www.dharmaschool.com/index.html');
INSERT INTO videos(vid, pid, title, description) VALUES('Qcm5nYxeXKY', 'PL4D523C98A6705827', '如何看待及處理「幸運函」（聖嚴法師-大法鼓 0383）', '很多的朋友呢都收過一封奇怪的信叫做幸運函\r\n信的內容不外是說明這一份幸運函的起源\r\n同時要求收信的人把這封信再影印二十份寄出，那麼近期之內就會有幸運的事降臨\r\n如果你撕掉或者是不處理的話，那麼就會有種種不幸的事要發生在你的身上\r\n聽說聖嚴法師也曾經收到過這樣的信\r\n讓我們來請教聖嚴法師。\r\n\r\n更多線上課程：http://www.dharmaschool.com/index.html');
INSERT INTO videos(vid, pid, title, description) VALUES('5hCxGZgkESg', 'PL4D523C98A6705827', '何謂八風（聖嚴法師-大法鼓 0384）', '也許您也聽說過這個故事，那就是宋朝的大文豪蘇東坡為了炫耀自己的修行功夫深厚。\r\n曾經作了一首詩說，稽首天中天，豪光照大千，八風吹不動，端坐紫金蓮。\r\n結果卻遭到佛印大師以放屁二個字嘲諷。\r\n那麼究竟八風指的是什麼呢？\r\n讓我們來請教聖嚴法師。\r\n\r\n更多線上課程：http://www.dharmaschool.com/index.html');
INSERT INTO videos(vid, pid, title, description) VALUES('B8i_CnfAz3A', 'PL4D523C98A6705827', '如何看待馬太效應（聖嚴法師-大法鼓 0385）', '基督教的聖經中有一句話說：凡是有的還要再加給他，叫他有餘。\r\n而沒有的，連他所有的也要奪過來。\r\n一些社會學家就把這種現象稱為馬太效應。\r\n那麼這種觀念跟我國傳統的濟弱扶傾，抑強扶弱的觀念是相違背的。\r\n我們應該如何來看待這種社會觀念呢？\r\n讓我們來請教聖嚴法師。\r\n\r\n更多線上課程：http://www.dharmaschool.com/index.html');
INSERT INTO videos(vid, pid, title, description) VALUES('DOOZdZZpQ-I', 'PL4D523C98A6705827', '佛教徒可否參與政治（聖嚴法師-大法鼓 0386）', '台灣佛教給人的感覺大都是遠離人群，在叢林裡面修行\r\n很少有入世問世的行為\r\n而這幾年以來，佛教在台灣積極從事各種入世教化的工作\r\n成為淨化人心淨化社會的一股清流\r\n因此很多人認為佛教徒可以從事各種社會慈善事業\r\n但是還是不適合參加政治性的活動\r\n究竟佛教徒可不可以參與政治\r\n佛教徒對於選舉活動又應該抱著什麼樣的態度呢？\r\n讓我們來請教聖嚴法師。\r\n\r\n更多線上課程：http://www.dharmaschool.com/index.html');
INSERT INTO videos(vid, pid, title, description) VALUES('0Qf0-5gqUAM', 'PL4D523C98A6705827', '如何關心青少年（聖嚴法師-大法鼓 0387）', '現在的青少年學生必須面對種種的壓力跟問題\r\n比如說是課業的壓力，家庭環境以及人際關係的問題等等\r\n有些青少年不知道該如何調適，因此有的就選擇了盲目的忍受\r\n有的選擇離家出走，有的甚至選擇了自殺\r\n為什麼他們會做這樣的選擇呢\r\n我們的心理輔導教育出現了什麼問題？又該如何調整呢？\r\n讓我們來請教聖嚴法師。\r\n\r\n更多線上課程：http://www.dharmaschool.com/index.html');
INSERT INTO videos(vid, pid, title, description) VALUES('qVGGk_RwJR4', 'PL4D523C98A6705827', '如何改善拜金的社會風氣（聖嚴法師-大法鼓 0388）', '現在的社會裡，很多的人不斷地向「錢」看，一味的追求物質享受\r\n而不顧法律和道德的約束\r\n甚至有人說：台灣現在是笑貧不笑娼\r\n為什麼拜金主義會這麼盛行呢\r\n我們又該如何來改善我們的社會風氣呢？\r\n讓我們來請教聖嚴法師。\r\n\r\n更多線上課程：http://www.dharmaschool.com/index.html');
INSERT INTO videos(vid, pid, title, description) VALUES('9gNbsoxmfAc', 'PL4D523C98A6705827', '親子關係中的金錢觀（聖嚴法師-大法鼓 0389）', '很多的父母一心投入工作，忙著賺錢養家，往往忽略了對孩子的照顧\r\n於是，家境比較富裕的，就以金錢物質來彌補孩子\r\n而家境比較差的，父母沒有辦法提供孩子比較好的物質生活，孩子們就覺得是父母對不起他\r\n讓他在同學面前抬不起頭來，以至於形成了現代青年價值觀念的偏差\r\n甚至影響到親子間的關係，如何幫助孩子建立正確的價值觀\r\n同時維持良好的親子關係呢？\r\n讓我們來請教聖嚴法師。\r\n\r\n更多線上課程：http://www.dharmaschool.com/index.html');
INSERT INTO videos(vid, pid, title, description) VALUES('-td6XRcEm_8', 'PL4D523C98A6705827', '什麼樣的供養是真供養（聖嚴法師-大法鼓 0390）', '有很多人一開始都會發大菩提心，要行菩薩行\r\n於是很積極的供養三寶，布施財物，做善事\r\n但是日子久了\r\n道心漸漸消退，煩惱升起，甚至開始譭謗三寶\r\n這樣的供養有功德嗎，要怎麼做才是真供養呢？\r\n讓我們來請教聖嚴法師。\r\n\r\n更多線上課程：http://www.dharmaschool.com/index.html');
INSERT INTO videos(vid, pid, title, description) VALUES('iKNtJWlfwMM', 'PL4D523C98A6705827', '佛法對教育環境的影響（聖嚴法師-大法鼓 0391）', '國內的教育在升學主義文憑至上的導引之下，傳統上都以填鴨的方式來教導學生，使得學生受到沉重的壓力跟心理負擔。佛法對於我們教育環境教育制度又能夠有什麼幫助呢？\r\n\r\n讓我們恭請聖嚴法師來為我們開示。\r\n\r\n更多線上課程：http://www.dharmaschool.com/index.html');
INSERT INTO videos(vid, pid, title, description) VALUES('98k7DnfYHis', 'PL4D523C98A6705827', '勞資雙方的相處之道（聖嚴法師-大法鼓 0392）', '有不少企業界的領導人認為：公司現在的局面是自己奠定的，事業是自己打拚出來的，財產是自己辛苦經營，甚至是承擔風險賺來的；而員工只是領他的薪水來幫他賺錢的人。\r\n這種觀念使得上下之間缺乏共識、離心離德，也使得企業沒有辦法健全成長。\r\n因此做一個企業領導人，應該具有什麼樣的心態跟觀念，\r\n又應該以什麼樣的方法來與員工相處，才能夠避免形成獨裁呢？\r\n讓我們來請教聖嚴法師。\r\n\r\n更多線上課程：http://www.dharmaschool.com/index.html');
INSERT INTO videos(vid, pid, title, description) VALUES('5bqgpq6uwP0', 'PL4D523C98A6705827', '企業經營者如何識人用人留人（聖嚴法師-大法鼓 0393）', '很多企業管理人，常常苦於找不到人才。\r\n卻又常常發生不能發掘人才，不能善用人才的情形。\r\n以致於人才不斷的流失，使得企業組織斷層，規模無法擴張。\r\n一個企業領導人，應該如何識人、用人跟留人，\r\n才能夠落實人盡其才的理念呢？\r\n讓我們來請教聖嚴法師。\r\n\r\n更多線上課程：http://www.dharmaschool.com/index.html');
INSERT INTO videos(vid, pid, title, description) VALUES('n0SJYwDyRcc', 'PL4D523C98A6705827', '老闆與員工間應如何相處（聖嚴法師-大法鼓 0394）', '很多的企業在每年農曆年前後，都會有人事流動的情形。\r\n有的人在領了年終獎金之後就申請離職。\r\n有的人不告而別，留下了一堆問題，讓公司主管頭疼。\r\n甚至有的勞資雙方關係破裂，恩斷義絕。\r\n究竟老闆跟員工之間應該如何相處，才能維持和諧的勞資關係？\r\n讓我們來請教聖嚴法師。\r\n\r\n更多線上課程：http://www.dharmaschool.com/index.html');
INSERT INTO videos(vid, pid, title, description) VALUES('iQlNAobYQE8', 'PL4D523C98A6705827', '抄寫佛經的意義（聖嚴法師-大法鼓 0395）', '很多的佛教徒，都把抄寫佛經當做是件非常神聖的事，認為可以積大功德。\r\n還有人把它當做是向佛許的願，有的人字寫得不好，還找人捉刀代筆。\r\n有的人寫前一定淨身，淨手，甚至注意種種的細節。\r\n究竟抄寫佛經有什麼意義，有什麼功德，\r\n又該注意到那些細節呢？\r\n讓我們來請教聖嚴法師。\r\n\r\n更多線上課程：http://www.dharmaschool.com/index.html');
INSERT INTO videos(vid, pid, title, description) VALUES('YjbaRboOO14', 'PL4D523C98A6705827', '如何關懷身旁的人和社區（聖嚴法師-大法鼓 0396）', '在這個複雜多變的工商社會裡，很多人都有一種，現在的人都自掃門前雪，不管他人瓦上霜的感覺。\r\n即使是自家門口有人打架兇殺，或者是隔壁有不良分子侵入滋事，也覺得是他家的事與我無關。\r\n最好呢，少管閒事，以策安全。\r\n在這樣社會環境裡，我們該如何增加社會大眾的危機意識，去關懷自己身旁的人以及自己所居住的社區呢？\r\n讓我們來請教聖嚴法師。\r\n\r\n更多線上課程：http://www.dharmaschool.com/index.html');
INSERT INTO videos(vid, pid, title, description) VALUES('xzQBCjW-vyg', 'PL4D523C98A6705827', '捨與得──如何培養能捨的胸襟（聖嚴法師-大法鼓 0397）', '一個人能把自己擁有的東西捨出去利益他人。\r\n這是一種智慧，也是一種慈悲的表現。\r\n但是在現在的社會裡，每個人都希望不斷的取，不斷的得，而且是愈多愈好。\r\n如果是要他把心愛的東西捐獻出去，那就好像是割他的肉一樣的痛苦。\r\n怎麼樣才能夠培養能捨的胸襟呢？\r\n讓我們來請教聖嚴法師。\r\n\r\n更多線上課程：http://www.dharmaschool.com/index.html');
INSERT INTO videos(vid, pid, title, description) VALUES('sMjG-t52YM8', 'PL4D523C98A6705827', '警眾偈的意義（聖嚴法師-大法鼓 0398）', '佛教寺院每天做課誦的時候，都會唱誦一個偈子。\r\n「是日已過，命亦隨減，如少水魚，斯有何樂」。\r\n這個偈子讓人感覺人生苦短，對生命的消逝充滿了無奈。\r\n唱念這樣的偈誦，有什麼作用呢？\r\n讓我們來請教聖嚴法師。\r\n\r\n更多線上課程：http://www.dharmaschool.com/index.html');
INSERT INTO videos(vid, pid, title, description) VALUES('ZBHxjEfVasA', 'PL4D523C98A6705827', '何謂四安（聖嚴法師-大法鼓 0399）', '法鼓山把民國八十四年訂為人品提昇年。提倡安心、安身、安家、安業。\r\n究竟什麼是安心、安身、安家跟安業呢？\r\n什麼樣的人需要安心、安身、安家跟安業呢？\r\n又怎麼樣才能夠做到這四項呢？\r\n讓我們來請教聖嚴法師。\r\n\r\n更多線上課程：http://www.dharmaschool.com/index.html');
INSERT INTO videos(vid, pid, title, description) VALUES('IaQJtG5rKdw', 'PL4D523C98A6705827', '從佛法觀點看真有財神爺嗎（聖嚴法師-大法鼓 0400）', '在現在的社會裡也有人拜財神爺，祈求福財雙至心想事成。\r\n從佛法的觀點來看真的有財神爺嗎\r\n拜財神爺真的可以財源滾滾嗎？\r\n讓我們來請教聖嚴法師。\r\n\r\n更多線上課程：http://www.dharmaschool.com/index.html');
INSERT INTO playlist(pid, cid, title, description) VALUES('PL5666EDB34661BFE1','UCq2iefWrqW0W6Hic2xA1aDg', '大法鼓0351-0375', '');
INSERT INTO videos(vid, pid, title, description) VALUES('wGNUF0kSUZQ', 'PL5666EDB34661BFE1', '佛教在那一國最興盛（聖嚴法師-大法鼓 0351）', '佛教是世界三大宗教之一，在台灣、日本、泰國跟尼泊爾國家，\r\n信仰佛教的人都相當的多，放眼天下，究竟佛教在那一個國家最興盛。\r\n\r\n\r\n我們恭請聖嚴法師來為我們開示\r\n\r\nhttp://www.dharmaschool.com/index.html');
INSERT INTO videos(vid, pid, title, description) VALUES('ErsBNRVZzRQ', 'PL5666EDB34661BFE1', '怎樣判斷那一部經典是最好的（聖嚴法師-大法鼓 0352）', '幾乎每一部佛經都聲稱，自己是最好的一部經典，\r\n常常讓學佛的人在誦經、閱讀的時候心生懷疑\r\n究竟那一部經才是最好的呢？對一個學佛的人來說，\r\n怎麼樣才能判斷那一部經典才是最好的呢？\r\n\r\n我們恭請聖嚴法師來為我們開示\r\n\r\nhttp://www.dharmaschool.com/index.html');
INSERT INTO videos(vid, pid, title, description) VALUES('px_t2vgNbUw', 'PL5666EDB34661BFE1', '出家的時機（聖嚴法師-大法鼓 0354）', '有的人小的時候，常常到寺院走動，久而久之，就萌生起出家的念頭\r\n但是受到現實環境的限制以及家庭的牽絆，往往會猶豫不決\r\n那麼究竟什麼樣的因緣情況最適合出家呢？\r\n\r\n我們恭請聖嚴法師來為我們開示\r\n\r\nhttp://www.dharmaschool.com/index.html');
INSERT INTO videos(vid, pid, title, description) VALUES('QiRnaVojKD8', 'PL5666EDB34661BFE1', '滿招損,謙受益（聖嚴法師-大法鼓 0355）', '俗語說「滿招損,謙受益」，但是，有時候過分的謙虛，反而被人認為是虛偽\r\n同時在這個講究「自我推銷的時代」， 謙虛真的能夠受益嗎？\r\n\r\n我們恭請聖嚴法師來為我們開示\r\n\r\nhttp://www.dharmaschool.com/index.html');
INSERT INTO videos(vid, pid, title, description) VALUES('QOC8z90myBg', 'PL5666EDB34661BFE1', '真的能放下屠刀立地成佛（聖嚴法師-大法鼓 0356）', '佛經中說，一個人只要是能夠稱念阿彌陀佛的名號，仰仗阿彌陀佛的救度，\r\n雖然曾經造過大惡業，也能夠往生西方極樂世界，那麼如果有一個人，\r\n生平惡事做盡，只因為他在臨死以前，發願往生西方淨土，他就因此而能夠往生西方去嗎？ 難道他不用再接受惡報嗎？\r\n\r\n我們恭請聖嚴法師來為我們開示\r\n\r\nhttp://www.dharmaschool.com/index.html');
INSERT INTO videos(vid, pid, title, description) VALUES('zKdWEFkxSfc', 'PL5666EDB34661BFE1', '佛法如何看性別歧視（聖嚴法師-大法鼓 0357）', '有一種說法，那就是如果讓女人出家，正法住世的時間，將會減少五百年，\r\n那麼，在現在這個女權高漲的時代，無論是工作、家庭各方面都要求男女平等，\r\n這種說法是不是會被看成是一種性別歧視呢？\r\n\r\n我們恭請聖嚴法師來為我們開示\r\n\r\nhttp://www.dharmaschool.com/index.html');
INSERT INTO videos(vid, pid, title, description) VALUES('YnxNJ1P5gaI', 'PL5666EDB34661BFE1', '溫柔的慈悲特別節目（一）（聖嚴法師-大法鼓 0358）', '經常會有不少的信眾，請問聖嚴法師，\r\n為什麼要那麼辛苦的建設法鼓山，為了要讓您了解法鼓山的理念，他的近況和未來的遠景， 製作單位特別精心製作這個特別節目－ 「溫柔的慈悲」\r\n我們要一連為您播出三集，希望能夠幫助您更了解聖嚴法師的理念，以及法鼓山未來的發展。\r\n\r\n我們恭請聖嚴法師來為我們開示\r\n\r\nhttp://www.dharmaschool.com/index.html');
INSERT INTO videos(vid, pid, title, description) VALUES('6-ccKHhRTyw', 'PL5666EDB34661BFE1', '溫柔的慈悲特別節目（二）（聖嚴法師-大法鼓 0359）', '我們要來看第二集，身為一個人間比丘，聖嚴法師有教無類，循序漸進的化導眾生，身處二十世紀的文明世界，聖嚴法師將佛法與現代人的生活融合，指導社會大眾如何藉著禪修，開創清淨積極智慧的人生，懷抱正法化世的悲願，聖嚴法師辛苦培養弘法人才，寄望佛教能夠世世代代常駐人間。\r\n\r\n我們恭請聖嚴法師來為我們開示\r\n\r\nhttp://www.dharmaschool.com/index.html');
INSERT INTO videos(vid, pid, title, description) VALUES('r7sMyuHSmjU', 'PL5666EDB34661BFE1', '溫柔的慈悲特別節目（三）（聖嚴法師-大法鼓 0360）', '溫柔的慈悲，我們要一連為您播出三集\r\n希望能夠讓您更瞭解，聖嚴法師的理念以及法鼓山未來的發展\r\n我們要看最後一集，法師的禪修教育，除了出現在他所引導的修行活動上\r\n更化做優雅的文章，傳揚在廣闊的文明世界中，民國六十九年成立了東初出版社\r\n發行佛學叢書、法鼓雜誌及人生雜誌等\r\n\r\n\r\nhttp://www.dharmaschool.com/index.html');
INSERT INTO videos(vid, pid, title, description) VALUES('4Uc2bi7AXv0', 'PL5666EDB34661BFE1', '佛教如何看待器官捐贈（聖嚴法師-大法鼓 0361）', '佛教界有一種說法，認為人死亡以後，八到十二小時之內，最好不要碰觸死者的身體，以免增加他的痛苦，甚至影響他未來上昇佛國淨土，或者是投生善道， 這種想法對於器官捐贈的倡導，是不是會產生阻力呢？\r\n\r\n我們恭請聖嚴法師來為我們開示\r\n\r\nhttp://www.dharmaschool.com/index.html');
INSERT INTO videos(vid, pid, title, description) VALUES('Wu47Z3WbiNs', 'PL5666EDB34661BFE1', '隨喜的意義（聖嚴法師-大法鼓 0362）', '您是不是聽說過隨喜這兩個字呢？這兩個字在佛教界用得很多，常常有人說： 「我隨喜一下」、 「請您也來隨喜做某件事」，我們也常聽佛教徒說：「隨喜就有功德」究竟隨喜是什麼意思呢？\r\n\r\n我們恭請聖嚴法師來為我們開示\r\n\r\nhttp://www.dharmaschool.com/index.html');
INSERT INTO videos(vid, pid, title, description) VALUES('BXYbfkn7VnY', 'PL5666EDB34661BFE1', '老人社會如何減輕年輕人的負擔（聖嚴法師-大法鼓 0363）', '現在社會裡，有一些高級知識分子，或者是能力收入都不錯的人，卻不願意結婚\r\n希望做個快樂的單身貴族，或者是當個結婚不生子的頂克族，如果這種情況繼續發展下去，未來的社會將會出現老人多而年輕人少的趨勢，老人問題也會因此變得很嚴重，在一個老人比較多的社會裡，怎麼解決或者是減輕年輕人的負擔呢？\r\n\r\n我們恭請聖嚴法師來為我們開示\r\n\r\nhttp://www.dharmaschool.com/index.html');
INSERT INTO videos(vid, pid, title, description) VALUES('5eEeysm7E6U', 'PL5666EDB34661BFE1', '對亡者最有利的開示為何（聖嚴法師-大法鼓 0364）', '今天我們要來談一個比較嚴肅的話題，常常在火葬場，我們可以看到在亡者即將被火化的時候，家屬會對亡者說：快走！火快要燒到你了等等這類的話，這類行為究竟妥不妥當呢？我們應該怎麼樣做，才是對亡者最好的呢？\r\n\r\n我們恭請聖嚴法師來為我們開示\r\n\r\nhttp://www.dharmaschool.com/index.html');
INSERT INTO videos(vid, pid, title, description) VALUES('yLHLxaioflc', 'PL5666EDB34661BFE1', '打坐可以代替念佛助念嗎（聖嚴法師-大法鼓 0365）', '有的人很喜歡打坐，甚至連往生之前，仍然希望有善知識開示他，如何以打坐方式取代念佛，而往生佛國或者是善道，如果我們周圍也有這樣的人，我們該怎麼幫助他呢？\r\n\r\n\r\n我們恭請聖嚴法師來為我們開示\r\n\r\nhttp://www.dharmaschool.com/index.html');
INSERT INTO videos(vid, pid, title, description) VALUES('g7bA1kWENY8', 'PL5666EDB34661BFE1', '皈依前的心理準備（聖嚴法師-大法鼓 0366）', '有的人以為皈依佛、法、僧三寶以前，必須要有一定的學佛基礎，皈依以後就一定要吃素，一定要受五戒，甚至要不苟言笑，一切的言行舉止，乃至於起心動念都要有很高的標準，因此遲遲不敢皈依。\r\n\r\n我們恭請聖嚴法師來為我們開示\r\n\r\nhttp://www.dharmaschool.com/index.html');
INSERT INTO videos(vid, pid, title, description) VALUES('owMd8fxzOnk', 'PL5666EDB34661BFE1', '佛法如何看待逢九不吉（聖嚴法師-大法鼓 0367）', '在我們民間有一種習俗，認為逢九不吉，不論是婚姻、事業各方面，只要遇到九、十九、二十九或是三十九等等，逢九的年齡，在那一年一定流年不利、諸事不順？\r\n\r\n我們恭請聖嚴法師來為我們開示\r\n\r\nhttp://www.dharmaschool.com/index.html');
INSERT INTO videos(vid, pid, title, description) VALUES('kTytXsZQpGk', 'PL5666EDB34661BFE1', '老年生涯的第二春（聖嚴法師-大法鼓 0368）', '我們常說：夕陽無限好，只是近黃昏。但是，聖嚴法師卻說：夕陽無限好，不是近黃昏。這句話當然是用來勉勵年紀大的人，未來還有無限的希望，不必灰心氣餒。但是怎麼能夠在又老又病又力不從心的年紀，還感到有無限的光明前程就在自己的面前呢？\r\n\r\n我們恭請聖嚴法師來為我們開示\r\n\r\nhttp://www.dharmaschool.com/index.html');
INSERT INTO videos(vid, pid, title, description) VALUES('aqV6-Gf8TGA', 'PL5666EDB34661BFE1', '佛教禮節（聖嚴法師-大法鼓 0369）', '有些人平常沒有機會，學習佛教的禮節，但是心裡卻很希望到佛教的寺院中去，拜拜佛或者是參加一些修行活動，也就因為自己不知道，進入寺院該怎麼做，才合乎禮節，所以一直遲遲不敢到佛寺去，我們就來請教聖嚴法師，到佛教寺院中應該遵守什麼規矩，才不會失禮呢？\r\n\r\n\r\n我們恭請聖嚴法師來為我們開示\r\n\r\nhttp://www.dharmaschool.com/index.html');
INSERT INTO videos(vid, pid, title, description) VALUES('5oz7RFpJLZQ', 'PL5666EDB34661BFE1', '學佛的人為何女眾比男眾多（聖嚴法師-大法鼓 0370）', '如果您經常參加佛教的活動，您或許已經發現了，幾乎絕大部分的時候，絕大部分的場合，女性參與活動的人數要遠遠的超過男性，除了女性可能因為時間比較空閒以外，是不是還有什麼其他的原因，使得信佛的女士比男士多呢？\r\n\r\n\r\n我們恭請聖嚴法師來為我們開示\r\n\r\nhttp://www.dharmaschool.com/index.html');
INSERT INTO videos(vid, pid, title, description) VALUES('9DDE50XU6sg', 'PL5666EDB34661BFE1', '自然食物（聖嚴法師-大法鼓 0371）', '現在在全世界各地，幾乎都有人在提倡自然健康素食，他們強調新鮮自然沒有烹煮過的素食，給人體健康比較有幫助，這種以生鮮素食取代肉食跟熟食的飲食觀\r\n是不是正確呢？\r\n\r\n我們恭請聖嚴法師來為我們開示\r\n\r\nhttp://www.dharmaschool.com/index.html');
INSERT INTO videos(vid, pid, title, description) VALUES('WkqStP9qB7k', 'PL5666EDB34661BFE1', '佛教徒可以使用皮革製品（聖嚴法師-大法鼓 0372）', '我們要來談一談佛教徒，可不可以使用皮革製品，我們都知道佛教是強調戒殺、放生的宗教，所以有一些佛教徒避免使用皮革製品，像是皮鞋、皮帶、皮夾等等，但是有的時候還是很難完全不使用皮革製品，因此，往往造成內心的不安到底佛教徒是不是應該，完全戒絕使用皮革製品呢？\r\n\r\n我們恭請聖嚴法師來為我們開示\r\n\r\nhttp://www.dharmaschool.com/index.html');
INSERT INTO videos(vid, pid, title, description) VALUES('biXgZXA6jyo', 'PL5666EDB34661BFE1', '如何開發內心的智慧和慈悲（聖嚴法師-大法鼓 0373）', '聖嚴法師常說，無論外在的環境如何惡劣，我們的內心是無限的寬廣，有無窮的智慧，無盡的慈悲，這句話聽起來容易，做起來可是不簡單，讓我們請教聖嚴法師，我們應該如何開發，我們內在的智慧跟慈悲呢？\r\n\r\n\r\n我們恭請聖嚴法師來為我們開示\r\n\r\nhttp://www.dharmaschool.com/index.html');
INSERT INTO videos(vid, pid, title, description) VALUES('zYy6XZyVWbQ', 'PL5666EDB34661BFE1', '為何好人會遭受惡報（聖嚴法師-大法鼓 0374）', '翻開報紙，我們常常會看到綁架、勒贖的新聞，我們也看到有的人被毆打、凌辱，有的人被殺害，有的人被分屍之後棄之荒野，那這些人大都是好人，也沒有做過什麼罪大惡極的事情，我們都知道善有善報、惡有惡報，那為什麼好人卻會遭到這麼可怕的惡報呢？\r\n\r\n我們恭請聖嚴法師來為我們開示\r\n\r\nhttp://www.dharmaschool.com/index.html');
INSERT INTO videos(vid, pid, title, description) VALUES('OUUiE5yBYTs', 'PL5666EDB34661BFE1', '出家人有無感情生活（聖嚴法師-大法鼓 0375）', '今天我們要來談一談，出家人的感情生活，有人說出家人離開了家庭，離開了父母、親友，所以不需要有感情，又有人說出家人不結婚，也沒有兒女，所以不懂什麼是感情，出家人真的不懂感情也沒有感情生活嗎？\r\n\r\n我們恭請聖嚴法師來為我們開示\r\n\r\nhttp://www.dharmaschool.com/index.html');
INSERT INTO videos(vid, pid, title, description) VALUES('fNbtGhvToek', 'PL5666EDB34661BFE1', '如何維繫新的家庭（聖嚴法師-大法鼓 0353）DVD', '今天我們要來談一談如何維繫一個新成立的家庭，俗語說有錢沒錢討個老婆好過年\n，每逢年關將近的時候也就進入結婚的旺季，許多青年男女在論及婚嫁的時候，大都希望趕在年前，舉辦一個莊嚴、神聖的婚禮，但更重要的是要如何建立和維繫一個新成立的家庭，讓我們恭請 聖嚴法師來為我們開示。\n\n更多線上課程：https://www.youtube.com/user/DDMTV01');
INSERT INTO playlist(pid, cid, title, description) VALUES('PL8923B7EC78952057','UCq2iefWrqW0W6Hic2xA1aDg', '大法鼓0326-0350', '');
INSERT INTO videos(vid, pid, title, description) VALUES('QKb_tjSQNzM', 'PL8923B7EC78952057', '痛和苦的區分（聖嚴法師-大法鼓 0326）', '有一位老法師得到癌症躺在病床上，偶爾會發出呻吟的聲音\r\n他的徒弟就問他，師父,您會痛嗎？　老法師說：好痛喔！　\r\n徒弟就說：師父，您不是解脫了嗎？怎麼還會痛呢？\r\n老法師回答說：空就是空，痛就是痛。\r\n的確，即使是一位修行的老和尚仍然不能擺脫身體的痛。\r\n\r\n\r\n\r\n更多線上課程：http://www.dharmaschool.com/index.html');
INSERT INTO videos(vid, pid, title, description) VALUES('tJFHo--6VE4', 'PL8923B7EC78952057', '感性和理性的調和（聖嚴法師-大法鼓 0327）', '人既然是有情眾生，就免不了帶有情緒和感情，感性未必全然不好但是也未必都是好的，那麼在佛法的修行上，有什麼方法可以達成感性和理性的調和呢？\r\n我們現在就請聖嚴法師來為我們開示\r\n\r\n更多線上課程：http://www.dharmaschool.com/index.html');
INSERT INTO videos(vid, pid, title, description) VALUES('KO8TtGUi_Zg', 'PL8923B7EC78952057', '從飛碟談佛教的宇宙觀（聖嚴法師-大法鼓 0328）', '我們要從飛碟來談佛教的宇宙觀，飛碟跟不明飛行物是不是真的存在\r\n長期以來，就是相當令人好奇的話題，最近外國媒體宣稱要把一九四七年\r\n羅茲威爾飛碟墜落事件，美國軍方解剖外星人遺體的錄影帶公諸於世，\r\n更掀起了國人對幽浮、飛碟跟外星人空前的關注，真有天外有天，人外有人這樣的事嗎？　我們恭請聖嚴法師來為我們開示\r\n\r\n更多線上課程：http://www.dharmaschool.com/index.html');
INSERT INTO videos(vid, pid, title, description) VALUES('i8bRnpT6diw', 'PL8923B7EC78952057', '供養的真諦（聖嚴法師-大法鼓 0329）', '在市場邊，在香火鼎盛的寺廟旁，或者在知名法師大行弘法的活動場所\r\n我們常會看到很多出家人列隊向眾人托缽化緣，雖然布施供養是佛教徒的本分\r\n但是有時候也會不勝其擾，那麼我們就請聖嚴法師來闡釋供養的真諦究竟是什麼？\r\n\r\n更多線上課程：http://www.dharmaschool.com/index.html');
INSERT INTO videos(vid, pid, title, description) VALUES('uIqm12coroQ', 'PL8923B7EC78952057', '藉佛法之名促銷的商業行為（聖嚴法師-大法鼓 0330）', '有些商人藉著最近學佛風氣的興盛，把商品佛教化，甚至盜用一些知名法師的名義來廣為宣傳，像是某某大師加持的某一種東西，可以為我們消災解厄等等\r\n大幅商品廣告在報章雜誌上，時時可以看見，那麼我們來請教聖嚴法師，對這樣的商業行為，他的看法如何？\r\n\r\n\r\n更多線上課程：http://www.dharmaschool.com/index.html');
INSERT INTO videos(vid, pid, title, description) VALUES('AkOF9L9UmSo', 'PL8923B7EC78952057', '大鴨小鴨故事的寓意（聖嚴法師-大法鼓 0331）', '聖嚴法師常常說，大鴨游出大路來，小鴨游出小路來的故事\r\n那麼這個故事究竟有什麼涵意呢？恭請聖嚴法師來告訴我們\r\n\r\n更多線上課程：http://www.dharmaschool.com/index.html');
INSERT INTO videos(vid, pid, title, description) VALUES('nE-kGsLhWYs', 'PL8923B7EC78952057', '慈悲在戰爭中的發揮（聖嚴法師-大法鼓 0332）', '在很多的國家裡男孩子都必須當兵。\r\n當雙方交戰衝鋒陷陣的時候，不是你死就是我活。\r\n在這個生死交關的當頭，沒有任何選擇的餘地。\r\n聖嚴法師曾經當過兵。我們就請法師以過來人的經驗，告訴我們如何處理這樣的問題。\r\n\r\n更多線上課程：http://www.dharmaschool.com/index.html');
INSERT INTO videos(vid, pid, title, description) VALUES('PUdlvdhlcxQ', 'PL8923B7EC78952057', '大學生如何慎選宗教指導人（聖嚴法師-大法鼓 0333）', '隨著學佛風氣的日盛，大學生的修行活動也不落人後。\r\n各種學佛社團紛紛設立，雖然為這動盪不安的社會注入了另一股清流，\r\n但是也因為對佛法缺乏正確的認識，難免會有一些依附佛法的外道乘機介入，\r\n而引發誤入歧途的危險。那麼，我們現在就請聖嚴法師來為我們分析\r\n如何慎選佛學的指導人。\r\n\r\n更多線上課程：http://www.dharmaschool.com/index.html');
INSERT INTO videos(vid, pid, title, description) VALUES('JXPiCUOizWs', 'PL8923B7EC78952057', '女眾的修行方法（聖嚴法師-大法鼓 0334）', '中國的社會呢，一向是重男輕女的。\r\n而在佛教也有相同的問題，認為女人的業障比男人重。\r\n甚至有女人比男人少修了五百年的說法。真的是這樣子嗎？\r\n讓我們來請教聖嚴法師。\r\n\r\n更多線上課程：http://www.dharmaschool.com/index.html');
INSERT INTO videos(vid, pid, title, description) VALUES('iEY6gvOUgVw', 'PL8923B7EC78952057', '發心的真義（聖嚴法師-大法鼓 0335）', '您是不是常聽到這樣的話「能不能請您發心，謝謝您的發心，或者是您好發心哦」\r\n那麼這些都是佛教徒常用的詞彙。他們究竟發的是什麼心呢？又為了什麼而發心呢？\r\n讓我們來請教聖嚴法師。\r\n\r\n更多線上課程：http://www.dharmaschool.com/index.html');
INSERT INTO videos(vid, pid, title, description) VALUES('RDhafdKXyQ0', 'PL8923B7EC78952057', '創作與修行（聖嚴法師-大法鼓 0336）', '我們都知道文學、藝術、創作，是為了求真、求善跟求美，而佛法的修行，講究的是信、願、行，聖嚴法師是一位具有博士學位的出家人，又是一位擁有五十多本著作的作家，我們現在就請聖嚴法師為我們開示，「如何開創創作與修行，並進的人生道路」。\r\n\r\nhttp://www.dharmaschool.com/index.html');
INSERT INTO videos(vid, pid, title, description) VALUES('uJukSvKWB0s', 'PL8923B7EC78952057', '出了家真的忘了家嗎（聖嚴法師-大法鼓 0337）', '每個人都擔負有家庭跟社會的責任，而佛教界盛行一句話，說出了家忘了家，意思是指出家人，不管俗家的事情，可是當俗家發生了任何問題的時候，出家人該怎麼辦呢？\r\n\r\n我們恭請聖嚴法師來為我們開示\r\n\r\nhttp://www.dharmaschool.com/index.html');
INSERT INTO videos(vid, pid, title, description) VALUES('nbjiupBMoKA', 'PL8923B7EC78952057', '反省與改正（聖嚴法師-大法鼓 0338）', '子曰「吾日三省吾身」，一個人無論在待人處世，或者是行、住、坐、臥間，都需要時時反省，隨時檢討並且改正，但是怎麼樣能夠做到時時反省、自我改正，而又避免矯枉過正呢？\r\n\r\n我們恭請聖嚴法師來為我們開示\r\nhttp://www.dharmaschool.com/index.html');
INSERT INTO videos(vid, pid, title, description) VALUES('TJj-Zxp1lKI', 'PL8923B7EC78952057', '心淨國土淨（聖嚴法師-大法鼓 0339）', '佛經上說心淨國土淨，那麼一般人都會直接反應，這個淨是指安靜的靜，那麼究竟是清淨的淨還是安靜的靜呢？又為什麼是心裡清淨，國土就清淨，而不是心裡安靜國土就清淨呢？\r\n\r\n我們恭請聖嚴法師來為我們開示\r\nhttp://www.dharmaschool.com/index.html');
INSERT INTO videos(vid, pid, title, description) VALUES('03QKvoWxO2E', 'PL8923B7EC78952057', '佛教徒的愛國心（聖嚴法師-大法鼓 0340）', '一般人常常以為佛教徒是消極的，不過問俗事、不干涉政治，甚至不關心國家大事和世界大事，佛教徒只重視個人的誦經、拜佛等修行生活，即使是天塌下來，世界大戰發生也與他無關，那麼究竟佛教徒，有沒有愛國心呢？佛教徒又該如何適度表現他的愛國心呢？\r\n\r\n我們恭請聖嚴法師來為我們開示\r\nhttp://www.dharmaschool.com/index.html');
INSERT INTO videos(vid, pid, title, description) VALUES('fQiisYHGlqs', 'PL8923B7EC78952057', '辦公室的相處之道（聖嚴法師-大法鼓 0341）', '在瞬息萬變，價值觀念混淆的社會，人心越來越茫然不安，尤其是在一個小的空間之內，譬如同一間辦公室的同事，常常會因為彼此間互動的關係，造成相互間的爭執、猜疑和妒忌，影響彼此的和諧，讓我們恭請聖嚴師父為我們開示，在辦公室內大家應該如何相處？\r\n\r\n我們恭請聖嚴法師來為我們開示\r\nhttp://www.dharmaschool.com/index.html');
INSERT INTO videos(vid, pid, title, description) VALUES('K42LVF9ZI2I', 'PL8923B7EC78952057', '主管與員工的相處之道（聖嚴法師-大法鼓 0342）', '在辦公室裡，擔任中層主管的人，該如何扮演好橋梁的角色？讓上層主管和下層員工之間，意見管道暢通無阻呢？\r\n\r\n\r\n我們恭請聖嚴法師來為我們開示\r\nhttp://www.dharmaschool.com/index.html');
INSERT INTO videos(vid, pid, title, description) VALUES('BXJ25L5uXbI', 'PL8923B7EC78952057', '老人問題（聖嚴法師-大法鼓 0343）', '俗語說：家有一老，如有一寶。但是，在現今這個工商社會，人人都希望能夠自己組織一個小家庭，使得年邁的老人家沒有人照顧，或者被送到了養老院住，讓我們來請教聖嚴師父，現代的都市人要如何才能夠兼顧自我的需求，又同時對家裡的老人家能夠給予充分的照顧。\r\n\r\n我們恭請聖嚴法師來為我們開示\r\nhttp://www.dharmaschool.com/index.html');
INSERT INTO videos(vid, pid, title, description) VALUES('ZHUwX3Qp5Zs', 'PL8923B7EC78952057', '佛教兒童讀物（聖嚴法師-大法鼓 0344）', '現在的市面上，可以說充斥著各種兒童讀物，有的內容充滿誘惑，有的具有暴力傾向，對兒童的身心都不太適合，那麼什麼樣的讀物適合小孩子閱讀呢？佛教界有沒有可能也製作一些適合小孩子看的讀物呢？\r\n\r\n我們恭請聖嚴法師來為我們開示\r\nhttp://www.dharmaschool.com/index.html');
INSERT INTO videos(vid, pid, title, description) VALUES('r4bjXhKB-ew', 'PL8923B7EC78952057', '目前那一個宗派在台灣最盛行（聖嚴法師-大法鼓 0345）', '目前那一個宗派在台灣最盛行，早在漢朝的時候，佛教就開始傳入了我國，後來中國佛教受到中國文化的影響，而發展出自己的特色，同時也因為重視理論，重視修持程度的不同，發展出了八大宗派，以目前的台灣來說，這八大宗派之中，有那幾宗派比較興盛呢？\r\n\r\n\r\n我們恭請聖嚴法師來為我們開示\r\nhttp://www.dharmaschool.com/index.html');
INSERT INTO videos(vid, pid, title, description) VALUES('5kmh5c6l4HI', 'PL8923B7EC78952057', '為什麼西藏喇嘛在台灣受到歡迎（聖嚴法師-大法鼓 0346）', '最近一、二十年以來，台灣常常有一些西藏喇嘛從印度、尼泊爾，或者是歐美各地來做短期的弘法，那麼這些喇嘛有的是文明世界的大師，也有一些是很普通的喇嘛，但是，大多數在台灣都很受歡迎，有很多人聽他們演講，也跟他們修行密宗，為什麼他們能有這樣大的吸引力呢？\r\n\r\n我們恭請聖嚴法師來為我們開示\r\nhttp://www.dharmaschool.com/index.html');
INSERT INTO videos(vid, pid, title, description) VALUES('0z9D_n7xTj0', 'PL8923B7EC78952057', '什麼人是大師（聖嚴法師-大法鼓 0348）', '對於一些有大成就的出家人，我們稱呼他們大師。\r\n譬如像玄奘大師、鳩摩羅什大師、弘一大師、太虛大師、以及印光大師等等。\r\n現在台灣也有一些非常有學問的，有修行或者是有大貢獻的法師。\r\n但是大家並沒有稱呼他們為大師。\r\n到底是什麼樣的人才能成為一個大師呢？\r\n我們恭請恭請聖嚴法師來為我們開示。\r\n\r\n更多線上課程：http://www.dharmaschool.com/index.html');
INSERT INTO videos(vid, pid, title, description) VALUES('s0ckUMU1EU8', 'PL8923B7EC78952057', '蔥蒜及韮菜為何是葷菜（聖嚴法師-大法鼓 0349）', '蔥、蒜及韭菜為什麼算葷菜呢？\r\n每一位學佛吃素的人都知道不吃肉是為了避免殺生，長養慈悲心。\r\n但是蔥、蒜跟韭菜都是植物又不用殺生，為何也不能吃呢？\r\n我們恭請恭請聖嚴法師來為我們開示。\r\n\r\n更多線上課程：http://www.dharmaschool.com/index.html');
INSERT INTO videos(vid, pid, title, description) VALUES('Y2B2yVvyEdA', 'PL8923B7EC78952057', '三寶弟子能否抽煙吃檳榔（聖嚴法師-大法鼓 0350）', '三寶弟子能不能抽菸，嚼檳榔？\r\n在台灣社會中，菸、酒跟檳榔幾乎是應酬場會中必備之物品。\r\n每一位學佛的人都知道是喝酒是佛制戒律中所禁止的。\r\n但是很多三寶弟子對於能不能抽菸嚼檳榔的問題，一直沒有辦法得到正確答案？\r\n讓我們來請教聖嚴法師。\r\n\r\n更多線上課程：http://www.dharmaschool.com/index.html');
INSERT INTO playlist(pid, cid, title, description) VALUES('PLD0E8CE620DA446E2','UCq2iefWrqW0W6Hic2xA1aDg', '大法鼓0301-0325', '');
INSERT INTO videos(vid, pid, title, description) VALUES('rHwoN9-1_NY', 'PLD0E8CE620DA446E2', '推廣佛教歌曲（聖嚴法師-大法鼓 0301）', '佛教的寺院中，經常唱誦一些非常優美莊嚴的佛曲、梵唄，但是這些梵唄因為不容易唱，很難被社會大眾廣泛的接受，我們看到基督教、天主教都有大量優美的聖樂，不僅是信徒喜歡唱，一般人也很喜歡聽；佛教有沒有可能，也大量的製作一些通俗而優美的佛教音樂呢？\r\n\r\n我們恭請聖嚴法師來為我們開示。\r\n\r\nhttp://www.dharmaschool.com/index.html');
INSERT INTO videos(vid, pid, title, description) VALUES('3lJSzSWIpYs', 'PLD0E8CE620DA446E2', '如何布施才恰當（聖嚴法師-大法鼓 0302）', '佛教有一句話說，真布施不怕假和尚，意思是說，我真誠的發心布施\r\n這個布施行為就有功德，即使我所布施的對象，是一個不應該接受布施的人\r\n也無損於我的功德，這樣的思想是不是正確呢？\r\n\r\n\r\n我們恭請聖嚴法師來為我們開示。\r\n\r\nhttp://www.dharmaschool.com/index.html');
INSERT INTO videos(vid, pid, title, description) VALUES('W5d1_QeqvlA', 'PLD0E8CE620DA446E2', '孝順如何表現得當（聖嚴法師-大法鼓 0303）', '中國的傳統文化非常注重孝道，為人子女的應該要順從父母親的管教，但是當子女成長以後，往往自己有獨立的判斷力，有時候會對父母的想法跟做法並不以為然，如果提出了反對的意見，是不是就是有違孝順的美德呢？\r\n\r\n\r\n我們恭請聖嚴法師來為我們開示。\r\n\r\nhttp://www.dharmaschool.com/index.html');
INSERT INTO videos(vid, pid, title, description) VALUES('SfWYz1XoXCg', 'PLD0E8CE620DA446E2', '如何拆除心防（聖嚴法師-大法鼓 0304）', '我們的社會中，房子上的鐵窗、圍牆，可以說是越築越高、越做越牢\r\n而人與人之間的心牆也一樣的越築越高，個人的心賊也越來越多\r\n有什麼辦法能夠把人與人之間，一道又一道的心牆拆除，把個人內心中的心賊去除掉，讓人人能夠確實地坦誠相待呢？\r\n\r\n\r\n我們恭請聖嚴法師來為我們開示。\r\n\r\nhttp://www.dharmaschool.com/index.html');
INSERT INTO videos(vid, pid, title, description) VALUES('8kWF8d9PuXw', 'PLD0E8CE620DA446E2', '如何培養耐性(聖嚴法師-大法鼓 0305）', '有耐性的人做事做人不厭其煩，能夠成就大事也能夠善待別人，但是有耐性的人似乎沒有缺乏耐性的人多，缺乏耐性的人容易發脾氣、罵人、打人事情也不容易做好，有什麼辦法能夠培養一個人的耐性呢？\r\n\r\n我們恭請聖嚴法師來為我們開示。\r\n\r\nhttp://www.dharmaschool.com/index.html');
INSERT INTO videos(vid, pid, title, description) VALUES('S3pDLrFny1Q', 'PLD0E8CE620DA446E2', '佛度有緣人（聖嚴法師-大法鼓 0306）', '俗語說佛度有緣人，那麼這句話中是不是也含有佛不度無緣人的意思呢？\r\n在佛教的教義中認為，眾生皆有佛性，佛教中的修行人也應該要廣度眾生\r\n才有成佛的可能，那麼佛度有緣人這句話應該怎麼解釋才恰當？\r\n\r\n\r\n我們恭請聖嚴法師來為我們開示。\r\n\r\nhttp://www.dharmaschool.com/index.html');
INSERT INTO videos(vid, pid, title, description) VALUES('pZNzOyw26Nk', 'PLD0E8CE620DA446E2', '如何培養有識之士（聖嚴法師-大法鼓 0307）', '四十多年來台灣地區靠著全體同胞，群策群力，創造了世界經濟奇蹟\r\n我們希望更多的有識之士，能夠發揮大智大愛的領導能力，凝聚各行各業的力量\r\n再創新氣象，那我們應該如何培養這種大智大愛的有識之士？\r\n\r\n\r\n我們恭請聖嚴法師來為我們開示。\r\n\r\nhttp://www.dharmaschool.com/index.html');
INSERT INTO videos(vid, pid, title, description) VALUES('OIh7qBs_YQ8', 'PLD0E8CE620DA446E2', '沈溺安樂的救治良方（聖嚴法師-大法鼓 0308）', '危難困頓的環境，經過大多數人的努力奮鬥之後，一定能夠有安樂幸福的環境\r\n相反的，處於逸樂的環境中，多數人容易荒誕放縱，結果必定只會帶來災難\r\n時下的青少年，多數好逸惡勞令人擔憂，我們如何善盡一份心力，運用我們的環境、方法跟資源來救治沉溺於安樂的心？\r\n\r\n\r\n我們恭請聖嚴法師來為我們開示。\r\n\r\nhttp://www.dharmaschool.com/index.html');
INSERT INTO videos(vid, pid, title, description) VALUES('om-W9WnQbLA', 'PLD0E8CE620DA446E2', '培養恆心的方法（聖嚴法師-大法鼓 0309）', '青年學生求學做事，常常有始無終，要不然就是見異思遷、虎頭蛇尾，在剛開始的時候，大都能夠滿腔熱誠，擬定計畫，按部就班，可是時間一久，就漸漸鬆懈冷淡下來，有的一遇到困難，就會有挫折感，提不起精神以致於前功盡棄，但是怎麼樣才能夠培養恆心？\r\n\r\n\r\n我們恭請聖嚴法師來為我們開示。\r\n\r\nhttp://www.dharmaschool.com/index.html');
INSERT INTO videos(vid, pid, title, description) VALUES('w4x3FC7l-XM', 'PLD0E8CE620DA446E2', '如何化解壓力平衡自己（聖嚴法師-大法鼓 0310）', '面對壓力的時候，如何平衡自己化解壓力，我們知道只有用重擔才能夠考驗出， 一個人的肩膀最大的負荷量，但是當外在的環境，付予我們比較重的負荷的時候 我們會覺得壓力好大，很想逃開，雖然明明知道擺脫負荷，只會讓自己偷懶不長進，比較之下，還是有些壓力來得好，但是心理上，往往是矛盾的，那如何藉著修身養性的方法來化解這種矛盾呢？\r\n\r\n我們恭請聖嚴法師來為我們開示。\r\n\r\nhttp://www.dharmaschool.com/index.html');
INSERT INTO videos(vid, pid, title, description) VALUES('Mw95Y-zrPNg', 'PLD0E8CE620DA446E2', '喧嘩與寂寞的調適（聖嚴法師-大法鼓 0311）', '很多的時候，我們好像是走在一條寂寞的荒境上，雖然人群是這麼的喧嘩，\r\n但是喧嘩的後面卻隱藏著多少顆寂寞的心，每一個單獨的個體，隱沒在喧嘩的群眾裡，放眼所見，盡是談笑風生的一群，但是有多少孤寂的心靈，帶著多少的辛酸和著淚水默默的掙扎，我們請問聖嚴法師在這喧嘩跟寂寞之間，應該如何調適？\r\n\r\n\r\n我們恭請聖嚴法師來為我們開示。\r\n\r\nhttp://www.dharmaschool.com/index.html');
INSERT INTO videos(vid, pid, title, description) VALUES('V2nBBnRzIOY', 'PLD0E8CE620DA446E2', '如何培養耐得安得的修養之道（聖嚴法師-大法鼓 0312）', '俗語說，要耐得住富貴不容易，在勤苦中生活反而容易，忙忙碌碌也許很起勁\r\n在閒散裡度日卻更難，假如要把這些難耐難安的富貴，閒散都耐得、安得的話\r\n要怎樣修養自己呢？當起心動念有難耐難安的時候，又該怎麼辦呢？\r\n\r\n我們恭請聖嚴法師來為我們開示。\r\n\r\nhttp://www.dharmaschool.com/index.html');
INSERT INTO videos(vid, pid, title, description) VALUES('ep4gV2uWlEk', 'PLD0E8CE620DA446E2', '幸福的真諦（聖嚴法師-大法鼓 0313）', '幸福是每個人都希望追求的，多少人漏失了垂手可得的幸福，又有多少人身在福中不知福，舒適、財富和健康都是一般人所喜愛的，但這並不等於幸福，人們窮盡一生的心力追求幸福，但是可能只換來了白髮蒼蒼和一聲聲的唏噓，感傷自己錯認了幸福的定義，我們要請問聖嚴法師，幸福的真諦究竟是什麼？\r\n\r\n我們恭請聖嚴法師來為我們開示。\r\n\r\nhttp://www.dharmaschool.com/index.html');
INSERT INTO videos(vid, pid, title, description) VALUES('rgf3yBFHjvM', 'PLD0E8CE620DA446E2', '建立正確的人生觀（聖嚴法師-大法鼓 0314）', '有些人把性情跟人生觀，歸諸於受身體的影響，因為從周遭人的身上，我們往往可以發現，有些人性情暴躁，為小事動氣的時候，身體方面往往也會有些毛病， 像肝功能不好、內分泌失調或者是其他的病痛等等，而每逢心情頹喪、悲觀厭世的時候，往往也正是精疲力竭，身體所供給的能量不足以應付事務的需求的時候\r\n，那麼一個人的性情跟人生觀真的受身體所影響嗎？\r\n\r\n00021 我們應該如何調整性情%建立正確的人生觀呢\r\n\r\n我們恭請聖嚴法師來為我們開示。\r\n\r\nhttp://www.dharmaschool.com/index.html');
INSERT INTO videos(vid, pid, title, description) VALUES('f78_oFsaxAM', 'PLD0E8CE620DA446E2', '人生的責任（聖嚴法師-大法鼓 0315）', '人生的責任是什麼？人並不只是這個世界的客人，人一生下來就背負著許多的責任，小至個人的性命身家，大至社會族群國家，因此，從懂事的時候起，我們就必須積極努力、認真工作、追求成功，才算得上是完成了人生大大小小的責任\r\n那麼人生的責任，是滿足個人內在的需求，還是受到外在人為期望的驅策呢？\r\n\r\n我們恭請聖嚴法師來為我們開示。\r\n\r\nhttp://www.dharmaschool.com/index.html');
INSERT INTO videos(vid, pid, title, description) VALUES('J9FQWpnV9go', 'PLD0E8CE620DA446E2', '短期出家（聖嚴法師-大法鼓 0316）', '最近幾年我們看到有些佛寺，定期舉辦「佛七」和「禪七」的活動，這算不算是短期出家呢？短期出家值不值得推廣？有什麼正面和負面的影響呢？\r\n\r\n我們恭請聖嚴法師來為我們開示。\r\n\r\nhttp://www.dharmaschool.com/index.html');
INSERT INTO videos(vid, pid, title, description) VALUES('zkt0Rib3y1c', 'PLD0E8CE620DA446E2', '出家與還俗（聖嚴法師-大法鼓 0317）', '一個人究竟適不適合修行，能不能夠出家，往往自己並不是很清楚，因此有些人在出家以後，因為種種原因而還俗，再度投入世俗的環境，中國人從過去到現在 一直都不太能接受，一個人出家之後再還俗的事實，到底出家之後再還俗，有什麼不對或不好呢？\r\n\r\n我們恭請聖嚴法師來為我們開示。\r\n\r\nhttp://www.dharmaschool.com/index.html');
INSERT INTO videos(vid, pid, title, description) VALUES('9WdnvadiyTc', 'PLD0E8CE620DA446E2', '大男人主義（聖嚴法師-大法鼓 0318）', '每個人都希望自己有個幸福的家庭，夫妻恩愛，伴侶忠於自己，但是台灣社會中，大男人主義仍然普遍存在，許多男人對自己的妻子不忠實，卻要求妻子必須絕對的忠於自己，另外一方面，又希望自己的女兒結婚以後婚姻幸福、美滿，像這樣以雙重標準來對待別人正確嗎？家庭、兒女能夠幸福嗎？\r\n\r\n我們恭請聖嚴法師來為我們開示。\r\n\r\nhttp://www.dharmaschool.com/index.html');
INSERT INTO videos(vid, pid, title, description) VALUES('g9Zg3ncTJPQ', 'PLD0E8CE620DA446E2', '佛教徒該讀哪些書（聖嚴法師-大法鼓 0319）', '出家人平常除了自己修行，弘法渡眾之外，還能夠抽空閱讀世俗的書籍，\r\n瞭解自己所處的社會環境，相當令人敬佩；那麼身為一位佛教徒，除了佛教的經書以外，還應該閱讀一些什麼樣的書籍呢？\r\n\r\n我們恭請聖嚴法師來為我們開示。\r\n\r\nhttp://www.dharmaschool.com/index.html');
INSERT INTO videos(vid, pid, title, description) VALUES('8a8g7BUgNZg', 'PLD0E8CE620DA446E2', '農業污染（聖嚴法師-大法鼓 0320）', '大家都非常關心的農業污染問題，近年來台灣農業污染，已經成為很普遍的問題了，農作物受到農業污染的比例很高， 站在佛教的立場來說，使用農藥是殺生的行為，但是不用農藥可能會影響收成，有沒有辦法能夠不用農藥，而能夠解除農作物病蟲害的問題，同時也減輕台灣農業污染的嚴重性呢？\r\n\r\n我們恭請聖嚴法師來為我們開示。\r\n\r\nhttp://www.dharmaschool.com/index.html');
INSERT INTO videos(vid, pid, title, description) VALUES('U28d7-d728I', 'PLD0E8CE620DA446E2', '宗教融合可不可行（聖嚴法師-大法鼓 0321）', '國內很多宗教都是一本善心的為人群造福，\r\n雖然，各宗教信仰不同，但是它的精神都是勸人為善的，\r\n如果把各個宗教力量凝聚，為共同理想來合作，是不是更能為人類創造幸福呢？\r\n這樣做是不是可行？\r\n\r\n讓我們來請教聖嚴法師\r\n更多線上課程：http://www.dharmaschool.com/index.html');
INSERT INTO videos(vid, pid, title, description) VALUES('YYJ6RXaZ6-Q', 'PLD0E8CE620DA446E2', '怎樣打破二分法的思惟模式（聖嚴法師-大法鼓 0322）', '一般人很容易把外在的事務，用絕對二分法的方式來認識它，\r\n因此而落入了，對立的差別見解，譬如說善惡、好壞、是非、你我等等\r\n那麼這種思想模式單一而且呆板，更形成了自己跟別人的對立\r\n怎麼樣才能打破這種二分法的思維模式，讓自己跟外在的環境和諧共處呢？\r\n\r\n更多線上課程：http://www.dharmaschool.com/index.html');
INSERT INTO videos(vid, pid, title, description) VALUES('Wadl0ziNR2o', 'PLD0E8CE620DA446E2', '培養佛教的龍象之才（聖嚴法師-大法鼓 0323）', '近年來，台灣信仰佛教的人口快速增加\r\n這是佛教界法師跟大德居士弘法成功的結果\r\n但是當一個人，想要很有系統的去深入探究，佛教的經論跟修行的方法的時候\r\n就往往很難有人適當地引導學習，而造成時間的浪費跟學習上的挫折感，\r\n對這樣子的現象有什麼辦法能夠改善？讓有心深入佛法的人得到滿足呢？\r\n讓我們來請教聖嚴法師\r\n\r\n更多線上課程：http://www.dharmaschool.com/index.html');
INSERT INTO videos(vid, pid, title, description) VALUES('t2Y33ipqJpg', 'PLD0E8CE620DA446E2', '覺性與性本善之間（聖嚴法師-大法鼓 0324）', '佛法的覺性與儒家的性本善，能不能相輔相成\r\n儒家講性本性善，是指一個人經過教育的過程，可以把本性中的善發揮出來\r\n而佛法則認為眾生皆有佛性，透過修行可以把覺性充分的發揮出來\r\n那這兩者是不是有相輔相成的意義呢？\r\n\r\n我們請聖嚴法師來為我們開示\r\n更多線上課程：http://www.dharmaschool.com/index.html');
INSERT INTO videos(vid, pid, title, description) VALUES('nitb657Nqfc', 'PLD0E8CE620DA446E2', '鬼月喪問題（聖嚴法師-大法鼓 0325）', '傳統國人不論是婚喪喜慶都要選擇好日子，很多人都很忌諱在鬼月出殯\r\n那日前就有報導說，台北市立殯儀館屍體的數量爆增，有一百多具屍體，\r\n沒有冰櫃可以用，那麼在這麼窘境之下，如何讓死者早日入土為安呢？\r\n讓我們恭請聖嚴法師來為我們開示\r\n\r\n更多線上課程：http://www.dharmaschool.com/index.html');
INSERT INTO playlist(pid, cid, title, description) VALUES('PL0D638BB3779271DA','UCq2iefWrqW0W6Hic2xA1aDg', '大法鼓0126-0150', '');
INSERT INTO videos(vid, pid, title, description) VALUES('8qaICsHxrp4', 'PL0D638BB3779271DA', '如何選擇適合修行法門（聖嚴法師-大法鼓 0126）DVD', '佛教中有所謂的八萬四千法門，那麼不同根器的眾生，都應該選擇適合自己的修行法門，深入的修持才會有所成就。但是我們怎麼知道自己是什麼樣根器的人呢？應該選擇什麼樣的法門比較適合自己呢？\n我們現在就恭請聖嚴法師來為我們開示。\n\n更多線上課程：https://www.youtube.com/user/DDMTV01');
INSERT INTO videos(vid, pid, title, description) VALUES('i8ByC6WTn98', 'PL0D638BB3779271DA', '皈依的儀式（聖嚴法師-大法鼓 0127）DVD', '有些人以為想要修學佛法，只要自己在家裡研究佛經就好了，不需要皈依佛法僧三寶。那麼這種觀念是不是正確的呢？皈依三寶的儀式又有什麼重要性呢？\n我們現在就恭請聖嚴法師來為我們開示。\n\n更多線上課程：https://www.youtube.com/user/DDMTV01');
INSERT INTO videos(vid, pid, title, description) VALUES('_dgpGe5YbVc', 'PL0D638BB3779271DA', '自修與共修（聖嚴法師-大法鼓 0128）DVD', '人修行不同於集體修行，在明師指導下修行跟無師自修更是不相同。那麼佛教贊成初學者應該以集體修行為常規，適合單獨的專精修行。而對於修行已經有一段時間的人呢，也鼓勵他們偶而參與集體修行。究竟個人自修和集體共修有什麼不同呢？\n我們現在就恭請聖嚴法師來為我們開示。\n\n更多線上課程：https://www.youtube.com/user/DDMTV01');
INSERT INTO videos(vid, pid, title, description) VALUES('urUNROzWUkA', 'PL0D638BB3779271DA', '結緣和了緣（聖嚴法師-大法鼓 0129）DVD', '佛教中有結緣的說法，結緣的意思就是大家彼此互相增長善緣，共同走上修行成佛的道路。那麼結緣這個名詞由於因果觀念，受到民間信仰的影響而產生了了緣這個新的名詞。結緣和了緣究竟有什麼不同呢？\n我們現在就恭請聖嚴法師來為我們開示。\n\n更多線上課程：https://www.youtube.com/user/DDMTV01');
INSERT INTO videos(vid, pid, title, description) VALUES('AjNMdyrTWyE', 'PL0D638BB3779271DA', '佛與菩薩度化眾生的差異（聖嚴法師-大法鼓 0130）DVD', '佛和菩薩的度眾生究竟有什麼差別呢？還沒有成佛以前的菩薩都要度眾生，所以有眾生可度，但佛經中說佛度盡一切眾生，而實無一眾生得度，那麼究竟佛跟菩薩的度眾生有什麼不同呢？ 我們現在就恭請聖嚴法師為我們開示。\n更多線上課程：https://www.youtube.com/user/DDMTV01');
INSERT INTO videos(vid, pid, title, description) VALUES('2lc6UqWQfVw', 'PL0D638BB3779271DA', '何謂放生，放生的意義（聖嚴法師-大法鼓 0131）DVD', '今天我們要來談談為什麼要放生，不少人花錢購買人工繁殖，或沒有辦法在野外生存的鳥類去放生，放生以後這些鳥被猛禽或者貓狗吃掉，結果福田沒有種成反而殺生，放生既然是以憐憫的慈悲心來幫助眾生，那麼放生真正意義和放生的方法，是我們在放生以前必須先了解的，現在我們就恭請聖嚴法師來為我們開示。\n\n更多線上課程：https://www.youtube.com/user/DDMTV01');
INSERT INTO videos(vid, pid, title, description) VALUES('N0vmx5XkY2E', 'PL0D638BB3779271DA', '面對困境克服障礙（聖嚴法師-大法鼓 0132）DVD', '今天我們要來談談如何面對困境、克服障礙。人生有各式各樣的考驗，許多人沒有辦法解決困難，於是在困難面前倒下而導致失敗，失去了生命的意義。那麼佛教的教義如何幫助我們面對困境、克服障礙得到清心自在、平安幸福呢？我們現在就恭請聖嚴法師來為我們開示。\n\n更多線上課程：https://www.youtube.com/user/DDMTV01');
INSERT INTO videos(vid, pid, title, description) VALUES('QmQl4n04DKI', 'PL0D638BB3779271DA', '如何過合理的感情生活（聖嚴法師-大法鼓 0133）DVD', '用情不當會帶來困擾，用情沒有節制也會造成災難。佛教並不排斥感情生活，因為感情是維繫人間倫理關係的基礎。能夠過正當的感情生活就是修行佛法的開始。那麼我們究竟應該如何遵循佛法的指導，來處理感情問題，過著合理、合法的感情生活呢？\n我們現在就恭請聖嚴法師來為我們開示。\n\n更多線上課程：https://www.youtube.com/user/DDMTV01');
INSERT INTO videos(vid, pid, title, description) VALUES('iTlVtZxsm6k', 'PL0D638BB3779271DA', '工作的意義（聖嚴法師-大法鼓0134）DVD', '工作的意義，除了領薪水之外還有什麼？現在社會中有很多人每天早上趕著車子去上班，晚上回家，隔天早上又急急忙忙趕車子去上班。每天過著忙忙碌碌的上班生活，面對種種紛擾的人事物，週而復始，日復一日。因此開始懷疑自己上班工作到底除了領薪水之外，還有什麼意義？\n我們現在就恭請聖嚴法師來為我們開示。\n\n更多線上課程：https://www.youtube.com/user/DDMTV01');
INSERT INTO videos(vid, pid, title, description) VALUES('HDof5hQhosg', 'PL0D638BB3779271DA', '如何得到永恆的精神解脫（聖嚴法師-大法鼓 0135）DVD', '人生的問題可以大約分為物質的、精神的和永恆的這三類。那物質是人類生活的先決條件，精神生活的安頓和提昇，要靠修養身心的努力。而永恆的問題就是求得精神的解脫。佛教闡揚的教義，就是要幫助人們從體悟真理中獲得永恆的精神解脫。\n我們現在就恭請聖嚴法師來為我們開示。\n\n更多線上課程：https://www.youtube.com/user/DDMTV01');
INSERT INTO videos(vid, pid, title, description) VALUES('w41E4OfPKz0', 'PL0D638BB3779271DA', '魔考的意思是什麼（聖嚴法師-大法鼓 0136）DVD', '佛教所說的魔，可以分為煩惱魔、五蘊魔、死魔和天魔。那麼除了天魔之外都是屬於身心和環境的衝突，或者是不平衡所產生的現象。但是在民間信仰中卻有魔考的說法。佛教的修行是不是一定會有魔考呢？魔考的意思又是什麼呢？\n我們現在就恭請聖嚴法師來為我們開示。\n\n更多線上課程：https://www.youtube.com/user/DDMTV01');
INSERT INTO videos(vid, pid, title, description) VALUES('ofuznr59I1M', 'PL0D638BB3779271DA', '經典是否可信（聖嚴法師-大法鼓 0137）DVD', '佛教的大小乘經典非常之多，但是這些經典多半是靠佛的弟子，以口傳的方式留傳下來的。所以不能保證沒有錯誤的情形。那麼從外文翻譯而來的經典也不可能完全忠於原著。\n我們現在就恭請聖嚴法師來為我們開示。\n\n更多線上課程：https://www.youtube.com/user/DDMTV01');
INSERT INTO videos(vid, pid, title, description) VALUES('hvRYo1mJl8k', 'PL0D638BB3779271DA', '佛教的典籍真是難懂難讀（聖嚴法師-大法鼓 0138）DVD', '現在很多年輕人在接觸佛法的時候，都多多少少會抱怨佛經實在是難讀難懂。那麼到底在佛教眾多的典籍之中，有心入門的人應該如何選擇合適的佛經呢？\n我們現在就恭請聖嚴法師來為我們開示。\n\n更多線上課程：https://www.youtube.com/user/DDMTV01');
INSERT INTO videos(vid, pid, title, description) VALUES('sYeIvWwdh64', 'PL0D638BB3779271DA', '佛教是厭世的宗教嗎（聖嚴法師-大法鼓 0139）DVD', '很多人認為佛教是厭世的、是出世的。因為佛教的宗旨在解脫生死，遠離這個世間的苦。可是在強調厭世跟出世的同時，佛教對整個的人類社會究竟有什麼貢獻呢？\n我們現在就恭請聖嚴法師來為我們開示。\n\n更多線上課程：https://www.youtube.com/user/DDMTV01');
INSERT INTO videos(vid, pid, title, description) VALUES('3ndAL8p1sXw', 'PL0D638BB3779271DA', '劫的真義（聖嚴法師-大法鼓 0140）DVD', '在我們日常生活裡，常常會用到在劫難逃這一句形容詞。但是我們了解劫的真正意義嗎。劫這個字是從梵文之中音譯而來的，原始的意義是計算時間的單位。那麼到底劫在佛經裡有什麼特殊的意思呢？\n我們現在就恭請聖嚴法師來為我們開示。\n\n更多線上課程：https://www.youtube.com/user/DDMTV01');
INSERT INTO videos(vid, pid, title, description) VALUES('2IuzWFPFtxo', 'PL0D638BB3779271DA', '祈禱的效用（聖嚴法師-大法鼓 0141）DVD', '祈禱真的有用嗎？人在無助、徬徨的時候，多半會不由自主的祈禱。請求神明給予力量幫助我們度過難關。祈禱可以說是所有宗教中都共有的儀式。而在佛教裡祈禱有什麼樣的功能和效力呢？\n我們現在就恭請聖嚴法師來為我們開示。\n\n更多線上課程：https://www.youtube.com/user/DDMTV01');
INSERT INTO videos(vid, pid, title, description) VALUES('ZjhZyfGidso', 'PL0D638BB3779271DA', '僧寶所授的佛法是否要全部接受（聖嚴法師-大法鼓 0142）DVD', '在佛教所說的三寶中的僧寶，是指正在修學佛法並且幫助他人修學佛法。或者是護持眾生修學佛法的人。包括了菩薩、羅漢以及凡夫僧尼。但是在人間仍然是以比丘和比丘尼為僧寶的中心，僧寶對於佛教徒的思想和行為都有先導作用。但是對於僧寶所傳授的佛法，我們是不是都要全盤接受呢？\n我們現在就恭請聖嚴法師來為我們開示。\n\n更多線上課程：https://www.youtube.com/user/DDMTV01');
INSERT INTO videos(vid, pid, title, description) VALUES('9JssveA2KVc', 'PL0D638BB3779271DA', '在心靈淨化活動中佛教所扮演的角色（聖嚴法師-大法鼓 0143）DVD', '翻開每天的報紙，我們可以看到色情暴力事件層出不窮，菸毒泛濫也愈來愈嚴重，我們不禁要感嘆我們的社會真的生病了。有感於此，宗教界的各個團體正全力推動淨化人心的活動。像法鼓山所推動的心靈環保活動，就是要提醒我們，唯有淨化心靈才能夠獲得美好的人生，在這一波淨化人心運動所引導的風潮中，佛教界扮演著什麼樣的角色呢？\n我們現在就恭請聖嚴法師來為我們開示。\n\n更多線上課程：https://www.youtube.com/user/DDMTV01');
INSERT INTO videos(vid, pid, title, description) VALUES('iKuENW4CLIo', 'PL0D638BB3779271DA', '空的真意（聖嚴法師-大法鼓 0144）DVD', '一般人一提到空就會感到害怕，以為佛教是要人否定一切，放棄一切的宗教。佛教所闡揚的空究竟是不是什麼都沒有的空呢？\n我們現在就恭請聖嚴法師來為我們開示。\n\n更多線上課程：https://www.youtube.com/user/DDMTV01');
INSERT INTO videos(vid, pid, title, description) VALUES('nfikTVzVZ3c', 'PL0D638BB3779271DA', '佛教與非佛教的區別（聖嚴法師-大法鼓 0145）DVD', '佛教主張一切的現象都是因緣起、因緣滅，沒有神來主宰他。所以佛教是無神論的宗教。而佛教以外的宗教都是有神論者。但是佛教並不否定俗化的民間信仰，跟神化的各級宗教。認為他們也都有一定的作用。究竟佛教跟非佛教的區別是什麼呢？\n我們現在就恭請聖嚴法師來為我們開示。\n\n更多線上課程：https://www.youtube.com/user/DDMTV01');
INSERT INTO videos(vid, pid, title, description) VALUES('GWfOtcLOA9s', 'PL0D638BB3779271DA', '因果業報的時代性（聖嚴法師-大法鼓 0146）DVD', '佛教相信業力以及因果的必然性。但是有一些人認為在二十世紀的現代，如果還講業力和因果，那就是一種迷信的行為。佛陀所說的因緣果報，真的不符合現代的潮流嗎？\n我們現在就恭請聖嚴法師來為我們開示。\n\n更多線上課程：https://www.youtube.com/user/DDMTV01');
INSERT INTO videos(vid, pid, title, description) VALUES('cExyNtHw3oU', 'PL0D638BB3779271DA', '佛教淨化社會的功能（聖嚴法師-大法鼓 0147）DVD', '今天社會上名利至上的價值觀，讓很多人走上了投機營利的途徑。\n維繫社會秩序的法律在這時候也發揮不了作用。佛教教育的宗旨在於止惡行善、淨化自心。所以佛教教育，如果能夠在教育體系或者是社會上發揚光大。自然就能夠改善社會的風氣，進而達成淨化世道人心的功效了。\n我們現在就恭請聖嚴法師來為我們開示。\n\n更多線上課程：https://www.youtube.com/user/DDMTV01');
INSERT INTO videos(vid, pid, title, description) VALUES('w3EggNqsGT8', 'PL0D638BB3779271DA', '佛法與醫理的融合性（聖嚴法師-大法鼓 0148）DVD', '不管是傳統的中醫或現代的西醫，在醫學領域裡對人類的病苦仍然有很多沒有辦法突破的瓶頸。所以當我們被疾病纏身受盡病苦的折磨也沒有辦法從醫療得到解脫的時候，我們該怎麼辦呢？佛法中所教導的解脫人生病苦之道，究竟能不能幫助我們離苦得樂呢？佛法跟醫理能不能有所融合呢？\n我們現在就恭請聖嚴法師來為我們開示。\n\n更多線上課程：https://www.youtube.com/user/DDMTV01');
INSERT INTO videos(vid, pid, title, description) VALUES('6VbPPKQX3MU', 'PL0D638BB3779271DA', '佛教的無常觀（聖嚴法師-大法鼓 0149）DVD', '一般人常常會感嘆人生無不散的宴席，以及月有陰晴圓缺。的確時間的流逝、生命的短暫，還有人生中不斷的轉變，都帶給人們一種難以忍受的無常的苦。佛教怎麼解說無常呢？\n我們現在就恭請聖嚴法師來為我們開示。\n\n更多線上課程：https://www.youtube.com/user/DDMTV01');
INSERT INTO videos(vid, pid, title, description) VALUES('9U-gNSsTeNQ', 'PL0D638BB3779271DA', '居士與在家人之差異（聖嚴法師-大法鼓 0150）DVD', '佛教的信徒可以分為出家跟在家兩大類。在家人信仰了佛教通常被稱為居士。出家人的本務是修道和傳道、並且住持佛教。至於表達大乘佛教入世的菩薩精神、並且做為佛教的擁護者，卻是在家居士的任務，那麼做為一位居士和普通的在家人，又有什麼不同呢？\n我們現在就恭請聖嚴法師來為我們開示。\n\n更多線上課程：https://www.youtube.com/user/DDMTV01');
INSERT INTO playlist(pid, cid, title, description) VALUES('PL7F3C78A0B4CA463A','UCq2iefWrqW0W6Hic2xA1aDg', '大法鼓0026-0050', '');
INSERT INTO videos(vid, pid, title, description) VALUES('n-CW5cqQgmc', 'PL7F3C78A0B4CA463A', '器官捐贈（聖嚴法師-大法鼓 0026)', '今天我們要來談談器官捐贈，很多佛教和醫學團體都大力推廣這個觀念，可是受到一些傳統觀念的影響，很多人還是相當的猶疑，究竟做為一個現代的佛教徒，我們應該怎麼樣的來看待這個觀念呢？\n讓我們來請教聖嚴法師。\n更多線上課程：http://www.dharmaschool.com/index.html');
INSERT INTO videos(vid, pid, title, description) VALUES('aEVtQMC-yHA', 'PL7F3C78A0B4CA463A', '生（一）（聖嚴法師-大法鼓 0027)', '生老病死可以說是人生歷程的一個寫照，生兒育女原來是再自然不過的事情了，不過現在也成為現代人非常沈重的一個負擔，尤其是孩子的教養問題，很多父母都覺得相當的頭疼，在這方面佛法能夠給我們什麼樣的指引呢？\n讓我們來請教聖嚴法師。\n更多線上課程：http://www.dharmaschool.com/index.html');
INSERT INTO videos(vid, pid, title, description) VALUES('OJFLj_zXSHI', 'PL7F3C78A0B4CA463A', '生（二，教養）（聖嚴法師-大法鼓 0028)', '很多的父母都感嘆，現在小孩子越來越難教，根據調查有三成以上的中、小學生覺得他們很不快樂，很擔心自己會做錯事情，為什麼父母給了孩子最好的，孩子仍然不快樂呢？在這方面佛法能給我們什麼樣的指導呢？\n讓我們來請教聖嚴法師。\n更多線上課程：http://www.dharmaschool.com/index.html');
INSERT INTO videos(vid, pid, title, description) VALUES('x18lMxvL5lI', 'PL7F3C78A0B4CA463A', '老（一）（聖嚴法師-大法鼓 0029)', '根據統計台灣已經進入了高齡化的社會，由於人人都會變老，我們每個人都應該關心老這個問題，也應該關懷我們身邊的銀髮族，關於這一方面，佛法能給我們什麼樣的啟示呢？\n讓我們來請教聖嚴法師。\n更多線上課程：http://www.dharmaschool.com/index.html');
INSERT INTO videos(vid, pid, title, description) VALUES('AVGn3kj1nM0', 'PL7F3C78A0B4CA463A', '老（二）（聖嚴法師-大法鼓 0030)', '\"我們花很多的錢來挽回我們的青春，值不值得？能不能挽回？\n年輕人對老應該有什麼樣的看法，應該怎麼樣對待老年人？\n讓我們來請教聖嚴法師。\n更多線上課程：http://www.dharmaschool.com/index.html\"');
INSERT INTO videos(vid, pid, title, description) VALUES('rPd836ESLVQ', 'PL7F3C78A0B4CA463A', '病（聖嚴法師-大法鼓 0031)', '俗語說好漢就怕病來磨，又有一句俗語說，病來如山倒、病去如抽絲，可見病痛對人是很大的折磨，尤其是長久的纏綿病榻，更使人意志消沉，在病痛的時候，佛法能夠給我們什麼樣的安慰呢？\n\n讓我們來請教聖嚴法師。\n更多線上課程：http://www.dharmaschool.com/index.html');
INSERT INTO videos(vid, pid, title, description) VALUES('aXIsdtDnAvI', 'PL7F3C78A0B4CA463A', '死（一）（聖嚴法師-大法鼓 0032)', '死亡原來是人類最自然的歸宿，可是人人都害怕死亡，恐懼面對死亡，更常常為了親人的死亡而痛不欲生，在這一方面佛法能夠給我們什麼樣的幫助呢？\n\n讓我們來請教聖嚴法師。\n更多線上課程：http://www.dharmaschool.com/index.html');
INSERT INTO videos(vid, pid, title, description) VALUES('BC9Vi51HUPE', 'PL7F3C78A0B4CA463A', '死（二）（聖嚴法師-大法鼓 0033)', '有人說如果知道死後到那裡去的話，就不會那麼害怕死亡了，而佛教把死亡稱做往生，為什麼呢？人死後究竟到那裡去？從佛經上來講是怎麼解釋呢？\n讓我們來請教聖嚴法師。\n更多線上課程：http://www.dharmaschool.com/index.htm');
INSERT INTO videos(vid, pid, title, description) VALUES('fQbbNOO2chs', 'PL7F3C78A0B4CA463A', '死（三，中陰身）（聖嚴法師-大法鼓 0034)', '中國人是特別重視慎終追遠，親人死後要為他舉辦什麼樣的喪葬儀式，最能夠安慰亡靈呢？人死後究竟有沒有靈魂呢？\n讓我們來請教聖嚴法師。\n更多線上課程：http://www.dharmaschool.com/index.html');
INSERT INTO videos(vid, pid, title, description) VALUES('AjvIdfU3qSo', 'PL7F3C78A0B4CA463A', '牽亡魂與超度（聖嚴法師-大法鼓 0035)', '人死了以後到底土葬還是火葬？親人已經死了十幾年，是不是還要繼續為他超度呢？很多人去牽亡，在佛經上來看到底有沒有這回事呢？\n\n讓我們來請教聖嚴法師。\n更多線上課程：http://www.dharmaschool.com/index.html');
INSERT INTO videos(vid, pid, title, description) VALUES('Lyr79iHtYcs', 'PL7F3C78A0B4CA463A', '貪（聖嚴法師-大法鼓 0036)', '談完了形體上的生老病死，接下來我們要談心裡的病苦，也就是佛經上所說的貪、瞋、痴、慢、疑，我們首先來談貪。\n什麼是貪呢？貪又會為我們帶來什麼樣的煩惱呢？\n\n讓我們來請教聖嚴法師。\n更多線上課程：http://www.dharmaschool.com/index.html');
INSERT INTO videos(vid, pid, title, description) VALUES('0U1ExlNpaNQ', 'PL7F3C78A0B4CA463A', '功利、名利（聖嚴法師-大法鼓 0037)', '隨著台灣的經濟富裕繁榮，發現我們的社會，好像瀰漫著一股功利氣氛，人文精神相對的缺乏，人人都在追求名利權位，可是我們擁有的越多，發現我們越不滿足，在這方面佛法能夠給我們什麼樣的啟發呢？\n\n讓我們來請教聖嚴法師。\n更多線上課程：http://www.dharmaschool.com/index.html');
INSERT INTO videos(vid, pid, title, description) VALUES('UqyvHMUuuus', 'PL7F3C78A0B4CA463A', '瞋（聖嚴法師-大法鼓 0038)', '現代人往往火氣很大，因此整個社會就瀰漫了一股暴戾之氣，\n怎麼樣我們才能改善這種「瞋」的氣息呢？\n\n讓我們來請教聖嚴法師。\n更多線上課程：http://www.dharmaschool.com/index.html');
INSERT INTO videos(vid, pid, title, description) VALUES('uak5g7stbuc', 'PL7F3C78A0B4CA463A', '如何化解愚癡增長智慧（聖嚴法師-大法鼓 0039)', '釋迦牟尼佛曾經說過『眾生顛倒，疾苦以為樂』這句話是什麼意思呢？眾生為什麼會愚痴，我們又如何化解愚痴增進智慧呢？\n\n讓我們來請教聖嚴法師。\n更多線上課程：http://www.dharmaschool.com/index.html');
INSERT INTO videos(vid, pid, title, description) VALUES('7KYrlosFehc', 'PL7F3C78A0B4CA463A', '慢、疑（聖嚴法師-大法鼓 0040)', '今天我們要談的是「慢」和「疑」。\n什麼是慢？\n什麼又是疑？\n慢和疑對於我們的理性和智慧又有什麼影響呢？\n\n讓我們來請教聖嚴法師。\n更多線上課程：http://www.dharmaschool.com/index.html');
INSERT INTO videos(vid, pid, title, description) VALUES('4NcpKbK1IgU', 'PL7F3C78A0B4CA463A', '情緒（聖嚴法師-大法鼓 0041)', '人難免都會有情緒，不少人也常常體會到自己控制不了情緒，卻被情緒所控制的那種苦惱，有人常在一時情緒底下犯了錯，事後又懊悔不已，在這方面佛法能夠給我們什麼樣的智慧呢？\n\n讓我們來請教聖嚴法師。\n更多線上課程：http://www.dharmaschool.com/index.html');
INSERT INTO videos(vid, pid, title, description) VALUES('pmV0OQbKVGE', 'PL7F3C78A0B4CA463A', '正確的愛情觀（聖嚴法師-大法鼓 0042)', '俗語說天若有情天亦老，可見情是相當折磨人的，可是人非草木孰能無情，我們常常可以看見芸芸眾生，為情所苦為情所困，甚至因為失去了愛情而自殺或殺人，在這方面佛法究竟能給我們什麼樣的幫助呢？\n\n讓我們來請教聖嚴法師。\n更多線上課程：http://www.dharmaschool.com/index.html');
INSERT INTO videos(vid, pid, title, description) VALUES('VQ_GbGhVeiI', 'PL7F3C78A0B4CA463A', '青少年階段的調適（聖嚴法師-大法鼓 0043)', '在青少年時期身心都面臨著巨大的變化，這個時期稱做人生的風暴期，因此青少年特別容易感受到，身心調適困難，也會感受到很大的壓力，徬徨甚至於迷惘，在這方面佛法能夠給他們什麼樣的幫助呢？\n\n讓我們來請教聖嚴法師。\n更多線上課程：http://www.dharmaschool.com/index.html');
INSERT INTO videos(vid, pid, title, description) VALUES('rM1QhQiW9IQ', 'PL7F3C78A0B4CA463A', '青少年崇拜偶像怎麼辦（聖嚴法師-大法鼓 0044)', '偶像崇拜這幾年在國內可以說是蔚為風潮，也是青少年時期一個特有的現象，但是怎麼樣選擇正確的偶像，避免負面的效果，很值得青少年本身和為人父母的一起來關心，在這方面佛法能夠給我們什麼樣的幫助呢？\n\n讓我們來請教聖嚴法師。\n更多線上課程：http://www.dharmaschool.com/index.html');
INSERT INTO videos(vid, pid, title, description) VALUES('nPTbIL-B8oE', 'PL7F3C78A0B4CA463A', '佛教的金錢觀(妄語)（聖嚴法師-大法鼓 0045)', '佛教鼓勵大家要戒貪，不要有太多的欲念，是不是就表示佛教不鼓勵賺錢呢？在現代社會，食衣住行育樂樣樣需要錢，沒有錢是行不通的，做為一個現代的佛教徒，應該對賺錢和花錢抱著什麼樣的觀念呢？\n\n讓我們來請教聖嚴法師。\n更多線上課程：http://www.dharmaschool.com/index.html');
INSERT INTO videos(vid, pid, title, description) VALUES('Uaki7Hh0hgI', 'PL7F3C78A0B4CA463A', '佛教的金錢(布施)（聖嚴法師-大法鼓 0046)', '最近好幾個佛教團體在舉辦義賣活動，都捐得了很多的善款，可見布施相當的深入人心，那麼佛教徒為什麼要布施？\n布施有什麼功德呢？\n\n讓我們來請教聖嚴法師。\n更多線上課程：http://www.dharmaschool.com/index.html');
INSERT INTO videos(vid, pid, title, description) VALUES('K2QFYpBzngQ', 'PL7F3C78A0B4CA463A', '佛教的環保觀念（聖嚴法師-大法鼓 0047)', '環保觀念最近幾年相當受國人重視，佛經裡是不是也有環保觀念呢？\n聖嚴法師被稱為環保和尚，他對環保有什麼獨到的看法呢？\n\n讓我們來請教聖嚴法師。\n更多線上課程：http://www.dharmaschool.com/index.html');
INSERT INTO videos(vid, pid, title, description) VALUES('6l0Iwgy4_qg', 'PL7F3C78A0B4CA463A', '心靈環保（聖嚴法師-大法鼓 0048)', '最近幾年聖嚴法師大力提倡心靈環保。\n什麼是心靈環保？\n心靈為什麼需要環保？\n\n讓我們來請教聖嚴法師。\n更多線上課程：http://www.dharmaschool.com/index.html');
INSERT INTO videos(vid, pid, title, description) VALUES('SVD6JeNDW6Q', 'PL7F3C78A0B4CA463A', '禮儀環保（聖嚴法師-大法鼓 0049)', '什麼是禮儀環保？\n為什麼禮儀也要環保呢？\n師父為什麼大力提倡禮儀環保？\n\n讓我們來請教聖嚴法師。\n更多線上課程：http://www.dharmaschool.com/index.html\n，，，，，，，，\n，');
INSERT INTO videos(vid, pid, title, description) VALUES('sxzTe0hKjOI', 'PL7F3C78A0B4CA463A', '佛教的意義、目的（聖嚴法師-大法鼓 0050)', '佛教的最終目的是什麼？\n為什麼有人說佛法是最高深、最精妙的生活藝術？\n\n讓我們來請教聖嚴法師。\n更多線上課程：http://www.dharmaschool.com/index.html');
INSERT INTO playlist(pid, cid, title, description) VALUES('PLEA182ECEFD455D5D','UCq2iefWrqW0W6Hic2xA1aDg', '大法鼓0101-0125', '');
INSERT INTO videos(vid, pid, title, description) VALUES('BNenfnT2LFI', 'PLEA182ECEFD455D5D', '學禪如何選擇明師（聖嚴法師-大法鼓 0101)', '無論讀書或者是學技術，我們往往都希望得到名師指點，因為就可以事半功倍，很快的得\r\n到成就， 如果得不到名師指點呢，也許我們就要白白 走很多冤枉路，那麼學禪怎麼樣才能夠  判斷一個老師，是不是教禪的明師呢，我們現在就請聖嚴法師，來為我們開示。');
INSERT INTO videos(vid, pid, title, description) VALUES('VbejOlHwc5c', 'PLEA182ECEFD455D5D', '布施的功德（聖嚴法師-大法鼓 0106）DVD', '參與慈善活動是修行嗎，我想這個問題大家都相當關心。如果我們是為了求取個人名譽和自身利益，而去布施，那麼這種布施，也只不過是 對自我的執著罷了。真正的行善是因為慈悲心的升起，為了利益他人 而普遍關懷所有的人。我們究竟如何藉著行善來達成修行的目標呢？\n我們恭請聖嚴法師來為我們開示。\n\n更多線上課程：https://www.youtube.com/user/DDMTV01');
INSERT INTO videos(vid, pid, title, description) VALUES('ghNqZs7vHbk', 'PLEA182ECEFD455D5D', '如何看等待爭奪心（聖嚴法師-大法鼓0107）DVD', '爭奪呢，是來自於貪欲。因為我們對於外在的事物，產生喜愛而希望能夠占有，這種企圖奪取的愛欲，在人們的身上是很難避免的。 \n所以我們必須要看清楚，爭奪後面那個貪欲的本質， 我們才能夠找到不讓它發生作用的方法。\n我們恭請聖嚴法師來為我們開示。\n\n更多線上課程：https://www.youtube.com/user/DDMTV01');
INSERT INTO videos(vid, pid, title, description) VALUES('xgW3H5KGjPQ', 'PLEA182ECEFD455D5D', '如何去除較量之心（聖嚴法師-大法鼓 0108）DVD', '有一些人因為自己有了一些成就或是名望，就會產生驕傲自大的心理。 而有些人卻因為受到挫折，就自以為渺小卑賤而再也不能振作，當我們起了跟別人比較的心，就不容易看清楚事物的真象和本質，現在就讓我們恭請聖嚴法師來教導我們，如何去除這種較量的心。\n\n更多線上課程：https://www.youtube.com/user/DDMTV01');
INSERT INTO videos(vid, pid, title, description) VALUES('U3D1JcyISzU', 'PLEA182ECEFD455D5D', '如看待嫉妒心（聖嚴法師-大法鼓 0109）DVD', '當我們對於別人的榮耀跟成就，心裡面不感到讚嘆歡喜，反而感受到痛苦，甚至，怨恨自己所擁有的比不上他人的時候， 我們就已經產生了嫉妒心，這種嫉妒心會使我們迷惑， 喪失了看清楚自己的機會，怎麼樣才能放下嫉妒心呢？\n我們恭請聖嚴法師來為我們開示。\n\n更多線上課程：https://www.youtube.com/user/DDMTV01');
INSERT INTO videos(vid, pid, title, description) VALUES('EABbZZAOOzY', 'PLEA182ECEFD455D5D', '憤恨心（聖嚴法師-大法鼓 0110）DVD', '您的心裡是不是經常充滿著憤怒呢，當我們的心被憤恨的火焰燃燒的時候，內心就不能感覺到平靜，當然，也不能感覺到快樂，同時， 會使我們產生報復的邪惡念頭，究竟我們要如何去除這種瞋恨之心，擺脫這種報復的妄念呢？\n我們恭請聖嚴法師來為我們開示。\n\n更多線上課程：https://www.youtube.com/user/DDMTV01');
INSERT INTO videos(vid, pid, title, description) VALUES('tXAfnPBPfCs', 'PLEA182ECEFD455D5D', '佛教徒參學的意義（聖嚴法師-大法鼓 0111）DVD', '參訪道場高僧是修行嗎，我們都知道佛經中有一位善財童子。\n他因為聽聞了文殊菩薩的妙法，堅定了進一步去參究佛法的決心。\n於是他參訪了五十三位善知識，最後終於圓滿了菩薩行，這就是著名的善財五十三參。參訪名山古剎在各位高僧名師的指點下， 真的可以增長智慧嗎，我們要如何做一位現代的善財童子呢？\n我們恭請聖嚴法師來為我們開示。\n\n\n更多線上課程：https://www.youtube.com/user/DDMTV01');
INSERT INTO videos(vid, pid, title, description) VALUES('KXkodiwjyE8', 'PLEA182ECEFD455D5D', '生活內涵的提昇（聖嚴法師-大法鼓 0112）DVD', '目前台灣的經濟可以說是非常的進步，一般人的物質享受也是不虞匱乏的，但是這並不代表我們的生活內涵， 也因此提昇了，要提昇生活的內涵，使我們的精神生活不至於貧乏，必須從淨化自己的內心做起，我們要追求心靈的寧靜，才能夠讓我們擺脫對外界聲色犬馬的追求。\n我們恭請聖嚴法師來為我們開示。\n\n更多線上課程：https://www.youtube.com/user/DDMTV01');
INSERT INTO videos(vid, pid, title, description) VALUES('3ZvZ_JPECZA', 'PLEA182ECEFD455D5D', '成功與失敗（聖嚴法師-大法鼓 0113）DVD', '我們都知道一個瓜果的生長， 如果各種因緣具足，自然就會成熟的好一點。反過來說如果助緣不夠，力道不足當然就會成熟的差一點。所以一個人成功固然可喜，但是也要懂得謙虛，因為這其中有太多的助緣，而一個人即使是失敗了，也不必心灰意冷，那麼究竟我們如何以平常心， 來看待成功和失敗呢？\n我們恭請聖嚴法師來為我們開示。\n\n更多線上課程：https://www.youtube.com/user/DDMTV01');
INSERT INTO videos(vid, pid, title, description) VALUES('_wdCdACkF3w', 'PLEA182ECEFD455D5D', '殘障在佛法的真意（聖嚴法師-大法鼓 0114）DVD', '依照佛教的觀點，一個人的福報跟業報，都是前世作為所得到的結果， 雖然佛法講究因緣果報，但是佛法真正的精神還是在於能轉被動為主動。所以我們如果知道慚愧，能夠懺悔，就可以承擔自己的業報，而超越種種的困境。如何面對身體的殘疾， 轉變消極的觀念和態度呢？\n我們恭請聖嚴法師來為我們開示。\n\n更多線上課程：https://www.youtube.com/user/DDMTV01');
INSERT INTO videos(vid, pid, title, description) VALUES('ABJFNdFnWyI', 'PLEA182ECEFD455D5D', '殘障朋友如何自處（聖嚴法師-大法鼓 0115）DVD', '很多殘障朋友，常常會因為自己的外表而感覺到困擾，但是如果我們能夠明瞭，因果跟自身的命運有著非常密切的關係，那麼我們就可以由因果的輪迴中覺醒，超越，擺脫這種矛盾的情結，而能夠發揮自己的潛力，所謂身殘心不殘，殘障朋友仍然具備有修行和增長智慧的條件？\n我們恭請聖嚴法師來為我們開示。\n\n更多線上課程：https://www.youtube.com/user/DDMTV01');
INSERT INTO videos(vid, pid, title, description) VALUES('VCwlF3uWx70', 'PLEA182ECEFD455D5D', '如何化解愛恨情仇（聖嚴法師-大法鼓 0116）DVD', '在佛陀的教法中曾經說明愛欲來自於愚癡的慾望， 由於愚癡，於是瘋狂的盲目的去追求， 甚至於導致所謂的愛恨情仇，我們要如何化除這種愚癡的愛慾， 消除因為它所帶來的痛苦呢？\n我們恭請聖嚴法師來為我們開示。\n\n更多線上課程：https://www.youtube.com/user/DDMTV01');
INSERT INTO videos(vid, pid, title, description) VALUES('_BN4f1qF3eU', 'PLEA182ECEFD455D5D', '如何超越生老病死（聖嚴法師-大法鼓 0117）DVD', '一般人對於佛教中生老病死是苦的這種說法，大都產生誤解，以為佛教是在散播悲觀主義，事實上在佛教的教義中，把生老病死這些身體的變化，解釋為只不過是假象而已。那麼現在我們就恭請聖嚴法師，來教導我們如何超越這些生老病死的假相。\n\n更多線上課程：https://www.youtube.com/user/DDMTV01');
INSERT INTO videos(vid, pid, title, description) VALUES('ezkKLUVAAS8', 'PLEA182ECEFD455D5D', '如何一心不亂（聖嚴法師-大法鼓 0118）DVD', '所謂心無雜念，心口相應，念念是佛號， 這就是誦念佛號所要達到的。那麼如果能夠持續這樣精進的念佛，那究竟要到什麼樣的程度才算是一心不亂呢？\n我們恭請聖嚴法師來為我們開示。\n\n更多線上課程：https://www.youtube.com/user/DDMTV01');
INSERT INTO videos(vid, pid, title, description) VALUES('mDFXIxoX70M', 'PLEA182ECEFD455D5D', '何謂精進？學佛的目的（聖嚴法師-大法鼓 0119）DVD', '有的佛教徒在學佛之初，可以說勇猛精進，似乎煩惱也迅速的消除了，但是日久之後反而感受到障礙重重，在面臨層出不窮的問題的時候，我們是要放棄修行，還是要體悟學佛成佛不是一朝一夕，或一生一世的事情，而更腳踏實地的努力修持呢？我們是不是真正的瞭解學佛的目的呢？\n我們恭請聖嚴法師來為我們開示。\n\n更多線上課程：https://www.youtube.com/user/DDMTV01');
INSERT INTO videos(vid, pid, title, description) VALUES('M2MXuG6xZVc', 'PLEA182ECEFD455D5D', '如何提昇、淨化愛（聖嚴法師-大法鼓 0120）DVD', '佛教的三藏十二部經雖然有無量的法門、無數的教義，但卻都是以慈悲為根本。慈悲的真正意義就是淨化昇華的愛，也是不求回報的布施和奉獻。\n我們恭請聖嚴法師來為我們開示。\n\n更多線上課程：https://www.youtube.com/user/DDMTV01');
INSERT INTO videos(vid, pid, title, description) VALUES('RsiOxjQ3x_k', 'PLEA182ECEFD455D5D', '誦經的功德（聖嚴法師-大法鼓 0121）DVD', '佛教中有讀經或者是背誦經典就是修行的說法，所以有很多的佛教徒為了祈求這一生，或是來生的利益，或者是為了成就什麼功德而發願誦經。那麼誦經最正確的態度是什麼呢？怎麼樣誦經才會有大功德呢？\n我們現在就恭請聖嚴法師來為我們開示。\n\n更多線上課程：https://www.youtube.com/user/DDMTV01');
INSERT INTO videos(vid, pid, title, description) VALUES('t1IWPsfPBL8', 'PLEA182ECEFD455D5D', '經典內容的根本義理（聖嚴法師-大法鼓 0122）DVD', '佛教的大小乘經典非常的多，這是眾所周知的事。那麼在中國有很多佛教宗派的產生，大體上也是因為各自承襲的經論不同而產生的現象。不過經典雖然多，但是佛教教義的根本來源，是釋迦牟尼佛體悟了諸法因緣生的道理。而我們應該如何去理解佛經的根本義理呢？\n我們現在就恭請聖嚴法師來為我們開示。\n\n更多線上課程：https://www.youtube.com/user/DDMTV01');
INSERT INTO videos(vid, pid, title, description) VALUES('PVz1-9_75to', 'PLEA182ECEFD455D5D', '持咒的功用（聖嚴法師-大法鼓 0123）DVD', '在中國民間，人們因為持大悲咒而得到感應的例子可以說是相當的多，而且非常顯著。所以持咒的法門在中國佛教很受重視，所以咒的作用也十分肯定。那麼持咒是不是真的能夠幫助我們去除執著、消除業障，同時感受到諸佛菩薩的本誓願力呢？\n我們現在就恭請聖嚴法師來為我們開示。\n\n更多線上課程：https://www.youtube.com/user/DDMTV01');
INSERT INTO videos(vid, pid, title, description) VALUES('MIqOxLXX99w', 'PLEA182ECEFD455D5D', '佛與上帝的區別（聖嚴法師-大法鼓 0124）DVD', '佛與上帝有什麼不同呢？佛不等於萬能上帝或者是萬王之王，因為對眾生來說佛不能夠改變眾生的業力，只能夠教導眾生自己努力來改變自己的命運。釋迦牟尼佛也說過佛不能度無緣的人，不能轉眾生的定業。那麼佛跟上帝究竟有什麼不同呢？\n我們現在就恭請聖嚴法師來為我們開示。\n\n更多線上課程：https://www.youtube.com/user/DDMTV01');
INSERT INTO videos(vid, pid, title, description) VALUES('fYGh3VENo1c', 'PLEA182ECEFD455D5D', '開悟與成佛（聖嚴法師-大法鼓 0125）DVD', '從佛陀時代到現在，都有人為求開悟而求道。因為大部分的人接受宗教都是有所求的，所以求開悟是非常正常的現象。但是正信的佛法應該是有開悟，卻不執著開悟。這代表什麼意思呢？\n我們現在就恭請聖嚴法師來為我們開示。\n\n更多線上課程：https://www.youtube.com/user/DDMTV01');
INSERT INTO channels(cid, type, title, description) VALUES('UCBIGwiecylJsQrhTPBKI4Qw', 'youtube', 'Master Sheng Yen', '');
INSERT INTO playlist(pid, cid, title, description) VALUES('PLz2LIY6rQQrG8eb3Piz5HowWVIBm8SozF','UCBIGwiecylJsQrhTPBKI4Qw', 'GDD(1076-1100)', '');
INSERT INTO playlist(pid, cid, title, description) VALUES('PLz2LIY6rQQrFV8QTobhrOmJFFsUyzhNt4','UCBIGwiecylJsQrhTPBKI4Qw', 'GDD(1051-1075)', '');
INSERT INTO playlist(pid, cid, title, description) VALUES('PLz2LIY6rQQrFuN0hR4yvUdZd7v2OFXJNx','UCBIGwiecylJsQrhTPBKI4Qw', 'GDD(1026-1050)', '');
INSERT INTO videos(vid, pid, title, description) VALUES('xRiV9Flyo5I', 'PLz2LIY6rQQrFuN0hR4yvUdZd7v2OFXJNx', 'The true meaning of what we shouldn''t and can''t covet (GDD-1026, Master Sheng-Yen)', '');
INSERT INTO videos(vid, pid, title, description) VALUES('u_29naj2Idw', 'PLz2LIY6rQQrFuN0hR4yvUdZd7v2OFXJNx', 'Feeling grateful and feeling thankful  one of the four practices ... (GDD-1027, Master Sheng-Yen)', '');
INSERT INTO videos(vid, pid, title, description) VALUES('n20lj312d78', 'PLz2LIY6rQQrFuN0hR4yvUdZd7v2OFXJNx', 'Feeling grateful and feeling thankful (GDD-1028, Master Sheng-Yen)', '');
INSERT INTO videos(vid, pid, title, description) VALUES('6smnvdvYm0w', 'PLz2LIY6rQQrFuN0hR4yvUdZd7v2OFXJNx', 'Examples of being thankful for unfavorable conditions (GDD-1029, Master Sheng-Yen)', '');
INSERT INTO videos(vid, pid, title, description) VALUES('XwTdf8V3mWY', 'PLz2LIY6rQQrFuN0hR4yvUdZd7v2OFXJNx', 'Reforming ourselves  one of the four practices for helping oneself ... (GDD-1030, Master Sheng-Yen)', '');
INSERT INTO videos(vid, pid, title, description) VALUES('rIi9hw1cTWU', 'PLz2LIY6rQQrFuN0hR4yvUdZd7v2OFXJNx', 'Moving others--one of the four practices for helping oneself and others (GDD-1031, Master Sheng-Yen)', '');
INSERT INTO videos(vid, pid, title, description) VALUES('zpfkZcQoocc', 'PLz2LIY6rQQrFuN0hR4yvUdZd7v2OFXJNx', 'How do we move other people in our daily life (GDD-1032, Master Sheng-Yen)', '');
INSERT INTO videos(vid, pid, title, description) VALUES('Zw0guQn5oLM', 'PLz2LIY6rQQrFuN0hR4yvUdZd7v2OFXJNx', 'How do we practice gratitude and thankfulness, reform ourselves, and... (GDD-1033, Master Sheng-Yen)', '');
INSERT INTO playlist(pid, cid, title, description) VALUES('PLz2LIY6rQQrF8vrRgnEmDkf9uNd61k2wR','UCBIGwiecylJsQrhTPBKI4Qw', 'GDD(1001-1025)', '');
INSERT INTO videos(vid, pid, title, description) VALUES('vjoqTNmQagE', 'PLz2LIY6rQQrF8vrRgnEmDkf9uNd61k2wR', 'How can we change the karma of the three periods of time (GDD-1001, Master Sheng-Yen)', '');
INSERT INTO videos(vid, pid, title, description) VALUES('7bWVQ9zZng4', 'PLz2LIY6rQQrF8vrRgnEmDkf9uNd61k2wR', 'Emptiness in conditioned arising (GDD-1002, Master Sheng-Yen)', '');
INSERT INTO videos(vid, pid, title, description) VALUES('UmewaUZpTW8', 'PLz2LIY6rQQrF8vrRgnEmDkf9uNd61k2wR', 'Conditioned arising induced by karma (GDD-1003, Master Sheng-Yen)', '');
INSERT INTO videos(vid, pid, title, description) VALUES('Z0mYlwZkRaQ', 'PLz2LIY6rQQrF8vrRgnEmDkf9uNd61k2wR', 'Emptiness in nature  doing good and evil without receiving ... (GDD-1004, Master Sheng-Yen)', '');
INSERT INTO videos(vid, pid, title, description) VALUES('GB8Xibcx3yU', 'PLz2LIY6rQQrF8vrRgnEmDkf9uNd61k2wR', 'Emptiness in nature in terms of conditioned arising (GDD-1005, Master Sheng-Yen)', '');
INSERT INTO videos(vid, pid, title, description) VALUES('ZKAf1LxOggs', 'PLz2LIY6rQQrF8vrRgnEmDkf9uNd61k2wR', 'Emptiness in nature in terms of doing good without receiving karmic ...(GDD-1006, Master Sheng-Yen)', '');
INSERT INTO videos(vid, pid, title, description) VALUES('v7tqBQxOJdI', 'PLz2LIY6rQQrF8vrRgnEmDkf9uNd61k2wR', 'Emptiness in nature in terms of karmic retribution due to evil deeds (GDD-1007, Master Sheng-Yen)', '');
INSERT INTO videos(vid, pid, title, description) VALUES('Q0XvBGfUX1M', 'PLz2LIY6rQQrF8vrRgnEmDkf9uNd61k2wR', 'The true meaning of emptiness in nature (GDD-1008, Master Sheng-Yen)', '');
INSERT INTO videos(vid, pid, title, description) VALUES('XWqvLECQxGQ', 'PLz2LIY6rQQrF8vrRgnEmDkf9uNd61k2wR', 'Realizing emptiness versus understanding emptiness (GDD-1009, Master Sheng-Yen)', '');
INSERT INTO videos(vid, pid, title, description) VALUES('ZviIgiJI3Vs', 'PLz2LIY6rQQrF8vrRgnEmDkf9uNd61k2wR', 'Emptiness in nature and its application in daily life (GDD-1010, Master Sheng-Yen)', '');
INSERT INTO videos(vid, pid, title, description) VALUES('wQJ9H_R_7-8', 'PLz2LIY6rQQrF8vrRgnEmDkf9uNd61k2wR', 'Contemplating emptiness, the Middle Way, and the emptiness of self nature GDD-1011, Master Sheng-Yen', '');
INSERT INTO videos(vid, pid, title, description) VALUES('9aDqJLCveUg', 'PLz2LIY6rQQrF8vrRgnEmDkf9uNd61k2wR', 'Why contemplation of emptiness and of the Middle Way are one and ... (GDD-1012, Master Sheng-Yen)', '');
INSERT INTO videos(vid, pid, title, description) VALUES('Qg5N5jxjrW0', 'PLz2LIY6rQQrF8vrRgnEmDkf9uNd61k2wR', 'The Middle Way and its applications (GDD-1013, Master Sheng-Yen)', '');
INSERT INTO videos(vid, pid, title, description) VALUES('n5LLBV2yrpI', 'PLz2LIY6rQQrF8vrRgnEmDkf9uNd61k2wR', 'The Middle Way and its application (continued) (GDD-1014, Master Sheng-Yen)', '');
INSERT INTO videos(vid, pid, title, description) VALUES('YOj6aghwzaE', 'PLz2LIY6rQQrF8vrRgnEmDkf9uNd61k2wR', 'Buddhist learning versus learing about Buddhism (GDD-1015, Master Sheng-Yen)', '');
INSERT INTO videos(vid, pid, title, description) VALUES('wMJ_SequFZI', 'PLz2LIY6rQQrF8vrRgnEmDkf9uNd61k2wR', 'Buddhist learning versus learing about Buddhism (continued) (GDD-1016, Master Sheng-Yen)', '');
INSERT INTO videos(vid, pid, title, description) VALUES('BqNSQ-ozpWI', 'PLz2LIY6rQQrF8vrRgnEmDkf9uNd61k2wR', 'Cultivating blessings and cultivating wisdom (GDD-1017, Master Sheng-Yen)', '');
INSERT INTO videos(vid, pid, title, description) VALUES('gfPR8cKsFLI', 'PLz2LIY6rQQrF8vrRgnEmDkf9uNd61k2wR', 'Cultivating blessings and practicing through hardship (GDD-1018, Master Sheng-Yen)', 'The source of happiness and pain is a matter of mind. Cultivating blessings fulfilling our vorws is utmost happiness.');
INSERT INTO videos(vid, pid, title, description) VALUES('xCATMOHTbR8', 'PLz2LIY6rQQrF8vrRgnEmDkf9uNd61k2wR', 'Cultivating wisdom, especially world-transcending wisdom (GDD-1019, Master Sheng-Yen)', 'Developing world-transcending wisdom is realizing emptiness. It enables us to reduce our troubles and emotions, while gaining in blessings.');
INSERT INTO videos(vid, pid, title, description) VALUES('3r01XnWeVO0', 'PLz2LIY6rQQrF8vrRgnEmDkf9uNd61k2wR', 'How to cultivate both blessings and wisdom (GDD-1020, Master Sheng-Yen)', 'Cultivating blessings without wisdom is to be like an elephant with a necklace; cultivating wisdom without blessings is to be like an arhat with an empty bowl.');
INSERT INTO videos(vid, pid, title, description) VALUES('hnAFqCD6J2s', 'PLz2LIY6rQQrF8vrRgnEmDkf9uNd61k2wR', 'Dealing with anger from family members (GDD-1021, Master Sheng-Yen)', 'To deal with anger, trace the source of anger, apply the principle of emptiness, and divert the attention.');
INSERT INTO videos(vid, pid, title, description) VALUES('uZ1Lm2uerxI', 'PLz2LIY6rQQrF8vrRgnEmDkf9uNd61k2wR', 'Compassion has no enemies; wisdom is not troubled (GDD-1022, Master Sheng-Yen)', 'A person with compassion has no enemies. A person of wisdom is not troubled.');
INSERT INTO videos(vid, pid, title, description) VALUES('kvpJdf-A0tg', 'PLz2LIY6rQQrF8vrRgnEmDkf9uNd61k2wR', 'Applying compassion and wisdom in daily life (GDD-1023, Master Sheng-Yen)', '');
INSERT INTO videos(vid, pid, title, description) VALUES('DRyry5Sp9eM', 'PLz2LIY6rQQrF8vrRgnEmDkf9uNd61k2wR', 'Wants and needs (GDD-1024, Master Sheng-Yen)', '');
INSERT INTO videos(vid, pid, title, description) VALUES('-l9flpQWxTo', 'PLz2LIY6rQQrF8vrRgnEmDkf9uNd61k2wR', 'What we should and can want (GDD-1025, Master Sheng-Yen)', '');
INSERT INTO playlist(pid, cid, title, description) VALUES('PLz2LIY6rQQrGwfth4CRfrbagVHDeMef4V','UCBIGwiecylJsQrhTPBKI4Qw', 'GDD(0976-1000)', '');
INSERT INTO videos(vid, pid, title, description) VALUES('t_-SBN37Si8', 'PLz2LIY6rQQrGwfth4CRfrbagVHDeMef4V', 'The relationship between liberation and causality over the three ... (GDD-1000, Master Sheng-Yen)', '');
INSERT INTO videos(vid, pid, title, description) VALUES('mQtMMTB8ZZI', 'PLz2LIY6rQQrGwfth4CRfrbagVHDeMef4V', 'What constitutes an untainted blessing (GDD-999, Master Sheng-Yen)', '');
INSERT INTO videos(vid, pid, title, description) VALUES('dwx8bpyd_0c', 'PLz2LIY6rQQrGwfth4CRfrbagVHDeMef4V', 'The 12 Links and the cycle of delusion, karma, and suffering (GDD-998, Master Sheng-Yen)', '');
INSERT INTO videos(vid, pid, title, description) VALUES('W1oC36kyF34', 'PLz2LIY6rQQrGwfth4CRfrbagVHDeMef4V', 'Contemplating the feelings, craving, and grasping of the 12 Links (GDD-997, Master Sheng-Yen)', '');
INSERT INTO videos(vid, pid, title, description) VALUES('bPDQsUHqO5A', 'PLz2LIY6rQQrGwfth4CRfrbagVHDeMef4V', 'Contemplating the Six Entrances six senses and the contact of the ... (GDD-996, Master Sheng-Yen)', '');
INSERT INTO videos(vid, pid, title, description) VALUES('8-ep0tNNC0o', 'PLz2LIY6rQQrGwfth4CRfrbagVHDeMef4V', 'Eliminating ignorance by contemplating volitional action and ... (GDD-995, Master Sheng-Yen)', '');
INSERT INTO videos(vid, pid, title, description) VALUES('esM9YJYYFFA', 'PLz2LIY6rQQrGwfth4CRfrbagVHDeMef4V', 'Eliminating ignorance by transforming thoughts (GDD-992, Master Sheng-Yen)', '');
INSERT INTO videos(vid, pid, title, description) VALUES('wd0PNdEQx3k', 'PLz2LIY6rQQrGwfth4CRfrbagVHDeMef4V', 'Eliminating ignorance by contemplating the consciousness (GDD-993, Master Sheng-Yen)', '');
INSERT INTO videos(vid, pid, title, description) VALUES('AC7t6soemIM', 'PLz2LIY6rQQrGwfth4CRfrbagVHDeMef4V', 'How can we observe consciousness in daily life (GDD-994, Master Sheng-Yen)', '');
INSERT INTO videos(vid, pid, title, description) VALUES('-GDv1SzAmQk', 'PLz2LIY6rQQrGwfth4CRfrbagVHDeMef4V', 'Birth and death to illustrate the arising and perishing of thoughts (GDD-988, Master Sheng-Yen)', '');
INSERT INTO videos(vid, pid, title, description) VALUES('_yYxUmDbsoI', 'PLz2LIY6rQQrGwfth4CRfrbagVHDeMef4V', 'How do we eliminate ignorance and transform trouble How should ... (GDD-991, Master Sheng-Yen)', '');
INSERT INTO videos(vid, pid, title, description) VALUES('GeljjfE20r0', 'PLz2LIY6rQQrGwfth4CRfrbagVHDeMef4V', 'Attaining liberation and eliminating ignorance by understanding the ... (GDD-990, Master Sheng-Yen)', '');
INSERT INTO videos(vid, pid, title, description) VALUES('bLqw2RCFw-0', 'PLz2LIY6rQQrGwfth4CRfrbagVHDeMef4V', 'Causes of future karmic results lead to future existence (GDD-987, Master Sheng-Yen)', '');
INSERT INTO videos(vid, pid, title, description) VALUES('v5Eu4n1EhPo', 'PLz2LIY6rQQrGwfth4CRfrbagVHDeMef4V', 'The 12 Links--becoming and suffering (GDD-986, Master Sheng-Yen)', '');
INSERT INTO videos(vid, pid, title, description) VALUES('et2-JtPaLQ0', 'PLz2LIY6rQQrGwfth4CRfrbagVHDeMef4V', 'The 12 Links--love and grasping (GDD-985,MasterSheng-Yen)', '');
INSERT INTO videos(vid, pid, title, description) VALUES('r-NHK5-GQIk', 'PLz2LIY6rQQrGwfth4CRfrbagVHDeMef4V', 'Feeling and the suffering of change and conditioned existence (GDD-984, Master Sheng-Yen)', '');
INSERT INTO videos(vid, pid, title, description) VALUES('yCS2c7xUfkI', 'PLz2LIY6rQQrGwfth4CRfrbagVHDeMef4V', 'What are the Six Entrances(six senses) (GDD-982, Master Sheng-Yen)', '');
INSERT INTO videos(vid, pid, title, description) VALUES('KKUvq1H9w8o', 'PLz2LIY6rQQrGwfth4CRfrbagVHDeMef4V', 'Is antenatal teaching of any use(about contact) (GDD-983, Master Sheng-Yen)', '');
INSERT INTO videos(vid, pid, title, description) VALUES('xcSnVu3RCPE', 'PLz2LIY6rQQrGwfth4CRfrbagVHDeMef4V', 'The intermediate state between consciousness and name-and-form (GDD-981, Master Sheng-Yen)', '');
INSERT INTO videos(vid, pid, title, description) VALUES('vDDPWueXAoA', 'PLz2LIY6rQQrGwfth4CRfrbagVHDeMef4V', 'Differences and similarities between the consciousness of the six ... (GDD-980, Master Sheng-Yen)', '');
INSERT INTO videos(vid, pid, title, description) VALUES('kyRep9QENE8', 'PLz2LIY6rQQrGwfth4CRfrbagVHDeMef4V', 'The meaning of volition and consciousness (GDD-979, Master Sheng-Yen)', '');
INSERT INTO videos(vid, pid, title, description) VALUES('sz2tCg1sZh8', 'PLz2LIY6rQQrGwfth4CRfrbagVHDeMef4V', 'The 12 Links and practicing the Buddhadharma (GDD-978, Master Sheng-Yen)', '');
INSERT INTO videos(vid, pid, title, description) VALUES('Q1GqAs8MTK8', 'PLz2LIY6rQQrGwfth4CRfrbagVHDeMef4V', 'Changing the concepts, turning the negative into positive (GDD-976, Master Sheng-Yen)', '');
INSERT INTO videos(vid, pid, title, description) VALUES('XlEw0K1w9vk', 'PLz2LIY6rQQrGwfth4CRfrbagVHDeMef4V', 'Why do people cultivating the Dharma still suffer the cycle of rebirth (GDD-977, Master Sheng-Yen)', '');
INSERT INTO videos(vid, pid, title, description) VALUES('sxQrZCoxmlk', 'PLz2LIY6rQQrGwfth4CRfrbagVHDeMef4V', 'The arising and perishing of thoughts obtaining wisdom by putting our... (GDD-989, Master Sheng-Yen)', '');
INSERT INTO playlist(pid, cid, title, description) VALUES('PLz2LIY6rQQrG1fveu7psZznBiwVMwFSpo','UCBIGwiecylJsQrhTPBKI4Qw', 'GDD(0951-0975)', '');
INSERT INTO videos(vid, pid, title, description) VALUES('3oLsXnKC_IU', 'PLz2LIY6rQQrG1fveu7psZznBiwVMwFSpo', 'The ideal posture for sitting meditation (GDD-972, Master Sheng-Yen)', '');
INSERT INTO videos(vid, pid, title, description) VALUES('0LbefTbcgDg', 'PLz2LIY6rQQrG1fveu7psZznBiwVMwFSpo', 'How should we count our breaths (GDD-971, Master Sheng-Yen)', '');
INSERT INTO videos(vid, pid, title, description) VALUES('BshgpzpdQGQ', 'PLz2LIY6rQQrG1fveu7psZznBiwVMwFSpo', 'Steps to meditation--How do we experience breathing (GDD-970,Master Sheng-Yen)', '');
INSERT INTO videos(vid, pid, title, description) VALUES('ZoRpPbZ9up0', 'PLz2LIY6rQQrG1fveu7psZznBiwVMwFSpo', 'How can we practice meditation in all situations of daily life (GDD-969, Master Sheng-Yen)', '');
INSERT INTO videos(vid, pid, title, description) VALUES('deREqV--Gyk', 'PLz2LIY6rQQrG1fveu7psZznBiwVMwFSpo', 'The benefit of meditation to our daily lives (GDD-968, Master Sheng-Yen)', '');
INSERT INTO videos(vid, pid, title, description) VALUES('TwlHXmyUwQ4', 'PLz2LIY6rQQrG1fveu7psZznBiwVMwFSpo', 'The creation of a pure land lies in the purity of our minds (GDD-967, Master Sheng-Yen)', '');
INSERT INTO videos(vid, pid, title, description) VALUES('5UWHkDh54-4', 'PLz2LIY6rQQrG1fveu7psZznBiwVMwFSpo', 'Purifying the mind as the first step to realizing a pure land on earth (GDD-966, Master Sheng-Yen)', '');
INSERT INTO videos(vid, pid, title, description) VALUES('Oe29qYeeMHU', 'PLz2LIY6rQQrG1fveu7psZznBiwVMwFSpo', 'How do we transform this world into a pure land (GDD-965, Master Sheng-Yen)', '');
INSERT INTO videos(vid, pid, title, description) VALUES('Xl0URp4zfbg', 'PLz2LIY6rQQrG1fveu7psZznBiwVMwFSpo', 'No-self as an attitude toward life (GDD-964, Master Sheng-Yen)', '');
INSERT INTO videos(vid, pid, title, description) VALUES('5tPLroNIGgo', 'PLz2LIY6rQQrG1fveu7psZznBiwVMwFSpo', 'No-self as an attitude toward work (GDD-963, Master Sheng-Yen)', '');
INSERT INTO videos(vid, pid, title, description) VALUES('TEF0Xa-BCyc', 'PLz2LIY6rQQrG1fveu7psZznBiwVMwFSpo', 'No-self as an attitude toward marriage (GDD-962, Master Sheng-Yen)', '');
INSERT INTO videos(vid, pid, title, description) VALUES('50ha55qA2gM', 'PLz2LIY6rQQrG1fveu7psZznBiwVMwFSpo', 'How do we dissolve our self by a repentant attitude (GDD-961, Master Sheng-Yen)', '');
INSERT INTO videos(vid, pid, title, description) VALUES('Id5q5XP4pIg', 'PLz2LIY6rQQrG1fveu7psZznBiwVMwFSpo', 'The benefit of self-dissolution to ordinary people (GDD-960, Master Sheng-Yen)', '');
INSERT INTO videos(vid, pid, title, description) VALUES('iDW1gxUZG14', 'PLz2LIY6rQQrG1fveu7psZznBiwVMwFSpo', 'The ultimate goal of self-elevation is to dissolve the self (GDD-959, Maste Sheng-Yen)', '');
INSERT INTO videos(vid, pid, title, description) VALUES('JGH1kBMTHSE', 'PLz2LIY6rQQrG1fveu7psZznBiwVMwFSpo', 'How do we apply wisdom to reflect on ourselves and treat others with ... (GDD-958, Master Sheng-Yen)', '');
INSERT INTO videos(vid, pid, title, description) VALUES('7Bc3-cTXadE', 'PLz2LIY6rQQrG1fveu7psZznBiwVMwFSpo', 'Development of self  applying wisdom to reflect on ourselves and ... (GDD-957, Master Sheng-Yen)', '');
INSERT INTO videos(vid, pid, title, description) VALUES('SQqnYVuOAVo', 'PLz2LIY6rQQrG1fveu7psZznBiwVMwFSpo', 'Development of self  controlling and redirecting our emotions by ... (GDD-956, Master Sheng-Yen)', '');
INSERT INTO videos(vid, pid, title, description) VALUES('bHAySwYqlN4', 'PLz2LIY6rQQrG1fveu7psZznBiwVMwFSpo', 'Development of self  controlling our emotions and thoughts through ... (GDD-955, Master Sheng-Yen)', '');
INSERT INTO videos(vid, pid, title, description) VALUES('C5jTnrblvFA', 'PLz2LIY6rQQrG1fveu7psZznBiwVMwFSpo', 'Development of self--self-affirmation by learning from others (GDD-954, Master Sheng-Yen)', '');
INSERT INTO videos(vid, pid, title, description) VALUES('yvZog1d2gfE', 'PLz2LIY6rQQrG1fveu7psZznBiwVMwFSpo', 'How should we cultivate our true self, our happy self (GDD-953, Master Sheng-Yen)', '');
INSERT INTO videos(vid, pid, title, description) VALUES('7uyYbHD1tqY', 'PLz2LIY6rQQrG1fveu7psZznBiwVMwFSpo', 'The virtuous self at its highest level--the true self (GDD-952, Master Sheng-Yen)', '');
INSERT INTO videos(vid, pid, title, description) VALUES('YCCx-AJKfFA', 'PLz2LIY6rQQrG1fveu7psZznBiwVMwFSpo', 'The virtuous self at a higher level giving for the sake of sentient beings GDD-951, Master Sheng-Yen', '');
INSERT INTO videos(vid, pid, title, description) VALUES('GY7XD16WaDk', 'PLz2LIY6rQQrG1fveu7psZznBiwVMwFSpo', 'Practicing the Buddhadharma by transforming the concepts (GDD-975, Master Sheng-Yen)', '');
INSERT INTO videos(vid, pid, title, description) VALUES('BrslIalRxgw', 'PLz2LIY6rQQrG1fveu7psZznBiwVMwFSpo', 'Prerequisites to meditation and limitations to it (GDD-974, Master Sheng-Yen)', '');
INSERT INTO videos(vid, pid, title, description) VALUES('JgUnU3LD_Hc', 'PLz2LIY6rQQrG1fveu7psZznBiwVMwFSpo', 'The best time to meditate and whether meditation is suitable for ... (GDD-973, Master Sheng-Yen)', '');
INSERT INTO playlist(pid, cid, title, description) VALUES('PLz2LIY6rQQrFb7kQ02qSO_zzbmN0cS7VG','UCBIGwiecylJsQrhTPBKI4Qw', 'GDD(0926-0950)', '');
INSERT INTO videos(vid, pid, title, description) VALUES('3KktoEEmXMY', 'PLz2LIY6rQQrFb7kQ02qSO_zzbmN0cS7VG', 'The power of the mind or thoughts--A sincere heart is always effective (GDD-926, Master Sheng-Yen)', 'Sincerity with a compassionate, tolerant, and caring mind never fails to hit the mark; and praying for others, it is the only path to reducing conflicts and creating a more peaceful world.');
INSERT INTO videos(vid, pid, title, description) VALUES('UEcT7-eSvXo', 'PLz2LIY6rQQrFb7kQ02qSO_zzbmN0cS7VG', 'We should be constantly aware of our arising thoughts (GDD-927, Master Sheng-Yen)', 'Practice means mending our ways. We should constantly observe, examine and train our mind to develop it toward the wholesome.');
INSERT INTO videos(vid, pid, title, description) VALUES('vHCM9jrhsik', 'PLz2LIY6rQQrFb7kQ02qSO_zzbmN0cS7VG', 'How do we apply the Dharma to guide our mind (GDD-928, Master Sheng-Yen)', 'Be persistent in reflection on arising thoughts, regulating and training your mind to release the burden of relentless bad thoughts.');
INSERT INTO videos(vid, pid, title, description) VALUES('J09WU_6a1_k', 'PLz2LIY6rQQrFb7kQ02qSO_zzbmN0cS7VG', 'The value of making vows lies in putting them into practice  being a ... (GDD-929, Master Sheng-Yen)', 'When making vows, we should be sincere and realistic. The process of fulfilling those vows will inevitably be fraught with frustrations, but can be overcome by adjusting our approach.');
INSERT INTO videos(vid, pid, title, description) VALUES('2MQbkgKcgLI', 'PLz2LIY6rQQrFb7kQ02qSO_zzbmN0cS7VG', 'The meaning of making vows and how to put them into practice (GDD-930, Master Sheng-Yen)', 'In making a vow, we should be sincere and realistic. The process of fulfilling those vows will inevitably be fraught with frustrations, but can be overcome by adjusting our approach.');
INSERT INTO videos(vid, pid, title, description) VALUES('JfgD6B1-omM', 'PLz2LIY6rQQrFb7kQ02qSO_zzbmN0cS7VG', 'What kind of vows are impractical (GDD-931, MasterSheng-Yen)', 'As long as we can keep the ultimate goal in mind and take action step by step, and vow can be practical and will be fulfilled.');
INSERT INTO videos(vid, pid, title, description) VALUES('oA6lEW0DUEM', 'PLz2LIY6rQQrFb7kQ02qSO_zzbmN0cS7VG', 'How should we make vows in the course of our lives What goals should ... (GDD-932, Master Sheng-Yen)', 'Instead of reaching for unrealistic or harboring selfish ambition, we should make a pure, great vow to live with both feet on the ground, seeking to benefit other people and society as a whole.');
INSERT INTO videos(vid, pid, title, description) VALUES('GZByxOZy_2M', 'PLz2LIY6rQQrFb7kQ02qSO_zzbmN0cS7VG', 'How should we make vows as Buddhists (GDD-933, Master Sheng-Yen)', 'Buddhists make great vows but not unrealistic vows. Great vows seek wholesome benefits for other people, rather than the pursuit of our own again.');
INSERT INTO videos(vid, pid, title, description) VALUES('BnJZKYqTd-I', 'PLz2LIY6rQQrFb7kQ02qSO_zzbmN0cS7VG', 'How can the expectations of parents and children be brought into harmony (GDD-934, Master Sheng-Yen)', 'Parents should not live out their own hopes and dreams through their children, but should try to understand them and help them develop their potentials and offer them proper guidance.');
INSERT INTO videos(vid, pid, title, description) VALUES('feZB6gPOT2A', 'PLz2LIY6rQQrFb7kQ02qSO_zzbmN0cS7VG', 'The vow underlying the Master''s efforts in promoting the ideals of ... (GDD-935, Master Sheng-Yen)', 'By improving our own character, we can influence other people to do the same. When there are more people working to uplift their character, a pure land on earth will appear.');
INSERT INTO videos(vid, pid, title, description) VALUES('Afxx8L91AfY', 'PLz2LIY6rQQrFb7kQ02qSO_zzbmN0cS7VG', 'Making great vows to benefit sentient beings while following the ... (GDD-936, Master Sheng-Yen)', 'The great vows we make should correspond with what sentient beings need, and be in accord with causes and conditions.');
INSERT INTO videos(vid, pid, title, description) VALUES('Ae8A8Yoh0Nw', 'PLz2LIY6rQQrFb7kQ02qSO_zzbmN0cS7VG', 'How should we go about realizing the ideals of Dharma Drum Mountain (GDD-937, Master Sheng-Yen)', 'The Three Types of Education include academic education, public outreach, and universal loving care, all of which are dedicated to \"uplifting the character of humanity and building a pure land on earth\".');
INSERT INTO videos(vid, pid, title, description) VALUES('6WmcV4vrPmA', 'PLz2LIY6rQQrFb7kQ02qSO_zzbmN0cS7VG', 'The cultivation of Buddhist talent and its connection to the ... (GDD-938, Master Sheng-Yen)', 'The principle of education at Dharma Drum Mountain is fostering talent who will contribute to society and serve the people.');
INSERT INTO videos(vid, pid, title, description) VALUES('X_dNN1XjT48', 'PLz2LIY6rQQrFb7kQ02qSO_zzbmN0cS7VG', 'How can we practice the ideals of Dharma Drum Mountain in daily life (GDD-939, Master Sheng-Yen)', 'Know your mistakes and admit them. This is a way to develop ourselves, and the first step in uplifting the character of humanity.');
INSERT INTO videos(vid, pid, title, description) VALUES('eisVOlyo8po', 'PLz2LIY6rQQrFb7kQ02qSO_zzbmN0cS7VG', 'Education through public outreach and its implementation (GDD-940, Master Sheng-Yen)', 'Dharma Drum Mountain is dedicated to transforming and purifying our minds, which is the purpose of our education through public outreach.');
INSERT INTO videos(vid, pid, title, description) VALUES('YkkJokZq__I', 'PLz2LIY6rQQrFb7kQ02qSO_zzbmN0cS7VG', 'Education through universal loving care and its implementation (GDD-941, Master Sheng-Yen)', 'Education through loving care is a cooperative social effort requiring mutual care among people in society and protecting the natural environment as a whole.');
INSERT INTO videos(vid, pid, title, description) VALUES('FfAOWPPLBH4', 'PLz2LIY6rQQrFb7kQ02qSO_zzbmN0cS7VG', 'How do disasters relate to the Four Kinds of Environmentalism (GDD-942, Master Sheng-Yen)', 'Heaven helps those who help themselves, so the Four Kinds of Environmentalism is a fundamental way to prevent and eliminate disasters, both natural and man-made.');
INSERT INTO videos(vid, pid, title, description) VALUES('0WwRMkhRLsA', 'PLz2LIY6rQQrFb7kQ02qSO_zzbmN0cS7VG', 'Spiritual Environmentalism (GDD-943, Master Sheng-Yen)', 'Transforming our minds and uplifting our character is the true meaning of Spiritual Environmentalism.');
INSERT INTO videos(vid, pid, title, description) VALUES('s1TxklDos98', 'PLz2LIY6rQQrFb7kQ02qSO_zzbmN0cS7VG', 'Spiritual Environmentalism is intended to change our concepts (GDD-944, Master Sheng-Yen)', 'Protecting the Spiritual Environment lies in maintaining a true sense of security and satisfaction by appreciating what we are and what we have.');
INSERT INTO videos(vid, pid, title, description) VALUES('BOpjS_YvjV4', 'PLz2LIY6rQQrFb7kQ02qSO_zzbmN0cS7VG', 'What are correct values (GDD-945, Master Sheng-Yen)', 'To find our purpose in life and live happily, we must understand our own values while being grateful at heart, devoted to the well-being of all sentient beings.');
INSERT INTO videos(vid, pid, title, description) VALUES('StooJURuiIY', 'PLz2LIY6rQQrFb7kQ02qSO_zzbmN0cS7VG', 'The purpose of life is to make and fulfill vows; the meaning of life ... (GDD-946, Master Sheng-Yen)', 'Our purpose in life is to make vows and then fulfill them, while the meaning of life lies in taking responsibility, which also gives our life a strong sense of direction.');
INSERT INTO videos(vid, pid, title, description) VALUES('QdVdQyxHTyI', 'PLz2LIY6rQQrFb7kQ02qSO_zzbmN0cS7VG', 'What kind of ceremony or rite can help us purify our mind (GDD-947, Master Sheng-Yen)', 'Simple and solemn rituals for weddings and funerals should serve an educational function, promoting interpersonal harmony, while purifying our minds, and society as a whole.');
INSERT INTO videos(vid, pid, title, description) VALUES('bh95Ms2DO5o', 'PLz2LIY6rQQrFb7kQ02qSO_zzbmN0cS7VG', 'Eliminating troubles and attachment to the self by first realizing ... (GDD-948, Master Sheng-Yen)', 'Only when we realize that there''s nothing permanent will we being to understand that our body, thoughts, and things external to our body are actually not the self.');
INSERT INTO videos(vid, pid, title, description) VALUES('kgxeJrd11MY', 'PLz2LIY6rQQrFb7kQ02qSO_zzbmN0cS7VG', 'The true self in the Buddhist perspective (GDD-949, Master Sheng-Yen)', 'The foolish self is the self that suffers and enjoys happiness in turn in the process of cause and effect.');
INSERT INTO videos(vid, pid, title, description) VALUES('RBxCuyXEMYg', 'PLz2LIY6rQQrFb7kQ02qSO_zzbmN0cS7VG', 'The basic level of a virtuous self--learning and giving (GDD-950, MasterSheng-Yen)', 'Giving of and devoting ourselves to develop the virtuous self is the first step to achieve no-self.');
INSERT INTO playlist(pid, cid, title, description) VALUES('PLz2LIY6rQQrF9B5BCT-HK-69ulmSDsR0j','UCBIGwiecylJsQrhTPBKI4Qw', 'GDD(0901-0925)', '');
INSERT INTO videos(vid, pid, title, description) VALUES('mwgemnq7HmI', 'PLz2LIY6rQQrF9B5BCT-HK-69ulmSDsR0j', 'The Four Sufferings of birth, aging, sickness and death, and ... (GDD-901, Master Sheng-Yen)', 'Acknowledging the existence of Eight Sufferings in one''s life and facing them honestly is the first step out of endless cycles of rebirth.');
INSERT INTO videos(vid, pid, title, description) VALUES('o2aaFvi5TBg', 'PLz2LIY6rQQrF9B5BCT-HK-69ulmSDsR0j', 'What kind of state of mind is meditative joy (GDD-902, Master Sheng-Yen)', 'Meditative concentration brings great bliss because it frees one from all physical and mental burdens. But it''s not the ultimate goal, as the self still remains, and it tends to make one worlds-weary.');
INSERT INTO videos(vid, pid, title, description) VALUES('Ugd3gEX3Rh0', 'PLz2LIY6rQQrF9B5BCT-HK-69ulmSDsR0j', 'What is true love Is love a kind of suffering (GDD-903, Master Sheng-Yen)', 'Love is caring. Love is respecting. Love is tolerating. Love is learning from each other and becoming a better person.');
INSERT INTO videos(vid, pid, title, description) VALUES('AW9hKeImpkk', 'PLz2LIY6rQQrF9B5BCT-HK-69ulmSDsR0j', 'The way to leave suffering behind and gain happiness in marriage (GDD-904, Master Sheng-Yen)', 'Married couples can see their relationship as a place for spiritual practice, treating each other as companions on the Bodhisattva path and on the way to Buddhahood.');
INSERT INTO videos(vid, pid, title, description) VALUES('CxKXqX5hbj0', 'PLz2LIY6rQQrF9B5BCT-HK-69ulmSDsR0j', 'Views on marrying late and staying single (GDD-905, Master Sheng-Yen)', 'We should find our own philosophy for life instead of depending on marriage, or on any other person to give meaning to our life.');
INSERT INTO videos(vid, pid, title, description) VALUES('pkSh0vnb0LQ', 'PLz2LIY6rQQrF9B5BCT-HK-69ulmSDsR0j', 'What is the suffering of separation from loved ones (GDD-906, Master Sheng-Yen)', 'We can relieve the suffering of separation from loved ones by mentally preparing ourselves and transforming the feeling into a benevolent resolve to help more people.');
INSERT INTO videos(vid, pid, title, description) VALUES('s2FjGCi8iR8', 'PLz2LIY6rQQrF9B5BCT-HK-69ulmSDsR0j', 'The suffering of the five raging aggregates and their effects (GDD-912, Master Sheng-Yen)', 'Adjusting one''s mindset and perception is the way to transcending suffering due to the five aggregates of attachment.');
INSERT INTO videos(vid, pid, title, description) VALUES('Z8VBoA6c8Pw', 'PLz2LIY6rQQrF9B5BCT-HK-69ulmSDsR0j', 'The suffering of the five raging aggregates and their effects (GDD-911, Master sheng-Yen)', 'The five aggregates - form, feeling, conception, volition, and consciousness are the source of suffering only when we grasp at them as our true ''self''. Reducing such grasping and attachment reduces suffering.');
INSERT INTO videos(vid, pid, title, description) VALUES('seL58uhJYKA', 'PLz2LIY6rQQrF9B5BCT-HK-69ulmSDsR0j', 'What if our vows seem to fail (GDD-910, Master Sheng-Yen)', 'Don''t ask how much you receive, but ask how much you can give. This is the way to the Dharma.');
INSERT INTO videos(vid, pid, title, description) VALUES('EueNSTuyuyk', 'PLz2LIY6rQQrF9B5BCT-HK-69ulmSDsR0j', 'Easing the suffering of not getting what we want by making ...  (GDD-909, Master Sheng-Yen)', 'Planting and cultivating merit, along with fulfilling duties and responsibilities, is the most reliable way to seek blessings.');
INSERT INTO videos(vid, pid, title, description) VALUES('MQ1WLwEjRqo', 'PLz2LIY6rQQrF9B5BCT-HK-69ulmSDsR0j', 'What is the suffering of not getting what you want (GDD-908, Master Sheng-Yen)', 'The best way to alleviate the pain of not getting what you want is to seek for the sake of others'' welfare.');
INSERT INTO videos(vid, pid, title, description) VALUES('us7PSTvzsMM', 'PLz2LIY6rQQrF9B5BCT-HK-69ulmSDsR0j', 'How do we ease the suffering of separation from loved ones (GDD-907, Master Sheng-Yen)', 'To ease the suffering of separation from loved ones, we should first accept it as a natural course of events and transform our mindset by seeing it as a process that will enrich our lives.');
INSERT INTO videos(vid, pid, title, description) VALUES('aZfn4pyHAEc', 'PLz2LIY6rQQrF9B5BCT-HK-69ulmSDsR0j', 'Correct perception and practice of the emptiness of the five aggregates (GDD-913, Master Sheng-Yen)', '''When Guanyin Bodhisattva was coursing in the deep prajnaparamita, he perceived that all five aggregates are empty. thereby transcending all suffering.\" - Extracted from the Heart Sutra-');
INSERT INTO videos(vid, pid, title, description) VALUES('hqIHA48MmLs', 'PLz2LIY6rQQrF9B5BCT-HK-69ulmSDsR0j', 'Leaving suffering behind and gaining happiness by applying the ... (GDD-914, Master Sheng-Yen)', 'Engaging in the world without indulging in it is truly transcending the world which is the path to leave suffering and gain happiness.');
INSERT INTO videos(vid, pid, title, description) VALUES('yikYc1aaHsY', 'PLz2LIY6rQQrF9B5BCT-HK-69ulmSDsR0j', 'Recognizing, reducing, and eliminating suffering (GDD-915, Master Sheng-Yen)', 'Acknowledge suffering. Experience suffering. Realize that there''s no suffering to be perceived. This is the path to the cessation of suffering.');
INSERT INTO videos(vid, pid, title, description) VALUES('Zvzt5iZM244', 'PLz2LIY6rQQrF9B5BCT-HK-69ulmSDsR0j', 'How do we go about leaving suffering behind and obtaining happiness ... (GDD-916, Master Sheng-Yen)', 'Though objectively suffering exists, subjectively, there''s no such thing as suffering.');
INSERT INTO videos(vid, pid, title, description) VALUES('NMLS7YEyRBg', 'PLz2LIY6rQQrF9B5BCT-HK-69ulmSDsR0j', 'Eliminating suffering by not regarding suffering as suffering (GDD-917, Master Sheng-Yen)', 'Suffering is only suffering if we feel it as suffering,. Hardship is only hardship if we think of it as hardship. Do not take suffering as suffering. This is the cessation of suffering.');
INSERT INTO videos(vid, pid, title, description) VALUES('mNB5lkkztfw', 'PLz2LIY6rQQrF9B5BCT-HK-69ulmSDsR0j', 'Eliminating suffering by not regarding suffering as suffering (GDD-918, Master Sheng-Yen)', '');
INSERT INTO videos(vid, pid, title, description) VALUES('JjxmfNNNHuQ', 'PLz2LIY6rQQrF9B5BCT-HK-69ulmSDsR0j', 'True happiness lies in liberation from suffering (GDD-919, Master Sheng-Yen)', '');
INSERT INTO videos(vid, pid, title, description) VALUES('hHJRmb00UG8', 'PLz2LIY6rQQrF9B5BCT-HK-69ulmSDsR0j', 'The relationship between causality and conditions (GDD-920, Master Sheng-Yen)', '');
INSERT INTO videos(vid, pid, title, description) VALUES('pinQ0n68H3g', 'PLz2LIY6rQQrF9B5BCT-HK-69ulmSDsR0j', 'The law of causality does not represent fatalism (GDD-921, Master Sheng-Yen)', '');
INSERT INTO videos(vid, pid, title, description) VALUES('W19Mjjj1-XU', 'PLz2LIY6rQQrF9B5BCT-HK-69ulmSDsR0j', 'The correct approach to the law of causality (GDD-922, Master Sheng-Yen)', '');
INSERT INTO videos(vid, pid, title, description) VALUES('ZE4xi5W0okw', 'PLz2LIY6rQQrF9B5BCT-HK-69ulmSDsR0j', 'The meanings of collective karma, shared vows, and group practice (GDD-924, Master Sheng-Yen)', '');
INSERT INTO videos(vid, pid, title, description) VALUES('JLO4wesNQr8', 'PLz2LIY6rQQrF9B5BCT-HK-69ulmSDsR0j', 'Why do evil thoughts even produce bad karma (GDD-925, Master Sheng-Yen)', '');
INSERT INTO videos(vid, pid, title, description) VALUES('iXYMz8i06P8', 'PLz2LIY6rQQrF9B5BCT-HK-69ulmSDsR0j', 'The concept of causality and karmic results (GDD-923, Master Sheng-Yen)', '');
INSERT INTO playlist(pid, cid, title, description) VALUES('PLz2LIY6rQQrHGa0DGRbyAWNtPrW-3BgjC','UCBIGwiecylJsQrhTPBKI4Qw', 'GDD(0876-0900)', '');
INSERT INTO videos(vid, pid, title, description) VALUES('J5bbDtBiUOU', 'PLz2LIY6rQQrHGa0DGRbyAWNtPrW-3BgjC', 'Suffering one of the Four Noble Truths (GDD-893, Master Sheng-Yen)', 'Suffering comes from our inner afflictions and results from our past actions. We can reduce suffering by following the Path and creating no more negative causes.');
INSERT INTO videos(vid, pid, title, description) VALUES('zc22gurfEoo', 'PLz2LIY6rQQrHGa0DGRbyAWNtPrW-3BgjC', 'The guidance and role of Dharma teachers and how to choose good ... (GDD-892, Master Sheng-Yen)', 'There are different kinds of good Dharma teachers. We have to find the one with correct knowledge and views and follow his or her example to practice the Dharma.');
INSERT INTO videos(vid, pid, title, description) VALUES('h8WN6FrGGbA', 'PLz2LIY6rQQrHGa0DGRbyAWNtPrW-3BgjC', 'How to enter meditative concentration (GDD-890, Master Sheng-Yen)', 'The spirit of Chan is concentrating the mind on a single thought and cultivating awareness of our actions.');
INSERT INTO videos(vid, pid, title, description) VALUES('CfV1Zy6R5DQ', 'PLz2LIY6rQQrHGa0DGRbyAWNtPrW-3BgjC', 'The central focus of Buddhist faith  the Buddha, the Dharma, and ...  (GDD-891, Master Sheng-Yen)', 'The Buddha, the Dharma and the Sangha - the center of Buddhism represent the three different aspects of learning for Buddhists.');
INSERT INTO videos(vid, pid, title, description) VALUES('yFI9h7z7plE', 'PLz2LIY6rQQrHGa0DGRbyAWNtPrW-3BgjC', 'What does meditative concentration feel like, and what kind of ... (GDD-889, Master Sheng-Yen)', 'We can practice Chan by first calming ourselves down internally, keeping our mind simple and free of wandering thoughts and focusing it on just one thought.');
INSERT INTO videos(vid, pid, title, description) VALUES('JrJgv0RTIxk', 'PLz2LIY6rQQrHGa0DGRbyAWNtPrW-3BgjC', 'How can we achieve flawless wisdom (GDD-888, Master Sheng-Yen)', 'Through both understanding and practicing, experiencing the Buddhadharma, one is able to cultivate and achieve pure, flawless wisdom of non-attachment.');
INSERT INTO videos(vid, pid, title, description) VALUES('RHkIe3HrVO4', 'PLz2LIY6rQQrHGa0DGRbyAWNtPrW-3BgjC', 'How are non attachment and flawless wisdom related to each other (GDD-887, Master Sheng-Yen)', 'Non-attachment is being free of the self and the desire that arises from self. Striving hard to create welfare for others without considering the self is also act of non-attachment.');
INSERT INTO videos(vid, pid, title, description) VALUES('_NO6M6iLnTQ', 'PLz2LIY6rQQrHGa0DGRbyAWNtPrW-3BgjC', 'The Buddhadharma as flawless wisdom and the meaning of flawed wisdom (GDD-886, Master Sheng-Yen)', 'Buddhadharma represents ''flawless wisdom'', which teaches us to let go of the self, that is, self-centeredness and selfishness.');
INSERT INTO videos(vid, pid, title, description) VALUES('a-0lNdf-zDc', 'PLz2LIY6rQQrHGa0DGRbyAWNtPrW-3BgjC', 'Buddhism and its differences with religion and philosophy (GDD-885, Master Sheng-Yen)', 'Wisdom is to let go of self-attachment, self-centeredness and to be free of troubles.');
INSERT INTO videos(vid, pid, title, description) VALUES('ANwXaDxv6Dc', 'PLz2LIY6rQQrHGa0DGRbyAWNtPrW-3BgjC', 'Is Buddhism a religion, the Buddhadharma, or a philosophy (GDD-884, Master Sheng-Yen)', 'Buddhism  has holistic answers to problems that different fields of study are striving to solve and it transcends their limits.');
INSERT INTO videos(vid, pid, title, description) VALUES('G4Z8wLxzu1c', 'PLz2LIY6rQQrHGa0DGRbyAWNtPrW-3BgjC', 'The proper attitude to pray to Buddhas and bodhisattvas  the law of  ... (GDD-883,Master Sheng-Yen)', 'Praying to Buddhas and bodhisattvas for help strengthens our spiritual practice and our vow to emulate them. We should do our part in developing wisdom and compassion, so as to benefit more people.');
INSERT INTO videos(vid, pid, title, description) VALUES('8u1MWJICTHA', 'PLz2LIY6rQQrHGa0DGRbyAWNtPrW-3BgjC', 'The proper way or attitude to pray to deities and bodhisattvas (GDD-882, Master Sheng-Yen)', 'In praying to Buddhas and bodhisattvas, we should embrace a sensible attitude, The best prayer is a prayer for wisdom and one in line with the vows to benefit and relieve sentient beings.');
INSERT INTO videos(vid, pid, title, description) VALUES('10e-o1-vY54', 'PLz2LIY6rQQrHGa0DGRbyAWNtPrW-3BgjC', 'The Six Harmonies the meaning of physical harmony in ...  (GDD-881, Master Sheng-Yen)', 'Harmonious relations with others require an individual''s good health, a willingness to compromise, and mutual help and understanding.');
INSERT INTO videos(vid, pid, title, description) VALUES('wSsrcOlQ-EU', 'PLz2LIY6rQQrHGa0DGRbyAWNtPrW-3BgjC', 'Why doesn''t it always work to pray to deities and Buddhas (GDD-880, Master Sheng-Yen)', 'Prayers in accordance with the Dharma, that is, the law of causes and conditions, will receive responses.');
INSERT INTO videos(vid, pid, title, description) VALUES('bACesT6gjJg', 'PLz2LIY6rQQrHGa0DGRbyAWNtPrW-3BgjC', 'Do we need to pray to deities and bodhisattvas (GDD-879, Master Sheng-Yen)', 'Though Buddhism doesn''t believe in a Creator, it doesn''t deny the existence of ghosts and deities, either. As long as one has a kind heart, good deities will aid and protect them.');
INSERT INTO videos(vid, pid, title, description) VALUES('jTxwP1wYf6A', 'PLz2LIY6rQQrHGa0DGRbyAWNtPrW-3BgjC', 'Buddhism is a non theistic belief in causes and conditions (GDD-878, Master Sheng-Yen)', 'The environment we''re living in is created by the vows and karma we made in the past lives. We''re born in this environment and receive our respective results due to our karma.');
INSERT INTO videos(vid, pid, title, description) VALUES('FNj8KkRxco8', 'PLz2LIY6rQQrHGa0DGRbyAWNtPrW-3BgjC', 'How should we deal with religions promoting wrong views (GDD-876, Master Sheng-Yen)', 'Buddhism, though concerned with gaining release from the circle of birth and death, is also engaged with the world, trying to make the world a better place.');
INSERT INTO videos(vid, pid, title, description) VALUES('4eMsUFW30EQ', 'PLz2LIY6rQQrHGa0DGRbyAWNtPrW-3BgjC', 'The happiness of meditation and its meaning (GDD-896, Master Sheng-Yen)', 'When our mind is carefree it won''t be affected by anything outside. This is happiness of meditation.');
INSERT INTO videos(vid, pid, title, description) VALUES('h2c5Dkz56yU', 'PLz2LIY6rQQrHGa0DGRbyAWNtPrW-3BgjC', 'What kind of suffering and happiness are concerned in Buddhism (GDD-895, Master Sheng-Yen)', 'Sensual happiness will bring us suffering while meditative happiness can relieve us from the burdens of our body. The utmost happiness is that of liberation, free from all mental and physical burdens.');
INSERT INTO videos(vid, pid, title, description) VALUES('TdWftAIDoSE', 'PLz2LIY6rQQrHGa0DGRbyAWNtPrW-3BgjC', 'How does Buddhism distinguish between happiness and suffering (GDD-894, Master Sheng-Yen)', 'Real happiness results from hard work or diligence. Pursuing momentary sensory stimulated \"happiness\" is usually the beginning of suffering.');
INSERT INTO videos(vid, pid, title, description) VALUES('y_M68IA-W8s', 'PLz2LIY6rQQrHGa0DGRbyAWNtPrW-3BgjC', 'Different levels of sensual happiness (GDD-899, Master Sheng-Yen)', 'If we appreciate the world with our mind''s eyes, everything we see is beautiful. Among different levels of sensual happiness, we should aspire to that of a higher level.');
INSERT INTO videos(vid, pid, title, description) VALUES('IqRxCjH_oc0', 'PLz2LIY6rQQrHGa0DGRbyAWNtPrW-3BgjC', 'How can we truely leave suffering behind and obtain happiness (GDD-898, Master Sheng-Yen)', 'Whether we feel suffering depends on our mindset. By helping people without expecting anything in return and accepting any result joyfully, we can leave suffering behind and achieve the happiness of liberation.');
INSERT INTO videos(vid, pid, title, description) VALUES('fZmqH9npbfU', 'PLz2LIY6rQQrHGa0DGRbyAWNtPrW-3BgjC', 'The happiness of liberation is the happiness worth pursuing (GDD-897, Master Sheng-Yen)', 'Meditative concentration serves a foundation to train our minds to be stable and unaffected. Happiness of liberation comes from helping sentient beings to reduce suffering and gain happiness.');
INSERT INTO videos(vid, pid, title, description) VALUES('03J2sDGGLOI', 'PLz2LIY6rQQrHGa0DGRbyAWNtPrW-3BgjC', 'How do we practice the Bodhisattva Path and attain the happiness of ... (GDD-900, Master Sheng-Yen)', 'When we just want to be of help and give of ourselves without asking for anything, we''re practicing the way of bodhisattva, the key to gaining the happiness of liberation.');
INSERT INTO videos(vid, pid, title, description) VALUES('VWVeki1v_wU', 'PLz2LIY6rQQrHGa0DGRbyAWNtPrW-3BgjC', 'Is Buddhism theistic or non-theistic (GDD-877, Master Sheng-Yen)', 'Buddhism is non-theistic, which holds that everything in this world is the result of the combination of causes and conditions, not created by an eternal being as the Creator.');
INSERT INTO videos(vid, pid, title, description) VALUES('GQz5-t5Ka7k', 'PLz2LIY6rQQrHGa0DGRbyAWNtPrW-3BgjC', 'Should Buddhists participate in political activities?(GDD-386, Master Sheng-Yen)', 'Politics is the management of the affairs of the people. Since we Buddhists live in this society and are citizens of this country, we should fulfill our obligations as taxpayers, and thus have the right and obligation to vote, and the right to run in an election. This is an obligation as well as a right, and is universal. We should vote for one who we think would benefit our society and country, bring people peace of mind, make significant contributions, and even benefit the entire world.');
INSERT INTO playlist(pid, cid, title, description) VALUES('PLz2LIY6rQQrEKcqmRrxV6KvpvyBh5V2qP','UCBIGwiecylJsQrhTPBKI4Qw', 'GDD(0851-0875)', '');
INSERT INTO videos(vid, pid, title, description) VALUES('InBLDsNT8Ts', 'PLz2LIY6rQQrEKcqmRrxV6KvpvyBh5V2qP', 'What are the Six Harmonies physical harmony in living together (GDD-851, Master Sheng-Yen)', 'The Six Harmonies, originally meant for Buddhist monastic communities, can also be applied in the family, the workplace, and other spheres of communal life in order to enhance harmony among people.');
INSERT INTO videos(vid, pid, title, description) VALUES('iAAJnekElfI', 'PLz2LIY6rQQrEKcqmRrxV6KvpvyBh5V2qP', 'The Six Harmonies verbal harmony without dispute (GDD-852, Master Sheng-Yen)', 'Mutual respect and paying attention to speaking respectfully will help us achieve ''verbal harmony without dispute''.');
INSERT INTO videos(vid, pid, title, description) VALUES('vfnsXiP8Ul0', 'PLz2LIY6rQQrEKcqmRrxV6KvpvyBh5V2qP', 'The Six Harmonies joyful spiritual harmony (GDD-853, Master Sheng-Yen)', 'A happy heart and sincere intention can create harmony all around.');
INSERT INTO videos(vid, pid, title, description) VALUES('65yPisp065g', 'PLz2LIY6rQQrEKcqmRrxV6KvpvyBh5V2qP', 'The Six Harmonies harmony in views (GDD-854, Master Sheng-Yen)', 'The essence of ''harmony in views'' is to establish a shared view and standpoint.');
INSERT INTO videos(vid, pid, title, description) VALUES('9ND8Kdoo5pE', 'PLz2LIY6rQQrEKcqmRrxV6KvpvyBh5V2qP', 'The Six Harmonies harmony in sharing benefits (GDD-856, Master Sheng-Yen)', 'All of us share equality of opportunity, but our development also hinges on our personal abilities, conditions, karmic blessings and timing.');
INSERT INTO videos(vid, pid, title, description) VALUES('0lZZSpCyLjk', 'PLz2LIY6rQQrEKcqmRrxV6KvpvyBh5V2qP', 'How can we achieve harmony in sharing benefits (GDD-857, Master Sheng-Yen))', '''Harmony in sharing benefits'' is both a practical and ethical principle, a principle encouraging both greater efficiency, and a sense of moral and social responsibility.');
INSERT INTO videos(vid, pid, title, description) VALUES('4bSOQoaQDJ0', 'PLz2LIY6rQQrEKcqmRrxV6KvpvyBh5V2qP', 'The Six Harmonies harmony in observing common precepts (GDD-858, Master Sheng-Yen)', 'Precepts are the rules required to live a wholesome life for individuals as well as communal groups.');
INSERT INTO videos(vid, pid, title, description) VALUES('QdKp0od6MuM', 'PLz2LIY6rQQrEKcqmRrxV6KvpvyBh5V2qP', 'How can we introduce people to the Dharma (GDD-859, Master Sheng-Yen)', 'It''s not necessary to try to convert other people to Buddhism, but it''s important to try to help people, regardless of their religious backgrounds, so they can all benefit from the Dharma.');
INSERT INTO videos(vid, pid, title, description) VALUES('08GqDYH84mM', 'PLz2LIY6rQQrEKcqmRrxV6KvpvyBh5V2qP', 'The meaning of faith, vows, and practice (GDD-860, Master Sheng-Yen)', '\"Faith\", \"vows\", and \"practice\" mean we should have faith in the Buddhas, emulate the great vows they made, and follow their example to cultivate our wisdom and compassion.');
INSERT INTO videos(vid, pid, title, description) VALUES('vEB135cRix0', 'PLz2LIY6rQQrEKcqmRrxV6KvpvyBh5V2qP', 'True faith versus blind faith, and the power of true faith (GDD-861, Master Sheng-Yen)', 'True faith involves belief in karmic causality, accepting whatever situation in which we find ourselves and being diligent.');
INSERT INTO videos(vid, pid, title, description) VALUES('xyka2O0bRhc', 'PLz2LIY6rQQrEKcqmRrxV6KvpvyBh5V2qP', 'Verified faith and its difference with faith through understanding (GDD-863, Master Sheng-Yen)', '\"Verified faith\" means believing in what one has personally experienced. A miraculous experience can strengthen one''s faith, but is not enlightenment,  which is attained by letting go of troubles and the self.');
INSERT INTO videos(vid, pid, title, description) VALUES('rG-9TzAEQoU', 'PLz2LIY6rQQrEKcqmRrxV6KvpvyBh5V2qP', 'Levels of faith faith through understanding versus verified faith (GDD-862, Master Sheng-Yen)', 'Buddhism distinguishes between various levels of faith: blind faith, true faith, faith through understanding, and verified faith.');
INSERT INTO videos(vid, pid, title, description) VALUES('HGRChKjjlnc', 'PLz2LIY6rQQrEKcqmRrxV6KvpvyBh5V2qP', 'What is orthodox Buddhism (GDD-875, Master Sheng-Yen)', 'Stay on the path of correct understanding. Seek only true wisdom. From such wisdom blessings will blossom and bring forth seeds; seeds that will one day create still more blessings.');
INSERT INTO videos(vid, pid, title, description) VALUES('zJ2Vs-Jr1N4', 'PLz2LIY6rQQrEKcqmRrxV6KvpvyBh5V2qP', 'The state of no self (GDD-874, Master Sheng-Yen)', 'Taking consideration for others is the first step to be no-self.');
INSERT INTO videos(vid, pid, title, description) VALUES('XoucvAjIFqY', 'PLz2LIY6rQQrEKcqmRrxV6KvpvyBh5V2qP', 'How do we introduce Spiritual Environmentalism to others (GDD-873, Master Sheng-Yen)', 'In dealing with an angry person stay clam; don''t respond in kind. In influencing others we need to use both personal example and verbal teaching.');
INSERT INTO videos(vid, pid, title, description) VALUES('tGaDAV9q-IQ', 'PLz2LIY6rQQrEKcqmRrxV6KvpvyBh5V2qP', 'What do we do when our minds are impure (GDD-872, Master Sheng-Yen)', 'If you are beset by wandering thoughts and negative emotion, there is a sure fire remedy you can apply: simply let go of the disturbing though and return to your practice.');
INSERT INTO videos(vid, pid, title, description) VALUES('02zevm0M678', 'PLz2LIY6rQQrEKcqmRrxV6KvpvyBh5V2qP', 'The third level of protecting the spiritual environment (GDD-871, Master Sheng-Yen)', 'It is no easy task dealing with wandering thoughts, overly critical attitudes, and lack of compassion. But we should be willing to acknowledge them, and be constantly mindful of them.');
INSERT INTO videos(vid, pid, title, description) VALUES('dBoIEYE9QSg', 'PLz2LIY6rQQrEKcqmRrxV6KvpvyBh5V2qP', 'The concrete steps or the detailed aspects in protecting ... (GDD-870, Master Sheng-Yen)', 'The first step in protecting the spiritual environment is to be aware of and alert to our thoughts.');
INSERT INTO videos(vid, pid, title, description) VALUES('xWU_--36Y9Y', 'PLz2LIY6rQQrEKcqmRrxV6KvpvyBh5V2qP', 'How can we realize Spiritual Environmentalism in our daily lives (GDD-869, Master Sheng-Yen)', 'Practicing Spiritual Environmentalism entails a shift in our thinking, developing our spirituality, and remaining undisturbed by the external environment.');
INSERT INTO videos(vid, pid, title, description) VALUES('V8nvcRYjNzU', 'PLz2LIY6rQQrEKcqmRrxV6KvpvyBh5V2qP', 'Spiritual Environmentalism and its basis in the Buddhist sutras (GDD-868, Master Sheng-Yen)', 'The first step in purifying our environment is to purify our own mind. This will affect those around us into cultivating mental purity also. This is what is meant by Spiritual Environmentalism.');
INSERT INTO videos(vid, pid, title, description) VALUES('F64ypPiTIic', 'PLz2LIY6rQQrEKcqmRrxV6KvpvyBh5V2qP', 'Spiritual Environmentalism and the purpose of promoting it (GDD-867, Master Sheng-Yen)', 'When we transform a negative mindset into a positive one, we are starting to change our suffering to happiness and this is the development of spirituality.');
INSERT INTO videos(vid, pid, title, description) VALUES('3teTZmpVOvA', 'PLz2LIY6rQQrEKcqmRrxV6KvpvyBh5V2qP', 'How can we tell we''ve had a miraculous or a confirming experience (GDD-866, Master Sheng-Yen)', 'There are different levels of confirming experience: mental adjustment, spiritual development, and ultimate enlightenment. Even without enlightenment, one can still benefit from spiritual practice.');
INSERT INTO videos(vid, pid, title, description) VALUES('DorlGGs1zd8', 'PLz2LIY6rQQrEKcqmRrxV6KvpvyBh5V2qP', 'How can we attain enlightenment (GDD-865, Master Sheng-Yen)', 'Attaining enlightenments is not easy for most people. But with diligent practice, one can definitely gain useful confirming experiences.');
INSERT INTO videos(vid, pid, title, description) VALUES('yQxQlCxQv2Q', 'PLz2LIY6rQQrEKcqmRrxV6KvpvyBh5V2qP', 'How can we tell if someone else has had a genuine experience (GDD-864, Master Sheng-Yen)', 'A truly enlightened person may still have troubles, but they''re vigilant enough to dissolve them before they manifest. They uphold the precepts strictly, therefore living a wholesome life.');
INSERT INTO playlist(pid, cid, title, description) VALUES('PLz2LIY6rQQrFmWuxx_QW8OqvT5LVaGpH4','UCBIGwiecylJsQrhTPBKI4Qw', 'GDD(0826-0850)', '');
INSERT INTO videos(vid, pid, title, description) VALUES('n67NKvuI8Ns', 'PLz2LIY6rQQrFmWuxx_QW8OqvT5LVaGpH4', 'Levels to benefiting others (unconditional loving-kindness and ...) (GDD-829 Master Sheng-Yen))', 'It only requires a smile or a look to make people joyful and feel warm inside.');
INSERT INTO videos(vid, pid, title, description) VALUES('MkMwOJYdhPI', 'PLz2LIY6rQQrFmWuxx_QW8OqvT5LVaGpH4', 'Different levels to benefiting other sentient beings (GDD-828, Master Sheng-Yen)', 'A Bodhisattva sees sentient beings as his own children and takes care of them with all his heart; this is great empathic compassion.');
INSERT INTO videos(vid, pid, title, description) VALUES('oofoIxHQXQw', 'PLz2LIY6rQQrFmWuxx_QW8OqvT5LVaGpH4', 'The three levels of compassion (GDD-827, Master Sheng-Yen)', 'Help sentient beings but refrain form dwelling on it, this is causeless compassion.');
INSERT INTO videos(vid, pid, title, description) VALUES('9ab942q011o', 'PLz2LIY6rQQrFmWuxx_QW8OqvT5LVaGpH4', 'Benefiting others is benefiting ourselves collective karma (GDD-826, Master Sheng-Yen)', 'Consider others and avoid creating bad joint karma so we can have a better future.');
INSERT INTO videos(vid, pid, title, description) VALUES('LVg47kM8j6U', 'PLz2LIY6rQQrFmWuxx_QW8OqvT5LVaGpH4', 'Guidelines for and levels of benevolence (GDD-830, Master Sheng-Yen)', 'We must compassionate and wise at the same time or it''s not real compassion, but foolish compassion.');
INSERT INTO videos(vid, pid, title, description) VALUES('8I9JgIfoK7E', 'PLz2LIY6rQQrFmWuxx_QW8OqvT5LVaGpH4', 'How do we care for others without hurting them even more (GDD-832, Master Sheng-Yen)', 'We should act to express our care and concern and do it in all sincerity.');
INSERT INTO videos(vid, pid, title, description) VALUES('36FfunSdmFQ', 'PLz2LIY6rQQrFmWuxx_QW8OqvT5LVaGpH4', 'While we care for others, how should we protect ourselves from hurt (GDD-833, Master Sheng-Yen)', 'We should care for others according to our ability only, so we can avoid burdening ourselves instead.');
INSERT INTO videos(vid, pid, title, description) VALUES('JLK_iJyysKU', 'PLz2LIY6rQQrFmWuxx_QW8OqvT5LVaGpH4', 'How are caring and acceptance related to each other (GDD-834, Master Sheng-Yen)', 'The true meaning of acceptance is to open your mind and embrace all things.');
INSERT INTO videos(vid, pid, title, description) VALUES('kn3caZOwldI', 'PLz2LIY6rQQrFmWuxx_QW8OqvT5LVaGpH4', 'Won''t acceptance become indulgence in the end (GDD-835, Master Sheng-Yen)', 'We should use our wisdom to solve all misunderstandings and conflicts.');
INSERT INTO videos(vid, pid, title, description) VALUES('2IoAY58oawY', 'PLz2LIY6rQQrFmWuxx_QW8OqvT5LVaGpH4', 'How do we use wisdom to accept others and resolve problems (GDD-836, Master Sheng-Yen)', 'Acceptance can increase our wisdom and reduce our vexations and enemies.');
INSERT INTO videos(vid, pid, title, description) VALUES('qyy7enH9Pkw', 'PLz2LIY6rQQrFmWuxx_QW8OqvT5LVaGpH4', 'Guidelines and limits to accepting others (GDD-837, Master Sheng-Yen)', 'Discard the self and accept according to our ability.');
INSERT INTO videos(vid, pid, title, description) VALUES('1DmPnfPN2oo', 'PLz2LIY6rQQrFmWuxx_QW8OqvT5LVaGpH4', 'How do we remain tender in accepting others (GDD-838, Master Sheng-Yen)', 'Letting go of the self, treating others with softness are the manifestations of strength.');
INSERT INTO videos(vid, pid, title, description) VALUES('BTeGQZ3layI', 'PLz2LIY6rQQrFmWuxx_QW8OqvT5LVaGpH4', 'The real meaning of overcoming harshness with tenderness (GDD-839, Master Sheng-Yen)', 'True perseverance lies in being kind to people and learning to be soft.');
INSERT INTO videos(vid, pid, title, description) VALUES('zWPik7QAwkY', 'PLz2LIY6rQQrFmWuxx_QW8OqvT5LVaGpH4', 'What it takes to care for people an open and clear mind (GDD-840, Master Sheng-Yen)', 'We should keep an open and clear mind or else we''re just as ignorant as animals and muddle through our lives.');
INSERT INTO videos(vid, pid, title, description) VALUES('NX9fwubSFwU', 'PLz2LIY6rQQrFmWuxx_QW8OqvT5LVaGpH4', 'How can one transform depression into an open and clear mind (GDD-841, Master Sheng-Yen)', 'Depression is becoming increasingly common in our complex and fast-changing world. But we should strive to adapt to conditions and do our best to keep up with the times.');
INSERT INTO videos(vid, pid, title, description) VALUES('w4ykUn4GPQI', 'PLz2LIY6rQQrFmWuxx_QW8OqvT5LVaGpH4', 'What can we do to foster a cheerful mind (GDD-842, Master Sheng-Yen)', 'When depressed or entangled, just look at things in a positive light and a whole new vista will appear you. The environment changes with your mind and you''ll be cheerful and at ease.');
INSERT INTO videos(vid, pid, title, description) VALUES('5r-0Hdfc1E4', 'PLz2LIY6rQQrFmWuxx_QW8OqvT5LVaGpH4', 'Contentment through reduced desire and its effect on purifying the spirit (GDD-843, Master Sheng-Yen', 'Contentment through fewer desires entails pursuing less what we don''t actually need and wise use of our fortune.');
INSERT INTO videos(vid, pid, title, description) VALUES('gen8tSciRYg', 'PLz2LIY6rQQrFmWuxx_QW8OqvT5LVaGpH4', 'Living a simple life and being content with few desires (GDD-844, Master Sheng-Yen)', 'Living a simple life, being content with few desires, can actually be a life of refinement and taste, and is the key to protecting and preserving the Earth.');
INSERT INTO videos(vid, pid, title, description) VALUES('w3qbgxyehgk', 'PLz2LIY6rQQrFmWuxx_QW8OqvT5LVaGpH4', 'How do we remain content with few desires in our daily life (GDD-845, Master Sheng-Yen)', 'To reduce, reuse, and recycle things in our daily life is to practice being content with few desires.');
INSERT INTO videos(vid, pid, title, description) VALUES('PNmiruW_2ao', 'PLz2LIY6rQQrFmWuxx_QW8OqvT5LVaGpH4', 'What does the Dharma tell us about choosing an occupation (GDD-847, Master Sheng-Yen)', 'Through our jobs, we should try to create benefit not just for ourselves, but also for others, and to dedicate ourselves to society, humanity, and all sentient beings.');
INSERT INTO videos(vid, pid, title, description) VALUES('4mmkd3fszIM', 'PLz2LIY6rQQrFmWuxx_QW8OqvT5LVaGpH4', 'Dealing with adversity in the workplace by applying the Dharma (GDD-848, Master Sheng-Yen)', 'We should not be arrogant in favorable circumstances, nor become disheartened when facing adversity.');
INSERT INTO videos(vid, pid, title, description) VALUES('giHJej_KPvM', 'PLz2LIY6rQQrFmWuxx_QW8OqvT5LVaGpH4', 'Helping students with learning difficulties by applying the Dharma (GDD-849, Master Sheng-Yen)', 'Mutual respect and paying attention to speaking respectfully will help us achieve \"verbal harmony without dispute\".');
INSERT INTO videos(vid, pid, title, description) VALUES('sNOpBPEkEzM', 'PLz2LIY6rQQrFmWuxx_QW8OqvT5LVaGpH4', 'The kind of EQ modern people require in the workplace and ... (GDD-850, Master Sheng-Yen)', 'The Dharma can help us achieve a calmer state of mind, reducing negative emotions and bringing out positive emotions in us, which are invaluable in all walks of life.');
INSERT INTO videos(vid, pid, title, description) VALUES('5M8-2cE9oAE', 'PLz2LIY6rQQrFmWuxx_QW8OqvT5LVaGpH4', 'How can we care for others in proper measure (GDD-831, Master Sheng-Yen)', 'Care for your family and friends in good time, this will warm the hearts of everyone everywhere.');
INSERT INTO playlist(pid, cid, title, description) VALUES('PLz2LIY6rQQrHFlhfvAJhMBsl4NXhL1qMR','UCBIGwiecylJsQrhTPBKI4Qw', 'GDD(0801-0825)', '');
INSERT INTO videos(vid, pid, title, description) VALUES('dE8CW4rIR_c', 'PLz2LIY6rQQrHFlhfvAJhMBsl4NXhL1qMR', 'The difference between a positive and negative attitude (GDD-816, Master Sheng-Yen)', 'Positive attitude to life is about knowing your direction. But the journey is more important than the destination, for only then can you bring happiness to yourself and others.');
INSERT INTO videos(vid, pid, title, description) VALUES('P7ww77uDJcA', 'PLz2LIY6rQQrHFlhfvAJhMBsl4NXhL1qMR', 'How can we remain positive (GDD-817, Master Sheng-Yen)', 'We should have a positive attitude to our work, concentrating on the present without worrying about outcomes. In this way, we will not be as tired and will be able to work more efficiently.');
INSERT INTO videos(vid, pid, title, description) VALUES('VADxxbsbHL0', 'PLz2LIY6rQQrHFlhfvAJhMBsl4NXhL1qMR', 'How do we establish a positive view of life (GDD-818, Master Sheng-Yen)', 'The best way to be positive is to have an interest in your work. Even if you can''t have exactly what you want, you should still strive to achieve the best for your family and society.');
INSERT INTO videos(vid, pid, title, description) VALUES('cjWCfbeFZA0', 'PLz2LIY6rQQrHFlhfvAJhMBsl4NXhL1qMR', 'Is Buddhism passive (GDD-819, Master Sheng-Yen)', 'A real positive attitude is to create infinite merit and virtue with our limited life.');
INSERT INTO videos(vid, pid, title, description) VALUES('S8I3ws_CnCQ', 'PLz2LIY6rQQrHFlhfvAJhMBsl4NXhL1qMR', 'How do we cultivate blessings (GDD-820, Master Sheng-Yen)', 'Benefiting others is the best way of benefiting yourself. Cultivate your blessings by cherishing your blessings, giving to others, and sharing the benefits between yourself and others.');
INSERT INTO videos(vid, pid, title, description) VALUES('WGZzQJwyk-Y', 'PLz2LIY6rQQrHFlhfvAJhMBsl4NXhL1qMR', 'The importance of benefiting others (GDD-821, Master Sheng-Yen)', 'You can only begin to purify your own mind by first thinking of benefiting others. Only by dissolving your sense of self can you achieve wisdom and liberation from vexation.');
INSERT INTO videos(vid, pid, title, description) VALUES('JBl2lmTlfJk', 'PLz2LIY6rQQrHFlhfvAJhMBsl4NXhL1qMR', 'How do we turn sacrifice into giving (GDD-824, Master Sheng-Yen)', 'Treating everyone as a bodhisattva is the right attitude to create the mind of giving.');
INSERT INTO videos(vid, pid, title, description) VALUES('kfJvW1bn_zw', 'PLz2LIY6rQQrHFlhfvAJhMBsl4NXhL1qMR', 'The meaning of repentance and its difference to shame (GDD-801, Master Sheng-yen)', 'Repentance is about resolving to take responsibility for our misdeeds, improving ourselves and making redress. It enables us to accept our difficulties with inner peace rather than blame others.');
INSERT INTO videos(vid, pid, title, description) VALUES('DYyorucmVeE', 'PLz2LIY6rQQrHFlhfvAJhMBsl4NXhL1qMR', 'What are the effects of being unrepentant (GDD-802, Master Sheng-Yen)', 'If we don''t repent but keep walking the path of darkness, we get caught in a vicious cycle of our actions and their bitter consequences. Once we repent, we can break out of darkness into the light.');
INSERT INTO videos(vid, pid, title, description) VALUES('-DCjRKIQ8w4', 'PLz2LIY6rQQrHFlhfvAJhMBsl4NXhL1qMR', 'How can we give rise to a repentant mind (GDD-803, Master Sheng-Yen)', 'If e regularly examine ourselves, we''ll illuminate all our faults, past and present, and recognize ourselves as ordinary people. We''ll then constantly give rise to a repentant mind and truly reform.');
INSERT INTO videos(vid, pid, title, description) VALUES('YIpMiDHdkVM', 'PLz2LIY6rQQrHFlhfvAJhMBsl4NXhL1qMR', 'Other ideas that fall under wrong views  (GDD-810, Master Sheng-Yen)', 'W e should replace our wrong views with right knowledge and views, the view of emptiness, which teaches us not to cling to the two extreme wrong views of eternalism and nihilism.');
INSERT INTO videos(vid, pid, title, description) VALUES('0qx2WBkuo08', 'PLz2LIY6rQQrHFlhfvAJhMBsl4NXhL1qMR', 'Spiritual consciousness and karmic force (GDD-809, Master Sheng-Yen)', 'Past, present and future are constantly exerting their influence on us. However, we focus on every single present moment to develop our infinite merit and virtue for the future.');
INSERT INTO videos(vid, pid, title, description) VALUES('N7IAJxMO3JA', 'PLz2LIY6rQQrHFlhfvAJhMBsl4NXhL1qMR', 'How can we eradicate nihilistic views (GDD-808, Master Sheng-Yen)', 'We must cultivate a belief in karma and the infinite transformation through which it carries our spiritual consciousness from one life to another to eliminate the influence of the eternalistic view.');
INSERT INTO videos(vid, pid, title, description) VALUES('6KOxh0EDnuE', 'PLz2LIY6rQQrHFlhfvAJhMBsl4NXhL1qMR', 'The impact of the nihilistic view on society and people''s minds (GDD-807, Master Sheng-Yen)', 'To eradicate nihilistic views, we should contemplate the purpose of our existence in the world and do good deeds to build up merit for our future lives.');
INSERT INTO videos(vid, pid, title, description) VALUES('hx5CIFDvaUw', 'PLz2LIY6rQQrHFlhfvAJhMBsl4NXhL1qMR', 'The cause of the nihilistic view and its range (GDD-806, Master Sheng-Yen)', 'Denying cause and effect removes an important basis for moral behavior and damages both individuals and society.');
INSERT INTO videos(vid, pid, title, description) VALUES('JlObGZm5DC4', 'PLz2LIY6rQQrHFlhfvAJhMBsl4NXhL1qMR', 'The cause of eternalistic views and their range (GDD-805, Master Sheng-Yen)', 'An eternalistic view makes one tend to become overly optimistic. One can have optimism and faith, but should not fall into eternalism.');
INSERT INTO videos(vid, pid, title, description) VALUES('GCVSejStzWM', 'PLz2LIY6rQQrHFlhfvAJhMBsl4NXhL1qMR', 'What are wrong views (GDD-804, Master Sheng-Yen)', 'The Buddhist doctrine of karma is a law of responsibility: you reap what you''ve sown. People who don''t believe in this may act wrongly based on wrong views.');
INSERT INTO videos(vid, pid, title, description) VALUES('ZWtpPFPKxSU', 'PLz2LIY6rQQrHFlhfvAJhMBsl4NXhL1qMR', 'Will knowledge itself become an obstacle to learning (GDD-813, Master Sheng-Yen)', 'There is no ultimate  truth in the world. Do not let what you''ve known become to obstacle to learning, nor stop learning because you''re afraid of the obstacle of knowledge.');
INSERT INTO videos(vid, pid, title, description) VALUES('fP3M6rYJURU', 'PLz2LIY6rQQrHFlhfvAJhMBsl4NXhL1qMR', 'The cause of obstacle of knowledge and views and its effect on us  (GDD-812, Master Sheng-Yen)', 'Only when we let go of our pertinacity can we realize what the view of emptiness is.');
INSERT INTO videos(vid, pid, title, description) VALUES('WHrJaKwi7Tc', 'PLz2LIY6rQQrHFlhfvAJhMBsl4NXhL1qMR', 'The view of emptiness and the middle way (GDD-811, Master Sheng-Yen)', 'Emptiness is existence, and vice versa. We should not have attachment to either emptiness or existence.');
INSERT INTO videos(vid, pid, title, description) VALUES('h4y-UWD_hek', 'PLz2LIY6rQQrHFlhfvAJhMBsl4NXhL1qMR', 'The relationship between knowledge and practice (GDD-814, Master Sheng-Yen)', 'Action speaks louder than words.');
INSERT INTO videos(vid, pid, title, description) VALUES('MaGHcb7Z9BY', 'PLz2LIY6rQQrHFlhfvAJhMBsl4NXhL1qMR', 'Compassion as an essential element in purifying the mind (GDD-815, Master Sheng-Yen)', 'Compassion is the best prescription to purify our minds.');
INSERT INTO playlist(pid, cid, title, description) VALUES('PLz2LIY6rQQrEb3LNHneYrgfTPh_Ta2Djl','UCBIGwiecylJsQrhTPBKI4Qw', 'GDD(0776-0800)', '');
INSERT INTO videos(vid, pid, title, description) VALUES('YzTHRC4YW3o', 'PLz2LIY6rQQrEb3LNHneYrgfTPh_Ta2Djl', 'Where does one go after death (I) (GDD-776, Master Sheng-Yen)', 'People accomplished in spiritual practice may foresee their hour of death, and die in a free and easy manner. With the help of the science of death, we can at least live and die with dignity.');
INSERT INTO videos(vid, pid, title, description) VALUES('Ia7t8o_xIB4', 'PLz2LIY6rQQrEb3LNHneYrgfTPh_Ta2Djl', 'Where does one go after death(II)--the Buddhist view (GDD-777, Master Sheng-Yen)', 'Which of ten realms we go to after death depends on our bodily, verbal, and mental \nactions in this life. We should fear causes rather than consequences, and turn away from darkness towards brightness.');
INSERT INTO videos(vid, pid, title, description) VALUES('ex89s9dzbT4', 'PLz2LIY6rQQrEb3LNHneYrgfTPh_Ta2Djl', 'How to deliver the dead effectively (GDD-778, Master Sheng-Yen)', 'We can more effectively help the dead attain a better rebirth while they''re still in the intermediate existence. This can be achieved by doing good works on their behalf, or helping them with the Dharma.');
INSERT INTO videos(vid, pid, title, description) VALUES('MWS25_zE-UU', 'PLz2LIY6rQQrEb3LNHneYrgfTPh_Ta2Djl', 'Who can best deliver our loved one who passed away (GDD-779, Master Sheng-Yen)', 'Deliverance of the dead is most effective if their loved ones recite sutras and perform meritorious acts for them. To gain a better rebirth, the most reliable way is to practice Buddhism while we''re alive.');
INSERT INTO videos(vid, pid, title, description) VALUES('n3ur4imjJrs', 'PLz2LIY6rQQrEb3LNHneYrgfTPh_Ta2Djl', 'The law of karma and people''s destinies (GDD-780, Master Sheng-Yen)', 'The law of karma offers a reasonable explanation for people''s different destines. Believing this allows us to maintain equilibrium in our lives, as we know we always reap \nwhat we sow.');
INSERT INTO videos(vid, pid, title, description) VALUES('PmbZufWzqSc', 'PLz2LIY6rQQrEb3LNHneYrgfTPh_Ta2Djl', 'Can wicked people be reborn in the Western Pure Land (GDD-781, Master Sheng-Yen)', 'Our last thoughts before death affect where we go thereafter. So rather than upsetting the \n\n\n\ndying by crying, we should recite the Buddha''s name and guide them with the Dharma.\n\nWith virtuous thoughts right before death, it is possible for a wicked person to be reborn \nin the Western Pure Land. After achieving the state of liberation there, he comes back \nto this world again to repay his debts, which is called fulfilling vows, by helping deliver \nothers.');
INSERT INTO videos(vid, pid, title, description) VALUES('9IAtbcH_pGk', 'PLz2LIY6rQQrEb3LNHneYrgfTPh_Ta2Djl', 'Samsara--Is it possible to revisit one''s past lives (GDD-782, Master Sheng-Yen)', 'We ordinary people are subject to the cycle of life and death. But the dreamscapes \nobtained by hypnotism aren''t necessarily from your past lives. It is more important to \nunderstand that where we''ll be reborn depends mainly on the karma we''ve created, and \nwe can also determine where we''ll take rebirth by making vows.');
INSERT INTO videos(vid, pid, title, description) VALUES('I7toluw-9Kg', 'PLz2LIY6rQQrEb3LNHneYrgfTPh_Ta2Djl', 'Low self-esteem versus modesty (GDD-783, Master Sheng-Yen)', 'Knowing everyone has potential and limits, we should be self-confident and modest, \nrather than feel inferior or proud. To help children develop self-confidence, we should \npraise and encourage them more.');
INSERT INTO videos(vid, pid, title, description) VALUES('5VWrna-83Qo', 'PLz2LIY6rQQrEb3LNHneYrgfTPh_Ta2Djl', 'The effect of low self-esteem on us and how to eliminate it (GDD-784, Master Sheng-Yen)', 'Appropriate encouragement and praise make children confident and willing to try hard, while scolding, insults, and disdain usually result in their low self-esteem.');
INSERT INTO videos(vid, pid, title, description) VALUES('pP_9hyy7mFk', 'PLz2LIY6rQQrEb3LNHneYrgfTPh_Ta2Djl', 'How to help those with low self-esteem overcome it (GDD-785, Master Sheng-Yen)', 'In dealing with people with low self-esteem, encouraging and praising them through compassion is the best way to eliminate their feelings of inferiority.');
INSERT INTO videos(vid, pid, title, description) VALUES('_hWhHqg-hSI', 'PLz2LIY6rQQrEb3LNHneYrgfTPh_Ta2Djl', 'What is the Buddhist perspective on vanity (GDD-786, Master Sheng-Yen)', 'To put up a front, vain people chase things they have no use for or can''t afford, affecting themselves and harming others. It''s more practical and beneficial to develop wisdom and character.');
INSERT INTO videos(vid, pid, title, description) VALUES('kBveUmXuuXQ', 'PLz2LIY6rQQrEb3LNHneYrgfTPh_Ta2Djl', 'How to overcome vanity (GDD-787, Master Sheng-Yen)', 'All at sea and without goals, lazy people just want to get by day to day, idling away their lives. They miss the chance of uplifting themselves, and tend to sink spiritually.');
INSERT INTO videos(vid, pid, title, description) VALUES('nafJBIFaYYs', 'PLz2LIY6rQQrEb3LNHneYrgfTPh_Ta2Djl', 'The vexations and problems caused by laziness (GDD-788, Master Sheng-Yen)', 'All at sea and without goals, lazy people just want to get by day to day, idling away their lives. They miss the chance of uplifting themselves, and tend to sink spiritually.');
INSERT INTO videos(vid, pid, title, description) VALUES('Iax8xFwW8D0', 'PLz2LIY6rQQrEb3LNHneYrgfTPh_Ta2Djl', 'How can we root out laziness (GDD-789, Master Shsegn-Yen)', 'While having a wide vision, we should put our hand to the plow, solidly going about daily tasks. Cherishing the fleeting human life and making vows will spur us to take action quickly.');
INSERT INTO videos(vid, pid, title, description) VALUES('QosQw2HH5Mg', 'PLz2LIY6rQQrEb3LNHneYrgfTPh_Ta2Djl', 'Sloppiness and its effect on us (GDD-790, Master Sheng-Yen)', 'Sloppy people spend their lives aimlessly, without ideas of their own or a regular lifestyle. They contrast pitifully with people who strive toward their goals with adaptability.');
INSERT INTO videos(vid, pid, title, description) VALUES('edxdJWkfXlI', 'PLz2LIY6rQQrEb3LNHneYrgfTPh_Ta2Djl', 'How to overcome sloppiness (GDD-792, Master Sheng-Yen)', 'We can overcome sloppiness by setting a goal in life and cultivating interests. A regular group life will also help.');
INSERT INTO videos(vid, pid, title, description) VALUES('uze0finWDmY', 'PLz2LIY6rQQrEb3LNHneYrgfTPh_Ta2Djl', 'What is self-indulgence (GDD-793, Master Sheng-Yen)', 'By respecting ourselves, reflecting often on our actions, and living a regular life, we can avoid becoming self-indulgent.');
INSERT INTO videos(vid, pid, title, description) VALUES('mmV12yKvK5U', 'PLz2LIY6rQQrEb3LNHneYrgfTPh_Ta2Djl', 'Are occasional minor transgressions harmless (GDD-794, Master Sheng-Yen)', 'We should deport ourselves with dignity rather than laxity so other people won''t find us a nuisance. But acting occasionally in a lax but humorous way is fine as it will draw people closer to us.');
INSERT INTO videos(vid, pid, title, description) VALUES('hgG-L5VbrIc', 'PLz2LIY6rQQrEb3LNHneYrgfTPh_Ta2Djl', 'Slyness and its effect on us (GDD-795, Master Sheng-Yen)', 'If we often use slyness for the purpose of self-protection, we''ll end up losing out because people will discover we are untrustworthy and therefore keep us at arm''s length.');
INSERT INTO videos(vid, pid, title, description) VALUES('vNu7cbHx6j0', 'PLz2LIY6rQQrEb3LNHneYrgfTPh_Ta2Djl', 'How does slyness relate to lies and falsehoods (GDD-796, Master Sheng-Yen)', 'Try to handle things with savvy and sincerity, rather than resorting to slyness. That is the best policy in interacting with people.');
INSERT INTO videos(vid, pid, title, description) VALUES('BIx0iP7GY_U', 'PLz2LIY6rQQrEb3LNHneYrgfTPh_Ta2Djl', 'Pretence and its effect on us (GDD-797, Master Sheng-Yen)', 'The frequent experience of shame keeps us on the path of progress, and prevents us from failing behind even further.');
INSERT INTO videos(vid, pid, title, description) VALUES('gdGVo_Zcu7c', 'PLz2LIY6rQQrEb3LNHneYrgfTPh_Ta2Djl', 'The effect of shame on society and individuals (GDD-800, Master Sheng-Yen)', 'Real shame requires both recognition and action or else it''s false and useless.');
INSERT INTO playlist(pid, cid, title, description) VALUES('PLz2LIY6rQQrGoVKWuaT6O7--ZQPlHrsVV','UCBIGwiecylJsQrhTPBKI4Qw', 'GDD(0751-0775)', '');
INSERT INTO videos(vid, pid, title, description) VALUES('tkvH-GSnxB0', 'PLz2LIY6rQQrGoVKWuaT6O7--ZQPlHrsVV', 'What is false speech (GDD-758, MasterSheng-Yen)', '');
INSERT INTO videos(vid, pid, title, description) VALUES('DL9h2SJvZ_c', 'PLz2LIY6rQQrGoVKWuaT6O7--ZQPlHrsVV', 'How can we be free from fear (GDD-757, MasterSheng-Yen) (2)', '');
INSERT INTO videos(vid, pid, title, description) VALUES('s0oUIp1hV0g', 'PLz2LIY6rQQrGoVKWuaT6O7--ZQPlHrsVV', 'The effect of fear on us (GDD-756, Master Sheng-Yen)', 'Fear makes your mind tense; it makes your body tense, it makes your nerves tense and blocks up your brain. Suspicions create imaginary fears. The fear is all in the mind. Only when the mind is afraid do you see things as scary. Once you let go of the fear, and just do it, going with the flow and adjusting to the course it takes, then there''s no problem.');
INSERT INTO videos(vid, pid, title, description) VALUES('lguqla5bJKY', 'PLz2LIY6rQQrGoVKWuaT6O7--ZQPlHrsVV', 'What is fear and how is it caused (GDD-755, Master Sheng-Yen)', 'Everyone of us more or less feels fear. First of all, everybody is afraid of dying, while some fear loneliness. Fear has something to do with a feeling of insecurity about our life. Whatever it is you are afraid of it will probably happen. So instead of having fear we should learn to deal with problems more calmly. If we can free ourselves from fear, things will improve greatly.');
INSERT INTO videos(vid, pid, title, description) VALUES('IPFEuqgoHvY', 'PLz2LIY6rQQrGoVKWuaT6O7--ZQPlHrsVV', 'How to eliminate the ingrained habit of doubt (GDD-752, Master Sheng-Yen)', '');
INSERT INTO videos(vid, pid, title, description) VALUES('f_Q4LcCLCz8', 'PLz2LIY6rQQrGoVKWuaT6O7--ZQPlHrsVV', 'Is it human nature to be skeptical (GDD-751, Master Sheng-Yen)', '');
INSERT INTO videos(vid, pid, title, description) VALUES('jAonru7jvOg', 'PLz2LIY6rQQrGoVKWuaT6O7--ZQPlHrsVV', 'Does promoting oneself or boasting count as false speech  (GDD-759, Master Sheng-Yen)', '');
INSERT INTO videos(vid, pid, title, description) VALUES('WSbSwKy6ezY', 'PLz2LIY6rQQrGoVKWuaT6O7--ZQPlHrsVV', 'Is it okay to tell white lies (GDD-761, Master Sheng-Yen)', '');
INSERT INTO videos(vid, pid, title, description) VALUES('7lwYsjQ5N4o', 'PLz2LIY6rQQrGoVKWuaT6O7--ZQPlHrsVV', 'How divisive speech come about (GDD-762, Master Sheng-Yen)', '');
INSERT INTO videos(vid, pid, title, description) VALUES('65WpsmaP4Ow', 'PLz2LIY6rQQrGoVKWuaT6O7--ZQPlHrsVV', 'Avoid using slander, flattery, or other inappropriate speech (GDD-763, Master Sheng-Yen)', '');
INSERT INTO videos(vid, pid, title, description) VALUES('_KC-JEOsIv4', 'PLz2LIY6rQQrGoVKWuaT6O7--ZQPlHrsVV', 'What is abusive speech (GDD-764, Master Sheng-Yen)', '');
INSERT INTO videos(vid, pid, title, description) VALUES('JLpvLn3rRPw', 'PLz2LIY6rQQrGoVKWuaT6O7--ZQPlHrsVV', 'How are bad speech habits related to our minds (GDD-765, Master Sheng-Yen)', 'Bad speech habits hurt others and cause many interpersonal problems. To improve, we should examine ourselves and repent regularly, make spiritual friends, and use speech that brings warmth and harmony.');
INSERT INTO videos(vid, pid, title, description) VALUES('iGWfGMkgoNc', 'PLz2LIY6rQQrGoVKWuaT6O7--ZQPlHrsVV', 'What are the causes of jealousy (GDD-766, Master Sheng-Yen)', 'Jealously is of no avail, bring us only pain and makes us unpopular. Instead, it does us good to commend your betters with a breath of mind, and develop yourself to catch up with them.');
INSERT INTO videos(vid, pid, title, description) VALUES('oKibzuW-lAY', 'PLz2LIY6rQQrGoVKWuaT6O7--ZQPlHrsVV', 'How to get rid of jealousy (GDD-767,Master Sheng-Yen)', '');
INSERT INTO videos(vid, pid, title, description) VALUES('LkIO4rMTB8U', 'PLz2LIY6rQQrGoVKWuaT6O7--ZQPlHrsVV', 'The causes of resentment and its effects on us (GDD-768, Master Sheng-Yen)', '');
INSERT INTO videos(vid, pid, title, description) VALUES('0S9qfNyIOXw', 'PLz2LIY6rQQrGoVKWuaT6O7--ZQPlHrsVV', 'How to overcome the resentment against loved ones (GDD-769, Master Sheng-Yen)', '');
INSERT INTO videos(vid, pid, title, description) VALUES('PxqoGmkCSRA', 'PLz2LIY6rQQrGoVKWuaT6O7--ZQPlHrsVV', 'Attachment versus will power  (GDD-770, Master Sheng-Yen)', '');
INSERT INTO videos(vid, pid, title, description) VALUES('2CC2Wlge_us', 'PLz2LIY6rQQrGoVKWuaT6O7--ZQPlHrsVV', 'Is it adhering to our principles or just being attached (GDD-771, Master Sheng-Yen)', '');
INSERT INTO videos(vid, pid, title, description) VALUES('JyFWt6JHUg8', 'PLz2LIY6rQQrGoVKWuaT6O7--ZQPlHrsVV', 'Don''t be attached to anything, even to the Dharma (GDD-772, Master Sheng-Yen)', '');
INSERT INTO videos(vid, pid, title, description) VALUES('dhgnGlJYZaY', 'PLz2LIY6rQQrGoVKWuaT6O7--ZQPlHrsVV', 'How to let go of our attachment (GDD-773, Master Sheng-Yen)', '');
INSERT INTO videos(vid, pid, title, description) VALUES('c1-9YVM9UDc', 'PLz2LIY6rQQrGoVKWuaT6O7--ZQPlHrsVV', 'How to break our attachment to life and death (GDD-774, Master Sheng-Yen)', '');
INSERT INTO videos(vid, pid, title, description) VALUES('jJRuhNTCkqo', 'PLz2LIY6rQQrGoVKWuaT6O7--ZQPlHrsVV', 'How to be free of the fear of death (GDD-775, Master Sheng-Yen)', '');
INSERT INTO playlist(pid, cid, title, description) VALUES('PLz2LIY6rQQrGBWNTeBjX4EYjbMH3UtRCV','UCBIGwiecylJsQrhTPBKI4Qw', 'GDD(0726-0750)', '');
INSERT INTO videos(vid, pid, title, description) VALUES('uMCM1zc2qiI', 'PLz2LIY6rQQrGBWNTeBjX4EYjbMH3UtRCV', 'What is the Buddha''s wisdom (II) (GDD-728, Master Sheng-Yen)', 'Everyone has the inherent capacity for wisdom that is the same as the Buddha''s, but when we have affliction, wisdom disappears. The Buddha''s wisdom transcends objectivity and subjectivity. By regarding every sentient being as equal, the Buddha''s wisdom, the wisdom of no-self, completely lets go of self and other—no you, no me, no him, no her—and sees all things in a detached, un-involved way.');
INSERT INTO videos(vid, pid, title, description) VALUES('PT6GUKLYsx8', 'PLz2LIY6rQQrGBWNTeBjX4EYjbMH3UtRCV', 'Teachings in the sutras for cultivating the mind  (GDD-726, Master Sheng-Yen)', '');
INSERT INTO videos(vid, pid, title, description) VALUES('vAv_8jquIq8', 'PLz2LIY6rQQrGBWNTeBjX4EYjbMH3UtRCV', 'How to eliminate our afflictions (GDD-729, Master Sheng-Yen)', 'If we want to reduce our afflictions, then we should reduce our attachments and entanglements, which are our worries about gain or loss, or ideas about self or other, right or wrong, benefit or harm. Also, by changing our way we look at our life and the world, our afflictions will naturally be reduced. By having right mindfulness at all times, wandering thoughts will have no place to step in');
INSERT INTO videos(vid, pid, title, description) VALUES('mcyVBxDZaU4', 'PLz2LIY6rQQrGBWNTeBjX4EYjbMH3UtRCV', 'How to overcome the craving for power (GDD-736, Master Sheng-Yen)', '');
INSERT INTO videos(vid, pid, title, description) VALUES('C1Nm6laRENc', 'PLz2LIY6rQQrGBWNTeBjX4EYjbMH3UtRCV', 'Wandering thoughts and fundamental vexations (GDD-730, Master Sheng-Yen)', 'The 6 fundamental vexations - craving, aversion, delusion, arrogance, doubt, and wrong views-obstruct our wisdom, and hurt ourselves and others. Greedy people always crave more, as a result, are afflicted.');
INSERT INTO videos(vid, pid, title, description) VALUES('j5g1RoUXqTY', 'PLz2LIY6rQQrGBWNTeBjX4EYjbMH3UtRCV', 'Craving--Needs and Wants (GDD-731, Master Sheng-Yen)', '');
INSERT INTO videos(vid, pid, title, description) VALUES('uncoX4iwav8', 'PLz2LIY6rQQrGBWNTeBjX4EYjbMH3UtRCV', 'Craving--Needs and Wants (GDD-732, Master Sheng-Yen)', '');
INSERT INTO videos(vid, pid, title, description) VALUES('3-NUpiPaxqc', 'PLz2LIY6rQQrGBWNTeBjX4EYjbMH3UtRCV', 'Practice giving to overcome the craving for material gains (GDD-734, Master Sheng-Yen)', '');
INSERT INTO videos(vid, pid, title, description) VALUES('vU4KgY6J9Us', 'PLz2LIY6rQQrGBWNTeBjX4EYjbMH3UtRCV', 'How to overcome the craving for fame and status (GDD-735, Master Sheng-Yen)', 'To accumulate more and more wealth just to satisfy our own desire to become rich someday is a sign of greed. But if we''re saving up money for an appropriate purpose, then that''s very good. With the same action, if you act out of a different attitude, you may get different results. We may get rich and famous as a result of causes and conditions, but we shouldn''t identify ourselves with them, for they are illusory and unsubstantial.');
INSERT INTO videos(vid, pid, title, description) VALUES('8p13WmVTCvU', 'PLz2LIY6rQQrGBWNTeBjX4EYjbMH3UtRCV', 'What harm does stinginess do to us (GDD-737, Master Sheng-Yen)', '');
INSERT INTO videos(vid, pid, title, description) VALUES('0z5-P0vMTbQ', 'PLz2LIY6rQQrGBWNTeBjX4EYjbMH3UtRCV', 'Share generously, without being stingy or wasteful (GDD-738, Master Sheng-Yen)', '');
INSERT INTO videos(vid, pid, title, description) VALUES('fXo4byF8wYY', 'PLz2LIY6rQQrGBWNTeBjX4EYjbMH3UtRCV', 'Is simple living a form of stinginess (GDD-739, Master Sheng-Yen)', '');
INSERT INTO videos(vid, pid, title, description) VALUES('B_eVoS1Cg_M', 'PLz2LIY6rQQrGBWNTeBjX4EYjbMH3UtRCV', 'What is aversion and and how does it impact us (GDD-740, Master Sheng-Yen)', '');
INSERT INTO videos(vid, pid, title, description) VALUES('rl9kkaZf880', 'PLz2LIY6rQQrGBWNTeBjX4EYjbMH3UtRCV', 'How do we overcome aversion (GDD-741, Master Sheng-Yen)', 'Aversion and compassion are opposites. If we can develop a mind of love then aversion will naturally wane. Emotions are not to be controlled; they are to be channeled. When aversion rises and it''s impossible to produce compassion or to transform it into compassion, by reciting the Buddha''s name or a mantra we can redirect our emotion or divert our aversion to the recitation, thereby reducing our hatred. As a more active way we should develop a mind of love and compassion in interacting with people and things, by reviewing and reflecting our bodily, verbal, and mental actions at all time.');
INSERT INTO videos(vid, pid, title, description) VALUES('vBxjoii0hqY', 'PLz2LIY6rQQrGBWNTeBjX4EYjbMH3UtRCV', 'The mental and physical problems caused by aversion (EQ)(GDD-742, Master Sheng-Yen)', 'We need to elevate our moods, transforming them into sentiments by seeking to improve our low grade, unruly moods, transforming them into something better—from negative to positive and from positive to ever better states. We should develop a compassionate mind instead of a mind of opposition, enmity, and competition, thereby eliminating our hatred. Without hatred there are no irreconcilable foes. Since there are no enemies, there is no object for our hatred, then your mind will be peaceful, tranquil, and happy.');
INSERT INTO videos(vid, pid, title, description) VALUES('rBJLKkzWThA', 'PLz2LIY6rQQrGBWNTeBjX4EYjbMH3UtRCV', 'What is ignorance  (GDD-743, Master Sheng-Yen)', '');
INSERT INTO videos(vid, pid, title, description) VALUES('g-wXooaM1v8', 'PLz2LIY6rQQrGBWNTeBjX4EYjbMH3UtRCV', 'The mental and physical problems caused by ignorance (GDD-744 Master  Sheng-Yen)', '');
INSERT INTO videos(vid, pid, title, description) VALUES('LVzSz6UpeL0', 'PLz2LIY6rQQrGBWNTeBjX4EYjbMH3UtRCV', 'How to transcend the vexations caused by ignorance (GDD-745, Master Sheng-Yen)', '');
INSERT INTO videos(vid, pid, title, description) VALUES('e59NHRwfyOs', 'PLz2LIY6rQQrGBWNTeBjX4EYjbMH3UtRCV', 'Arrogance and its many forms (GDD-746, Master Sheng-Yen)', '');
INSERT INTO videos(vid, pid, title, description) VALUES('E9P6vgaVzgA', 'PLz2LIY6rQQrGBWNTeBjX4EYjbMH3UtRCV', 'Overcome arrogance with humility and respect (GDD-748, Master Sheng-Yen)', 'We should apply humility, modesty, and respect as the antidotes to arrogance. Humility and respect are the keys to good interpersonal relationships. When we interact with people we should think that our success is the result of the coming together of causes and conditions, instead of focusing only on ourselves. We should take the task we do seriously and show respect or even appreciation to everyone involved. By doing so we won''t be proud of ourselves.');
INSERT INTO videos(vid, pid, title, description) VALUES('DhbPq_cLqbg', 'PLz2LIY6rQQrGBWNTeBjX4EYjbMH3UtRCV', 'More ways to overcome our arrogance (GDD-749, Master Sheng-Yen)', '');
INSERT INTO videos(vid, pid, title, description) VALUES('32aVkvMcib4', 'PLz2LIY6rQQrGBWNTeBjX4EYjbMH3UtRCV', 'Doubt and its many forms (GDD-750, Master Sheng-Yen)', '');
INSERT INTO playlist(pid, cid, title, description) VALUES('PLz2LIY6rQQrENBxgtHHfp1muheRtaMLP4','UCBIGwiecylJsQrhTPBKI4Qw', 'GDD(0701-0725)', '');
INSERT INTO videos(vid, pid, title, description) VALUES('mhvjnEMgGgw', 'PLz2LIY6rQQrENBxgtHHfp1muheRtaMLP4', 'Sutras and theories that emphasize the mind (GDD-725, Master Sheng-yen)', '');
INSERT INTO videos(vid, pid, title, description) VALUES('G6wn0nfwBeA', 'PLz2LIY6rQQrENBxgtHHfp1muheRtaMLP4', 'Finding a balance between the spiritual and the material  (GDD-724, Master Sheng-Yen)', '');
INSERT INTO videos(vid, pid, title, description) VALUES('Gj8v4fPfsqs', 'PLz2LIY6rQQrENBxgtHHfp1muheRtaMLP4', 'Why are books about spirituality so popular today  (GDD-723, Master Sheng-Yen)', '');
INSERT INTO videos(vid, pid, title, description) VALUES('aieGq340buM', 'PLz2LIY6rQQrENBxgtHHfp1muheRtaMLP4', 'Causes and conditions are not mere coincidence  (GDD-722, Master Sheng-Yen)', 'Many people confuse causes and conditions with coincidence, or waiting passively. Some even use the lack of causes and conditions as an excuse to justify their laziness. Don''t wait passively for causes and conditions; instead, try to bring them about. Nevertheless, once you''ve tried all you can but the plans you thought to be failure-proof just won''t materialize, it''s also the work of causes and conditions.');
INSERT INTO videos(vid, pid, title, description) VALUES('2PQLy_tligE', 'PLz2LIY6rQQrENBxgtHHfp1muheRtaMLP4', 'Making a vow differs from swearing an oath  (GDD-721, Master Sheng-Yen)', 'The pledges that ordinary people make can be bitter, malicious, or well-intentioned. If you are a practitioner of Mahayana Buddhism and aspire to emulate the spirit of the Buddha and bodhisattvas, you should take the Four Great Vows: vowing to deliver all sentient beings; vowing to cut off all afflictions; vowing to learn all Dharma methods; and vowing to attain supreme Buddhahood. The Four Great Vows are the basics for Buddhists, and all of them aim at delivering sentient beings. In order to save them, we should first eliminate our own afflictions.');
INSERT INTO videos(vid, pid, title, description) VALUES('CLX5qP_n3yI', 'PLz2LIY6rQQrENBxgtHHfp1muheRtaMLP4', 'What is the best way to keep healthy and vigorous (GDD-720, Master Sheng-Yen)', '');
INSERT INTO videos(vid, pid, title, description) VALUES('5NugxzgFXwo', 'PLz2LIY6rQQrENBxgtHHfp1muheRtaMLP4', 'Purifying society by helping people purify their minds (GDD-719, Master Sheng-Yen)', '');
INSERT INTO videos(vid, pid, title, description) VALUES('Za-Z_j9CJac', 'PLz2LIY6rQQrENBxgtHHfp1muheRtaMLP4', 'Using the Dharma to cease suffering and attain happiness (GDD-718, Master Sheng-Yen)', 'The purpose of practicing Buddhism is to help people free self from suffering and attain happiness. The pursuit of material happiness inevitably traps us in the cycle of suffering. A moderate lifestyle, non-attached spiritual practice, and helping others will bring us peace and spiritual bliss.');
INSERT INTO videos(vid, pid, title, description) VALUES('8PtQUNXd79o', 'PLz2LIY6rQQrENBxgtHHfp1muheRtaMLP4', 'The young novice who saved the ants prolonged his life (GDD-717, Master Sheng-Yen)', 'Working to help sentient beings with a compassionate heart makes us feel joyful and fulfilled, and this brings with it a healthy body and mind. Good works also serve to improve our karma.');
INSERT INTO videos(vid, pid, title, description) VALUES('2DaAAcTRyGQ', 'PLz2LIY6rQQrENBxgtHHfp1muheRtaMLP4', 'The Buddhist view on leadership (GDD-716, Master Sheng-Yen)', 'A natural leader is respected, supported, and followed. People obey him not because he has power, but because he helps others, leads the group well, brings people together for a common cause, and inspires a divided group to join hands and work towards it. He has good communication and interpersonal skills, is able to move and influence others, identifies with and respects others, and is able to convince and lead others to work towards the same goal. This kind of leader is a democratic leader.');
INSERT INTO videos(vid, pid, title, description) VALUES('UPvV_Six--I', 'PLz2LIY6rQQrENBxgtHHfp1muheRtaMLP4', 'What can we do to be speedy but not hurried (GDD-715, Master Sheng-Yen)', 'Whatever we do, we must prioritize according to its importance and urgency. Between immediate and long-term projects, work on the immediate one first. Tackle the pressing, manageable, and more important issues first, and then move on to others. Our goal can be grand and ambitious, but when we set off to work on it we should start with the immediate and the manageable. Never attempt to do everything at the same time. We must go step by step, finishing tasks one by one. Things should be arranged, prioritized, and planned. By following these guidelines, we won''t feel impatient or anxious, and can also speed up the completion of our work.');
INSERT INTO videos(vid, pid, title, description) VALUES('ow1swZVHin4', 'PLz2LIY6rQQrENBxgtHHfp1muheRtaMLP4', 'What is the study of life and death about (GDD-714, Master Sheng-Yen)', 'Buddhism was created to deal with the issue of life and death. It teaches us to shoulder responsibilities while alive, and be prepared to face death at any moment, so we can die with peace, joy, and dignity and free of all cares and attachments.');
INSERT INTO videos(vid, pid, title, description) VALUES('1zNw5HG1UgY', 'PLz2LIY6rQQrENBxgtHHfp1muheRtaMLP4', 'How does international Buddhist conferences influence Buddhism (GDD-713, Master Sheng-Yen)', 'Many Taiwanese see Buddhism as folk belief. We hold international conferences to broaden their perspective, showing them that it is an international religion with a rich cultural heritage for all humanity.');
INSERT INTO videos(vid, pid, title, description) VALUES('L0US7K_bdno', 'PLz2LIY6rQQrENBxgtHHfp1muheRtaMLP4', 'What does the Sutra Opening verse mean (GDD-712, Master Sheng-Yen)', 'The Dharma is so wonderful, yet few know about it. By reciting the Sutra Opening verse, we cherish the rare opportunity to encounter the Dharma, without which true wisdom and liberation is impossible.');
INSERT INTO videos(vid, pid, title, description) VALUES('G32zzFngc_c', 'PLz2LIY6rQQrENBxgtHHfp1muheRtaMLP4', 'How to eliminate anxiety and fear (GDD-711, Master Sheng-Yen)', 'We often suffer from fear and anxiety due to lack of confidence. If we can strive to understand ourselves and our surroundings, and be prepared in advance, there is no need to fear. Fear won''t help at all.');
INSERT INTO videos(vid, pid, title, description) VALUES('Dr5calJilk0', 'PLz2LIY6rQQrENBxgtHHfp1muheRtaMLP4', 'The meaning of Dharma drum, Dharma rain, and Dharma conch (GDD-710, Master Sheng-Yen)', 'Using analogies like Dharma drum or rain makes it easier to strike a chord in people''s hearts, creating in their minds vivid images of how the Dharma is inspiring, soothing, etc., and thus conveying difficult ideas.');
INSERT INTO videos(vid, pid, title, description) VALUES('raigDoq3CN0', 'PLz2LIY6rQQrENBxgtHHfp1muheRtaMLP4', 'Imbuing the students with the Dharma is a way of education  (GDD-709, Master Sheng-Yen)', 'We''ll have faith in Buddhism if we look up to it as something useful. Then come understanding, practice and realization. For children, fables and stories are the best means to establish the foundations of faith.');
INSERT INTO videos(vid, pid, title, description) VALUES('S-eugAjycqg', 'PLz2LIY6rQQrENBxgtHHfp1muheRtaMLP4', 'How to put out the mental fire when in anger  (GDD-708, Master Sheng-Yen)', 'Anger, expressed or repressed, harms yourself and others. It can be resolved through an understanding of the law of karma or through practices like breath counting and reciting the Buddha''s name.');
INSERT INTO videos(vid, pid, title, description) VALUES('mm-CfOG1kDg', 'PLz2LIY6rQQrENBxgtHHfp1muheRtaMLP4', 'Letting go differs from giving up and abandoning hope  (GDD-707, Master Sheng-Yen)', 'By \"letting go\", we mean casting off our attachments, not \"giving up\". We should face up to our problems, do our best to deal with them, then irrespective of success or failure, just let them go.');
INSERT INTO videos(vid, pid, title, description) VALUES('P638vtwUsyE', 'PLz2LIY6rQQrENBxgtHHfp1muheRtaMLP4', 'How does spiritual practice help improve our EQ (GDD-706, Master Sheng-Yen)', 'Meditation is a wonderful way to raise our EQ. It harmonizes our body, breath, and mind so we can be physically relaxed and at ease and emotionally stable and happy.');
INSERT INTO videos(vid, pid, title, description) VALUES('uxHMQmyXYPg', 'PLz2LIY6rQQrENBxgtHHfp1muheRtaMLP4', 'What can we do to be a good leader  (GDD-705, Master Sheng-Yen)', 'The best leadership is to lead by being led-respect your subordinates and their opinions, trust their ability, and be accommodating. This will make you a popular leader, and get things done harmoniously.');
INSERT INTO videos(vid, pid, title, description) VALUES('KzIdj3GvgEU', 'PLz2LIY6rQQrENBxgtHHfp1muheRtaMLP4', 'The straightforward mind differs from speaking straightforwardly  (GDD-704, Master Sheng-Yen)', 'Speaking with the \"Straightforward mind\" doesn''t refer to speak honesty and it is not any kind of generalized, blunt, or ignorant straightforwardness. It means that you speak without guile, trickery, cajoling, or beating around the bush. If you have few vexations and distorted views, you have a straightforward mind. Like a mirror, empty but reflecting all, you''ll be wise and free of self-centeredness, and give others guidance which would benefit them fundamentally and lastingly.');
INSERT INTO videos(vid, pid, title, description) VALUES('9V4OgrppTas', 'PLz2LIY6rQQrENBxgtHHfp1muheRtaMLP4', 'The four inducements intermingling (GDD-703, Master Sheng-Yen)', 'Unaware of the benefit of the Dharma, people keep distant from it. To win them over to the Dharma, we should join their activities, tactfully intermingling with them, and then we slowly transform them into disciples of the Three Jewels.');
INSERT INTO videos(vid, pid, title, description) VALUES('r6nhvhcf_0c', 'PLz2LIY6rQQrENBxgtHHfp1muheRtaMLP4', 'The four inducements acting beneficially (GDD-702, Master Sheng-Yen)', 'Everybody can, more or less, reach out to help others with the Dharma or anything beneficial. People whom we benefit will follow in our footsteps. That''s how we act beneficially to induce people to the Dharma.');
INSERT INTO videos(vid, pid, title, description) VALUES('Wionry9q6ic', 'PLz2LIY6rQQrENBxgtHHfp1muheRtaMLP4', 'The four inducements speaking lovingly (GDD-701, Master Sheng-Yen)', 'If we practice speaking lovingly with true compassion and concern, our words, gestures, and expressions will all be affable and kind, warming people''s hearts and naturally inducing them to follow the Dharma.');
INSERT INTO playlist(pid, cid, title, description) VALUES('PLz2LIY6rQQrG24kzJ6nrk2ODugttZlGBZ','UCBIGwiecylJsQrhTPBKI4Qw', 'GDD(0676-0700)', '');
INSERT INTO videos(vid, pid, title, description) VALUES('M9iVtBFmOR0', 'PLz2LIY6rQQrG24kzJ6nrk2ODugttZlGBZ', 'The four inducements giving (GDD-700, Master Sheng-yen)', 'When giving, we can comfort and encourage the recipients with the Dharma, so that they will understand its true benefits and be ready to help others in turn. This is a good way of forming karmic affinities and to win people over to Buddhism.');
INSERT INTO videos(vid, pid, title, description) VALUES('9NH-I72UNRY', 'PLz2LIY6rQQrG24kzJ6nrk2ODugttZlGBZ', 'The bodhisattvas and doctors won''t take on sentient beings'' karma (GDD-696, Master Sheng-Yen)', 'When seriously ill, leave your illness to the doctors and your fate to the Buddha. Single-minded faith will bring you peace and infinite hope, and free you from fear and worry, giving you a better chance to improve.');
INSERT INTO videos(vid, pid, title, description) VALUES('bEW-us1gdWo', 'PLz2LIY6rQQrG24kzJ6nrk2ODugttZlGBZ', 'Will the doctors take on the patients'' karmic retributions  (GDD-697, Master Sheng-Yen)', 'Always seek medical treatment for your illnesses. For unidentified diseases, probably causes by karmic hindrances, magical or spiritual therapy may help, but cause more problems. It''s better to recite the Buddha''s name.');
INSERT INTO videos(vid, pid, title, description) VALUES('Sr1tr2Wrw9w', 'PLz2LIY6rQQrG24kzJ6nrk2ODugttZlGBZ', 'The difference between vexations and ingrained habits  (GDD-698, Master Sheng-Yen)', 'Ingrained habit is not the same as vexation, though it arises from vexation. The ingrained habits we show in our behavior can disgust people without our knowing it. While not all habits are bad, we should remind ourselves not to allow them to cause annoyance to others. However, those who have vexations hurt themselves and can hurt others.');
INSERT INTO videos(vid, pid, title, description) VALUES('koK7Mn3NUdo', 'PLz2LIY6rQQrG24kzJ6nrk2ODugttZlGBZ', 'How to cultivate an expansive mind (GDD-699, Master Sheng-Yen)', 'Life is difficult for small-minded people as they''re full of suspicion, fear, and grudges. We can cultivate an expansive mind if we take things with equanimity, think positively, and be tolerance, considerate and compassionate.');
INSERT INTO videos(vid, pid, title, description) VALUES('RetRYkpw6tk', 'PLz2LIY6rQQrG24kzJ6nrk2ODugttZlGBZ', 'The Buddhist view on human cloning (GDD-695, Master Sheng-Yen)', 'For Buddhists, cloning can be regarded as just another type of birth, through which a spiritual entity can take rebirth. It is therefore acceptable as long as the related ethical problems are well taken care of.');
INSERT INTO videos(vid, pid, title, description) VALUES('moQikmmnqBA', 'PLz2LIY6rQQrG24kzJ6nrk2ODugttZlGBZ', 'The true meaning of confidence and the ways to build it (GDD-694, Master Sheng-Yen)', '');
INSERT INTO videos(vid, pid, title, description) VALUES('u4fkgsumr10', 'PLz2LIY6rQQrG24kzJ6nrk2ODugttZlGBZ', 'Show warm-hearted concern appropriately instead of meddling (GDD-693, Master Sheng-Yen)', 'Truly concerned about others, warm-hearted people selflessly do their best to help without thought for consequences. Meddlesome people simply want to show off, and usually create trouble rather than solve problems.');
INSERT INTO videos(vid, pid, title, description) VALUES('oWW9dvnOScc', 'PLz2LIY6rQQrG24kzJ6nrk2ODugttZlGBZ', 'The positive side of knowing contentment  (GDD-692, Master Sheng-Yen)', '\"Knowing contentment\" is not about passively waiting for things to happen, but applying yourself diligently. It means that after trying your best, you feel fulfilled and accept the outcome with equanimity.');
INSERT INTO videos(vid, pid, title, description) VALUES('aleyiAF9tn8', 'PLz2LIY6rQQrG24kzJ6nrk2ODugttZlGBZ', 'What to do when big love and small love come into conflict (GDD-691, Master Sheng-Yen)', 'Small, selfish love can bring us afflictions and vexations. Bigger but conditional love is not good enough. Truly big, unconditional lover covers all creatures and treats friend and foe equally, thus benefiting our loved ones as well. We should deal with conflicts and contradictions between big love and small love with wisdom, rather than always respond in the same way.');
INSERT INTO videos(vid, pid, title, description) VALUES('1ExLydYBL7E', 'PLz2LIY6rQQrG24kzJ6nrk2ODugttZlGBZ', 'Where exactly is the Western Pure Land (GDD-690, Master Sheng-Yen)', 'In Buddhist cosmology, there are countless Buddha worlds, or galaxies, either pure or full of afflictions. People reborn in pure lands can be free of afflictions, but to attain Buddhahood, they must come back to the Saha world to deliver sentient beings.');
INSERT INTO videos(vid, pid, title, description) VALUES('vBLV7ZaxDU8', 'PLz2LIY6rQQrG24kzJ6nrk2ODugttZlGBZ', 'What is the proper attitude when taking up Buddhism (GDD-688, Master Sheng-Yen)', 'It is normal for people to take up Buddhism for worldly needs and expectations. But it would be better if they can gradually uplift their faith to the level of cultivating the mind and emulating the bodhisattva spirit.');
INSERT INTO videos(vid, pid, title, description) VALUES('BOySf2XekOo', 'PLz2LIY6rQQrG24kzJ6nrk2ODugttZlGBZ', 'The difference between a sense of inferiority and shame (GDD-687, Master Sheng-Yen)', 'Shame is totally different from feelings of inferiority. People with a sense of shame are ready to admit mistakes and improve themselves. Those with feelings of inferiority have no confidence and cover up their weaknesses, so they lose the chance to develop themselves and have no chance to contribute to and serve others.');
INSERT INTO videos(vid, pid, title, description) VALUES('dClf0l-tynI', 'PLz2LIY6rQQrG24kzJ6nrk2ODugttZlGBZ', 'How to remain calm and unaffected in adversities (GDD-686, Master Sheng-Yen)', 'The Dharma teaches that all things are impermanent, emptiness and devoid of self because they are dependently originated. Understanding this will help us strive for improvement, and remain calm and happy in all situations.');
INSERT INTO videos(vid, pid, title, description) VALUES('i0RvF5NP4qU', 'PLz2LIY6rQQrG24kzJ6nrk2ODugttZlGBZ', 'The moral of the story of the poor son (GDD-684, Master Sheng-Yen)', 'A chapter in the Lotus Sutra tells the parable of a poor beggar. The story implies that sentient beings, unaware that they have the precious Buddha-nature within, refuse to follow the Dharma and don''t believe they can achieve Buddhahood. They must be guided slowly and brought around, just like the beggar son who turned into the heir of a rich man.');
INSERT INTO videos(vid, pid, title, description) VALUES('6F19CIZWrHs', 'PLz2LIY6rQQrG24kzJ6nrk2ODugttZlGBZ', 'The Buddhist view on the non-decaying bodies of practitioners (GDD-683, Master Sheng-Yen)', 'In the Buddhist tradition, burial is not common and many eminent masters were cremated after they passed away. There are monks who are known while alive to be highly accomplished and left non-decaying bodies, which did raise faith in the general public. However, we should respect and admire all those practitioners who serve as living examples by exemplary behavior, no matter they have left non-decaying bodies or not.');
INSERT INTO videos(vid, pid, title, description) VALUES('OCejQtehevE', 'PLz2LIY6rQQrG24kzJ6nrk2ODugttZlGBZ', 'What are the \"four reliances\" (GDD-682, Master sheng-Yen)', 'The four reliances are 1) relying on the teaching, not on any person; 2)relying on intuitive wisdom, not on intellectual understanding; 3)relying on the true meaning, not on the words; 4) relying on the ultimate teaching, not expedient teaching. They are the four principles for Buddhists to follow to determine whether a given teaching is the genuine Buddhadharma, or your belief is correct.');
INSERT INTO videos(vid, pid, title, description) VALUES('HXwO2kR528Q', 'PLz2LIY6rQQrG24kzJ6nrk2ODugttZlGBZ', 'How should educators deal with disobedient students  (GDD-681, Master Sheng-Yen)', 'Only after spending more time with difficult students and gaining an understanding of their dispositions can a teacher decide how best to deal with them. Neither encouragement nor harsh words will work every time.');
INSERT INTO videos(vid, pid, title, description) VALUES('UAX2ElCS9EE', 'PLz2LIY6rQQrG24kzJ6nrk2ODugttZlGBZ', 'Why do people forget everything in past lives (GDD-680, Master Sheng-Yen)', 'We don''t need to remember past lives, as it has no benefits in the present life and may simply stir up trouble. It''s enough to believe in the law of karma, and then use the Dharma to improve yourself.');
INSERT INTO videos(vid, pid, title, description) VALUES('dyN0XLvA9sc', 'PLz2LIY6rQQrG24kzJ6nrk2ODugttZlGBZ', 'Why is the Three Jewels the true refuge (GDD-679, Master Sheng-Yen)', 'In Buddhism, taking refuge in the Three Jewels is an eternal vow to improve oneself and deliver all beings through the Dharma, which is different from finding shelter under the power of a supreme deity in other religions.');
INSERT INTO videos(vid, pid, title, description) VALUES('6HsW24uUo6w', 'PLz2LIY6rQQrG24kzJ6nrk2ODugttZlGBZ', 'First catch them on the hook of desire, then help them attain wisdom (GDD-678, Master Sheng-Yen)', 'We should first use the hook of desire to motivate people who are unaware of the significance and benefits of Buddhism, and then skillfully guide them onto the path of wisdom and liberation.');
INSERT INTO videos(vid, pid, title, description) VALUES('VveeZbS7F0o', 'PLz2LIY6rQQrG24kzJ6nrk2ODugttZlGBZ', 'How to make good use of our empathy for others (GDD-677, Master Sheng-Yen)', 'With empathy, we put ourselves in others'' shoes instead of caring only about ourselves. Compassion goes one step further, putting others before ourselves, and trying to fulfill needs they might not even know exist.');
INSERT INTO videos(vid, pid, title, description) VALUES('dPFrIbLuoXk', 'PLz2LIY6rQQrG24kzJ6nrk2ODugttZlGBZ', 'What is the pure land on earth like (GDD-689, Master Sheng-Yen)', 'The original spirit of Buddhism centered on solving human problems and helping people generate compassion and wisdom from within, and thus bring harmony, happiness, peace, and the spirit of mutual assistance to the world.  Promoting a pure land on earth is a way to revive this ideal by helping humanity purify the mind and improve life in the real world.');
INSERT INTO playlist(pid, cid, title, description) VALUES('PLz2LIY6rQQrE-q4r9MVokWIpM2HMuusKY','UCBIGwiecylJsQrhTPBKI4Qw', 'GDD(0651-0675)', '');
INSERT INTO videos(vid, pid, title, description) VALUES('jnQ3T3NSasM', 'PLz2LIY6rQQrE-q4r9MVokWIpM2HMuusKY', 'What do the titles such as\"exalted master\"mean (GDD-675, Master Sheng-Yen)', '\"Exalted master\" is the same as a \"vajra master\" in Tantric Buddhism, who is an enlightened Mahayana practitioner having attained indestructible, unshakable and non-regressing realization, and is able to transmit the Dharma. Many practitioners declare themselves to be \"exalted masters\", but such titles have no validity and are not accepted by the traditional lineages of esoteric Buddhism. True titles can only be acquired through transmission from a master in the orthodox lineages.');
INSERT INTO videos(vid, pid, title, description) VALUES('TpeP55A0qiI', 'PLz2LIY6rQQrE-q4r9MVokWIpM2HMuusKY', 'What is the Buddhist view on Euthanasia (GDD-672, Master Sheng-Yen)', 'Human life, a precious tool for spiritual practice, should be cherished. But if the patient and doctor agree, we should allow nature to take its course in the face of death rather than seek to prolong life artificially.');
INSERT INTO videos(vid, pid, title, description) VALUES('M0g9wdPRBLY', 'PLz2LIY6rQQrE-q4r9MVokWIpM2HMuusKY', 'Seek the Dharma in the dusty world (GDD-671, Master Sheng-Yen)', 'Buddhism is not either pessimistic or renunciatory. The Mahayana spirit is to be actively engaged in the world but remain undefiled by it. A true practitioner shows compassion for others rather than sees their faults, and helps them improve through the Dharma.');
INSERT INTO videos(vid, pid, title, description) VALUES('j8BV4zkqkII', 'PLz2LIY6rQQrE-q4r9MVokWIpM2HMuusKY', 'How to apply the wisdom of adapting to conditions (GDD-670, Master Sheng-Yen)', 'Adapting to conditions is not an absence of principles, or being hypocritical. Adapting to conditions is about grasping and fostering causes and conditions to win people over to the Dharma and help them grow spiritually, while letting it be when the circumstances are simply not right.');
INSERT INTO videos(vid, pid, title, description) VALUES('uw1X5pUz3og', 'PLz2LIY6rQQrE-q4r9MVokWIpM2HMuusKY', 'The great variety of Dharma approaches (GDD-669, Master Sheng-Yen)', 'The Dharma is offered to everyone equally so we may draw on it according to our capacity and inclination. While there are many different approaches for bodhisattvas and sentient beings adopt different methods of practice, all lead to Buddhahood.');
INSERT INTO videos(vid, pid, title, description) VALUES('4Hsuu9xcDT4', 'PLz2LIY6rQQrE-q4r9MVokWIpM2HMuusKY', 'Ward off covetousness with self-discipline to build a pure society (GDD-668, Master Sheng-Yen)', 'The more we have, the more we want. But the more we want the more vexations we will have. A spirit of giving and compassion may not only influence others to do good, but also bring us inner peace. As a Buddhist or a practitioner who emulates the bodhisattva spirit, we shall always have hope for this world.');
INSERT INTO videos(vid, pid, title, description) VALUES('9apXcidCLMo', 'PLz2LIY6rQQrE-q4r9MVokWIpM2HMuusKY', 'The causes and conditions that exist between twins (GDD-667, Master Sheng-Yen)', 'From a Buddhist perspective, the formation of twins reflects close relationships and similar karma in former lives, and is easily explained in terms of the doctrine of causes and conditions.');
INSERT INTO videos(vid, pid, title, description) VALUES('ffVhxwXKJiU', 'PLz2LIY6rQQrE-q4r9MVokWIpM2HMuusKY', 'How to treat other religions and avoid conflicts (GDD-666, Master Sheng-Yen)', 'Buddhism is a religion of tolerance. While advocating that we change from within instead of relying on external gods, it believes all religions that encourage ethical conduct have a role to play in society.');
INSERT INTO videos(vid, pid, title, description) VALUES('YNldYpH6zVs', 'PLz2LIY6rQQrE-q4r9MVokWIpM2HMuusKY', 'What is the function of the literary forms in the sutras (GDD-664, Master Sheng-Yen)', 'Literary and artistic expressions in the sutras have a wide appeal and are an expedient means of teaching and spreading the Dharma.');
INSERT INTO videos(vid, pid, title, description) VALUES('COqgpVP0i2g', 'PLz2LIY6rQQrE-q4r9MVokWIpM2HMuusKY', 'Prayer beads and Buddha images aren''t decorations or accessories  (GDD-665, Master Sheng-Yen)', 'We should not use Buddha images and prayer beads as decorations or accessories, for these are tools of spiritual practice and should be treated with respect.');
INSERT INTO videos(vid, pid, title, description) VALUES('mxPKoIvMrRA', 'PLz2LIY6rQQrE-q4r9MVokWIpM2HMuusKY', 'What is hindrance by the known (GDD-663, Master Sheng-Yen)', '\"The known\" refers to one''s preconceived ideas. \"Hindrance by the known\" is basically acquired through experience or learned from books. However, our subjective ideas, discriminations, and experiences don''t reveal the truth. They give rise to attachment, which makes us despise different opinions, and hinders us from attaining true insight.');
INSERT INTO videos(vid, pid, title, description) VALUES('D8i8GvJiV9w', 'PLz2LIY6rQQrE-q4r9MVokWIpM2HMuusKY', 'Is an animal''s spiritual capacity the same as Buddha-nature (GDD-662, Master Sheng-Yen)', 'An animal''s spiritual capacity means that it is like human beings in having judgment and memory. Buddhists treat all creatures compassionately, whether they''re clever or not.\nWe believe that all sentient beings have Buddha-nature, and will understand the Dharma at certain time and eventually achieve Buddhahood.');
INSERT INTO videos(vid, pid, title, description) VALUES('MJZSsz7OGXw', 'PLz2LIY6rQQrE-q4r9MVokWIpM2HMuusKY', 'How does Buddhism view the cautionary phrases (GDD-661, Master Sheng-Yen)', 'There are cautionary phrases in Chinese that \"deities are just three feet above us\" or \"deities watch our every action.\" Such belief in supervisory deities is good, as it encourages moral behavior and acts as a kind of ethical safeguard. Buddhists take a more self-reliant attitude, believing our minds keep track of all our deeds, and we must bear the consequences of our actions.');
INSERT INTO videos(vid, pid, title, description) VALUES('PQKWCH0R_eA', 'PLz2LIY6rQQrE-q4r9MVokWIpM2HMuusKY', 'How to cultivate compassion to become wisely compassionate (GDD-660, Master Sheng-Yen)', 'Compassion is both nature and nurture. We are all born with some degree of compassion, which should be tempered with reason, and nurtured like a seedling so it won''t wither. And it will grow if we practice by looking inward, and reducing our vexations.');
INSERT INTO videos(vid, pid, title, description) VALUES('i32fF-KIkWU', 'PLz2LIY6rQQrE-q4r9MVokWIpM2HMuusKY', 'What does convergence of many conditions mean (GDD-659, Master Sheng-Yen)', 'When many conditions join a certain cause, something will be accomplished. So knowing that nothing happens independently of various conditions, we will be modest about our achievements and attribute them to everyone''s help. This breadth of mind is an essential part of spiritual cultivation.');
INSERT INTO videos(vid, pid, title, description) VALUES('ktLzlTNk4fk', 'PLz2LIY6rQQrE-q4r9MVokWIpM2HMuusKY', 'The pride of arhats differs from that of ordinary people (GDD-658, Master Sheng-Yen)', 'The pride of ordinary people is self-importance, conceit and arrogance, while the pride of arhats is superior spiritual attainment. It is the unshakable confidence in what they''ve realized from spiritual practice, that they have achieved the ultimate goal of practice. Such pride is a form of attachment and prevents them from taking the further step toward attaining Buddhahood.');
INSERT INTO videos(vid, pid, title, description) VALUES('P3yC_mwadUE', 'PLz2LIY6rQQrE-q4r9MVokWIpM2HMuusKY', 'How to be the companions of non-regressive bodhisattvas (GDD-657, Master Sheng-Yen)', 'The three levels of non-regression are non-regression of faith, position, and practice. Renew your vows daily and stay with a group of good practitioners who can encourage you wisely. This way you won''t falter or regress on the Buddhist path when your karma makes your life too difficult or too easy.');
INSERT INTO videos(vid, pid, title, description) VALUES('mEzTqc3azHI', 'PLz2LIY6rQQrE-q4r9MVokWIpM2HMuusKY', 'How did the nine-grade lotus in the pure land come about (GDD-656, Master sheng-Yen)', 'The 9-grade lotus in the Western Pure Land is formed by different level of merit. Once reborn there, we can practice, without cares and disruption, until we become non-regression sages.');
INSERT INTO videos(vid, pid, title, description) VALUES('CVD64Hnr9MA', 'PLz2LIY6rQQrE-q4r9MVokWIpM2HMuusKY', 'How to transcend the three realms of samsara, a burning house  (GDD-655, Master Sheng-Yen)', 'We seek the happiness of the three realms unaware that it''s a burning house where the calamities of samsara can descend any time. But it''s a cool, pure land for bodhisattvas who are free from vexations.');
INSERT INTO videos(vid, pid, title, description) VALUES('VRD6ripWSwM', 'PLz2LIY6rQQrE-q4r9MVokWIpM2HMuusKY', 'Practice honestly, without an opportunistic attitude (GDD-654, Master Sheng-Yen)', 'Haste makes waste. Craving for quick spiritual attainment will only do you harm. We''ll truly benefit only when we practice honestly to reduce our vexations and enhance our compassion.');
INSERT INTO videos(vid, pid, title, description) VALUES('whKDEabb2p4', 'PLz2LIY6rQQrE-q4r9MVokWIpM2HMuusKY', 'How does Buddhism view prophecy and divination (GDD-653, Master Sheng-Yen)', 'In spite of his spiritual powers, the Buddha rarely makes prophecies. Unlike varieties of divination, his prophecies are just a roadmap showing the natural course of one''s spiritual development.');
INSERT INTO videos(vid, pid, title, description) VALUES('5Z7wBmxQ2CQ', 'PLz2LIY6rQQrE-q4r9MVokWIpM2HMuusKY', 'Can vegetarians eat royal jelly, cod-liver oil, and the like (GDD-652, Master Sheng-Yen)', 'Buddhists promote vegetarianism not for health reasons but out of compassion for sentient beings. If you have health concerns, a balanced vegetarian diet can still provide essential nutrients.');
INSERT INTO videos(vid, pid, title, description) VALUES('I9UPAtyDzvw', 'PLz2LIY6rQQrE-q4r9MVokWIpM2HMuusKY', 'Do we practice Buddhism to seek self liberation or to deliver ... (GDD-651, Master Sheng-Yen)', 'A person who takes up Buddhism with selfish motives will become compassionate and less self-centered after experiencing the Dharma. Only with an altruistic spirit can one attain arhatship and achieve liberation.');
INSERT INTO playlist(pid, cid, title, description) VALUES('PLz2LIY6rQQrExXZjBXsyl2eXqWgTx_Smk','UCBIGwiecylJsQrhTPBKI4Qw', 'GDD(0626-0650)', '');
INSERT INTO videos(vid, pid, title, description) VALUES('ELTod3HFtCQ', 'PLz2LIY6rQQrExXZjBXsyl2eXqWgTx_Smk', 'Getting prepared beforehand by practicing in daily life  (GDD-650, Master Sheng-Yen)', 'If one gets prepared beforehand by becoming well established in faith, vows, and practice, one can be reborn in the pure land no matter when one dies. Don''t just count on recitation at the hour of death.');
INSERT INTO videos(vid, pid, title, description) VALUES('MF4MxqbbuDg', 'PLz2LIY6rQQrExXZjBXsyl2eXqWgTx_Smk', 'How can a cancer patient and his family adapt mentally (GDD-649, Master Sheng-Yen)', 'Cancer patients have enough time to turn to religion to get ready mentally. With the positive attitude that death is just a transition to a new stage of life, they''ll feel that to live or to die is all fine.');
INSERT INTO videos(vid, pid, title, description) VALUES('IqqxIP6j7W0', 'PLz2LIY6rQQrExXZjBXsyl2eXqWgTx_Smk', 'Why do monastics take on many duties to help people (GDD-648, Master Sheng-Yen)', 'Contrary to the stereotyped view of monastics as idle escapists, most of them are very active and vigorous in their efforts to benefit society, where so many people are in need of the help of Buddhism.');
INSERT INTO videos(vid, pid, title, description) VALUES('SH1mtfO4TUA', 'PLz2LIY6rQQrExXZjBXsyl2eXqWgTx_Smk', 'How to eliminate the three hindrances (GDD-647, Master Sheng-Yen)', 'The Dharma is beneficial and important to our life, but many are unable to accept it or practice well due to the hindrances of afflictions, work, or karmic retributions. We should strive to overcome them. Only after removing these obstacles can one practice smoothly.');
INSERT INTO videos(vid, pid, title, description) VALUES('hJKz1lBM9PY', 'PLz2LIY6rQQrExXZjBXsyl2eXqWgTx_Smk', 'Can those who follow false teachers attain spiritual realization  (GDD-646, Master Sheng-Yen)', 'Many spiritual seekers fall prey to false teacher. A true teacher is an ethical person who keeps the precepts and can teach the views and methods for you to improve spiritually through your own practice and good works. Those who make offerings to eminent teachers but do not engage in spiritual practice themselves will only get karmic rewards, but won''t attain liberation.');
INSERT INTO videos(vid, pid, title, description) VALUES('Vwh2vY-Nae4', 'PLz2LIY6rQQrExXZjBXsyl2eXqWgTx_Smk', 'The causality spanning past, present and future lives is not fatalism (GDD-645, Master Sheng-Yen)', 'Buddhists believe that all beings continuously undergo death and rebirth and this present life is just one step in the course of our limitless lives. The doctrine of karma is neither determinism nor fatalism, as causes must be joined by conditions to lead to effects. Know this helps us accept sufferings peacefully, and full of hope, work hard for a better present and future.');
INSERT INTO videos(vid, pid, title, description) VALUES('IsA7rG2jvpI', 'PLz2LIY6rQQrExXZjBXsyl2eXqWgTx_Smk', 'One''s true mind and inherent nature--How to take refuge in oneself  (GDD-644, Master Sheng-Yen)', 'Our true mind is the pure mind of wisdom free of defilements. Our inherent nature refers to the nature of our being something common, which is also called the Buddha-nature.\nBy taking refuge in our inner Buddha-nature and letting go of our guest mind, which is subject to vexations, we can see our true mind, which is beyond defilement but functions as wisdom. To take refuge in oneself, one must first be able to realize the nature of his mind by the guidance of the Three Jewels.');
INSERT INTO videos(vid, pid, title, description) VALUES('k7xEtrYg_EQ', 'PLz2LIY6rQQrExXZjBXsyl2eXqWgTx_Smk', 'Pithy words are profound--Chan is not established on words (GDD-643, Master Sheng-Yen)', 'That \"Chan is not established on words or letters\" simply means that people should not rely on words for their understanding of the Dharma. Though Chan is beyond words, Chan masters can use a simple remark as a powerful tool to turn a disciple''s mind inwards, or even help him break through the final barriers to enlightenment.');
INSERT INTO videos(vid, pid, title, description) VALUES('5F1Tq_IXmMM', 'PLz2LIY6rQQrExXZjBXsyl2eXqWgTx_Smk', 'The koan of  polishing a brick can''t turn it into a mirror (GDD-642, MasterSheng-Yen)', 'Chan Master Huairang once said, \"If polishing a brick can''t turn it into a mirror, how can one achieve enlightenment by sitting?\" Meditation may lead to concentration, but one must know that wisdom doesn''t come from sitting. It can only be brought forth from within. Peace of mind, right views, and freedom from vexation is true enlightenment.');
INSERT INTO videos(vid, pid, title, description) VALUES('GwEYapRgI10', 'PLz2LIY6rQQrExXZjBXsyl2eXqWgTx_Smk', 'The blank state during Chan practice and its cause  (GDD-641, Master Sheng-Yen)', 'There are different stages of Chan practice. Being able to cultivate meditative concentration and reach the blank state is pretty good. It is a clear and concentrated state in which one feels free and at ease, having rid oneself of all wandering thoughts.');
INSERT INTO videos(vid, pid, title, description) VALUES('ul35O4_pGSA', 'PLz2LIY6rQQrExXZjBXsyl2eXqWgTx_Smk', 'The koan of carrying a beauty across the stream  (GDD-640, Master Sheng-Yen)', 'In scriptures there is the story of Chan Master Tanshan carry a beautiful lady across a stream. Buddhism stresses proper behavior between men and women. In keeping the precepts, the central concern of Mahayana followers is whether their mind is free of impurities. Still, they interact cautiously with the other sex because emotional entanglement is easy and ruinous.');
INSERT INTO videos(vid, pid, title, description) VALUES('UVcFr6nm0rE', 'PLz2LIY6rQQrExXZjBXsyl2eXqWgTx_Smk', 'The origin of the phrase Thus have I heard  (GDD-639, Master Sheng-Yen)', 'The phrase \"Thus have I heard\" at the beginning of all the sutras is a way of indicating their authenticity. Spurious scriptures with the same phrase can always be identified by their discrepant contents.');
INSERT INTO videos(vid, pid, title, description) VALUES('SPullPVA9TI', 'PLz2LIY6rQQrExXZjBXsyl2eXqWgTx_Smk', 'The Buddhist view on education via environmental influence  (GDD-638, Master Sheng-Yen)', 'Both good and bad environments can help our growth. First let weak people improve in a good one. When they''ve sufficiently mastered themselves, they can be honed in a bad one and change it for the better.');
INSERT INTO videos(vid, pid, title, description) VALUES('SBETuY2l4RQ', 'PLz2LIY6rQQrExXZjBXsyl2eXqWgTx_Smk', 'What is merit Is it defiled or undefiled (GDD-636, Master Sheng-Yen)', 'Merit means that when you do a good deed, it has a positive effect on your mind. Good deeds done for the sake of rewards result in defiled merit, which will leak away. Try to have less attachment when doing good deeds, and you will gradually be able to attain undefiled merit and awakening.');
INSERT INTO videos(vid, pid, title, description) VALUES('cSSc05pgQRE', 'PLz2LIY6rQQrExXZjBXsyl2eXqWgTx_Smk', 'The relationship between oneself and one''s shadow (GDD-634, Master Sheng-Yen)', 'Chan Master Dongshan perceived that \"the reflection on the water is me, but I am not the reflection\". It is the state of no-self and signlessness. The shadow or reflection is just a provisional phenomenon created by causes and conditions, but without real substance. Knowing this, one can become less attached and have fewer vexations.');
INSERT INTO videos(vid, pid, title, description) VALUES('ncplAoXSAj8', 'PLz2LIY6rQQrExXZjBXsyl2eXqWgTx_Smk', 'Emigration versus the treasure in one''s own backyard (GDD-633, Master Sheng-Yen)', 'Without sound reasons, don''t emigrate to run away from difficulties, which are a fact of life wherever you go. Live intently, and you can always beat a path by tapping the \"treasure in your own backyard\".');
INSERT INTO videos(vid, pid, title, description) VALUES('sHiykR4n_eI', 'PLz2LIY6rQQrExXZjBXsyl2eXqWgTx_Smk', 'The Buddhist perspective on EQ and emotional management (GDD-632, Master Sheng-Yen)', 'Buddhist teachings focus on deeply understanding the mind and regulating it with spiritual practice to keep it calm and free. They are effective ways of emotional management and EQ improvement.');
INSERT INTO videos(vid, pid, title, description) VALUES('4RjB7FJyXLs', 'PLz2LIY6rQQrExXZjBXsyl2eXqWgTx_Smk', 'The Buddhist perspective on the doctrine of evolution (GDD-631, Master Sheng-Yen)', 'Even beings in the natural world accept and support one another. So, characterized by our humanity, we help, forgive and accept each other in the midst of competition, using patience and compassion.');
INSERT INTO videos(vid, pid, title, description) VALUES('Yk4EToI0_Bw', 'PLz2LIY6rQQrExXZjBXsyl2eXqWgTx_Smk', 'How to be free from attachment, but principled  (GDD-630, Master Sheng-Yen)', 'Adhering to one''s principles is not the same as attachment. Adhering to our principles amidst temptations and difficulties is a positive force for improvement. Attachment is self-centered concern about fame and gain, which keeps us bogged in delusion.');
INSERT INTO videos(vid, pid, title, description) VALUES('7nACfujnjBU', 'PLz2LIY6rQQrExXZjBXsyl2eXqWgTx_Smk', 'What is the true Dharma and how can we learn it (GDD-629, Master Sheng-Yen)', 'To distinguish the true Dharma from sham ones, just follow three rules: they must not depart from the precepts, and they must comply with the law of karma and explain the Dharma only with the Dharma.');
INSERT INTO videos(vid, pid, title, description) VALUES('FZvXmqfDSzI', 'PLz2LIY6rQQrExXZjBXsyl2eXqWgTx_Smk', 'Is it proper for monastics to attend entertainment activities (GDD-628,Master Sheng-Yen)', 'Monastics should avoid places of entertainment. This not only helps them maintain their determination to seek the Path, but also prevents the laity from creating the karma of evil speech.');
INSERT INTO videos(vid, pid, title, description) VALUES('S1S9IWiOKRw', 'PLz2LIY6rQQrExXZjBXsyl2eXqWgTx_Smk', 'The meaning and states of samadhi  (GDD-627, Master Sheng-Yen)', 'In Chinese Samadhi is transliterated as \"sanmei\". Samadhi originally means meditative concentration, a state where that the mind and body, or the mind and the environment are one, and you no longer have scattered thoughts. But later in Mahayana and Chan, it denotes the combination of concentration and wisdom: undefiled and wise, one remains in concentration in all activities.');
INSERT INTO videos(vid, pid, title, description) VALUES('KCeGH_xj0UQ', 'PLz2LIY6rQQrExXZjBXsyl2eXqWgTx_Smk', 'What are the prerequisites for becoming a monastic (GDD-626, Master Sheng-Yen)', 'Though parental consent is not imperative for a grown-up to become a monastic, it''s important to talk it over with your parents so that, with their understanding, you can have peace as a monastic.');
INSERT INTO videos(vid, pid, title, description) VALUES('e2zaLcgBEfo', 'PLz2LIY6rQQrExXZjBXsyl2eXqWgTx_Smk', 'Why should we repent? How should we repent?(GDD-63 Master Sheng Yen)', 'To repent, either to our own conscience, to the person we have done a disservice, or in public, is to express responsibilities for ourselves. By repenting on a daily basis we can gradually purify our body and mind, and therefore eliminate our karmic obstacles.');
INSERT INTO playlist(pid, cid, title, description) VALUES('PLz2LIY6rQQrG3zppUDCqY0Q2NAYntQWZg','UCBIGwiecylJsQrhTPBKI4Qw', 'GDD(0601-0625)', '');
INSERT INTO videos(vid, pid, title, description) VALUES('gQdIY8SmALc', 'PLz2LIY6rQQrG3zppUDCqY0Q2NAYntQWZg', 'What is the Buddhist view on art (GDD-617, Master Sheng-Yen)', 'Many treasures of Buddhist art in China were created during the periods when Buddhism flourished. Only when Buddhism is highly valued by the people will Buddhist art continue to blossom.');
INSERT INTO videos(vid, pid, title, description) VALUES('rsBlKqXk6lY', 'PLz2LIY6rQQrG3zppUDCqY0Q2NAYntQWZg', 'How does the Western Pure Land differ from the heavens  (GDD-625, Master Sheng-Yen)', 'Heavenly existence is temporary and not free from samsara. Buddhists are advised to go to the eternal pure land, where they practice until they achieve liberation and return to ordinary worlds to help other beings find liberation.');
INSERT INTO videos(vid, pid, title, description) VALUES('8OnmdOvLanA', 'PLz2LIY6rQQrG3zppUDCqY0Q2NAYntQWZg', 'The usefulness of the regulations in Buddhist monasteries (GDD-624, Master Sheng-Yen)', 'Whether monastic or secular, rules help prevent disorder and promote harmony and efficiency in a group. Proper deportment, like many monastic rules, is conducive to individual and group practice.');
INSERT INTO videos(vid, pid, title, description) VALUES('iJP0r9axZHw', 'PLz2LIY6rQQrG3zppUDCqY0Q2NAYntQWZg', 'Why are emiment Buddhists referred to as dragon-elephants  (GDD-623, Master Sheng-Yen)', 'The qualities of a great teacher of the Dharma are represented by the lion for its awakening roar, the elephant for its perseverance, and the dragon for its ability to respond to any call for help.');
INSERT INTO videos(vid, pid, title, description) VALUES('BN5N6Pqt75s', 'PLz2LIY6rQQrG3zppUDCqY0Q2NAYntQWZg', 'Does Buddhism talk about truth (GDD-622, Master Sheng-Yen)', '\"Truth\" in Buddhism refers to the absolute true principle or essence underlying all things. The laws of causality and of conditional arising are expressible mundane truths that govern our phenomenal world. Transcendental truth, the all-pervading Buddha-nature, is one with the mundane but defies words.');
INSERT INTO videos(vid, pid, title, description) VALUES('dx0178wYP00', 'PLz2LIY6rQQrG3zppUDCqY0Q2NAYntQWZg', 'Does practicing Buddhism help ensure a happy marriage  (GDD-621, Master Sheng-Yen)', 'Practicing Buddhism helps ensure a happy marriage. Following the guidelines of a common faith and mutual respect, acceptance and support, couples will weather all problems and remain committed.');
INSERT INTO videos(vid, pid, title, description) VALUES('gEvQ2V39xlI', 'PLz2LIY6rQQrG3zppUDCqY0Q2NAYntQWZg', 'Propagating the Dharma overseas (GDD-620, Master Sheng-Yen)', 'Region knows no borders. In an open society with increasing international interchange Chinese Buddhism needs to be open-minded and learn from other forms of Buddhism to succeed internationally.');
INSERT INTO videos(vid, pid, title, description) VALUES('BMtTDExpyRI', 'PLz2LIY6rQQrG3zppUDCqY0Q2NAYntQWZg', 'Why was Buddhism accepted by Chinese (GDD-619, Master Sheng-Yen)', 'Through adaptation and assimilation, Buddhism gradually became a major part of Chinese culture. Having had its ups and downs in Chinese history, it is now reviving by drawing on Western civilization.');
INSERT INTO videos(vid, pid, title, description) VALUES('bnBf6h6zqu4', 'PLz2LIY6rQQrG3zppUDCqY0Q2NAYntQWZg', 'When did Buddhism reach its greatest glory (GDD-618, Master Sheng-Yen)', 'Subtle doctrine, inner practice and a new perspective attracted many talented people who created the golden age of Buddhism during the Tang dynasty. All these are needed to revitalize Buddhism today.');
INSERT INTO videos(vid, pid, title, description) VALUES('rh4uAiIo38c', 'PLz2LIY6rQQrG3zppUDCqY0Q2NAYntQWZg', 'Why do some monastics practice martial arts? (GDD-0616, Master Sheng Yen)', '');
INSERT INTO videos(vid, pid, title, description) VALUES('G3rtl3Jcml0', 'PLz2LIY6rQQrG3zppUDCqY0Q2NAYntQWZg', 'Why is Maitreya Buddha portrayed so differently? (GDD-615, Master Sheng Yen)', 'The paunchy, smiling figure of Maitreya with his \"all-embracing bag\" reminds us to emulate the bodhisattva spirit: being big-hearted and compassionate, one cheerfully accepts all and gives all.');
INSERT INTO videos(vid, pid, title, description) VALUES('5KxUmY9Qlmo', 'PLz2LIY6rQQrG3zppUDCqY0Q2NAYntQWZg', 'The significance of translating Buddhist scriptures (GDD-614, Master Sheng Yen)', 'The translation of Buddhist Scriptures has over 2,000 years of history and is now more important than ever as a means of promoting the beneficial teachings of Buddhism around the world.');
INSERT INTO videos(vid, pid, title, description) VALUES('NVoDgDchQ_s', 'PLz2LIY6rQQrG3zppUDCqY0Q2NAYntQWZg', 'What does the Dharma Drum University wish to achieve? (GDD-613, Master Sheng Yen)', 'The establishment of a liberal arts university is necessary if DDM is to foster people with the qualifications to contribute to society by helping to promote our vision of a pure land on earth.');
INSERT INTO videos(vid, pid, title, description) VALUES('crOwdI5Mnds', 'PLz2LIY6rQQrG3zppUDCqY0Q2NAYntQWZg', 'Is Buddhism polytheistic? (GDD-612, Master Sheng Yen)', 'Buddhas and bodhisattvas aren''t deities, but those who have attained enlightenment through cultivation and are our models. Although they take many forms, they''re linked to each other in substance.');
INSERT INTO videos(vid, pid, title, description) VALUES('gAD92kK2l2o', 'PLz2LIY6rQQrG3zppUDCqY0Q2NAYntQWZg', 'Why does Buddhism compare our mind to an ox? (GDD-611, Master Sheng Yen)', 'The ox is an important symbol in Buddhist texts, representing both a wayward mind that needs to be disciplined and also the Buddha Vehicle, which carries all sentient beings toward supreme Buddhahood.');
INSERT INTO videos(vid, pid, title, description) VALUES('YWs2D8n0M6E', 'PLz2LIY6rQQrG3zppUDCqY0Q2NAYntQWZg', 'What is the significance of offering pure meals? (GDD-610, Master Sheng Yen)', 'When we offer pure meals for practitioners engaged in pure practice to eat at prescribed pure times, we acquire merit and create affinities in the Dharma. Many people do this to fulfill or redeem a vow.');
INSERT INTO videos(vid, pid, title, description) VALUES('b2kSLsCeZxM', 'PLz2LIY6rQQrG3zppUDCqY0Q2NAYntQWZg', 'What is the significance of the ritual of deliverance (GDD-609, Master Sheng Yen)', 'Deliverance is primarily aimed at the living rather than the dead. But rituals for the dead can bring them merit, and on hearing the Dharma they may even be able to let go and achieve deliverance.');
INSERT INTO videos(vid, pid, title, description) VALUES('zhX4kWgG1XI', 'PLz2LIY6rQQrG3zppUDCqY0Q2NAYntQWZg', 'What is the significance of reciting the the Buddha''s name? (GDD-608, Master Sheng Yen)', 'We''ll be free from fear in danger or in difficulties if we''re mindful of one of the six meritorious things. Reciting the Buddha''s name leads to a peaceful, virtuous life and rebirth in the pure land.');
INSERT INTO videos(vid, pid, title, description) VALUES('xcLJDrRw7gE', 'PLz2LIY6rQQrG3zppUDCqY0Q2NAYntQWZg', 'What do the Sanskrit terms in the sutras mean  (GDD-607, Master Sheng Yen)', 'Transliteration of Sanskrit terms is sometimes used in the sutras because they can''t be translated appropriately. The sutras are not hard to understand if you consult dictionaries for these terms.');
INSERT INTO videos(vid, pid, title, description) VALUES('dQ9jqp8udxQ', 'PLz2LIY6rQQrG3zppUDCqY0Q2NAYntQWZg', 'Reciting the Buddha''s name verbally or mindfully (GDD-606, Master Sheng Yen)', 'To derive true benefit from reciting the Buddha''s name, we should do it mindfully rather than just pronouncing it absent-mindedly. Our concentration will increase with practice until we achieve samadhi.');
INSERT INTO videos(vid, pid, title, description) VALUES('9d5b75ebEYE', 'PLz2LIY6rQQrG3zppUDCqY0Q2NAYntQWZg', 'Who should Buddhists today look to as their teacher (GGD-605, Master Sheng Yen)', 'Buddhists take refuge in the Three Jewels, regarding this as their teacher. Though the Buddha has long passed away, if we take the Dharma and the precepts he taught as our teacher, then it is as if the Buddha were still with us, guiding us in leading a grounded, peaceful life.');
INSERT INTO videos(vid, pid, title, description) VALUES('sHd7wYY7KAs', 'PLz2LIY6rQQrG3zppUDCqY0Q2NAYntQWZg', 'How does western society view orthodox Buddhism  (GGD-604, Master Sheng Yen)', '');
INSERT INTO videos(vid, pid, title, description) VALUES('uFEU3MLxIbk', 'PLz2LIY6rQQrG3zppUDCqY0Q2NAYntQWZg', 'Buddhist view on world records (GDD-603, Master Sheng Yen)', 'While competition can help a few people become outstanding, Buddhism reaches out to everyone, urging them to walk an ordinary path, steadily and continuously, to enlightenment, each at their own pace.');
INSERT INTO videos(vid, pid, title, description) VALUES('lriJZHzOGCk', 'PLz2LIY6rQQrG3zppUDCqY0Q2NAYntQWZg', 'How should parents lay the foundation for their children''s education (GDD-601, Master Sheng-Yen)', 'Even animals educate their young. Parents should spend time with their children, guide them with loving care, and set a good example for them, so that they grow up to be wise, compassionate, and worthy.');
INSERT INTO playlist(pid, cid, title, description) VALUES('PLz2LIY6rQQrFZNFfCqb1L5QzCvLHGMUpm','UCBIGwiecylJsQrhTPBKI4Qw', 'GDD(0576-0600)', '');
INSERT INTO videos(vid, pid, title, description) VALUES('Ma7WaWR6MiM', 'PLz2LIY6rQQrFZNFfCqb1L5QzCvLHGMUpm', 'How does the nobility of our character relate to the quality of our social customs? (GDD-576,)', 'Especially in the new century and new era, new ideas are difficult for us to adapt to. Everyone only cares about their own interest, expansion, development, protection, and security; everyone thinks very little of others. So on the one hand, society seems prosperous with everyone striving to invent, create, and work hard. On the other hand, quite a number of people also try to find the loopholes in the law, and take advantage of the gray area between legal and illegal. To restore peace and safety to society, everyone should rely on their own efforts to make a living, which is the best');
INSERT INTO videos(vid, pid, title, description) VALUES('BoaetY66U28', 'PLz2LIY6rQQrFZNFfCqb1L5QzCvLHGMUpm', 'How, with the pressure of intense competition, we can properly protect our conscience  (GDD-577)', 'Packaging may be able to make something look valuable, stylish and elegant, but most of the time it is mere vanity and deception; we not only deceive ourselves but also allow ourselves to be deceived. The packaged image is always short-lived; it is better to be honest and true. We don''t need too much grooming, but must keep our appearance simple, tidy, and neat. We must also be well grounded and honest.');
INSERT INTO videos(vid, pid, title, description) VALUES('m8JHNcROKd0', 'PLz2LIY6rQQrFZNFfCqb1L5QzCvLHGMUpm', 'Putting \"Protecting the Spiritual Environment\" into practice (GDD-578, Master Sheng-Yen)', 'Environmental protection means the sanitation of the environment, that is, keeping our living conditions healthy, clean, and hygienic, and protecting nature from being destroyed. The Protection of the Spiritual Environment movement promoted by Dharma Drum Mountain is closely related to the protection of our living and natural environments; its essence lies in being aware of our mind, knowing if our mind is pure or contaminated, knowing if there are afflicted, impure thoughts in our mind.');
INSERT INTO videos(vid, pid, title, description) VALUES('yNalXfqcb7k', 'PLz2LIY6rQQrFZNFfCqb1L5QzCvLHGMUpm', 'Why does Ch''an have such a huge body of collected sayings (GDD-579, Master Sheng-Yen)', 'Not depending on words and letters\" does not conflict with the use of language. It teaches us not to be attached to words, not to take a remark out of context, and not to cling to unilateral statements, or the words of one single person. At a deeper level, it means that the real truth cannot be expressed in words; whatever is described and explained in words and symbols is not the real truth. The purpose of \"not depending on words and letters\" is to encourage people to use their own mind and their own efforts to experience and practice Chan themselves.');
INSERT INTO videos(vid, pid, title, description) VALUES('rtdZFr6NBvQ', 'PLz2LIY6rQQrFZNFfCqb1L5QzCvLHGMUpm', 'What does \"nonconceptual wisdom\" mean? (GDD-580, Master Sheng-Yen)', 'The Sixth Patriarch Huineng once said, \"The lowest class have supreme wisdom, and the highest class have non-conceptual wisdom.\" It means that all living beings have the Buddha-nature, the potential to attain Buddhahood, and the inborn capacity to develop the supreme wisdom of a Buddha. As long as we strive to develop it, we will be able to manifest this kind of wisdom. People of great wisdom are already rid of self-centeredness and not attached to their own wisdom, and so have non-conceptual wisdom.');
INSERT INTO videos(vid, pid, title, description) VALUES('C6ZABcAqoOg', 'PLz2LIY6rQQrFZNFfCqb1L5QzCvLHGMUpm', 'The meaning of the alms-begging practice(GDD-581, Master Sheng Yen)', 'Begging for alms forms an affinity. At first you had no affinity with the monks. If they beg alms from you and you give them food, medicines, or other essential items, then you are related to each other. On the other hand, by receiving alms and giving the Dharma in return, a monk forms an affinity with lay people. By sincerely giving alms, donors feel joy and thus amass spiritual merit in upholding the Three Jewels.');
INSERT INTO videos(vid, pid, title, description) VALUES('dV2YIEf-GJM', 'PLz2LIY6rQQrFZNFfCqb1L5QzCvLHGMUpm', '(GDD-582, Master Sheng Yen)', 'The Lotus Sutra teaches about the supreme, thorough, and ultimate Buddhadharma; though it won''t make us a Buddha immediately, at least it teaches us to take on the first step on the path to Buddhahood. The Shurangama Sutra shows us how different methods lead to the same enlightenment, though it doesn''t mean that one will attain enlightenment instantaneously after hearing it. Nevertheless, they certainly help us alleviate our attachment and affliction.');
INSERT INTO videos(vid, pid, title, description) VALUES('9CyyeAFz7Ec', 'PLz2LIY6rQQrFZNFfCqb1L5QzCvLHGMUpm', 'Compassion vs. \"women''s kindness\"(GDD-584, Master Sheng Yen)', 'A wise person handles situations with compassion rather than hatred, hostility or a desire to give someone a hard time or to punish them; he just wants to help others. Punishing when necessary is also compassion; we punish people to save them, to help them and make them better. This is compassion.');
INSERT INTO videos(vid, pid, title, description) VALUES('1dqXQe5D4hA', 'PLz2LIY6rQQrFZNFfCqb1L5QzCvLHGMUpm', 'Is swearing an oath useful? How can one''s repentance be effective?(GDD-586, Master Sheng Yen)', 'An oath is a promise that you will do something without fail, while a vow is an aspiration to do something. A vow is a driving force that helps us work toward our goal. In contrast, a malicious oath is a foolish and sinful act that harms oneself and others, but it can be remedied if we repent and reform. We should emulate the Buddha or the bodhisattvas in making vows to deliver all sentient beings, cut off all afflictions, learn all the Buddhist teachings, and ultimately attain Buddhahood.');
INSERT INTO videos(vid, pid, title, description) VALUES('uJz2wDUXuu0', 'PLz2LIY6rQQrFZNFfCqb1L5QzCvLHGMUpm', 'What''s the significance of a Dharma name?(GDD-588, Master Sheng Yen)', '\"Dharma name\" serves as a way to remind oneself that one has started practicing Buddhism; it''s a sign that one is a Buddhist now and has taken refuge under a certain master. Just getting a Dharma name won''t make you a more advanced practitioner or make you become a Buddha sooner. As a Dharma name is related to the Buddhadharma, it is actually a reminder for us to continually practice Buddhism.');
INSERT INTO videos(vid, pid, title, description) VALUES('xorL3Zjtk_U', 'PLz2LIY6rQQrFZNFfCqb1L5QzCvLHGMUpm', 'What is the significance and benefit of pilgrimage?(GDD-590, Master Sheng Yen)', 'Buddhists go to monumental Buddhist sites to pay homage and offer worship in order to commemorate the Buddha and show their respect and gratitude. The meaning of a pilgrimage is to experience the inner world of the Buddha, bodhisattvas, and great patriarchs, emulating their spirit of compassion and the operation of wisdom.');
INSERT INTO videos(vid, pid, title, description) VALUES('r5Nt3O7mO78', 'PLz2LIY6rQQrFZNFfCqb1L5QzCvLHGMUpm', '(GDD-591, Master Sheng Yen)', 'The original idea of Ullambana, based on the story of \"Mahamaudgalyayana saving his Mother\" and meaning \"rescuing those who are hanging upside-down\", was to deliver the dead through the merit of making offerings to the monks who completed a three-month summer retreat. Over time, this practice has evolved into the Hungry Ghost Festival, an occasion celebrated in many countries in Asia.');
INSERT INTO videos(vid, pid, title, description) VALUES('QK11BcTc280', 'PLz2LIY6rQQrFZNFfCqb1L5QzCvLHGMUpm', 'Cohabitation and its impact on society(GDD-592, Master Sheng Yen)', 'The relationship of a couple living together is actually the same as that of husband and wife. Their responsibilities and obligations to each other should also be matrimonial. They must take care of and be considerate of each other, and fulfill their mutual duties. If you and your partner live together in this way, you two will feel more secure and stable. But if a married man has several mistresses or a married woman has several lovers, then there will be grave problems. These complex emotional entanglements will bring great pain.');
INSERT INTO videos(vid, pid, title, description) VALUES('LOO9R92VyRI', 'PLz2LIY6rQQrFZNFfCqb1L5QzCvLHGMUpm', '\"Mild illness is conducive to one''s spiritual practice\"(GDD-593, Master Sheng Yen)', 'As Buddhists, we must face reality, accept it, deal with it, and then let go of it. If the disease is curable, receive the treatment; if it''s not, what more can we do? As long as we consult a doctor, there''s always hope. If we don''t do it, there''s no hope. If we know we''re sick and we face it calmly, then we''ll feel at ease. After all, not every disease is fatal.');
INSERT INTO videos(vid, pid, title, description) VALUES('HZi5ycXnRUo', 'PLz2LIY6rQQrFZNFfCqb1L5QzCvLHGMUpm', 'Child abuse and its impact on society(GDD-594, Master Sheng Yen)', 'Facing abusive parents, children should never harbor hatred, but must try their best to stop their parents from immoral, irresponsible, and abusive behavior by seeking outside help. If the harm has been done, then accept it with a forgiving heart. In general, parents may sometimes hurt their children one way or another. This may have to do with their personality, ways of thinking, habits, or educational background. These factors give rise to the different ways and attitudes in raising and educating children.');
INSERT INTO videos(vid, pid, title, description) VALUES('JTxSZZK6h3I', 'PLz2LIY6rQQrFZNFfCqb1L5QzCvLHGMUpm', 'A healthy work ethic for today''s people(GDD-596, Master Sheng Yen)', 'It''s not healthy to treat your job just as a source of income, a means to support yourself, or as a status symbol. If we just work for these reasons, we''ll feel frustrated with many things. Work is work; it''s our duty in this life. If we live for another day, we work for another day. We fulfill our meaning and value of our life through work, serving society, making a contribution, and keeping our body and mind healthy. With this attitude, we''ll put all our best effort into it, enjoy whatever we do, and do it well.');
INSERT INTO videos(vid, pid, title, description) VALUES('OGF2n78MfOc', 'PLz2LIY6rQQrFZNFfCqb1L5QzCvLHGMUpm', 'When our help has been taken for granted or seen as intrusive, what ... (GDD-597, Master Sheng-Yen)', 'Charity and good works should not be done in the expectation of gratitude. A good deed is its own reward and will bring you joy. Ingratitude should not stop you from doing good deeds.');
INSERT INTO videos(vid, pid, title, description) VALUES('NW1wJ4SygCI', 'PLz2LIY6rQQrFZNFfCqb1L5QzCvLHGMUpm', 'Will living in the present lead to trouble because of our failure ...(GDD-598, MasterSheng-Yen)', 'To live in the present is not to disregard the future or the past. To live in the present every moment means that whatever you have to do right now, you focus all your attention on that task. Living in the present, we are firmly grounded and renewed each moment.');
INSERT INTO videos(vid, pid, title, description) VALUES('Etb8tlG8bxw', 'PLz2LIY6rQQrFZNFfCqb1L5QzCvLHGMUpm', 'How do we use wisdom when choosing a partner?(GDD-599, Master Sheng Yen)', 'Monastic life is not an alternative escape for not being able to find a marriage partner. One should only become a monastic if one has had some inspirational experiences of life that make one want to take this path. When it comes to finding a suitable partner for marriage, character, instead of appearance, should be the first consideration. Look for qualities like virtue, kindness, honesty, and simplicity. Secondly, your spouse must be clearheaded. Thirdly, your spouse must be an understanding person who cares not only about you but about others as well.');
INSERT INTO videos(vid, pid, title, description) VALUES('4BsI4aOiceI', 'PLz2LIY6rQQrFZNFfCqb1L5QzCvLHGMUpm', 'Buddhist view on prenatal influences(GDD-600, Master Sheng Yen)', 'A fetus is affected by the mother''s mood and interaction with the outside world. If she can engage in Buddhist practices and listen to classical music to keep a clam and serene mind, the baby will be born smart and sweet-tempered. The father also has an indirect role to play for prenatal influences by remaining calm, speaking and behaving softly and gently, being always compassionate, and by creating and maintaining a pleasant household environment.');
INSERT INTO playlist(pid, cid, title, description) VALUES('PLz2LIY6rQQrGeztZ9s8KOcQC1dQnUVfUs','UCBIGwiecylJsQrhTPBKI4Qw', 'GDD(0551-0575)', '');
INSERT INTO videos(vid, pid, title, description) VALUES('QZf-sczPHhA', 'PLz2LIY6rQQrGeztZ9s8KOcQC1dQnUVfUs', 'Does the \"Prison of Unjust Death\" exist in Buddhism? (GDD-551, Master Sheng-Yen)', 'Accidental death is not a good thing. But since the person is already dead, through the Buddhist rituals of deliverance this spirit can still be saved, and delivered to a better rebirth. Therefore, we need to recite sutras, perform repentance prostrations, chant the Buddha''s name, give and make offerings on his behalf. Then, through the power of the Dharma, he can come and listen to the teachings, let go of his attachment, and as a result can get a better rebirth either in a heaven or the Western Pure Land or as a human being again.');
INSERT INTO videos(vid, pid, title, description) VALUES('8MDXlTmfoiI', 'PLz2LIY6rQQrGeztZ9s8KOcQC1dQnUVfUs', 'What does a \"spiritual friend\" mean? (GDD-552, Master Sheng-Yen)', 'Spiritual friends are both teachers and companions; they advise us, encourage us, and help us through their suggestions, through their association with us, and through their conceptual guidance. So, keeping a good friend, a spiritual friend near can develop character, increase wisdom, and facilitate peace of mind and body, a happy and harmonious family, and a smooth career.');
INSERT INTO videos(vid, pid, title, description) VALUES('_YbdRdJTHRg', 'PLz2LIY6rQQrGeztZ9s8KOcQC1dQnUVfUs', 'Why is the Western Pure Land divided into nine different grades? (GDD-553, Master Sheng-Yen)', 'The power of Amitabha''s vow to accept all kinds of sentient beings wishing to be reborn in his Pure Land and the fact that there are nine grades of rebirth in the Western Pure Land  show equality in Buddhism: every sentient being has the opportunity for the rebirth and that everyone is reborn according to the effort they''ve made.');
INSERT INTO videos(vid, pid, title, description) VALUES('cDVFbcez7sk', 'PLz2LIY6rQQrGeztZ9s8KOcQC1dQnUVfUs', 'Is there any harm in entering meditative concentration? (GDD-554, Master Sheng-Yen)', 'It is not easy to enter concentration, and one who can attain concentration can certainly leave it, so there is no need to worry about not being able to come out of the state of meditative concentration. Extended concentration is an indication of good health, not a cause of physical problems. To avoid harmful hallucinatory states or so-called demonic states, practice under an experienced Buddhist teacher.');
INSERT INTO videos(vid, pid, title, description) VALUES('QSYswrjwBNk', 'PLz2LIY6rQQrGeztZ9s8KOcQC1dQnUVfUs', 'Why can''t Buddhist monks and nuns wear regular clothes? (GDD-555, Master Sheng-Yen)', 'Monastic attire helps monastics keep a dignified image and helps both monastics and laity remain mindful of their conduct. So it''s absolutely not a good idea for monastics to wear lay clothes when they are not reciting sutras or performing rituals at the monasteries.');
INSERT INTO videos(vid, pid, title, description) VALUES('7vr-miUlZFk', 'PLz2LIY6rQQrGeztZ9s8KOcQC1dQnUVfUs', 'Do the Buddhist precepts forbid us to cut down or hurt plants? (GDD-556, Master Sheng-Yen)', 'The precept of non-killing in Buddhism refers to animals. Using plants to sustain ourselves creates no karma because they''re insentient. But we should still have compassion and respect for them as they are living beings and can be dwellings for ghosts and spirits.');
INSERT INTO videos(vid, pid, title, description) VALUES('4Uh-gAi-8hU', 'PLz2LIY6rQQrGeztZ9s8KOcQC1dQnUVfUs', 'Can we address experienced lay practitioners as Dharma masters? (GDD-557, Master Sheng-Yen)', 'In the early days lay people who were versed in the Dharma could be called Dharma teachers. Today, however, the title is customarily reserved for monastics. In Buddhism, only those who practice, receive, and spread the Buddhadharma can be addressed as Dharma teachers. They refer to the Dharma for guidance and use the Dharma to guide people; they take the Dharma as their teacher and make it others'' teacher, too. Such people are called Dharma teachers.');
INSERT INTO videos(vid, pid, title, description) VALUES('QKA7i82WcdQ', 'PLz2LIY6rQQrGeztZ9s8KOcQC1dQnUVfUs', 'Tripitaka master (GDD-558, Master Sheng-Yen)', 'Those who have studied and mastered the Tripitaka and gained thorough understanding of the Sanskrit originals can be called \"Tripitaka masters\". In China, there is another requirement: only those who were responsible for a monastery or assembly engaged in the undertaking of the translation of Buddhist scriptures could be called \"Tripitaka masters\".');
INSERT INTO videos(vid, pid, title, description) VALUES('IFb8vbdJYCE', 'PLz2LIY6rQQrGeztZ9s8KOcQC1dQnUVfUs', 'What''s the meaning of saying \"Amituofo\"? (GDD-559, Master Sheng-Yen)', '\"Amituofo\", the name of Amitabha Buddha in Chinese, is also a greeting word of Chinese Buddhists. The practice is attributable to Chan master Yongming Yanshou (904-975), who recited Amitabha Buddha''s name all the time—even when talking to people, he still mentally recited the Buddha''s name. \"Amituofo\" is a very useful Buddhist expression, good for all occasions. Constant recitation brings us inner peace and joy, keeps us mindful of our conduct, and benefits others in the same way.');
INSERT INTO videos(vid, pid, title, description) VALUES('kl4wphG1EDE', 'PLz2LIY6rQQrGeztZ9s8KOcQC1dQnUVfUs', 'Is the Diamond Sutra more conducive to enlightenment than other sutras? (GDD-560, Master Sheng-Yen)', 'Any sutra can lead us to enlightenment if it corresponds with our mind and level. The key is not to cling to a subjective \"I\" and an objective \"other\", namely the notion of self, and to abide nowhere while keeping our mind very clear, which is the function of wisdom.');
INSERT INTO videos(vid, pid, title, description) VALUES('lteNfQvb3c8', 'PLz2LIY6rQQrGeztZ9s8KOcQC1dQnUVfUs', 'What exactly does \"sharp-witted and clever\" mean? (GDD-561, Master Sheng-Yen)', 'Sharp-witted and clever people may be knowledgeable, but they like to argue with others and tend to resort to sophistry or be too literal-minded. Whether what they say makes sense or not, they like to show others how knowledgeable they are and how smart their opinions and viewpoints are. If someone stubbornly insists on his opinions, talks incessantly and doesn''t respect others'' opinions, then he is \"sharp-witted and clever in the worldly way\".');
INSERT INTO videos(vid, pid, title, description) VALUES('Jt0ix1SmGMQ', 'PLz2LIY6rQQrGeztZ9s8KOcQC1dQnUVfUs', 'How does upholding a practice differ from practicing? (GDD-562, Master Sheng-Yen)', 'Although sitting in meditation, doing prostrations to the Buddha image, being a vegetarian, and chanting the Buddha''s name are all part of Buddhist practice, the real meaning of practice means to correct and mend our bodily, verbal, and mental actions, as well as to break bad habits. Also, it means to learn by doing something again and again. So spiritual cultivation lies in our constant practice.');
INSERT INTO videos(vid, pid, title, description) VALUES('OnvUKhyNjWU', 'PLz2LIY6rQQrGeztZ9s8KOcQC1dQnUVfUs', 'What does it mean to leave home and become a monastic? (GDD-563, Master Sheng-Yen)', 'The work, or undertaking, of the Tathagata family means to emulate the Buddha in thought, word and deed, practicing according to the Buddha''s wisdom and compassion, and the principles and rules of the Buddhadharma. Also, it means to deliver sentient beings with the wisdom and compassion of a Buddha.');
INSERT INTO videos(vid, pid, title, description) VALUES('1LI_H_qajio', 'PLz2LIY6rQQrGeztZ9s8KOcQC1dQnUVfUs', 'Should we leave people''s remains untouched for eight hours after death? (GDD-565, Master Sheng-Yen)', 'Making the deceased angry or inflicting pain by moving or touching their body hinders a good rebirth. We should treat the body in the proper way while urging them to let go of worldly attachment and seek rebirth in the Buddha''s Pure Land by chanting the Buddha''s name for them and dedicating the merit to them.');
INSERT INTO videos(vid, pid, title, description) VALUES('TZfi9-dHXY4', 'PLz2LIY6rQQrGeztZ9s8KOcQC1dQnUVfUs', 'Dharma body, rard body, response body and transformation body(GDD-564, Master Sheng-Yen)', 'Buddhas have three bodies: the Dharma body, which is omnipresent and all pervading; the reward body, which results from their merit and virtue; and the transformation body, which manifests in the world appearing to us in a human form with a body and life like our own to save all beings.');
INSERT INTO videos(vid, pid, title, description) VALUES('WRPofyDXgOM', 'PLz2LIY6rQQrGeztZ9s8KOcQC1dQnUVfUs', 'Bodhi (GDD-566, Master Sheng-Yen)', 'Bodhi is to see through worldly phenomena and to be free from attachment. For a bodhisattva who is thus awakened and saves others in the sea of suffering without feeling suffering, \"affliction is bodhi, and samsara is the same as nirvana,\" as taught in the Platform Sutra.');
INSERT INTO videos(vid, pid, title, description) VALUES('2uIlMfX4J4M', 'PLz2LIY6rQQrGeztZ9s8KOcQC1dQnUVfUs', 'The three stages Chan practitioners undergo (GDD-567, Master Sheng-Yen)', 'Spiritual cultivation is a process that may go through three stages: seeing the mountain just as a mountain; seeing the mountain not as a mountain; and seeing the mountain just as a mountain again. The first stage represents the state of mind of average people. The second stage is when practitioners are working hard and so absorbed in their practice that they look but do not see, listen but do not hear. The third stage is when they have settled the self, or even let go of it or dissolved it. Only in the last stage does the self no longer exist.');
INSERT INTO videos(vid, pid, title, description) VALUES('h-L3M2j1wAo', 'PLz2LIY6rQQrGeztZ9s8KOcQC1dQnUVfUs', 'What virtues does each of the four great bodhisattvas in Buddhism? (GDD-568, Master Sheng-Yen)', 'Various names of bodhisattvas, while representing their specific virtues and vows in delivering sentient beings, actually embody the qualities of the Buddha—compassion, wisdom, vows and practice. Guanyin Bodhisattva (Bodhisattva Avalokitesvara) and Earth Treasury Bodhisattva (Bodhisattva Ksitigarbha) are popular among Chinese Buddhists mainly because they meet their needs, respectively providing help in this life and helping them to avoid hell in the next.');
INSERT INTO videos(vid, pid, title, description) VALUES('CWG20sBQjN0', 'PLz2LIY6rQQrGeztZ9s8KOcQC1dQnUVfUs', 'Why is it that enlightened Chan masters from the ancient times weren''t called Buddhas?  (GDD-569)', 'All sentient beings have the potential to become a buddha. \"Seeing the nature and becoming a buddha\" indicates when one is enlightened to the reality that one is absolutely capable of attaining Buddhahood through continual practice and meritorious deeds, rather than meaning that one can instantly become someone like Shakyamuni Buddha.');
INSERT INTO videos(vid, pid, title, description) VALUES('d9bxwXxJNt0', 'PLz2LIY6rQQrGeztZ9s8KOcQC1dQnUVfUs', 'Which is more important, compassion or wisdom?  (GDD-570, Master Sheng-Yen)', 'Compassion is very important; wisdom is also very important. Being compassionate means caring for others, embracing them, loving them, helping them grow, and forgiving them. Wisdom means that we are capable of clearly observing our minds and recognizing our inner state. Wise people are not emotional, so they are able to influence their families to be less emotional. Because you are not emotional, no matter how people treat you, you won''t react with emotion. Thus, people around you will gradually become less and less emotional. If we can cultivate and employ both compassion and wisdom, eventually we''ll attain Buddhahood in a peaceful manner.');
INSERT INTO videos(vid, pid, title, description) VALUES('OnuhBNggS04', 'PLz2LIY6rQQrGeztZ9s8KOcQC1dQnUVfUs', 'Why is it that many long-term practitioners  even monastics suffer great pain before death?(GDD-571)', 'Everyone has his karmic rewards and retributions. Even if one has attained Buddhahood in his last lifetime, he must reap what he has sown. Causes and effects span many lifetimes, life after life, from the limitless past to the endless future. The causes and effects involved are extremely complicated, so we shouldn''t just look at the immediate result of this life to conclude that someone has done good or evil in this life.');
INSERT INTO videos(vid, pid, title, description) VALUES('eENF4PryIS0', 'PLz2LIY6rQQrGeztZ9s8KOcQC1dQnUVfUs', 'Why are the Buddhist programs in the form of dynamic retreats so popular?(GDD-572, Master Sheng-Yen)', 'Buddhism in Taiwan was once a conservative religion that caters to the dead, delivering the deceased to a better rebirth. Now it has become a humanistic Buddhism for the living that serves society and deeply engages it. This, along with other causes and conditions, has contributed to the increasing popularity of various kinds of Buddhist programs for people of all ages and from all walks of life.');
INSERT INTO videos(vid, pid, title, description) VALUES('KmiNOv8PGA8', 'PLz2LIY6rQQrGeztZ9s8KOcQC1dQnUVfUs', 'Universal deliverance (GDD-573, Master Sheng-Yen)', '\"Universal deliverance\" means that Buddhism delivers sentient beings with the Dharma, to help all sentient beings to eliminate their afflictions and eventually attain enlightenment, to be freed from suffering and obtain the bliss. \"Universal deliverance\" means whether you want the Dharma or not, believe in Buddhism or not, practice it or not, the gate of the Dharma is always open to you, and you are always welcome to come in. \"Universal deliverance\" also means to give, to educate, and to offer to all equally, wishing for the deliverance of all sentient beings.');
INSERT INTO videos(vid, pid, title, description) VALUES('TmhYYD53Uw4', 'PLz2LIY6rQQrGeztZ9s8KOcQC1dQnUVfUs', 'What''s the right age to take up a religion?  (GDD-574, Master Sheng-Yen)', 'Spiritual practice helps us develop ourselves, transform our afflictions into bliss, and helps us eliminate our suffering, and thus attain joy and a sense of belonging. Anyone who feels the need is welcome to follow Buddhism. Even if one is still a child, as long as he''s old enough to understand, he can follow and practice Buddhism. For the elderly, even if one is dying he still has time to learn the Dharma. So, there is no age limit. Especially, religion plays an important role in forming a child''s sense of direction. If they have firm religious faith, their future journey will be very smooth and steady.');
INSERT INTO videos(vid, pid, title, description) VALUES('Imuh_hvS5qY', 'PLz2LIY6rQQrGeztZ9s8KOcQC1dQnUVfUs', 'What is the significance and purpose of a treasure vault?  (GDD-575, Master Sheng-Yen)', 'In ancient times, when laying the foundation of a monastery or a pagoda, the monastics would bury some Buddhist contemporary artifacts such as ritual implements, Buddha images, images of bodhisattvas, relics of the Buddha, and hand-written manuscripts of sutras, under the ground, in a subterranean chamber. Based on the similar idea, Dharma Drum Mountain''s treasure vault was built with a wish that people in the future will be able to witness today''s Buddhist culture in Taiwan.');
INSERT INTO playlist(pid, cid, title, description) VALUES('PLz2LIY6rQQrFNo0dpy1iSikbUygxRVt4u','UCBIGwiecylJsQrhTPBKI4Qw', 'GDD(0526-0550)', '');
INSERT INTO videos(vid, pid, title, description) VALUES('kvkpv71on5o', 'PLz2LIY6rQQrFNo0dpy1iSikbUygxRVt4u', 'Buddhist perspective on \"trips to the netherworld\" (GDD-526, Master Sheng-Yen)', 'Visiting the dead by making a trip to the netherworld does them no good and puts your own health, and even your life, at risk. The best way to help them is to do meritorious things like giving and making offerings on their behalf, dedicating the merit to their rebirth in a better realm.');
INSERT INTO videos(vid, pid, title, description) VALUES('vTjoPxma6q0', 'PLz2LIY6rQQrFNo0dpy1iSikbUygxRVt4u', 'How should people today cultivate proper deportment?(GDD-527, Master Sheng-Yen)', 'Deportment is a matter of appearance, but also the expression of character. Good deportment allows you to become friends with good people, and makes others feel you''re safe and reliable. In terms of Buddhist practice, we can also influence others in a positive way through our deportment and manners.');
INSERT INTO videos(vid, pid, title, description) VALUES('ZwapGkJei3I', 'PLz2LIY6rQQrFNo0dpy1iSikbUygxRVt4u', 'How should we express ourselves properly without hurting others?(GDD-528, Master Sheng-Yen)', 'When we want to say something, we must choose an appropriate time, choose our words, and take a fitting tone. Attitude is also very important. We should be warm and sincere instead of pushing, forcing others or taking a suspicious, hostile attitude. Then our communication will be free from obstacles.');
INSERT INTO videos(vid, pid, title, description) VALUES('5Ef0LReUUNc', 'PLz2LIY6rQQrFNo0dpy1iSikbUygxRVt4u', 'What is the purpose of the \"Releasing Burning Mouths\" ritual? (GDD-529, Master Sheng-Yen)', '\"Burning mouth\" refers to a major type of hungry ghosts, who are greedy and miserly while on human path. The rite of releasing burning mouths is to bring hungry ghosts relief through the power of the Dharma and mantras, so that their burning mouth will become a normal mouth that can eat and swallow food. After meal, they may be able to leave the hungry ghost path and ascend to a heaven, or even better, be reborn in the Western Pure Land, or become humans to learn and practice the Dharma.');
INSERT INTO videos(vid, pid, title, description) VALUES('-VlRLusuc5g', 'PLz2LIY6rQQrFNo0dpy1iSikbUygxRVt4u', 'What is the significance of holding different types of Dharma assemblies?(GDD-531, Master Sheng-Yen)', 'In the Buddha''s time, Dharma assemblies were occasions for explaining, practicing, and listening to the Dharma. But now among Chinese Buddhists, few people expound the Dharma, so rituals were created with guides or manuals for people to follow. People gather in Dharma assemblies to chant or recite, prostrate or kneel down, and do visualizations, so these assemblies combine different forms of practice. Based on different scriptures, bodhisattvas'' names or Buddhas'' names, and the practices for different Buddhas or bodhisattvas, various practice gatherings have been created, to help people practice Buddhism and spread the Dharma at the same time.');
INSERT INTO videos(vid, pid, title, description) VALUES('fKVSowNgm0E', 'PLz2LIY6rQQrFNo0dpy1iSikbUygxRVt4u', 'How do we help our children make a habit of cherishing ?(GDD-532, Master Sheng-Yen)', 'Cherishing and nurturing blessings are fundamental to Buddhism. Each of us only brings limited karmic blessings from previous lives, so if we do not cherish our blessings in this life, we will end up using them up. Once we use them up, trouble will come. Parents should teach their children from an early age to follow and believe in Buddhism, instill in them the concept of karmic causality, and teach them to cherish blessings by making the best of our limited resources and sharing them with others.');
INSERT INTO videos(vid, pid, title, description) VALUES('Hgzft9phrrI', 'PLz2LIY6rQQrFNo0dpy1iSikbUygxRVt4u', 'How to dissolve conflicts(GDD-533, Master Sheng-Yen)', 'Communication must be two-way. It''s very foolish to try to isolate ourselves from the world, to lock ourselves up in seclusion, to cut off contact with people, to seek no help from anyone. When we just can''t communicate with someone, let it go without animosity; reflect on the attitude and the language we use to approach them and try to find a good way to adapt ourselves to give them the chance to come around.');
INSERT INTO videos(vid, pid, title, description) VALUES('W7xnbIe1Y9c', 'PLz2LIY6rQQrFNo0dpy1iSikbUygxRVt4u', 'How to fill the void in our hearts(GDD-534, Master Sheng-Yen)', 'People feel empty because they do not know why they exist in this world and why their lives pass like this. Another reason for feeling empty is when we cannot get what we seek or have what we want. So the reason for feeling empty is a feeling of pointlessness and futility. If we believe in Buddhism we''ll never feel empty, because we know where we are going, what we are doing, and why we are dealing with certain situations. By having Buddhist faith in mind, we know our future can lead in two main directions: to the Buddha''s Pure Land or to thorough enlightenment. If we cannot attain enlightenment, we believe we can still be reborn in the Pure Land.');
INSERT INTO videos(vid, pid, title, description) VALUES('lwpOXfB6vPM', 'PLz2LIY6rQQrFNo0dpy1iSikbUygxRVt4u', 'How to relieve stress and anxiety brought by the explosion of information(GDD-535, Master Sheng-Yen)', 'In a world of exploding information, there is no need to make our life stressful by trying to learn it all, for it is impossible for one to master every trade and know it inside and out. Just try to master our own field and be familiar with other general and practical matters.');
INSERT INTO videos(vid, pid, title, description) VALUES('R-Sh6dZoey8', 'PLz2LIY6rQQrFNo0dpy1iSikbUygxRVt4u', 'Must people have faith in order to enter the Western Pure Land or Heaven?(GDD-536, Master Sheng-Yen)', 'In general, folk beliefs and all theistic religions believe that gods exist externally—there must be a god external to the believer that is always protecting and helping people. While Buddhism is \"theistic\", in that although Buddhists believe in the existence of gods, who may be helping us as the Dharma-protecting deities, basically one''s inner cultivation does not depend on the gods. Our success or failure, our fortune or misfortune, depends on our hard work and our karma. So in terms of Buddhism, the religion within is the real one and the religion without is a supplement.');
INSERT INTO videos(vid, pid, title, description) VALUES('HIxxE7Za9to', 'PLz2LIY6rQQrFNo0dpy1iSikbUygxRVt4u', 'Can the Dharma help develop the infinite potential in all of us?(GDD-537, Master Sheng-Yen)', 'Buddhism helps us reduce our affliction, calm our minds, stabilize our emotions, improve our character and expand our compassion, making us become a person of wisdom. As for whether someone can develop the brain indefinitely, becoming someone of great learning, knowledge, and creativity, someone capable of breaking new ground, this is not the main purpose for practicing Buddhism.');
INSERT INTO videos(vid, pid, title, description) VALUES('AB0CqBvlAeo', 'PLz2LIY6rQQrFNo0dpy1iSikbUygxRVt4u', '(How can we judge when we should forbear and when we should concede?(GDD-538, Master Sheng-Yen)', 'In our life, only through the experience of rise and fall, advance and retreat, up and down, high and low can we learn and become stronger, wiser, more mature, patient and accommodating. To ensure our hard work achieves its goal, we can retreat for now, give way for a while, and forbear for the moment. But we have to consider why we do so: we give way in order to make progress; we retreat in order to move forward; we forbear in order to be compassionate; and we are accommodating in order to allow ourselves and others to get past a problem.');
INSERT INTO videos(vid, pid, title, description) VALUES('Ox2CcSn9-V8', 'PLz2LIY6rQQrFNo0dpy1iSikbUygxRVt4u', 'What''s the best way to repay kindness?(GDD-539, Master Sheng-Yen)', 'If we are able to survive, live in peace and free from disturbance, and follow and practice the Dharma well, we should be thankful to the many people who help and support us. That is why Buddhism teaches us to repay four types of kindnesses: the kindness of parents, the kindness of the Three Jewels, the kindness of one''s country, and the kindness of other sentient beings. Some people also count the kindness of teachers.');
INSERT INTO videos(vid, pid, title, description) VALUES('aiLf7E0ftRQ', 'PLz2LIY6rQQrFNo0dpy1iSikbUygxRVt4u', 'How does Buddhism define \"discriminating mind\"?(GDD-540, Master Sheng-Yen)', 'Discrimination, or the discriminating mind, in Buddhism refers to self-centeredness and petty calculation, not the intellectual recognition of objective facts and reality. Buddhism teaches us to, while being aware of gain and loss, advantage and disadvantage in our daily lives, we should often practice reducing our petty mind and our gasping at gains and advantages. Discrimination is our afflicted, differentiating mind, while recognition of difference, on the other hand, is related to wisdom and knowledge. We should be clear about their difference.');
INSERT INTO videos(vid, pid, title, description) VALUES('qVlublK_h94', 'PLz2LIY6rQQrFNo0dpy1iSikbUygxRVt4u', 'How can the Buddhadharma help people who are out of a job?(GDD-541, Master Sheng-Yen)', 'In face of unemployment at middle-age, it''s much harder to deal with one''s feelings than take care of the family livelihood. It''s no use to feel upset; all you can do is face the facts, accept the situation, and try to adjust your attitude. You should feel grateful that you are still alive and are able to get by. When we are retired, if situations allow, find a volunteer work. By being a volunteer, life won''t lose meaning or value. Just because we are retired doesn''t mean we have to become useless, worthless, or idle.');
INSERT INTO videos(vid, pid, title, description) VALUES('5bdK2GXhvQg', 'PLz2LIY6rQQrFNo0dpy1iSikbUygxRVt4u', 'How to broaden our mind(GDD-542, Master Sheng-Yen)', 'What''s worth learning from broadminded individuals is that we don''t make a big deal of everything. Rather, we should just do what should be done, work hard where we need to, avoid what should be avoided, and deal with what needs to be dealt with. Whenever something comes up, we should face it, accept it, deal with it, and then let go of it.');
INSERT INTO videos(vid, pid, title, description) VALUES('gDr8dqiKTOo', 'PLz2LIY6rQQrFNo0dpy1iSikbUygxRVt4u', 'Is it  true that as long as one has faith, one can be reborn in the pure land?(GDD-543,)', 'Rebirth in the Buddha''s Pure Land mainly relies on two powers. One is the power of Amitabha Buddha''s vows, which is the major power. Another is the power of our own vows to be reborn in the western Pure Land. The meaning of rebirth in the Pure Land is that when we get there we won''t commit bad karma again, where we focus on the practice of mindfulness of the Three Jewels, and continue to cultivate ourselves until we are transformed from ordinary people into sages. After that we vow to return to this Saha world and follow the example of Buddhas and bodhisattvas to save the world and deliver other sentient beings.');
INSERT INTO videos(vid, pid, title, description) VALUES('GyNVgJCTM5c', 'PLz2LIY6rQQrFNo0dpy1iSikbUygxRVt4u', 'How do we know if we''re suitable for practicing Buddhism?(GDD-544, Master Sheng-Yen)', 'Upon hearing the Buddhadharma some people feel so refreshed and inspired that they are moved to tears. People reacting that way all have good roots and are inclined to accept Buddhism. The majority of people, however, lead an uneventful life and so it''s not easy for them to come to a sudden understanding—because there seems nothing to disturb them. It''s rare for such people to feel moved immediately after they listen to the Buddhist teachings.');
INSERT INTO videos(vid, pid, title, description) VALUES('gCluu-D2vpA', 'PLz2LIY6rQQrFNo0dpy1iSikbUygxRVt4u', 'Buddhism focuses on compassion, Confucianism. How do these views differ from one another?(GDD-545,)', 'Benevolence and universal love can bring our world peace although they still involve the opposition of subject and object, while people with unconditioned compassion, which is the ultimate, supreme state of mind, transcend this and save the world spontaneously without being attached to the idea of compassion.');
INSERT INTO videos(vid, pid, title, description) VALUES('bUJxAPGDTbM', 'PLz2LIY6rQQrFNo0dpy1iSikbUygxRVt4u', 'How do we open up and try to accept and be tolerant of others?(GDD-546, Master Sheng-Yen)', 'Some people think that they need a lot more and want to possess and own more; the less they own, the more insecure they get. But the more they own, the more they feel they lack something. Actually, there are only two things we can own forever: wisdom and blessing. The more wisdom we gain, the less afflictions we have. As for blessing, having blessings doesn''t mean that you enjoy a rich life. Instead, the greater our contribution and the more we benefit people, the more blessings we will obtain.');
INSERT INTO videos(vid, pid, title, description) VALUES('qFchU4wMROA', 'PLz2LIY6rQQrFNo0dpy1iSikbUygxRVt4u', 'What''s the meaning of practicing Buddhism?(GDD-547, Master Sheng-Yen)', 'Action speaks louder than words. It''s best that people actually apply what they learn about the Buddhadharma in their daily life, though they don''t spend much time studying or researching Buddhism. Nonetheless, if we have both a deep understanding of the teachings and a solid foundation in practice, then that''s even better.');
INSERT INTO videos(vid, pid, title, description) VALUES('QgO-OHIcKMQ', 'PLz2LIY6rQQrFNo0dpy1iSikbUygxRVt4u', 'How do we implement humanistic Buddhism?(GDD-548, Master Sheng-Yen)', 'Humanistic Buddhism is an idea advocated by modern Buddhists. Although the term didn''t exist in the past during Shakyamuni Buddha''s time, the Buddha''s teachings were originally meant for helping human beings cross the sea of sufferings to the other shore of liberation, not just about delivering ghosts to assist them to get a better rebirth.');
INSERT INTO videos(vid, pid, title, description) VALUES('_soH9Khu58g', 'PLz2LIY6rQQrFNo0dpy1iSikbUygxRVt4u', 'Is it possible for people to believe in two religions? (GDD-549, Master Sheng-Yen)', 'It''s better not to believe in two religions simultaneously, although some people may sincerely believe in each religion and think that they both help bring them peace of mind. We should tolerate others'' religions, respect their religions, and stop discriminating against other religions, but it''s also important to stick to our own religion.');
INSERT INTO videos(vid, pid, title, description) VALUES('ogF_2P5gNLw', 'PLz2LIY6rQQrFNo0dpy1iSikbUygxRVt4u', 'Can we develop wisdom by delving into the Buddhist canons? (GDD-550, Master Sheng-Yen)', 'Various sutras come from discourses delivered by the Buddha on different occasions, to various groups of disciples and at different times. There are Mahayana sutras and Theravada sutras representing different Dharma methods, but they all impart the same principles. People can read the sutras in volume or in depth and both ways can be referred to as penetrating the canon, which is to help us increase our wisdom. Even though you are only studying one sutra in depth, actually you are becoming familiar with the whole of the Buddhadharma.');
INSERT INTO playlist(pid, cid, title, description) VALUES('PLz2LIY6rQQrFs8PAN2dhOFuhs3rTx2RN9','UCBIGwiecylJsQrhTPBKI4Qw', 'GDD(0501-0525)', '');
INSERT INTO videos(vid, pid, title, description) VALUES('_DjIHfQ3Z4k', 'PLz2LIY6rQQrFs8PAN2dhOFuhs3rTx2RN9', 'offerings(GDD-520, Master Sheng Yen)', 'Cultivating the path means using the Buddhadharma to help us correct our bodily, verbal, and mental actions. Lay people with little time can still perfect themselves by cultivating the path. The practice of giving is not exclusive to lay practitioners. While lay Buddhists can practice giving or making offerings by giving material things and money, monastics can do so by giving compassion, the Dharma, wisdom, methods of practice, concepts, guidance, and care.');
INSERT INTO videos(vid, pid, title, description) VALUES('vgjOwvf1g2g', 'PLz2LIY6rQQrFs8PAN2dhOFuhs3rTx2RN9', 'What''s the meaning of praying before meals?(GDD-519, Master Sheng Yen)', 'As Buddhists, we should not forget the afflictions of sentient beings, and should always bear in mind that this world is a sea of suffering and the pure land does not exist in this world. We hope to emulate the Buddha''s attitude and the spirit of bodhisattva—wisdom and compassion. So in Buddhist terms praying means we should at all times remind ourselves to let go of our afflictions and have other sentient beings in mind.');
INSERT INTO videos(vid, pid, title, description) VALUES('-SfGDC0zfUs', 'PLz2LIY6rQQrFs8PAN2dhOFuhs3rTx2RN9', 'Will being nice result in getting taken advantage of?(GDD-518, Master Sheng Yen)', 'People who can''t take advice only gain temporary feeling of dignity. They may get self-respect, but it only serves to satisfy their vanity and so is not a true warranted self-respect. While a humble, tolerant person who is willing to accept warnings, advice or even reproach, and feels grateful for criticism is a great bodhisattva and can truly benefit.');
INSERT INTO videos(vid, pid, title, description) VALUES('4CaY9i4r2n0', 'PLz2LIY6rQQrFs8PAN2dhOFuhs3rTx2RN9', 'Compassion is the supreme guideline for protecting our spiritual environment(GDD-517)', 'Environmental protection starts with our mind, our spiritual environment. In protecting the spiritual environment, however, the primary thing is compassion. When we have compassion, we will protect the environment and all the beings that depend on it, coexisting with them in harmony.');
INSERT INTO videos(vid, pid, title, description) VALUES('17xEY6FeXio', 'PLz2LIY6rQQrFs8PAN2dhOFuhs3rTx2RN9', 'Master Hongyi: \"Fame and profit are much loved by fools, (GDD-516, Master Sheng Yen)', 'Pursuing fame or profit for one''s own sake will only compromise one''s virtue, merit, and wisdom. If a person craves for fame and profit, he will be affected adversely and can''t escape his own conscience and the law of karma. We should instead emulate Shakyamuni Buddha to care for and deliver sentient beings without thinking of becoming famous in the future.');
INSERT INTO videos(vid, pid, title, description) VALUES('YAjzOnrDzLY', 'PLz2LIY6rQQrFs8PAN2dhOFuhs3rTx2RN9', '\"Putting down the cleaver, one may become a Buddha on the spot\"(GDD-515, Master Sheng Yen)', 'The Buddhist story of \"putting down the cleaver and becoming a Buddha\" tells us that once we realize that harming others or doing evil is wrong and resolve to stop and change our minds, we''ve turned around and sown the seed of Buddhahood, namely the cause for attaining Buddhahood, and therefore we will certainly become a Buddha in the future.');
INSERT INTO videos(vid, pid, title, description) VALUES('k3h4Uun3vWg', 'PLz2LIY6rQQrFs8PAN2dhOFuhs3rTx2RN9', 'True Dharma, Semblance Dharma and Decline of the Dharma(GDD-514, Master Sheng Yen)', 'Although we are in the Dharma Ending Age in terms of Buddhism—a stage or period to time when people''s experience, acceptance, application and practice of the Dharma are not that strong and are on constant decline—as long as the Dharma exists and we have very strong faith and practice very diligently, we can always benefit from applying it to our daily life and so there is no need to lose hope.');
INSERT INTO videos(vid, pid, title, description) VALUES('KN2KluAu-A8', 'PLz2LIY6rQQrFs8PAN2dhOFuhs3rTx2RN9', 'The merits of reciting sutras(GDD-513, Master Sheng Yen)', 'Buddhist sutras are religious texts; they offer a way of life and a way to cultivate a peaceful mind. By reciting sutras and making it our regular practice, we will have a more peaceful body and mind. When people believe in religion, read the scriptures, and practice accordingly, they will naturally create works of literature, works of art, and develop the ability to appreciate art. Religion is a guideline for living, while art adds color to our life, which has a cultivating effect and makes our lives more refined. There''s no contradiction between the two.');
INSERT INTO videos(vid, pid, title, description) VALUES('exLwFFKlSpI', 'PLz2LIY6rQQrFs8PAN2dhOFuhs3rTx2RN9', 'How should Buddhists balance work and volunteer work?(GDD-512, Master Sheng Yen)', 'Volunteering means willing to spare some time to help others without reward, which reflects the spirit of Mahayana Buddhism—to serve others first without asking for reward. Volunteering is its own reward; it helps us grow and gain happiness and a sense of satisfaction. By using our time efficiently, we can actually take care of family, career, volunteer work, and practice well.');
INSERT INTO videos(vid, pid, title, description) VALUES('Jr0GQKFtz48', 'PLz2LIY6rQQrFs8PAN2dhOFuhs3rTx2RN9', 'Paranormal phenomena(GDD-511, Master Sheng Yen)', 'The phenomenon of haunting does exist, but only certain kinds of people are likely to see ghosts. If we run into such situation, we can recite the Earth Treasury Sutra, the Amitabha Sutra, the Buddha''s name or the Diamond Sutra for them. When ghosts hear these sutras, they are hearing the Dharma and so they will be able to realize the truth and let go of their anger, resentment or grudges and therefore can take another rebirth.');
INSERT INTO videos(vid, pid, title, description) VALUES('xHi4cyPfNSM', 'PLz2LIY6rQQrFs8PAN2dhOFuhs3rTx2RN9', 'Putting emphasis on contentment, shame, and repentance in our daily life(GDD-509, Master Sheng Yen)', 'Chan practice is not merely about sitting in meditation. Buddhist practitioners should also seek conceptual guidance and establish the correct mindset. Otherwise, practicing meditation only benefits one''s body as qigong does and cannot really change one''s character, mentality, and view of life. A true Buddhist constantly reminds himself to know contentment, shame, and repentance. Only when we repent can we feel joy, because we have a clear conscience and feel at ease.');
INSERT INTO videos(vid, pid, title, description) VALUES('hN3TFXISXQg', 'PLz2LIY6rQQrFs8PAN2dhOFuhs3rTx2RN9', 'Does death solve all problems? Is it equivalent to \"liberation\" in Buddhist terms(GDD-508)', 'Liberation is not the same as evasion, escapism, and world-weariness. Liberation is using wisdom to observe and eliminate our contradiction and conflicts within by realizing that that all phenomena merely give the illusion of arising and perishing, and that all things are temporary existence and eternal emptiness. You are aware of phenomena but aren''t attached to them and not disturbed by them. People with such wisdom won''t be bothered by anything. This is true liberation, liberation attained through wisdom.');
INSERT INTO videos(vid, pid, title, description) VALUES('Z38HyluNe40', 'PLz2LIY6rQQrFs8PAN2dhOFuhs3rTx2RN9', 'Goals and clinging(GDD-507, Master Sheng Yen)', 'It''s important to have direction in our life, to know where we are going by setting up a guiding principle for ourselves. Instead of setting unrealistic goals that are subject to changes of the environment, we should make great and long-lasting vows that have nothing to do with our discriminating and clinging mind, aspiring to use the Buddhadharma to help ourselves and others, serving society, humanity, and all sentient beings.');
INSERT INTO videos(vid, pid, title, description) VALUES('CtdcwmiHiG8', 'PLz2LIY6rQQrFs8PAN2dhOFuhs3rTx2RN9', 'Are Buddhists allowed to keep pets?(GDD-506, Master Sheng Yen)', 'It is permissible for Buddhists to keep pets, but not recommended. If you do keep pets, be sure to love and take care of them properly, as they do feel pain like us and no sentient being wants pain. Having compassion toward animals doesn''t mean we have to take home all stray animals we see just because we pity them, for there are simply so many stray animals. Instead we can recite Amitabha Buddha''s name and transfer the merit to them, praying for them to gain a better, higher rebirth.');
INSERT INTO videos(vid, pid, title, description) VALUES('lu-2WByIrqw', 'PLz2LIY6rQQrFs8PAN2dhOFuhs3rTx2RN9', 'People coming back to life and ghosts possessing dead bodies(GDD-505, Master Sheng Yen)', 'Buddhism only mentions that when a person dies, his spiritual consciousness will take rebirth according to his karma. Whether it can come back to life on its own or by possessing a dead body is not discussed. Buddhism advises us not to bury or cremate a person too soon after he dies, and that we shouldn''t even touch his body right away, because he may still be alive.');
INSERT INTO videos(vid, pid, title, description) VALUES('b4b_x4zwDI8', 'PLz2LIY6rQQrFs8PAN2dhOFuhs3rTx2RN9', 'Does Buddhism believe in calling back the soul of the dead?(GDD-504, Master Sheng Yen)', 'Only sentient beings on the ghost path, or those who have died less than 49 days ago can be called for deliverance rituals. Buddhism refers to this 49-day process as an intermediate stage between death and rebirth. This intermediate existence comes between two lives and only sentient beings in this state can be called. Through the strength of the Buddhadharma and of the Buddhas'' and bodhisattvas'' compassionate vows, simply reciting the sutras, performing repentance prostrations, and chanting the Buddha''s name may produce a response in the deceased, thereby helping them attain a better rebirth.');
INSERT INTO videos(vid, pid, title, description) VALUES('BdNDt27meb4', 'PLz2LIY6rQQrFs8PAN2dhOFuhs3rTx2RN9', 'Are there designated methods or occasions to perform rites of honoring one''s ancestors?(GDD-503)', 'Buddhism does not reject holding rites for one''s ancestors, but they benefit more from the merit of the Buddhist practice and good deeds you undertake on their behalf. We can honor or remember our ancestors by reciting sutras, prostrating to the Buddha, or reciting the Buddha''s name, either at a group practice or at home.');
INSERT INTO videos(vid, pid, title, description) VALUES('V41t7G1oWwY', 'PLz2LIY6rQQrFs8PAN2dhOFuhs3rTx2RN9', 'How to establish the correct mindset for job-hunting(GDD-502, Master Sheng Yen)', 'Don''t be picky when it comes to finding a job after graduation. If you find a job where you''re wanted, then just accept it. After getting the job, work at it for a while and decide if you should look for a better one. You can keep looking and plan your next step. From the Buddhist point of view, al things arise through the working together of causes and conditions. When the cause is there and conditions are ripe, you''ll find everything goes your way, and you will get what you want readily.');
INSERT INTO videos(vid, pid, title, description) VALUES('L6D_kpFuKdc', 'PLz2LIY6rQQrFs8PAN2dhOFuhs3rTx2RN9', 'How can people find a balance between destruction and construction?(GDD-501, Master Sheng Yen)', 'Although the cycle of formation, continuation, destruction, and emptiness is a natural phenomenon, which reflects the Buddhist principle of independent co-arising, the process is actually gradual rather than sudden. Similarly, in the process of change there has to be a connection between the new and the old, so that there is no dangerous gap in between.');
INSERT INTO videos(vid, pid, title, description) VALUES('GsSe1XgZRuE', 'PLz2LIY6rQQrFs8PAN2dhOFuhs3rTx2RN9', 'How to tell if a religion is wholesome or not (GDD-521, Master Sheng-Yen)', 'The Buddhist perspective on religion is that firstly, wholesome religions don''t have cults of personality. Secondly, though religion seeks to transcend the natural or physical world, it should by no means defy wholesome customs, habits, ethics, or moral standards and systems. If local society regards something as a wholesome custom or habit, conforming to legal and moral standards, then religion must abide by it. Thirdly, a good and proper religion treats all people equally and tolerates all other religions; if it rejects other religions and permits only itself, it is a problem.');
INSERT INTO videos(vid, pid, title, description) VALUES('nwiQ0tcmXKs', 'PLz2LIY6rQQrFs8PAN2dhOFuhs3rTx2RN9', 'Distinctions between wholesome and unwholesome religions (GDD-522, Master Sheng-Yen)', 'Some things in religions are truly beyond human comprehension and can be both divine and demonic. It''s better not to have dealings with the spiritual beings that may hurt you mentally and physically once you turn your faith away from or rebel against them, because worshiping them will make you subject to their control in the end.');
INSERT INTO videos(vid, pid, title, description) VALUES('2poaPVaphRM', 'PLz2LIY6rQQrFs8PAN2dhOFuhs3rTx2RN9', 'Must one recite Amitabha''s name for end-of-life chanting?(GDD-523, Master Sheng-Yen)', 'As far as Buddhists are concerned, whether or not the person at the deathbed believed in Buddhism while alive or no matter what Dharma method he practiced, we can chant Amitabha Buddha''s name for him. We can introduce the Dharma to encourage him to seek rebirth in the Western Pure Land, explaining that his destination should be the pure land of Amitabha Buddha.');
INSERT INTO videos(vid, pid, title, description) VALUES('LaW-zkPYoiI', 'PLz2LIY6rQQrFs8PAN2dhOFuhs3rTx2RN9', 'Benefit others and in turn you benefit yourself(GDD-524, Master Sheng-Yen)', 'Giving and receiving must be mutual, which are what hold society together and what make the society and the world we live in have warmth and hope. Although we may not be able to repay kindness to the person who has helped us, as long as we harbor gratitude and thankfulness, and pray for the happiness of our benefactors, or in turn try our best to use what we have, our knowledge and abilities, to help others and contribute to society, that is also repaying kindness.');
INSERT INTO videos(vid, pid, title, description) VALUES('PWibFDuWq_Y', 'PLz2LIY6rQQrFs8PAN2dhOFuhs3rTx2RN9', 'What role do parents play when their son is romantically involved with someone?(GDD-525, )', 'Talk with your kids about their reasons for their choice of spouse. Share your views and concerns without being attached to them. From a Buddhist point of view, it''s best that children accept parents'' well-intentioned advice and suggestions, and parents should respect their children''s thoughts and choices. Thus, they will come together on some points. This way, unnecessary conflicts and tragedies can be avoided.');
INSERT INTO playlist(pid, cid, title, description) VALUES('PLz2LIY6rQQrEJWvY2YZEuKIPh1zJ-Q-Af','UCBIGwiecylJsQrhTPBKI4Qw', 'GDD(0476-0500)', '');
INSERT INTO videos(vid, pid, title, description) VALUES('Y-XeY__ZxWI', 'PLz2LIY6rQQrEJWvY2YZEuKIPh1zJ-Q-Af', 'Selfishness vs self-interest(GDD-471, Master Sheng Yen)', 'Selfishness and working for one''s self-interest is normal and reasonable, as long as it doesn''t harm society and hurt other people. But Buddhism teaches us to learn the spirit of the bodhisattva and practice no-self by sharing our personal gains with all sentient beings, without asking for return and being attached to our good deeds.');
INSERT INTO videos(vid, pid, title, description) VALUES('kPNFYF6BScY', 'PLz2LIY6rQQrEJWvY2YZEuKIPh1zJ-Q-Af', 'What does the term \"consensus\" mean? How to reach consensus with others? (GDD-476, Master Sheng Yen)', 'A consensus must be based on the common understanding and needs of a community or group, as a common cause or goal everybody can identify with and believe in. A consensus helps the members of a society, environment, or family live a life with more peace of mind, serving as a basis on which they can continue to make progress.');
INSERT INTO videos(vid, pid, title, description) VALUES('kFwb7SZ0-no', 'PLz2LIY6rQQrEJWvY2YZEuKIPh1zJ-Q-Af', 'Upholding honesty in a business (GDD-477, Master Sheng Yen)', 'Honesty and credibility are two qualities that facilitate sustainable development, which not only benefit us now but will also help us win everyone''s trust in the long run. On the contrary, a company that is not concerned about credibility or reputation will lose out sooner or later. This reflects the Buddhist idea that goodness results in karmic reward and evil results in karmic retribution.');
INSERT INTO videos(vid, pid, title, description) VALUES('ofmG9KXkW88', 'PLz2LIY6rQQrEJWvY2YZEuKIPh1zJ-Q-Af', 'Healthy competition(GDD-478, Master Sheng Yen)', 'Buddhism is not opposed to wholesome competition, which is fair, open, normal and reasonable. The purpose of competition is not to bring someone else down so we can rise to the top; the point is to act as a model ourselves by doing better where others have failed to do better, and by contributing more where others have not contributed so much. This kind of competition is to bring more benefit to society and everyone in it. In Buddhism it is not called \"competition\", but \"diligence\", meaning working hard ceaselessly to improve ourselves and benefit others in the spirit of bodhisattva.');
INSERT INTO videos(vid, pid, title, description) VALUES('N10Q7DvSZHo', 'PLz2LIY6rQQrEJWvY2YZEuKIPh1zJ-Q-Af', 'Discriminating mind(GDD-479, Master Sheng Yen)', 'The Buddhist idea of non-discrimination does not mean making no distinctions. The Buddhadharma makes a very clear distinction between good and evil, more and less, large and small, as well as existence and non-existence, as a starting point or focal point for our effort in spiritual practice. For example, although sentient beings intrinsically have the characteristics of a Buddha, they are not Buddhas now and are still sentient beings because they are disturbed by afflictions. They still need the help of the Dharma to free themselves from their afflictions. With spiritual practice they rise level by level and progress by stages until ultimately they are liberated and become a Buddha, and then there is non-discrimination.');
INSERT INTO videos(vid, pid, title, description) VALUES('eUgL9gNLsjg', 'PLz2LIY6rQQrEJWvY2YZEuKIPh1zJ-Q-Af', 'How does Buddhadharma help those...? (GDD-480, Master Sheng Yen)', 'To help elder people have a sense of security, family members should make sure their aged relatives get proper medical help to calm their nerves so they won''t be so upset and nervous. Secondly, they need to be treated with more love and compassion. The method is using the Buddhadharma as a guide to let them know that human life is by nature not secure and nowhere is actually secure, and encouraging them to let go of worldly affairs and recite Amitabha Buddha''s name to seek rebirth in the Pure Land.');
INSERT INTO videos(vid, pid, title, description) VALUES('ph8328uRxRQ', 'PLz2LIY6rQQrEJWvY2YZEuKIPh1zJ-Q-Af', 'What significance does Buddhism give to modernization?(GDD-481, Master Sheng Yen)', 'Keeping up with the trends is not the same as modernity. The true meaning of modernity is new knowledge, new learning, new skills, new ideas, and the most important philosophy of life of the time. Also, as the distance between people is shrinking and we need to use many different languages to communicate with different people and cultures, it''s good to know more foreign languages.');
INSERT INTO videos(vid, pid, title, description) VALUES('6W9p-sDogGg', 'PLz2LIY6rQQrEJWvY2YZEuKIPh1zJ-Q-Af', 'The significance of offering food(GDD-482, Master Sheng Yen)', 'Buddhists make offerings in a symbolic manner to the Buddha, the Dharma, and the Sangha, to show their respect to them. Buddhists also make offerings to deities and ghosts, in the sincere hope of using the Buddhadharma to deliver and liberate them, using the Buddhist teachings to influence them and move them so they have fewer suffering because of their attachment and gain some peace with the help of the Dharma.');
INSERT INTO videos(vid, pid, title, description) VALUES('XXMsc8ZVTl0', 'PLz2LIY6rQQrEJWvY2YZEuKIPh1zJ-Q-Af', 'Can unusual bodily signs really serve as omens?(GDD-483, Master Sheng Yen)', 'Strange physical reactions are not omens of the future, but signs that we should pay attention to the state of our body and mind. By keeping a healthy body and mind we will be able to deal with things smoothly and avoid possible problems, thereby inviting blessings');
INSERT INTO videos(vid, pid, title, description) VALUES('V31oMlAHaKo', 'PLz2LIY6rQQrEJWvY2YZEuKIPh1zJ-Q-Af', 'Can we commit minor offenses?(GDD-484, Master Sheng Yen)', 'We should take the birth of a baby in our household as the arrival of a bodhisattva that will help us grow spiritually by cultivating wisdom and karmic blessings in learning to guild them and bringing them up. By raising a child with appropriate guidance and admonition rather than spoiling them, we can help cultivate them to become of use to society, become a family member that everyone can be proud of.');
INSERT INTO videos(vid, pid, title, description) VALUES('Bd2YbxRL8Nc', 'PLz2LIY6rQQrEJWvY2YZEuKIPh1zJ-Q-Af', 'Intentional/unintentional taking of lives of family members(GDD-485, Master Sheng Yen)', 'When faced with the loss of a loved one in our family, which is always a most stressful moment, we should try to see life as a play directed by the force of karma and familiarize ourselves with the idea of letting go, in order to allow the pain to fade and regain our mental balance.');
INSERT INTO videos(vid, pid, title, description) VALUES('Ykd21oazLt8', 'PLz2LIY6rQQrEJWvY2YZEuKIPh1zJ-Q-Af', 'How the generation can pass on their experience to the new generation(GDD-486, Master Sheng Yen)', 'There is actually no guarantee in any ages or any society, so we must teach children to count their blessings and feel content for all that they have. If we remind ourselves to count our blessings and to be frugal at all times, then when a problem or some difficult situation occurs, we won''t find it unbearable because we''re already used to a simple lifestyle.');
INSERT INTO videos(vid, pid, title, description) VALUES('DiubZdJQHJ0', 'PLz2LIY6rQQrEJWvY2YZEuKIPh1zJ-Q-Af', 'How can modern people establish a correct view of religion?(GDD-487, Master Sheng Yen)', 'True religious belief is based on several conditions. First, the religion must have a theoretical basis. It must have a historical background. It must have communal activities. The beliefs of a religion must promote a peaceful and healthy body and mind. Following a religion should not result in physical and mental abnormalities, familial trouble or disturbances to society. A true Buddhist cultivates this peace through taking refuge in the Buddha, Dharma, and Sangha, and implementing the Buddha''s teachings in their daily lives.');
INSERT INTO videos(vid, pid, title, description) VALUES('Tai2LsSbzNI', 'PLz2LIY6rQQrEJWvY2YZEuKIPh1zJ-Q-Af', 'Can eating a vegetarian diet help us fend off disasters?(GDD-488, Master Sheng Yen)', 'Buddhism talks of reaping what one sows; one must seek one''s own blessings, develop one''s own wisdom, and use one''s own power to help oneself. Nevertheless, we can always benefit the sick or dying by dedicating the merit of our good deeds to them and thus affect their state of mind.');
INSERT INTO videos(vid, pid, title, description) VALUES('sdelQMVSGcw', 'PLz2LIY6rQQrEJWvY2YZEuKIPh1zJ-Q-Af', 'Will we inevitably receive spiritual responses from our practices??(GDD-489, Master Sheng Yen)', 'Unusual physical and mental reactions are the natural result of serious practice. If we marvel at them, become attached, and crave them, we may very likely fall into a demonic state. Instead of paying over attention to them or worrying about them, the best way is to keep an even mind, a mind of equanimity, and keep practicing as usual.');
INSERT INTO videos(vid, pid, title, description) VALUES('YmqSg2lT-vU', 'PLz2LIY6rQQrEJWvY2YZEuKIPh1zJ-Q-Af', 'Inter-ethnic marriages(GDD-490, Master Sheng Yen)', 'Dealing with differences in a marriage, especially in intermarriage, a couple should accept, adapt to, and learn about each other''s cultural backgrounds, religious backgrounds, and habits. If they can identify with, respect, and tolerate each other, then the marriage will be a happy one.');
INSERT INTO videos(vid, pid, title, description) VALUES('HnLg00_erZ0', 'PLz2LIY6rQQrEJWvY2YZEuKIPh1zJ-Q-Af', 'What''s the karma for eating animal meat?(GDD-499, Master Sheng Yen)', 'Some people eat exotic wild animals, especially endangered species, out of vanity, arrogance, and curiosity. It not only damages the environment but actually also sows the seeds of karmic retribution. Buddhist sutras say that all disaster -- whether flood, drought, war or epidemic -- is the result of collective karma, in which the action of killing is the major contributor.');
INSERT INTO videos(vid, pid, title, description) VALUES('RMRcrTVVZyw', 'PLz2LIY6rQQrEJWvY2YZEuKIPh1zJ-Q-Af', 'Buddhism''s view on mass killing of animals(GDD-498, Master Sheng Yen)', 'Mass slaughter of diseased animals is upsetting, but they were already destined for slaughter by the consumption of meat, which actually contributes to the action of killing in Buddhist terms. In fact, if people didn''t eat meat, then people''s cruel behavior toward one another and the phenomenon of mutual enmity would be reduced. Only by eating less meat or none at all can human beings truly address the problem of hatred and killing.');
INSERT INTO videos(vid, pid, title, description) VALUES('XeFSSYHcQx8', 'PLz2LIY6rQQrEJWvY2YZEuKIPh1zJ-Q-Af', 'What is the significance of a pilgrimage?(GDD-497, Master Sheng Yen)', 'One may make a pilgrimage to any sacred spot, ancient or modern, near or far. A pilgrimage helps people develop their faith, renew their devotion, and clear their mind, thereby creating spiritual benefit and merit.');
INSERT INTO videos(vid, pid, title, description) VALUES('HPXkFr5JH3Q', 'PLz2LIY6rQQrEJWvY2YZEuKIPh1zJ-Q-Af', 'How to attain rebirth in the Pure Land(GDD-496, Master Sheng Yen)', 'A pure land means there is no evil, no suffering, no worry, sorrow, or affliction. From a Buddha''s perspective, no matter where he goes he is in a pure land because a Buddha''s karmic blessings and wisdom is the same wherever he goes. If we can eliminate our anger, hatred, greed, discontent, and jealousy, and cultivate a state of mind that is pure, serene, content, and carefree, then we will see a pure land everywhere.');
INSERT INTO videos(vid, pid, title, description) VALUES('4R5wMWCvXMQ', 'PLz2LIY6rQQrEJWvY2YZEuKIPh1zJ-Q-Af', 'How to establish harmonious relations with people(GDD-495, Master Sheng Yen)', 'Our interpersonal relationships reflect the karmic affinity we formed with others in our past lives. But to transform our karma we should develop good affinity with others by being nice to them and treating them well, no matter how they treat us.');
INSERT INTO videos(vid, pid, title, description) VALUES('IikyjI9-yYE', 'PLz2LIY6rQQrEJWvY2YZEuKIPh1zJ-Q-Af', 'What kind of adjustments should a practitioner make between group and individual practice?(GDD-494)', 'Individuals cannot be separated from the group, but they also need time to face and confront themselves. In Buddhist practice, both group and individual practices are required in that group practice provides confidence and encouragement for one''s diligence while individual practice helps one face, understand themselves, focus on their own mind, and be their own master.');
INSERT INTO videos(vid, pid, title, description) VALUES('YYj_jj7MKRY', 'PLz2LIY6rQQrEJWvY2YZEuKIPh1zJ-Q-Af', 'What does it mean to worship the six directions?(GDD-491, Master Sheng Yen)', 'Worshipping the six directions, in Buddhist terms, means to fulfill our responsibilities as a lay follower towards those they represent: the Three Jewels or our superiors, our spouses, parents, children, friends or siblings, and subordinates. This is the true way to pray for merit and blessings.');
INSERT INTO videos(vid, pid, title, description) VALUES('Pey3KzGulKc', 'PLz2LIY6rQQrEJWvY2YZEuKIPh1zJ-Q-Af', 'How does the karmic law of cause and effect apply to monastics?(GDD-492, Master Sheng Yen)', 'To claim that one does not fall under or is not subject to cause and effect represents a type of nihilistic view. Nihilism is an outer path. Instead, we should not be ignorant of cause and effect, and should practice what is required of us as the cause, to attain liberation and achieve Buddhahood as the effect, which is a process that cannot be skipped.');
INSERT INTO videos(vid, pid, title, description) VALUES('UURH0MP6bRE', 'PLz2LIY6rQQrEJWvY2YZEuKIPh1zJ-Q-Af', 'How to cultivate peace of mind(GDD-493, Master Sheng Yen)', 'There is no guarantee of security in this world because material conditions and our worldly possessions are unreliable. Therefore, Buddhism teaches us to cultivate peace of mind, for as long as we can calm and stabilize our own mind, our environment will not matter. Peace of mind doesn''t lie in any outside person, situation or thing for protection. Instead, we should face reality and maintain a balanced body and mind. As long as we do our part then our mind will be at ease and at peace.');
INSERT INTO playlist(pid, cid, title, description) VALUES('PLz2LIY6rQQrGTlyPaOa_4J2Q3cEgNL6Dx','UCBIGwiecylJsQrhTPBKI4Qw', 'GDD(0451-0475)', '');
INSERT INTO videos(vid, pid, title, description) VALUES('m0Geo4mRxd0', 'PLz2LIY6rQQrGTlyPaOa_4J2Q3cEgNL6Dx', 'How to implement the way of \"simple living\"(GDD-451, Master Sheng-Yen)', 'The decadence and extravagance of our lives is bad for our bodies, health, way of thinking, family life, society, and natural environment. Instead, we should live a simple life, trying our best to do things ourselves and live a frugal, simple, modest, and industrious life.');
INSERT INTO videos(vid, pid, title, description) VALUES('SN6juZY5XC8', 'PLz2LIY6rQQrGTlyPaOa_4J2Q3cEgNL6Dx', 'Spiritual practice and leisure activities(GDD-452, Master Sheng Yen)', 'Modern people need recreation because their work is too stressful and the environment is too complicated. After working a few days, people are extremely tired and exhausted, and so they need to rest and recuperate. Buddhist practice is even better than recreation in that it improves our state of mind when we learn to relax our body and mind and let go of worldly worries, instead of a change of scenery or a different way to feel stressed.');
INSERT INTO videos(vid, pid, title, description) VALUES('fxH0HzCqVko', 'PLz2LIY6rQQrGTlyPaOa_4J2Q3cEgNL6Dx', 'Helping crime (rape) victims(GDD-453, Master Sheng Yen)', 'Encouraging religious faith is the best way to prevent sexual violence, because such a behavior shows a lack of wisdom and compassion and will lead to karmic retribution. When it has already occurred, we should have compassionate concern for the victims and help them overcome their trauma and regain their mental health.');
INSERT INTO videos(vid, pid, title, description) VALUES('_3QrB5jqleM', 'PLz2LIY6rQQrGTlyPaOa_4J2Q3cEgNL6Dx', 'The virtue of forgiving others(GDD-454, Master Sheng Yen)', 'If we don''t choose our words carefully, small slips can turn people into enemies, or hurt our friends, relatives, or those close to us. Seek forgiveness and show repentance for the wrong we have done. But if it is not enough then let time ease the grudge while we try to mend our ways. Instead, we should use admiring, encouraging, comforting, sympathetic, and praising language, and then we will be able to reform ourselves and take on a new attitude and state of mind, and therefore will get along well with everyone.');
INSERT INTO videos(vid, pid, title, description) VALUES('DAJ5aoHv_gg', 'PLz2LIY6rQQrGTlyPaOa_4J2Q3cEgNL6Dx', 'The karmic effect of charitable giving(GDD-455, Master Sheng Yen)', 'Society is a cooperative structure. Endeavors in culture, education, religion, charity, and relief work can transform those in our society who have lesser ability into high quality talent. By working for the good of society, showing loving care, and practicing giving, we can make our society better, as well as sow the seeds of blessings and nurture blessings for ourselves.');
INSERT INTO videos(vid, pid, title, description) VALUES('M04UfM5usBg', 'PLz2LIY6rQQrGTlyPaOa_4J2Q3cEgNL6Dx', 'Balancing needs and wants(GDD-456, Master Sheng Yen)', '\"People today are well-supplied with material things or enjoyment and the result is that our desires become greater and greater. Being led by our pursuit of material desires is miserable and can cause damage and destruction to the natural environment. Instead, we should economize and live more simply, which is extremely beneficial for our body and mind. Being at peace and living an ordinary, stable life is in itself a type of health, enjoyment, and happiness.');
INSERT INTO videos(vid, pid, title, description) VALUES('zrGLkUmdUyM', 'PLz2LIY6rQQrGTlyPaOa_4J2Q3cEgNL6Dx', 'Teen troubles (GDD-457, Master Sheng Yen)', 'Dealing with troublesome teens requires love, patience, care, and sympathy. Parents should take that as an opportunity to grow spiritually and increase their compassion. When deviant behavior in teenagers occurs in society, it actually helps us to ponder the problems of society and the problems of children''s educational environment.');
INSERT INTO videos(vid, pid, title, description) VALUES('0-yYV-gIPQw', 'PLz2LIY6rQQrGTlyPaOa_4J2Q3cEgNL6Dx', 'International perspective of Buddhists (GDD-458, Master Sheng Yen)', 'Having an international perspective means that we do not box ourselves in staying only within the narrow circles of our own life and the confines of our own country. It means that we know about major international events in the areas of thought, culture, art, religion, politics and economics. Buddhists also need an international perspective; they need to know about the Buddhist world, about what the Buddhists of the world are doing, what they are thinking about, and what direction they are going.');
INSERT INTO videos(vid, pid, title, description) VALUES('wXnGfSzpdaY', 'PLz2LIY6rQQrGTlyPaOa_4J2Q3cEgNL6Dx', 'Compassion vs. mood swings(GDD-460, Master Sheng Yen)', 'Buddhist practice includes two aspects: understanding of the concepts and daily practice of the methods. The point of learning Buddhism is to use the Buddhist ideas we understand to solve the problem we encounter in daily life. It is most important to constantly practice, so as to gain effectiveness and proficiency in applying the Buddhadharma to our daily activities, keeping our body and mind in a state of balance, calmness, stability, and peace.');
INSERT INTO videos(vid, pid, title, description) VALUES('mfz384enJA0', 'PLz2LIY6rQQrGTlyPaOa_4J2Q3cEgNL6Dx', 'How should we face other people''s complaints and deal with them?(GDD-465, Master Sheng Yen)', 'If there is a problem, we can report it, have it discussed, ask how to handle it, or make a suggestion. There are lots of channels for expressing what we have to say. Whether as a Buddhist or an average person, don''t complain about anyone, and don''t feel bad if someone complains about you. By practicing listening to complaints and criticism patiently and magnanimously, we can grow spiritually and become a healthier and better person.');
INSERT INTO videos(vid, pid, title, description) VALUES('jNxP-quPtGk', 'PLz2LIY6rQQrGTlyPaOa_4J2Q3cEgNL6Dx', 'Chinese Ouija boards(GDD-464, Master Sheng Yen)', 'As Buddhists, we should follow the law of cause and effect as well as that of causes and conditions to help ourselves live a more positive life and expand our minds, and should use spiritual practice to help ourselves become more peaceful in mind, and more upright, serene, and dignified in behavior, rather than playing Ouija board for some spirit''s message, which is actually useless in improving our character and will only change our mood and spirit in a negative way, making us become extremely dependent and lose our own judgment.');
INSERT INTO videos(vid, pid, title, description) VALUES('TzUXx_UPTZU', 'PLz2LIY6rQQrGTlyPaOa_4J2Q3cEgNL6Dx', 'How do parents instill a sense of morality and values in children?(GDD-463, Master Sheng Yen)', 'Parents and teachers should be concerned about or pay attention to children''s spiritual education, religious beliefs and moral life while they are growing and developing, because they are curious about everything and are more easily subject to the influence of their friends, the stimulation of society, and the temptations of their environment.');
INSERT INTO videos(vid, pid, title, description) VALUES('ydNoGOkl9sw', 'PLz2LIY6rQQrGTlyPaOa_4J2Q3cEgNL6Dx', 'Transcending taboos—it''s all a matter of perception(GDD-462, Master Sheng Yen)', 'Taboos are simply customs that have been handed down. According to Buddhism, any bad luck that results from breaking a taboo is actually due to your own state of mind');
INSERT INTO videos(vid, pid, title, description) VALUES('4JlReuf97a4', 'PLz2LIY6rQQrGTlyPaOa_4J2Q3cEgNL6Dx', 'How to deal with people who are bossy(GDD-461, Master Sheng Yen)', 'Religious followers may believe that their own religion is the best and their ideas and ways of thinking or that their religious precepts are the most important. They may believe they can criticize, and say what is good and bad because it is their belief. But religious followers should never impose or force their standards and beliefs on others, and use them to scare them or threaten them. Instead, they should have a friendly, easy-going and open attitude when interacting with people.');
INSERT INTO videos(vid, pid, title, description) VALUES('9_tyU_-IIAQ', 'PLz2LIY6rQQrGTlyPaOa_4J2Q3cEgNL6Dx', 'How to find a balance between self-reproach and responsibility(GDD-470, Master Sheng Yen)', 'People who always blame themselves lack confidence and don''t understand themselves. On the other hand, people who always shift all the blame onto others are usually arrogant and conceited. Instead we should be ashamed, repent our errors, and try to find out our strong points and shortcomings, while working harder and seeking to improve ourselves. That''s called repenting and knowing shame and taking responsibility.');
INSERT INTO videos(vid, pid, title, description) VALUES('eEqClyO33UM', 'PLz2LIY6rQQrGTlyPaOa_4J2Q3cEgNL6Dx', 'Time management(GDD-469, Master Sheng Yen)', 'Using our time efficiently means knowing how to spend our free time in a fulfilling way, or how to be relaxed and at ease even when we''re very busy. Those who make full use of their time are people with a very clear mind, for they know how to arrange their time in an orderly and logical manner, and so will in turn have a lot of time at their disposal.');
INSERT INTO videos(vid, pid, title, description) VALUES('768nid9PfHc', 'PLz2LIY6rQQrGTlyPaOa_4J2Q3cEgNL6Dx', 'The meaning of \"In poverty, people see fortune-tellers\"(GDD-468, Master Sheng Yen)', 'Fortune-telling, drawing oracle sticks, palmistry, and physiognomy may be able to bring temporary comfort or peace of mind, but they don''t actually help people improve their future. It is our reverent attitude in upholding the Dharma, practicing giving, and helping to spread the Dharma that will gain us merit.');
INSERT INTO videos(vid, pid, title, description) VALUES('wDuVa072xhs', 'PLz2LIY6rQQrGTlyPaOa_4J2Q3cEgNL6Dx', 'How to build a pure land on earth(GDD-467, Master Sheng Yen)', 'At any moment our mind is in accord with the Buddha''s mind, the world is a Buddha land. Although it is impossible to enable everybody to see our world as a pure land, if we can practice care and respect for all sentient beings and try to free our minds of conflicts, contradictions, and struggles, then at least we can have a brief experience of pure land.');
INSERT INTO videos(vid, pid, title, description) VALUES('WCOg1PEtjW0', 'PLz2LIY6rQQrGTlyPaOa_4J2Q3cEgNL6Dx', 'Understanding impermanence and living life to the fullest(GDD-466, Master Sheng Yen)', 'Impermanence means that life is finite and the time that we can really use is very limited. While we have to spend most of our life make a living, working for our family, we should make good use of our life and enhance the value of our life by having good intentions, speaking good words, and doing good deeds. If we can''t do good deeds, at least we should make sure that people interacting with us don''t suffer because of us.');
INSERT INTO videos(vid, pid, title, description) VALUES('Y-XeY__ZxWI', 'PLz2LIY6rQQrGTlyPaOa_4J2Q3cEgNL6Dx', 'Selfishness vs self-interest(GDD-471, Master Sheng Yen)', 'Selfishness and working for one''s self-interest is normal and reasonable, as long as it doesn''t harm society and hurt other people. But Buddhism teaches us to learn the spirit of the bodhisattva and practice no-self by sharing our personal gains with all sentient beings, without asking for return and being attached to our good deeds.');
INSERT INTO videos(vid, pid, title, description) VALUES('Vx-cR7vaB8Q', 'PLz2LIY6rQQrGTlyPaOa_4J2Q3cEgNL6Dx', 'How to intrigue people to practice Buddhism (GDD-472, Master Sheng Yen)', 'As Buddhists, when we live among and interact with other people we shouldn''t give them reason to dislike us or cause to feel an aversion to us. We can use the spirit of Buddhism to interact with them, help them, and embrace them. Over time, if causes and conditions are ripe, people will naturally accept Buddhism in a way they''re comfortable with and benefit from it.');
INSERT INTO videos(vid, pid, title, description) VALUES('72NFJUJRh5Q', 'PLz2LIY6rQQrGTlyPaOa_4J2Q3cEgNL6Dx', 'Can householders wear monastic robes? (GDD-475, Master Sheng Yen)', 'Since Buddhist monks wear distinctive clothes to show their identity, it''s not advisable for lay people to wear them. When householders wear monastic robes or clothing, they look neither monastic nor lay, which can cause confusion and is not a good thing.');
INSERT INTO videos(vid, pid, title, description) VALUES('Y-XeY__ZxWI', 'PLz2LIY6rQQrGTlyPaOa_4J2Q3cEgNL6Dx', 'Selfishness vs self-interest(GDD-471, Master Sheng Yen)', 'Selfishness and working for one''s self-interest is normal and reasonable, as long as it doesn''t harm society and hurt other people. But Buddhism teaches us to learn the spirit of the bodhisattva and practice no-self by sharing our personal gains with all sentient beings, without asking for return and being attached to our good deeds.');
INSERT INTO videos(vid, pid, title, description) VALUES('Vx-cR7vaB8Q', 'PLz2LIY6rQQrGTlyPaOa_4J2Q3cEgNL6Dx', 'How to intrigue people to practice Buddhism (GDD-472, Master Sheng Yen)', 'As Buddhists, when we live among and interact with other people we shouldn''t give them reason to dislike us or cause to feel an aversion to us. We can use the spirit of Buddhism to interact with them, help them, and embrace them. Over time, if causes and conditions are ripe, people will naturally accept Buddhism in a way they''re comfortable with and benefit from it.');
INSERT INTO videos(vid, pid, title, description) VALUES('bJfgwTF8VIw', 'PLz2LIY6rQQrGTlyPaOa_4J2Q3cEgNL6Dx', 'What does it really mean to be \"always ashamed\"? (GDD-473, Master Sheng Yen)', 'Conscience and the sense of shame represent a method and mindset of practice. Conscience means the self-awareness that one has let oneself down or to be ashamed for one''s own faults, while the sense of shame means that we''re ashamed because we let others down. By having a conscience and a sense of shame we are able to mend our ways and seek self-development in a proactive and positive attitude.');
INSERT INTO videos(vid, pid, title, description) VALUES('jLFfw_iJ3As', 'PLz2LIY6rQQrGTlyPaOa_4J2Q3cEgNL6Dx', 'Why do monasteries suspend a wooden fish outside the dining hall? (GDD-474, Master Sheng Yen)', 'The wooden fish is used by monks to alert themselves to have a spiritual sense of shame, practice diligently, and not to be lazy. The wooden-fish clapper serves to remind Buddhist practitioners to have the path of the bodhisattva in mind and remain diligent when entering the dining hall to eat.');
INSERT INTO videos(vid, pid, title, description) VALUES('72NFJUJRh5Q', 'PLz2LIY6rQQrGTlyPaOa_4J2Q3cEgNL6Dx', 'Can householders wear monastic robes? (GDD-475, Master Sheng Yen)', 'Since Buddhist monks wear distinctive clothes to show their identity, it''s not advisable for lay people to wear them. When householders wear monastic robes or clothing, they look neither monastic nor lay, which can cause confusion and is not a good thing.');
INSERT INTO playlist(pid, cid, title, description) VALUES('PLz2LIY6rQQrHUfuGKa8BWFmtnY3dQQpi7','UCBIGwiecylJsQrhTPBKI4Qw', 'GDD(0426-0450)', '');
INSERT INTO videos(vid, pid, title, description) VALUES('Z-bSNi08SFY', 'PLz2LIY6rQQrHUfuGKa8BWFmtnY3dQQpi7', 'Developing proper democratic views(GDD-450, Master Sheng Yen)', 'Democracy requires us to consider collective thinking and perspective, as well as the public good. In terms of long-term benefit, however, the majority opinion is not necessarily correct, so we must rely on expert knowledge and keen wisdom to observe and make judgments. In the perspective of bodhisattva spirit, democracy also means using our true wisdom to explain things patiently, kindly, and earnestly to convince everyone to accept our view so they can improve things accordingly. The principle is to make a contribution to the people and not the other way around.');
INSERT INTO videos(vid, pid, title, description) VALUES('DLExr8TUUu8', 'PLz2LIY6rQQrHUfuGKa8BWFmtnY3dQQpi7', 'Promoting Buddhism by producing soap operas(GDD-447, Master Sheng Yen)', 'Whether dramatized works about Buddhist stories will have a positive or negative impact on the viewers depends on the attitude of the company that makes the movie or series. They can either help people know about Buddhism or undermine Buddhism as a whole. Buddhist followers or groups have the right and the duty to follow its progress and make positive suggestions.');
INSERT INTO videos(vid, pid, title, description) VALUES('vttgM1hr0KI', 'PLz2LIY6rQQrHUfuGKa8BWFmtnY3dQQpi7', 'Promoting Buddhism by using illustrations(GDD-446, Master Sheng Yen)', 'The use of pictures to tell the stories of Buddhism, the story of the Buddha and the events which occurred during Shakyamuni''s past lives on the bodhisattva path began very early in the history of Buddhism, as can be seen in the Buddhist caves in China. They spread the Buddhist ideas in a way that is easily accessible and can leave a deep impression on the viewers. So using pictorial images to spread Buddhism is very practical, especially when you use images that are serial or narrative, as in comics.');
INSERT INTO videos(vid, pid, title, description) VALUES('hU-o_YDkQNY', 'PLz2LIY6rQQrHUfuGKa8BWFmtnY3dQQpi7', 'Benefits of cremation(GDD-445, Master Sheng Yen)', 'Cremation is the best way to deal with remains because it takes up little space and leaves no pollution and after-effects. That''s why cremation was adopted in Buddhism. The ashes can either be scattered or a symbolic amount of them can be kept for remembrance.');
INSERT INTO videos(vid, pid, title, description) VALUES('M9MGRQPrOpU', 'PLz2LIY6rQQrHUfuGKa8BWFmtnY3dQQpi7', 'Gambling(GDD-441, Master Sheng Yen)', 'The love of gambling must have existed since primitive times; it reflects the love of contests, contests of strength, of wit, of luck, and also of wealth. Gambling violates the Buddhist precepts for it may involve stealing and false speech, and it often leads to grave financial ruin for one''s family. If there is a gambler in your family you should separate your assets for your own security to safeguard your own life.');
INSERT INTO videos(vid, pid, title, description) VALUES('ajqk-qHZKmQ', 'PLz2LIY6rQQrHUfuGKa8BWFmtnY3dQQpi7', 'Burgeoning of technology and human relationships(GDD-438, Master Sheng Yen)', 'As information technology is advancing rapidly and computer networks are getting overwhelmingly popular, we can access information, all knowledge and learning any time we need to. If we can make more use of information technology, then, with so much to learn, we can strengthen ourselves and won''t be lonely. But no matter how much information technology develops, the need for contact between people, for service and care will stay the same.');
INSERT INTO videos(vid, pid, title, description) VALUES('W2mfVBoWUqo', 'PLz2LIY6rQQrHUfuGKa8BWFmtnY3dQQpi7', 'Good manners in the family(GDD-437, Master Sheng Yen)', 'To develop good manners in family, parents themselves must first form the habit of saying polite greeting to each other before they can teach it to their children. Good manners are a sign of civilization and modesty to show great respect toward the other person. Manners make our home harmonious and our society peaceful; it is one of the best ways for us to be happy.');
INSERT INTO videos(vid, pid, title, description) VALUES('s5DRoOV-hxo', 'PLz2LIY6rQQrHUfuGKa8BWFmtnY3dQQpi7', 'Child molestation(GDD-436, Master Sheng Yen)', 'We need to teach children from a young age to be vigilant and observe people carefully, how to recognize when they are in danger of sexual abuse, and to run away and tell a parent or teacher to help them deal with it. Also, we should reform the social environment and public opinion to help prevent such criminal behavior.');
INSERT INTO videos(vid, pid, title, description) VALUES('miq5f1QgVdw', 'PLz2LIY6rQQrHUfuGKa8BWFmtnY3dQQpi7', 'How to de-stress in a stressful environment(GDD-434, Master Sheng Yen)', 'In today''s social environment where there is too little space, too many people, and information spreads too fast and the sense of space is too small, we need to constantly relax the mind and body. Relax the brain, relax the mind, and don''t be stressed or nervous all the time. Then consider our actions. Don''t be coarse or rude. Also don''t be too direct when speaking. Always be aware of these things, be aware of ourselves, check ourselves, and urge ourselves to relax. This way when we''re facing a difficult task we won''t suffer so much but can instead live a very happy, free, and relaxed life.');
INSERT INTO videos(vid, pid, title, description) VALUES('aNZr4XuJ5Vg', 'PLz2LIY6rQQrHUfuGKa8BWFmtnY3dQQpi7', 'Is there really such a thing as \"being blocked by ghosts\"?(GDD-433, Master Sheng Yen)', 'If we encounter the situation when our way or passageway is blocked by the ghost, we can recite the Buddha''s name to arouse its compassion, then it will let us go and won''t block the way any longer. Sometimes \"being blocked by ghosts\" also means when we are lost and don''t know what to do with our lives. When that happens, the Dharma can help us transform our mood and mind and therefore we can find our way again.');
INSERT INTO videos(vid, pid, title, description) VALUES('5mkJQu37mmM', 'PLz2LIY6rQQrHUfuGKa8BWFmtnY3dQQpi7', 'Media''s impact on society(GDD-432, Master Sheng Yen)', 'Writers and the mass media should not lead people astray with the stories they write and report, but should consider what their work''s cost to society is. Although their point of departure might not be bad, the way they describe a story can influence some people into committing crimes.');
INSERT INTO videos(vid, pid, title, description) VALUES('Ka0nKtHhjZU', 'PLz2LIY6rQQrHUfuGKa8BWFmtnY3dQQpi7', 'Finders keepers?(GDD-431, Master Sheng Yen)', 'Finding and turning in lost property reflects one''s sympathy and feeling for someone else, as well as one''s concept and idea of karmic causality. This meritorious act is a result of one''s sense of honor, faith, and religious belief. We need to strengthen these two things in our society --honor and religious belief—so as to establish a more ideal society.');
INSERT INTO videos(vid, pid, title, description) VALUES('YX7wl4e25aI', 'PLz2LIY6rQQrHUfuGKa8BWFmtnY3dQQpi7', 'Is it okay to cheat on a test?(GDD-430, Master Sheng Yen)', 'Students cheating in exam are cheating themselves while assessing their studying levels or real abilities. It upsets the natural balance and it''s unfair to those who are intelligent and work hard. Since it''s unfair, there will naturally be karmic retribution. By playing by the rules, being a good person, and working solidly at school and at work, we are proving that we are reliable and have solid ability and sound character. In this way, people will think we are trustworthy, dependable, and honest, which will be very advantageous for us and will bring us great honor.');
INSERT INTO videos(vid, pid, title, description) VALUES('D5IBmjjVAH0', 'PLz2LIY6rQQrHUfuGKa8BWFmtnY3dQQpi7', 'Establishing a world-class city(GDD-429, Master Sheng Yen)', 'People should always take care of their own environment. In order to maintain a place so that it is clean, orderly, neat, and quiet, more comfortable for people to live in, it requires that our government''s law is enforced, and that the people''s education and our individual habits are improved.');
INSERT INTO videos(vid, pid, title, description) VALUES('CFtX8tt2c-E', 'PLz2LIY6rQQrHUfuGKa8BWFmtnY3dQQpi7', '(GDD-428, Master Sheng Yen)', 'People go to the temple during the Lunar New Year to seek good luck and merit. This custom is a very good one in that at the beginning of the year we begin again as a person and start afresh with a new way of life by repenting our misdeeds and bad karma of the last year.');
INSERT INTO videos(vid, pid, title, description) VALUES('Ovr1oAVg_eU', 'PLz2LIY6rQQrHUfuGKa8BWFmtnY3dQQpi7', 'How to reduce garbage(GDD-427, Master Sheng Yen)', 'To reduce garbage, we can try not to buy so much, cook so much, or order so much food in a restaurant if we can''t finish it. If we can''t finish the food we''ve cooked, save it for the next meal. If we can''t finish our food in a restaurant, take it home and finish it later. For the things we use, we should reuse them as much as we can. Keep using them again and again and don''t just use something once and then throw it away. Try not to use disposable things; otherwise we are generating more and more garbage.');
INSERT INTO videos(vid, pid, title, description) VALUES('mw_TEbiz49I', 'PLz2LIY6rQQrHUfuGKa8BWFmtnY3dQQpi7', 'How to face water shortage problems(GDD-426, Master Sheng Yen)', 'To solve the water shortage problem, we need to use water sparingly. We should try to conserve water and encourage people to use less water. We must also figure out how to clean up polluted water sources and prevent pollution in the first place, to ensure that we can continue to use water in a sustainable way.');
INSERT INTO playlist(pid, cid, title, description) VALUES('PLz2LIY6rQQrFVVsLi1IgokfFHJCjU1D5-','UCBIGwiecylJsQrhTPBKI4Qw', 'GDD(0401-0425)', '');
INSERT INTO videos(vid, pid, title, description) VALUES('Ak9lPt1aaUc', 'PLz2LIY6rQQrFVVsLi1IgokfFHJCjU1D5-', 'The development of Buddhism in China and Taiwan(GDD-401, Master Sheng Yen)', 'After the Cultural Revolution, China''s policy on religion was gradually liberalized and Buddhism in China has been slowly recovering and reviving. In Taiwan, Buddhism is now growing stronger day by day, and our human resources are increasing. The Buddhist circles are putting in more efforts in fostering Buddhist talent and spreading Buddhism.');
INSERT INTO videos(vid, pid, title, description) VALUES('wtpz-SqetsQ', 'PLz2LIY6rQQrFVVsLi1IgokfFHJCjU1D5-', 'The five precepts and the bodhisattva precepts (GDD-403, Master Sheng Yen)', 'The precepts are meant to safeguard our mental and physical peace and well-being, and to create a harmonious society, instead of intimidating or restricting us. After receiving the precepts, we''ll be on our guard and be alert for our actions, and thereby becoming more stable and healthy in mind and body. There''s no need to fear taking the precepts; if we break a precept, simply repent and resolve not to make the same mistake again.');
INSERT INTO videos(vid, pid, title, description) VALUES('77tCfP9f8wE', 'PLz2LIY6rQQrFVVsLi1IgokfFHJCjU1D5-', 'How can we establish a clear sense of direction and a clear goal in life?(GDD-404, Master Sheng Yen)', 'People, whether young or old, all need a sense of direction. The average person needs to have a long-term life plan, without which they''ll feel lost. In Buddhist perspective, the direction or long-term goal of life is to achieve Buddhahood. In setting a goal in our life, we need to consider our own abilities, our current environment, the historical backdrop, and the global environment. But the most important thing is to perfect our character and develop a peaceful body and mind.');
INSERT INTO videos(vid, pid, title, description) VALUES('pjN8UWQhz0U', 'PLz2LIY6rQQrFVVsLi1IgokfFHJCjU1D5-', 'Are natural disasters a form of divine punishment?(GDD-405, Master Sheng Yen)', 'There have always been natural and man-made disasters, but most catastrophes today are actually man-made due to the destruction of our planet and environment. Based on the Buddhist view of karmic causality, disasters reflect a group of people''s collective karma. The best way to avoid disasters is first by taking precautions beforehand, such as doing more good deeds and not causing troubles for the environment, and secondly, by making amends afterwards, such as changing our character and our way of thinking toward life.');
INSERT INTO videos(vid, pid, title, description) VALUES('Iuxf8Au07jU', 'PLz2LIY6rQQrFVVsLi1IgokfFHJCjU1D5-', 'What kind of karmic retribution results from gossiping about others?(GDD-406, Master Sheng Yen)', 'There is a Buddhist precept to refrain from false speech—jealous speech, destructive speech, speech that sows discord, abusive speech, lying speech, and mocking speech.\nWe should consider whether our words will help others and ourselves, and think about how our words will affect others who hear them. Will they have a positive effect or a negative effect? If we consider these things first, then we''ll refrain from careless speech in the future.');
INSERT INTO videos(vid, pid, title, description) VALUES('3Gud4vbxRQM', 'PLz2LIY6rQQrFVVsLi1IgokfFHJCjU1D5-', 'Should we abolish capital punishment?(GDD-408, Master Sheng Yen)', 'All sentient beings can become Buddhas. There are only people who have done bad things; there are no eternally, unchangingly bad people. Abolishing capital punishment should take two paths: One is to consider how to legally decrease the number of death sentences, and the other is to promote religious education so as to prevent crime from the bottom. If people all reached a high level of Buddhist or religious cultivation, no one would commit capital crimes.');
INSERT INTO videos(vid, pid, title, description) VALUES('uJ_RlVRzkhI', 'PLz2LIY6rQQrFVVsLi1IgokfFHJCjU1D5-', 'Do those who carry out executions suffer karmic retribution?(GDD-409, Master Sheng Yen)', 'One who carries out executions is just the enforcer of the law. It is the person who is being killed that is behind the killing, because he committed a certain kind of crime and must receive karmic retribution. Nevertheless, the attitude of the judicial executioner makes all the difference. If he enforces the law with compassion, and recites the Buddha''s name praying for the condemned so he will from that moment have a change of heart and be reborn in the Western Pure Land, then not only is the executioner not committing the sin of killing, but his act is meritorious.');
INSERT INTO videos(vid, pid, title, description) VALUES('ZBIcbdDRzOE', 'PLz2LIY6rQQrFVVsLi1IgokfFHJCjU1D5-', 'How are sharira created and how does Buddhism view sharira?(GDD-410, Master Sheng Yen)', 'Sharira, or relics, are produced by the power of spiritual response through one''s own practice and faith. They may serve as reminders and religious objects to be worshiped, but it is the Buddha''s teachings, the true relics of the Dharma-body, that can really inspire us spiritually and transform us.');
INSERT INTO videos(vid, pid, title, description) VALUES('qa4TXwRqPos', 'PLz2LIY6rQQrFVVsLi1IgokfFHJCjU1D5-', 'How does Buddhism view traditional funeral customs?(GDD-411, Master Sheng Yen)', 'The purpose of funeral ceremonies is to remember the dead and comfort ourselves, relatives, and friends. From the Buddhist perspective, it is to help the deceased secure a better rebirth or gain rebirth in the Buddha''s pure land by transferring the merit from reciting the sutras and the Buddha''s name.');
INSERT INTO videos(vid, pid, title, description) VALUES('sYHgoGD34uI', 'PLz2LIY6rQQrFVVsLi1IgokfFHJCjU1D5-', 'How to create a literate society(GDD-412, Master Sheng Yen)', 'The purpose of reading is to develop our character, expand our knowledge or our skills. Read books that are really informative and illuminating rather than reading for excitement or distraction. Parents should read with children, and help them choose and read children''s books that are informative and benefit their mental and physical health.');
INSERT INTO videos(vid, pid, title, description) VALUES('txu2GjHKMc0', 'PLz2LIY6rQQrFVVsLi1IgokfFHJCjU1D5-', 'How does Buddhadharma help people with terminal illnesses?(GDD-414, Master Sheng Yen)', 'If a person doesn''t believe in religion, doesn''t believe in Buddhism, then even if their physical body does not suffer, mentally they have no sense of security. When death is inevitable, accept it peacefully and lead a normal life with calm, while reciting Amitabha Buddha''s name all the time entrusting our mind to the Western Pure Land.');
INSERT INTO videos(vid, pid, title, description) VALUES('71ZsuV73dE4', 'PLz2LIY6rQQrFVVsLi1IgokfFHJCjU1D5-', 'How to effectively deal with complaints(GDD-416, Master Sheng Yen)', 'Complaints are the result of discontentment and everybody feels some dissatisfaction. We are only human and so we can''t be without mental affliction, and he who has mental affliction is likely to complain. In the face of criticism and complaint, we should place ourselves in the other''s position and think what''s best for ourselves and others. Firstly, we shouldn''t complain about others. Secondly, we should accept others'' complaints. And thirdly, when we hear others complaining about us, we shouldn''t get upset. Instead, we should be glad, because it means that he has a high opinion of us.');
INSERT INTO videos(vid, pid, title, description) VALUES('yM9mVTgiYos', 'PLz2LIY6rQQrFVVsLi1IgokfFHJCjU1D5-', 'How ex-convicts can start a new life(GDD-418, Master Sheng Yen)', 'Breaking the law and doing evil are not things people are destined for from the day of birth. Dealing with people serving time, we must give them warmth, counsel and guidance to help them realize that what they did was wrong. Our society should give ex-convicts a fair chance, help them and facilitate their reintegration into society so that they may be of service to our community.');
INSERT INTO videos(vid, pid, title, description) VALUES('Q_ZZQCQ4mHE', 'PLz2LIY6rQQrFVVsLi1IgokfFHJCjU1D5-', 'How do special camps help school drop-outs?(GDD-419, Master Sheng Yen)', 'Dharma Drum Mountain organized a camp for truants to help them grow mentally and improve their outlook and attitude. We treat them with warmth and care and give them a chance to bring their individual talents into play, to say what is on their minds, to learn things in a hands-on manner, and to do the things they want to do. This way we treat them with respect, instead of trying to discipline them. If our society and schools can treat these children differently and give them a special kind of environment, give them guidance and a chance to grow, then these children will get on the right track.');
INSERT INTO videos(vid, pid, title, description) VALUES('4sNDenqYFq0', 'PLz2LIY6rQQrFVVsLi1IgokfFHJCjU1D5-', 'Effective communication(GDD-420, Master Sheng Yen)', 'Effective communication requires us to treat others equally and make them feel respected by being courteous and lowering ourselves. This way we can make others well disposed towards us, otherwise they will not accept us. This principle can be used to successfully communicate and negotiate. To communicate and negotiate, put ourselves in the other person''s shoes. Let him say what he thinks, and decide how we can help him according to what he requires.');
INSERT INTO videos(vid, pid, title, description) VALUES('LMueDuVTwRU', 'PLz2LIY6rQQrFVVsLi1IgokfFHJCjU1D5-', 'Flea markets—How to establish correct views as consumers(GDD-421, Master Sheng Yen)', 'The purpose of the flea market we organize is to treasure the resources we have now. Things that we have used and do not need any more are not necessarily trash; they can still be used. Even if we can''t use them ourselves, we can let others use them. We should treasure resources by using things as long as they can be used, and recycling things we can''t use any longer.');
INSERT INTO videos(vid, pid, title, description) VALUES('UEg451y_nWQ', 'PLz2LIY6rQQrFVVsLi1IgokfFHJCjU1D5-', 'How does karma account for murders and suicides?(GDD-423, Master Sheng Yen)', 'According to the Buddhadharma, the bonds of enmity should be loosened, not tied. By committing suicide or murder, one will only create bad karma, a vicious circle in which the problems will never be resolved. If during our lives we are treated unfairly or wronged, it would be best for us to think of ways to improve things. Also, if we can receive some measure of justice by resorting to the law, that''s enough.');
INSERT INTO playlist(pid, cid, title, description) VALUES('PLz2LIY6rQQrHUHjXBqUCDKS4PxDxhGE2x','UCBIGwiecylJsQrhTPBKI4Qw', 'GDD(0376-0400)', '');
INSERT INTO videos(vid, pid, title, description) VALUES('k0Xy4YiQbnA', 'PLz2LIY6rQQrHUHjXBqUCDKS4PxDxhGE2x', 'Why does Buddhism use the lotus flower as a symbol? (GDD-376, Master Sheng-Yen)', 'The lotus flower is described in Buddhism as pure and undefiled, and as being of great benefit. It teaches us to become a person of pure wisdom, who cultivates the bodhisattva path among ordinary people, learns to be free of greed, hatred, and delusion, and only gives and contributes to our world without seeking to gain anything of this world.');
INSERT INTO videos(vid, pid, title, description) VALUES('y_U-jl8XlF0', 'PLz2LIY6rQQrHUHjXBqUCDKS4PxDxhGE2x', 'What does this swastika 卍stand for?(GDD-377, Master Sheng-Yen)', 'he swastika in Buddhism symbolizes infinity, perfect harmony, and totality, in terms of both time and space. It is also one of the Buddha''s 32 marks of greatness, the signs of perfect merit and blessings, representing the Buddha''s perfect wisdom and complete compassion.');
INSERT INTO videos(vid, pid, title, description) VALUES('jTPw65gAoOU', 'PLz2LIY6rQQrHUHjXBqUCDKS4PxDxhGE2x', 'Buddhism''s view on \"running into something evil\"(GDD-379, Master Sheng-Yen)', 'Some people blindly fear the evil influence of the deceased spirit when they are near a corpse. If we have a healthy mentality, treat the deceased as a bodhisattva going to the Western Pure Land, and recite the name of Amitabha Buddha for him with good will, we will feel comfortable, peaceful, and safe.');
INSERT INTO videos(vid, pid, title, description) VALUES('yyFIp1c5MxQ', 'PLz2LIY6rQQrHUHjXBqUCDKS4PxDxhGE2x', 'Should one eat a vegetarian diet when doing the end-of-life chanting?(GDD-380, Master Sheng-Yen)', 'Many Mahayana sutras, such as the Nirvana Sutra, the Shurangama Sutra, and the Sutra of Brahma''s Net, all encourage people to be vegetarian, especially for those who aspire to practice the bodhisattva path. Nevertheless, people who haven''t completely given up eating meat are still encouraged to practice chanting or reciting the Buddha''s name, as what really counts is our mind. If our mind is pure, then the recitation is useful.');
INSERT INTO videos(vid, pid, title, description) VALUES('n00llEtm45g', 'PLz2LIY6rQQrHUHjXBqUCDKS4PxDxhGE2x', 'What''s the proper way to dispose of Buddha images?(GDD-381, Master Sheng-Yen)', 'The Buddha''s spiritual responses, power, wisdom, and compassion are everywhere. As we read the sutras, practice the Buddhadharma, and benefit from the Dharma, we then have seen the Buddha. The Buddha exists everywhere; it''s not as if the Buddha is only in Buddha images or statues. The image or statue is not the Buddha; we worship Buddha images or statues so as to invoke our faith and develope our aspiration to emulate the Buddha.');
INSERT INTO videos(vid, pid, title, description) VALUES('7-yHm8-v3qM', 'PLz2LIY6rQQrHUHjXBqUCDKS4PxDxhGE2x', 'Why do monks and nuns have to shave their heads?(GDD-382, Master Sheng-Yen)', 'In ancient India it was a custom for practitioners to shave their heads to show they''d renounced the five desires, for our hair adorns our body and so it can be said to stand for sensual desire. Hair also symbolizes our mental affliction as well as our attachment to worldly affairs and emotions and so shaving our heads symbolizes that we want to eradicate our afflictions and suffering.');
INSERT INTO videos(vid, pid, title, description) VALUES('i4KVUDc149M', 'PLz2LIY6rQQrHUHjXBqUCDKS4PxDxhGE2x', 'Chain letters(GDD-383, Master Sheng-Yen)', 'Chain letters are baseless superstition; whether in terms of religious faith or philosophical theory or folk belief there is no way you can find a foundation. By contributing more to others we''ll enjoy karmic blessings, and by caring more for others we''ll have good luck. If we contribute more to society and have more compassion toward sentient beings, then we''ll have good fortune. Only in this way is our good fortune true and reliable.');
INSERT INTO videos(vid, pid, title, description) VALUES('J69FKOebc5E', 'PLz2LIY6rQQrHUHjXBqUCDKS4PxDxhGE2x', 'What are the \"eight winds\"?(GDD-384, Master Sheng-Yen)', 'Ordinary people are subject to and often affected by the \"eight winds\"—praise, ridicule, fame, disgrace, gain, loss, happiness and suffering. Through spiritual practice we train our minds not to be disturbed and shaken by these eight types of external influence.');
INSERT INTO videos(vid, pid, title, description) VALUES('W9WzFBLa88c', 'PLz2LIY6rQQrHUHjXBqUCDKS4PxDxhGE2x', 'The \"Matthew Effect\"(GDD-385, Master Sheng-Yen)', 'The Christian Bible says: \"To all those who have more will be given; but from those who have nothing even what they have will be taken away.\" In terms of Buddhist spiritual practice, this \"Matthew Effect\", a term used by some sociologists to describe a social phenomenon, reminds us to have foresight and make good use of what we have spiritually to develop and nourish more merit and blessings.');
INSERT INTO videos(vid, pid, title, description) VALUES('GQz5-t5Ka7k', 'PLz2LIY6rQQrHUHjXBqUCDKS4PxDxhGE2x', 'Should Buddhists participate in political activities?(GDD-386, Master Sheng-Yen)', 'Politics is the management of the affairs of the people. Since we Buddhists live in this society and are citizens of this country, we should fulfill our obligations as taxpayers, and thus have the right and obligation to vote, and the right to run in an election. This is an obligation as well as a right, and is universal. We should vote for one who we think would benefit our society and country, bring people peace of mind, make significant contributions, and even benefit the entire world.');
INSERT INTO videos(vid, pid, title, description) VALUES('fUEp9b1c0U0', 'PLz2LIY6rQQrHUHjXBqUCDKS4PxDxhGE2x', 'Teenage counseling(GDD-387, Master Sheng-Yen)', 'It''s best to introduce children to religion at an early age, to Buddhism or any other of the great, established religions. Children who believe in God or Buddha and bodhisattvas will naturally find psychological relief and spiritual solace. They''ll behave properly towards their parents at home and towards their teachers at school, and therefore will be better equipped when facing teenage pressure and problems.');
INSERT INTO videos(vid, pid, title, description) VALUES('XuHRByvSnhc', 'PLz2LIY6rQQrHUHjXBqUCDKS4PxDxhGE2x', 'How to change people''s behavior of indulgent spending(GDD-388, Master Sheng-Yen)', 'When people are not satisfied they feel that they haven''t got enough; they are greedy and insatiable. This often leads to all kinds of terrible social phenomena, such as worship of money or worship of material wealth. It''s best that people believe in karmic causality, for someone who believes in karma will know that one''s fortune all depends on one''s own effort, rather than using illegal methods or evil means to gain things.');
INSERT INTO videos(vid, pid, title, description) VALUES('tmcxHBsv8xU', 'PLz2LIY6rQQrHUHjXBqUCDKS4PxDxhGE2x', 'How can parents help their children develop healthy values toward money?(GDD-389, Master Sheng-Yen)', 'If today''s teenagers have muddled moral values, then in the future they''ll create much misfortune and trouble. Parents should have frequent heart-to-hearts with teenagers, spend more quality time together with them, and listen to what they have to say. Parents need to keep their child''s needs and psychological health in mind, and show care about their problems and troubles. If this kind of relationship can be developed, children will be understanding towards their parents.');
INSERT INTO videos(vid, pid, title, description) VALUES('wC7m0vH-en8', 'PLz2LIY6rQQrHUHjXBqUCDKS4PxDxhGE2x', 'What it really means to make offerings(GDD-390, Master Sheng-Yen)', 'Making offerings is a very important part of Buddhist practice. To make offerings is to practice giving, one of the six perfections. It benefits both ourselves and others in that through giving we are actually repaying the kindness of others and showing gratitude, as well as learning and growing spiritually. Also, by making offerings to the sangha we are contributing to spreading the Buddhadharma and helping others engage in spiritual practice, thereby gaining great merit.');
INSERT INTO videos(vid, pid, title, description) VALUES('_tSWEv8bBkA', 'PLz2LIY6rQQrHUHjXBqUCDKS4PxDxhGE2x', 'What kind of attitude should a business leader have(GDD-392, Master Sheng Yen)', 'The relationship between labor and management is interdependent, in which they interact with, help, need, and make demands of each other. Business owners, management and executives contribute a lot by investing capital, offering their wisdom and their time, and taking on risks, while employees put in their contributions through their hard work, cooperation, and support. This reflects the Buddhist teaching that every phenomenon, every achievement or success is the working together of many causes and conditions.');
INSERT INTO videos(vid, pid, title, description) VALUES('6OurqF4z2Lc', 'PLz2LIY6rQQrHUHjXBqUCDKS4PxDxhGE2x', 'How do business leaders identify, use and retain talent?(GDD-393, Master Sheng Yen)', 'To recruit talent, business leaders can check whether the job candidate is sincere, which is the most important factor. Once you hire them, treat them like family; take care of them at work; and take care of their physical and mental well-being, as well as their family. By training and nurturing talent from within a company at entry level positions, a business or company will be able to retain the most loyal, reliable, and capable employees and leaders.');
INSERT INTO videos(vid, pid, title, description) VALUES('PZEcEILLqRo', 'PLz2LIY6rQQrHUHjXBqUCDKS4PxDxhGE2x', 'The employer-employee relationship(GDD-394, Master Sheng Yen)', 'The employer-employee relationship is mutual; it is not just a financial or economic relationship but also an ethical relationship. The boss and the employees work as one living entity. They work together and spend their lives together, sharing the well-being or otherwise of their company. It''s best for a company to develop a common vision to be held by both the employees and the employer as a shared goal.');
INSERT INTO videos(vid, pid, title, description) VALUES('JFeaWE35XrQ', 'PLz2LIY6rQQrHUHjXBqUCDKS4PxDxhGE2x', 'Significance of the copying of sutras(GDD-395, Master Sheng Yen)', 'In ancient times when there was no printing, copying the sutras by hand was to help spread the Buddhadharma and therefore was a meritorious act. Nowadays, unless it is for personal practice purpose, there is greater merit in having popular or accessible sutras modern Buddhist books printed for free distribution to the public.');
INSERT INTO videos(vid, pid, title, description) VALUES('xqKUmXaiHM4', 'PLz2LIY6rQQrHUHjXBqUCDKS4PxDxhGE2x', 'How do we care for our neighbors and our community?(GDD-396, Master Sheng Yen)', 'When there''s nothing we can do to help, it''s best to keep clear of a messy situation and not linger in a dangerous spot. But we shouldn''t run away if the situation allows and requires us to take action to help someone in need, prevent someone from being hurt, or save someone''s life.');
INSERT INTO videos(vid, pid, title, description) VALUES('0Z56FaNSJAI', 'PLz2LIY6rQQrHUHjXBqUCDKS4PxDxhGE2x', 'How can we foster the breadth of mind that allows us to give unsparingly?(GDD-397, Master Sheng Yen)', 'Just like the well will be replenished when we use it, giving our wealth away to benefit others will be rewarded with karmic blessings. When we give without any conditions or selfish motives, we are developing our character, our virtue, and our wisdom, which are actually our most reliable source of safety and security.');
INSERT INTO videos(vid, pid, title, description) VALUES('XJuc1gjztfw', 'PLz2LIY6rQQrHUHjXBqUCDKS4PxDxhGE2x', 'What''s the purpose of reciting the gatha:\"Warning to the Assembly\"?(GDD-398, Master Sheng Yen)', 'Human life is short and limited, and our lives are very precious because we are born as human beings, as the Buddha taught us that \"It''s hard to be born human\". Life may be hard and painful, but life''s hardships are an experience, a process to train ourselves, to grow and mature, and therefore to gradually perfect our character and morality so that we can become peaceful and calm and also help others to become peaceful and calm.');
INSERT INTO videos(vid, pid, title, description) VALUES('APcWOAXfBUI', 'PLz2LIY6rQQrHUHjXBqUCDKS4PxDxhGE2x', 'Cultivating peaceful minds, bodies, families, and activity(GDD-399, Master Sheng Yen)', 'The purpose of the Four Fields for Cultivating Peace movement we launched in 1995 is to help people live and work in peace and contentment. The effectiveness of the movement lies in developing a peaceful mind by living in contentment with few desires. With a peaceful mind we are more able to have a peaceful body, a peaceful family, and a peaceful job.');
INSERT INTO playlist(pid, cid, title, description) VALUES('PLz2LIY6rQQrGRnsE_hUi0SHEqtQdjRUI7','UCBIGwiecylJsQrhTPBKI4Qw', 'GDD(0351-0375)', '');
INSERT INTO videos(vid, pid, title, description) VALUES('1zeCLglpf6U', 'PLz2LIY6rQQrGRnsE_hUi0SHEqtQdjRUI7', 'Where is Buddhism flourishing the most (GDD-351, Master Sheng Yen)', '');
INSERT INTO videos(vid, pid, title, description) VALUES('BIcPZBWoTzo', 'PLz2LIY6rQQrGRnsE_hUi0SHEqtQdjRUI7', 'How can a Buddhist judge which sutra is the best (GDD-352, Master Sheng Yen)', '');
INSERT INTO videos(vid, pid, title, description) VALUES('AEWMHHKDJds', 'PLz2LIY6rQQrGRnsE_hUi0SHEqtQdjRUI7', 'How does one establish and maintain a family (GDD-353, Master Sheng Yen)', '');
INSERT INTO videos(vid, pid, title, description) VALUES('IB-1arwUmHg', 'PLz2LIY6rQQrGRnsE_hUi0SHEqtQdjRUI7', 'What circumstances are most suitable to becoming a monastic (GDD-354, Master Sheng Yen)', '');
INSERT INTO videos(vid, pid, title, description) VALUES('XdpK-IVD_JY', 'PLz2LIY6rQQrGRnsE_hUi0SHEqtQdjRUI7', 'How we can maintain a modest attitude GDD 355, Master Sheng Yen', 'From a Buddhist perspective, we know that people are basically ordinary, unenlightened, and so of course have faults. We should think of our own faults first and then see if others have good points that we can learn from. We should criticize others less and examine ourselves more. We should also make a compassionate vow for the future, finding ways to help and benefit sentient beings, and then we will feel that there is too much to learn and work for. If we can do this, then we can be very modest.');
INSERT INTO videos(vid, pid, title, description) VALUES('dt3ELCJvi9M', 'PLz2LIY6rQQrGRnsE_hUi0SHEqtQdjRUI7', 'Is it really possible for a person who vows to be reborn in .... (GDD-356, Master Sheng-Yen)', 'As long as there is attachment to the self, differentiation of the self and self-centeredness, as long as there is a self, a notion of the self, then one is not liberated and there must be karmic effects one has to receive. By reciting Amitabha''s name and thus being reborn in his pure land, we can eliminate our afflictions completely and become liberated. Then we can vow to return to this world to deliver sentient beings, which is in itself accepting karmic retribution actively and therefore amounts to no longer suffering karmic retribution.');
INSERT INTO videos(vid, pid, title, description) VALUES('rD7CyLK_OLk', 'PLz2LIY6rQQrGRnsE_hUi0SHEqtQdjRUI7', 'Buddhist perspective on sexual discrimination (GDD-357, Master Sheng-Yen)', 'Shakyamuni Buddha never discriminated against women because he believed that bhikshunis and bhikshus were the same and could both attain arhatship. There are great bodhisattvas who are women, like Queen Shrimala, which is very clearly stated in the sutras. The Buddha has compassion and regarded all sentient beings as equal, so how could men and women not be equal?');
INSERT INTO videos(vid, pid, title, description) VALUES('l2bqNCLRoCE', 'PLz2LIY6rQQrGRnsE_hUi0SHEqtQdjRUI7', 'Buddhist perspective on organ donation (GDD-361, Master Sheng-Yen)', 'Buddhism does believe that if a person clings to his body, then he cannot be moved before the last breath to avoid adding to their suffering or affecting their ascension to the pure land or rebirth in a good realm of existence. If a person made a vow to donate his organs or was very compassionate, once death is properly determined, removing his organs to save another won''t cause him any harm or vexation and anger.');
INSERT INTO videos(vid, pid, title, description) VALUES('r8FX7BFYWFA', 'PLz2LIY6rQQrGRnsE_hUi0SHEqtQdjRUI7', 'What does sharing others'' joy actually mean (GDD-362, Master Sheng-Yen)', 'Rejoice in others'' merit, one of the ten great vows of Samantabhadra, is rejoicing in other people''s good deeds and good qualities or taking part in someone else''s meritorious deeds. No matter what situation we are in and what position and status we have, we can help people at any opportunity, by using our mental and physical effort, financial resources, influence, and social status.');
INSERT INTO videos(vid, pid, title, description) VALUES('IyAWU-z4OV8', 'PLz2LIY6rQQrGRnsE_hUi0SHEqtQdjRUI7', 'What actions are in the deceased''s best interest (GDD-364, Master Sheng-Yen)', 'When a hospital pronounces someone dead, that''s when a person''s heartbeat stops, the pulse is gone and the breath stops. In Buddhism, it''s after a person''s spiritual consciousness has left the body that we speak of \"death\". The deceased''s spiritual consciousness is free of the body and unaffected by its cremation. We can benefit the dead best by chanting \"Amitabha Buddha\" to help him gain rebirth in the Western Pure Land.');
INSERT INTO videos(vid, pid, title, description) VALUES('rM89mPnjgzE', 'PLz2LIY6rQQrGRnsE_hUi0SHEqtQdjRUI7', 'How do we help those on their deathbed who wish to.. ..(GDD-365, Master Sheng-Yen)', 'It''s best to let the dying person pass away in a comfortable manner and without physical burden. In general, let him die peacefully in a lying position. Then ask him to recite the Buddha''s name, and everyone present can chant the Buddha''s name gently and softly to help him. That''s the best way to pass away.');
INSERT INTO videos(vid, pid, title, description) VALUES('WNl1JU1ZYNY', 'PLz2LIY6rQQrGRnsE_hUi0SHEqtQdjRUI7', 'How to prepare psychologically and adjust one''s attitude .....(GDD-366, Master Sheng Yen)', 'Taking refuge in the Three Jewels means that we identify with and accept the Buddha, Dharma and Sangha, and are willing to live by the Buddha''s teachings cultivating compassion and wisdom. It''s not true that after taking refuge there will be many frightening, scary things awaiting us or that there will be lots of restraints and restrictions; instead it will help us live a more wholesome, peaceful, and down-to-earth life, to be a better human being.');
INSERT INTO videos(vid, pid, title, description) VALUES('_i8mj3IJT84', 'PLz2LIY6rQQrGRnsE_hUi0SHEqtQdjRUI7', 'Buddhism''s view on the unlucky number 9 (GDD-367, Master Sheng-Yen)', 'Chinese people have Chinese superstitions and foreigners have foreign superstitions. Superstitions have to do with people''s customs, history and cultural background. Instead of keeping telling ourselves, thinking to ourselves that we will have bad luck in a certain year or that things won''t go smoothly, we should become mentally strong and recite the Buddha''s or bodhisattva''s name more often, do more good deeds, and help people more, then there will be less problems.');
INSERT INTO videos(vid, pid, title, description) VALUES('G4s4UAESKRk', 'PLz2LIY6rQQrGRnsE_hUi0SHEqtQdjRUI7', 'Seeing a bright future in one''s advancing years (GDD-368,  Master Sheng-Yen)', 'Toward the last several years or last period of our life, we should get mentally prepared for the future. We need to be confident and hopeful about the future, and have vows for the future, vowing that everlastingly we want to deliver sentient beings and give of ourselves by following the Buddha''s path, learning the compassion and wisdom of the Buddha.');
INSERT INTO videos(vid, pid, title, description) VALUES('9PNwVPO180U', 'PLz2LIY6rQQrGRnsE_hUi0SHEqtQdjRUI7', 'Rules for visiting a monastery (GDD-369,  Master Sheng-Yen)', 'Regular monasteries actually don''t have so many elaborate rules of etiquette; there is a lot of flexibility in the monastery. As long as one behaves politely one needs not worry and doesn''t have to feel intimidating when visiting a monastery. If we do not understand the etiquette, we will understand once we go.');
INSERT INTO videos(vid, pid, title, description) VALUES('50DtM9OcVBI', 'PLz2LIY6rQQrGRnsE_hUi0SHEqtQdjRUI7', 'Why are there more female Buddhist followers (GDD-370,  Master Sheng-Yen)', 'In Taiwan, there are more female than male Buddhist followers because of our social structure and because the work patterns and lifestyles of men and women are not quite the same. In general, women are gentler and more mild-tempered, so under most circumstances they are more likely to accept religious faith. This is not just true in Buddhism.');
INSERT INTO videos(vid, pid, title, description) VALUES('TH0_xIf22eg', 'PLz2LIY6rQQrGRnsE_hUi0SHEqtQdjRUI7', 'Eating natural foods (GDD-371, Master Sheng-Yen)', 'The current fad of natural, health food happens to coincide with the Buddhist position. While some people promote natural food for health reasons, Buddhism advocates vegetarian food to show compassion toward animals. Even if we cannot stick to vegetarianism, just trying to eat more natural food and cut back on meat can help ourselves become kinder and gentler and develop more compassion.');
INSERT INTO videos(vid, pid, title, description) VALUES('A78jiKZeG_o', 'PLz2LIY6rQQrGRnsE_hUi0SHEqtQdjRUI7', 'Should Buddhists completely avoid using leather?(GDD-372, Master Sheng-Yen)', 'There are no rules in Buddhism that forbid the use of leather, but it''s best to try to avoid it unless it''s something we need. For example, in the bhikshu and bhikshuni precepts, there is a rule that monastics are allowed to wear straw sandals with leather soles for walking on mountain paths or long distances. Hopefully we can use less leather, but if we use leather when we need to we shouldn''t feel guilty.');
INSERT INTO videos(vid, pid, title, description) VALUES('SQsA4tnOWj0', 'PLz2LIY6rQQrGRnsE_hUi0SHEqtQdjRUI7', 'How to develop our inner wisdom and compassion (GDD-373, Master Sheng-Yen)', 'If there is something in our mind, then it has obstructions; it cannot be broad and vast, open and clear, and therefore it cannot really have wisdom and compassion. A mind free of obstructions is a mind without distracted thoughts and vexations. When we are not affected or afflicted by our environment, that''s wisdom; with such wisdom, we will have compassion.');
INSERT INTO videos(vid, pid, title, description) VALUES('xQmvpZTeCUk', 'PLz2LIY6rQQrGRnsE_hUi0SHEqtQdjRUI7', 'Why do good people still suffer retribution?(GDD-374, Master Sheng-Yen)', 'From the perspective of the Buddhadharma, human life and death aren''t limited to one lifetime. We have actually gone through countless rebirths, so sometimes it''s difficult to look at the causes and effects solely at a single lifetime. The best way is to let bygones be bygones while paying attention to our present actions; things that can be dealt with should be dealt with properly. This is more conducive to our physical and mental well-being, and to our own future.');
INSERT INTO videos(vid, pid, title, description) VALUES('Zes32gJdBAE', 'PLz2LIY6rQQrGRnsE_hUi0SHEqtQdjRUI7', 'The emotional life of monastics (GDD-375, Master Sheng-Yen)', 'Sentient beings are sentient because they have feelings, and monastics are no exception. However, the Buddha''s teachings require that we become an awakened or enlightened sentient being, so as to dissolve our own vexations and help relieve others of affliction and suffering.');
INSERT INTO playlist(pid, cid, title, description) VALUES('PLz2LIY6rQQrGPsFu6BDYVCuj9zqq1Kzdn','UCBIGwiecylJsQrhTPBKI4Qw', 'GDD(0326-0350)', '');
INSERT INTO videos(vid, pid, title, description) VALUES('X5qf-nkR3bs', 'PLz2LIY6rQQrGPsFu6BDYVCuj9zqq1Kzdn', 'How to harmonize emotion and reason(GDD-0327)', 'Emotion and reason should complement each other and be in balance. Buddhism teaches that we purify our emotion and transform it into compassion, showing concern and sympathy towards others without attachment, as well as use our wisdom to be flexible, accommodating others and adapting to their needs. Applying compassion with wisdom is harmonizing emotion and reason.');
INSERT INTO videos(vid, pid, title, description) VALUES('6neYneo0tWA', 'PLz2LIY6rQQrGPsFu6BDYVCuj9zqq1Kzdn', 'Flying saucers and the Buddhist view of the universe(GDD-0328)', 'Our planet is only a very tiny world among immeasurable, countless worlds in the ten directions of the universe. Buddhism has a very extensive view of the world, and says that worlds arise and perish, with some universes perishing here and others forming there. In every world, sentient beings have different karma and different environments.');
INSERT INTO videos(vid, pid, title, description) VALUES('Xd3r-we4NrY', 'PLz2LIY6rQQrGPsFu6BDYVCuj9zqq1Kzdn', 'The difference between pain and suffering(GDD-0326)', 'Pain is a physical phenomenon experienced with our nerves. Suffering is a mental phenomenon, a psychological thing. Pain is not tantamount to suffering, yet suffering can often cause pain. Our suffering comes from our craving and attachment, and from our unwilling or reluctant to give up or let go. If we are able to readily take up responsibilities, let go of any attachment, and face reality and deal with the situation at hand without running away from it, then we won''t feel suffering in our minds.');
INSERT INTO videos(vid, pid, title, description) VALUES('IXVUwn3gTeE', 'PLz2LIY6rQQrGPsFu6BDYVCuj9zqq1Kzdn', 'The significance of story of \"The Big Duck and the Small Duck\"(GDD-0331)', 'Big ducks leave large wakes and little ducks leave small wakes. Whether it''s big or small, each duck takes its own path. Everyone has different karma and blessings, so there''s no need to compare ourselves with others and envy others. We should do as much as we can do and learn with peace of mind in our lives.');
INSERT INTO videos(vid, pid, title, description) VALUES('SQB5mblWnjc', 'PLz2LIY6rQQrGPsFu6BDYVCuj9zqq1Kzdn', 'How do college students select a mentor in Buddhism?(GDD-0333)', 'Studying Buddhist doctrine and practicing are two different things. But it helps to have a clear idea of what Buddhism is about by truly understanding Buddhist doctrine before we start to practice; otherwise we could easily go astray in our practice because we aren''t clear about our direction and the basic principles involved.');
INSERT INTO videos(vid, pid, title, description) VALUES('nyi_zsdGvXs', 'PLz2LIY6rQQrGPsFu6BDYVCuj9zqq1Kzdn', 'How should women practice spiritually?(GDD-0334)', 'Men and women are fundamentally equal; the Buddha says that all sentient beings have buddha-nature. Therefore, when it comes to spiritual practice, there aren''t different methods for women and men. The methods are the same and the goal is also the same, as are the ideas and views, although differences do arise in some situations.');
INSERT INTO videos(vid, pid, title, description) VALUES('QVRJaTgkJT0', 'PLz2LIY6rQQrGPsFu6BDYVCuj9zqq1Kzdn', 'Why should we \"generate the mind\"?(GDD-0335)', 'In Buddhism, to \"generate the mind\" means to generate a \"great mind\" or \"vast mind\", meaning generating a bodhisattva mind to do good deeds for the benefit of all sentient beings. It also means to generate a mind of patience and perseverance, meaning that we should not stop until we attain Buddhahood or, at least, that we should continue to do good deeds, do what we should do, and work hard.');
INSERT INTO videos(vid, pid, title, description) VALUES('fhtOSpk0TpI', 'PLz2LIY6rQQrGPsFu6BDYVCuj9zqq1Kzdn', 'Literary creation and spiritual practice(GDD-0336)', 'A real practitioner doesn''t write just for the sake of writing, but writes to pass on what he knows and has experienced of the Buddhadharma to other people. I express what I have to say using speech and writing that most people can understand, so as to allow people to know what I''m thinking, what I''ve experienced, and what I''ve discovered. My doctorate degree helps me contribute cultural, academic and educational circles, and attract or introduce people to Buddhism.');
INSERT INTO videos(vid, pid, title, description) VALUES('eVXtaQS0uSo', 'PLz2LIY6rQQrGPsFu6BDYVCuj9zqq1Kzdn', 'What should monastics do when a problem arises at home? \u007F (GDD-337, Master Sheng Yen)', '');
INSERT INTO videos(vid, pid, title, description) VALUES('NhvrDcfSQ30', 'PLz2LIY6rQQrGPsFu6BDYVCuj9zqq1Kzdn', 'Introspection and correction (GDD-338, Master Sheng Yen)', 'We should examine our every thought with a sense of shame, and have to keep going so as to discover the mistakes. If we keep discovering mistakes and correcting them, then we may gradually improve ourselves. Chan practice requires us to use the methods of practice to examine our mind, which is the most important. Don''t be afraid of making mistakes; be afraid only of not recognizing mistakes. Don''t be afraid of having bad thoughts; be afraid only of being unaware of having bad thoughts.');
INSERT INTO videos(vid, pid, title, description) VALUES('NhvrDcfSQ30', 'PLz2LIY6rQQrGPsFu6BDYVCuj9zqq1Kzdn', 'Introspection and correction (GDD-338, Master Sheng Yen)', 'We should examine our every thought with a sense of shame, and have to keep going so as to discover the mistakes. If we keep discovering mistakes and correcting them, then we may gradually improve ourselves. Chan practice requires us to use the methods of practice to examine our mind, which is the most important. Don''t be afraid of making mistakes; be afraid only of not recognizing mistakes. Don''t be afraid of having bad thoughts; be afraid only of being unaware of having bad thoughts.');
INSERT INTO videos(vid, pid, title, description) VALUES('eYlIqjDPO18', 'PLz2LIY6rQQrGPsFu6BDYVCuj9zqq1Kzdn', 'Pure mind is pure land(GDD-339, Master Sheng Yen)', 'A quiet mind isn''t necessarily a pure mind, and a tranquil land isn''t necessarily a pure land. Purity means when there is no vexation in the mind, and that when one has a wise mind not subject to any outside influence. We need to practice to avoid having a greedy mind, a hateful mind, a mind that is deluded, prideful, jealous, or doubting. When these negative mentalities are thoroughly cleaned up, one is pure in mind. Once your mind is pure, then the world you see is also pure—a pure land on earth.');
INSERT INTO videos(vid, pid, title, description) VALUES('CmN7UdLDZdU', 'PLz2LIY6rQQrGPsFu6BDYVCuj9zqq1Kzdn', 'Buddhists'' patriotism(GDD-340, Master Sheng Yen)', 'Shakyamuni Buddha''s teachings, his views, and his methods actually aim to help people actively participate in the world, save the world and transform the world. Life involves birth, aging, sickness and death, which are all things Shakyamuni Buddha and Buddhists care a great deal about. The Buddha taught the Dharma in hope that we would use it to help ourselves, to adjust our attitude and perspective, and then help purify our society. Buddhists are never passive and negative.');
INSERT INTO videos(vid, pid, title, description) VALUES('-VJ8PvyUkeU', 'PLz2LIY6rQQrGPsFu6BDYVCuj9zqq1Kzdn', 'How to get along with our co-workers(GDD-341, Master Sheng Yen)', 'From the perspective of the Buddhadharma, no matter what environment or situation we''re in, relationships between people should be open and harmonious. Harmony at the office depends on the system at work, and also on staff members'' attitude in getting along with each other. We should avoid making comparison with others, never mind what others do or what they think of us, and simply devote ourselves to our work wholeheartedly.');
INSERT INTO videos(vid, pid, title, description) VALUES('0pqQWgTrk9o', 'PLz2LIY6rQQrGPsFu6BDYVCuj9zqq1Kzdn', 'How do managers maintain a good relationship with their subordinates?(GDD-342, Master Sheng Yen)', 'A good mid-level manager is the one who does the planning for the boss. He devises strategies, does research, implements plans, and then divides and delegates the work carefully. After that he must coordinate and harmonize the lateral relations of the departments, and provide a working system for the company''s hierarchy. He solves all problems and is caring toward everyone, all the employees.');
INSERT INTO videos(vid, pid, title, description) VALUES('A76fxgEFvFw', 'PLz2LIY6rQQrGPsFu6BDYVCuj9zqq1Kzdn', 'What makes a great master?(GDD-348, Master Sheng Yen)', 'In Shakyamuni Buddha''s time, the title \"great master\" actually referred to the Buddha himself. During the course of history, calling someone a great master is a way for later generations to show their reverence for former masters, or it''s a way for disciples to address their highest mentor or leader, their spiritual leader. People are called a great master for a reason: They are broad-minded, visionary, charismatic, and inspire respect. They perform great meritorious deeds and possess great virtue and wisdom.');
INSERT INTO videos(vid, pid, title, description) VALUES('9aP7aexMJ9A', 'PLz2LIY6rQQrGPsFu6BDYVCuj9zqq1Kzdn', 'Why onions, garlic and leeks are seen as \"non-vegetarian\" foods(GDD-349, Master Sheng Yen)', 'Buddhism teaches that it''s best to refrain from eating the five pungent spices. There are two reasons for this: when you''re chanting sutras or when you''re receiving guests, it is impolite and disrespectful if your breath smells bad. The other reason is that they arouse anger when eaten raw; when eaten raw before they''re cooked, they make you irritable and ill-tempered. When eaten cooked, they arouse your passions; when you eat them cooked, they arouse your sexual desire and stimulate your sex drive.');
INSERT INTO videos(vid, pid, title, description) VALUES('_tSWEv8bBkA', 'PLz2LIY6rQQrGPsFu6BDYVCuj9zqq1Kzdn', 'What kind of attitude should a business leader have(GDD-392, Master Sheng Yen)', 'The relationship between labor and management is interdependent, in which they interact with, help, need, and make demands of each other. Business owners, management and executives contribute a lot by investing capital, offering their wisdom and their time, and taking on risks, while employees put in their contributions through their hard work, cooperation, and support. This reflects the Buddhist teaching that every phenomenon, every achievement or success is the working together of many causes and conditions.');
INSERT INTO playlist(pid, cid, title, description) VALUES('PLz2LIY6rQQrEJZSut8EvhkBDOiaVQl16h','UCBIGwiecylJsQrhTPBKI4Qw', 'GDD(0301-0325)', '');
INSERT INTO videos(vid, pid, title, description) VALUES('aSY__1NTDH8', 'PLz2LIY6rQQrEJZSut8EvhkBDOiaVQl16h', 'How to cultivate the ability to be self-restrained and at peace(GDD-0312, Master Sheng Yen)', 'Idle people are unable to be at peace because their mind and body wander about, unable to settle down. We need to devote our body and mind to work, which can help put our body and mind at peace. We can only grow after we have worked hard; only after we have grown can we bring peace to ourselves and others.');
INSERT INTO videos(vid, pid, title, description) VALUES('jZKAgei2t5k', 'PLz2LIY6rQQrEJZSut8EvhkBDOiaVQl16h', 'The true meaning of happiness (GDD-0313, Master Sheng Yen)', 'Whether one can live in peace and happiness has mainly to do with one''s state of mind. Happiness is to be content and always joyful; happiness is to live fully in the present moment, to be mindful of our conduct and actions, and to face our own conscience truthfully; happiness is to count our karmic blessings and cultivate merit at all times.');
INSERT INTO videos(vid, pid, title, description) VALUES('idQtOyAC7WE', 'PLz2LIY6rQQrEJZSut8EvhkBDOiaVQl16h', 'How to adjust our disposition (GDD-0314, Master Sheng Yen)', 'We can adjust our mind as a way to help our physical health. We need to realize that birth, aging, sickness, and death are a natural part of our life, that to have some illness can motivate us to practice and achieve the Way, and that by falling sick we are actually paying off our karmic debts and therefore can feel carefree afterwards.');
INSERT INTO videos(vid, pid, title, description) VALUES('4R4xDTYIy2A', 'PLz2LIY6rQQrEJZSut8EvhkBDOiaVQl16h', 'Life''s responsibilities (GDD-0315, Master Sheng Yen)', 'From the Buddhist perspective, there are only two kinds of responsibility in life. The first is to fulfill our vows, and the second is to pay back our karmic debts. We should learn the Buddhas and bodhisattvas in making great vows to save suffering sentient beings. In paying back our karmic debts, we should actively contribute to our society for the benefit of the public, and treat any situation we encounter, whether good or bad, with equanimity.');
INSERT INTO videos(vid, pid, title, description) VALUES('HpxHdf71XXg', 'PLz2LIY6rQQrEJZSut8EvhkBDOiaVQl16h', 'Becoming a monastic and returning to lay life (GDD-0317, Master Sheng Yen)', 'There is nothing wrong with returning to lay life once becoming a Buddhist monk. If after making a sincere effort one finds that one''s habits and mindset are not suited to monasticism, one can still be a good lay practitioner.');
INSERT INTO videos(vid, pid, title, description) VALUES('YSvlrUf56WU', 'PLz2LIY6rQQrEJZSut8EvhkBDOiaVQl16h', 'Male chauvinism (GDD-0318, Master Sheng Yen)', 'From the Buddhist perspective, men and women are equal because we can see in the sutras that Shakyamuni Buddha''s disciples included both men and women. Men can achieve the fruit of arhatship and so can women. It''s problematic for people to hold a double standard, being male chauvinistic themselves while expecting their own daughter to be treated with respect. People should treat women equally as they would like their daughter to be treated.');
INSERT INTO videos(vid, pid, title, description) VALUES('f2E2sHpz8nE', 'PLz2LIY6rQQrEJZSut8EvhkBDOiaVQl16h', 'What kind of books Buddhists should read (GDD-0319, Master Sheng Yen)', 'Although Buddhists are detached from worldly pursuits, that doesn''t mean they don''t care about the world. In order to care about people and the world, we need to understand and learn more about the people, affairs and things of the world. So Buddhists also need to read secular books; the Buddhadharma is actually not separate from the world. By combining Buddhism and secular learning, we can actually help ourselves and others better solve the problems in the world.');
INSERT INTO videos(vid, pid, title, description) VALUES('aWfWQHFsuLs', 'PLz2LIY6rQQrEJZSut8EvhkBDOiaVQl16h', 'Agricultural pollution (GDD-0320, Master Sheng Yen)', 'Using pesticides not only takes the life of those insects, but also kills people indirectly by contaminating the vegetables and fruit, as well as the soil. We can use natural or organic fertilizers, adopt indoor or greenhouse cultivation, and, if people believe in Buddhism, recite the Buddha''s name for those insects, wishing them to relocate or be reborn in the Western World of Ultimate Bliss.');
INSERT INTO videos(vid, pid, title, description) VALUES('aVgvn_QTn_k', 'PLz2LIY6rQQrEJZSut8EvhkBDOiaVQl16h', 'Bringing modern Buddhist music to greater heights(GDD-0301, Master Sheng Yen)', 'Buddhist music can free our mind of desires and impurities and make us calm and composed. It can positively affect our lives with harmonious melodies, and help purify people''s minds and society.');
INSERT INTO videos(vid, pid, title, description) VALUES('e_O_T5HWCg0', 'PLz2LIY6rQQrEJZSut8EvhkBDOiaVQl16h', 'Appropriate ways of giving(GDD-0302, Master Sheng Yen)', 'Through the action of giving we foster our compassion and generosity, which will help us reduce our attachment and clinging to the self, and reduce the greed, craving, and desire of the self. Though the merit of giving may be subjective, we should do investigation and contribute to credible people and organizations, or to those who are truly sincere and deserve our support.');
INSERT INTO videos(vid, pid, title, description) VALUES('zHWaqLz6NTA', 'PLz2LIY6rQQrEJZSut8EvhkBDOiaVQl16h', 'True filial piety(GDD-0303, Master Sheng Yen)', 'From a Buddhist point of view, filial piety really means that we support our parents, take care of their daily lives, their health and medical care, and even their religious and spiritual needs. Moreover, we should always be grateful for our parents'' loving concern, although we don''t necessarily need to stick to our parents'' ways, as times and society may have changed.');
INSERT INTO videos(vid, pid, title, description) VALUES('rznkHXrNbiA', 'PLz2LIY6rQQrEJZSut8EvhkBDOiaVQl16h', 'How to break down the barriers of our mind(GDD-0304, Master Sheng Yen)', 'The barriers of our mind come from our five mental afflictions: greed, aversion, ignorance, arrogance and doubt. If we can transform the five mental afflictions into the mind of cultivation by being sincere and maintaining a warm and caring attitude, respecting people and treating them with dignity, concern, understanding and compassion rather than seeing others as enemies, then we wouldn''t need our mental defenses.');
INSERT INTO videos(vid, pid, title, description) VALUES('OTdNuaTfp0c', 'PLz2LIY6rQQrEJZSut8EvhkBDOiaVQl16h', 'How to cultivate patience(GDD-0305, Master Sheng Yen)', 'To develop our patience, whether it''s dealing with our job or with our relationships, first we must feel that the job is one we should do, we enjoy, and one we must complete. Secondly, we must realize that since we have no way to escape from someone or something we are supposed to deal with, we cannot but try to have patience.');
INSERT INTO videos(vid, pid, title, description) VALUES('U3JfK4b18KU', 'PLz2LIY6rQQrEJZSut8EvhkBDOiaVQl16h', 'The Buddha saves those with affinities(GDD-0306, Master Sheng Yen)', 'The Buddha works to deliver all sentient beings in the hope that they may be delivered. But some people have heavy karmic hindrances, karmic retributions, and afflictive hindrances that keep them from believing in the Buddha or understanding the Buddhadharma in the right way. Nevertheless, the Buddhas and bodhisattvas will all actively teach the Dharma and deliver sentient beings by forever creating affinities and causing them to ripen.');
INSERT INTO videos(vid, pid, title, description) VALUES('Dum-Au9ucwU', 'PLz2LIY6rQQrEJZSut8EvhkBDOiaVQl16h', 'How to cultivate people with foresight(GDD-0307, Master Sheng Yen)', 'Our ingrained habits and our ways of thinking due to our self-centeredness have caused most of us to lack wisdom and compassion. By practicing the six perfections of the bodhisattva path—giving, keeping precepts, patience, diligence, concentration, and wisdom—we can transform ourselves to have more wisdom and compassion, and become a person with intelligence, foresight, and love.');
INSERT INTO videos(vid, pid, title, description) VALUES('_Bi2nf5eWg8', 'PLz2LIY6rQQrEJZSut8EvhkBDOiaVQl16h', 'How to cure the mind of those who''ve overindulged in ease and pleasure(GDD-0308, Master Sheng Yen)', 'We should be alert and vigilant even in times of peace and prosperity, always be prepared for impending disaster. So we must cultivate diligence and the ability to endure hardship, then whatever kind of environment or situation arises, we''ll be able to get through it safe and sound.');
INSERT INTO videos(vid, pid, title, description) VALUES('qU43iJcFDk4', 'PLz2LIY6rQQrEJZSut8EvhkBDOiaVQl16h', 'How to cultivate perseverance(GDD-0309, Master Sheng Yen)', 'Spiritual cultivation requires us to develop aspirations as a long-term, lasting goal. By setting an unchanging, ultimate goal we are then able to walk along our path, and move one step at a time, without losing our hope and giving up when encountering defeat or setbacks.');
INSERT INTO videos(vid, pid, title, description) VALUES('YcRBCsPrJbg', 'PLz2LIY6rQQrEJZSut8EvhkBDOiaVQl16h', 'How to keep our mental balance and relieve pressure in stressful times(GDD-0310, Master Sheng Yen)', 'When we feel pressure or stress, it means we have certain fears or we''re not feeling confident; we doubt our own capability so we feel we can''t shoulder the burden and wish we didn''t have to deal with it. We should try to use the slightest effort to deal with our problems by first understanding them very well, and manage to accomplish our task. When we''re doing a task, do not feel overwhelmed. Just put forth our best effort; there''s no need to worry about not doing it well.');
INSERT INTO videos(vid, pid, title, description) VALUES('yx43W16Bbh8', 'PLz2LIY6rQQrEJZSut8EvhkBDOiaVQl16h', '\"Are Buddhism''s buddha-nature and Confucianism''s idea of  inherent goodness .....?(GDD-0324)', '');
INSERT INTO videos(vid, pid, title, description) VALUES('CJnkg_eHALk', 'PLz2LIY6rQQrEJZSut8EvhkBDOiaVQl16h', 'Is it possible to combine religions?(GDD-321, Master Sheng Yen) )', '');
INSERT INTO videos(vid, pid, title, description) VALUES('j7nuimiaWQA', 'PLz2LIY6rQQrEJZSut8EvhkBDOiaVQl16h', 'How to break through dichotomous thinking(GDD-322, Master Sheng Yen)', 'While dichotomous thinking is necessary for human culture and civilization, there must be communication and harmony between oppositions and contradictions in order to reach unity. After achieving unity, we must transcend it. Only then can we reach wisdom and absolute compassion, thereby attaining liberation and freedom.');
INSERT INTO videos(vid, pid, title, description) VALUES('gXbkMokR1as', 'PLz2LIY6rQQrEJZSut8EvhkBDOiaVQl16h', 'Cultivating outstanding Buddhist talent(GDD-323, Master Sheng Yen)', 'The most talented and gifted sages in Buddhism are \"naturals.\" They aren''t a product of their environment or of education, but are a natural phenomenon. However, people with slightly lesser or average gifts, either monastics or lay practitioners, can still become Buddhist talent through formal Buddhist education, or through regular practice and study of Buddhist concepts and methods, being a driving force in the transformation of the world today.');
INSERT INTO playlist(pid, cid, title, description) VALUES('PLz2LIY6rQQrFYz6n1-1hV9xGfUDwSRdD5','UCBIGwiecylJsQrhTPBKI4Qw', 'GDD(0276-0300)', '');
INSERT INTO videos(vid, pid, title, description) VALUES('DKLWiLZs6v8', 'PLz2LIY6rQQrFYz6n1-1hV9xGfUDwSRdD5', '\"The mind changes with the environment\"(GDD-0291, Master Sheng Yen)', 'If our minds are affected by our environment, then we''ll change in accordance with it, feeling unstable and insecure. If we can keep our mind unaffected by our environment, then we won''t change with it no matter how our environment changes, and therefore remain composed and calm.');
INSERT INTO videos(vid, pid, title, description) VALUES('1_sha3uo-Yg', 'PLz2LIY6rQQrFYz6n1-1hV9xGfUDwSRdD5', 'Are bodhisattvas and Buddhas humans or deities?(GDD-0279, Master Sheng Yen)', '\"Buddhas and bodhisattvas have the qualities of deities, such as the power to manifest spiritual responses, but Buddhas and bodhisattvas are sages who have only wisdom and compassion and are not attached to the self, and who have already achieved liberation, free from the afflictions of self-centeredness. \n\n\"');
INSERT INTO videos(vid, pid, title, description) VALUES('w_dqxeD7fP0', 'PLz2LIY6rQQrFYz6n1-1hV9xGfUDwSRdD5', 'Buddhist education for children(GDD-0284, Master Sheng Yen)', 'It is essential for people to acquire their moral training and sense of ethics through inculcation from a very early age. Parents should make their child learn about and understand a religious faith that helps develop their gratitude, thankfulness, compassion, and wisdom, so that they grow up to be honest and upright people, kind and genuinely willing to help others.');
INSERT INTO videos(vid, pid, title, description) VALUES('F1ZAf7D_T2Q', 'PLz2LIY6rQQrFYz6n1-1hV9xGfUDwSRdD5', 'Does burning ghost money work?(GDD-0280, Master Sheng Yen)', 'Burning ghost money is not a part of Buddhist culture, nor is it a Buddhist belief. This is a part of Chinese culture that has more of a comforting effect rather than any substantial use for the dead. Therefore, Buddhism advocates reciting the Buddha''s name, preaching the Dharma or reciting the sutras for the deceased, to enable them to become detached, let go of the suffering, and be reborn in the Buddha''s Pure Land.');
INSERT INTO videos(vid, pid, title, description) VALUES('OtPgTsqHzUI', 'PLz2LIY6rQQrFYz6n1-1hV9xGfUDwSRdD5', 'How can we absorb the favorable elements of the West  culture?(GDD-0286, Master Sheng Yen)', 'The good point about Western culture is that it stresses straightforwardness and immediate results; it is good at material and technological cultures. While spiritual culture, or the culture of the inner life, is strength of Asia. We should be able to achieve a blend of the two; the two must be made to complement each other so they can work in harmony without contradiction.');
INSERT INTO videos(vid, pid, title, description) VALUES('FRKfFGHzMpk', 'PLz2LIY6rQQrFYz6n1-1hV9xGfUDwSRdD5', 'How to get teenagers to change their ways?(GDD-0283, Master Sheng Yen)', 'Our society has created an environment to encourage young people to look for stimulation and excitement instead of seeking true satisfaction and contentment. Parents should take responsibility for advising and educating their children from a young age about how to play in a way that is meaningful and is good for the mind and body. Business people must have morality and shouldn''t pander to the public with advertising lines that will cause damage to young people''s minds.');
INSERT INTO videos(vid, pid, title, description) VALUES('KvhTc3G6E6Q', 'PLz2LIY6rQQrFYz6n1-1hV9xGfUDwSRdD5', 'How to overcome deluded thoughts(GDD-0282, Master Sheng Yen)', 'It would be impossible for most people not to have wandering thoughts. It is fine as long as we recognize and be aware of our wandering thoughts. With spiritual practice, such as repentance prostration, reciting sutras or the Buddha''s name or mantras, and sitting meditation, we can train ourselves to calm and purify our minds, and thereby naturally reducing our distracting or wandering thoughts.');
INSERT INTO videos(vid, pid, title, description) VALUES('1g8g9H7uTJs', 'PLz2LIY6rQQrFYz6n1-1hV9xGfUDwSRdD5', 'How we can beyet happy, and tired but joyful(GDD-0290, Master Sheng Yen)', 'We have to be busy in that we need to use our limited lives and precious time to build up our wisdom and merit, by giving of ourselves to serve, help, and take care of others. In Buddhism, we''re busy for ourselves, so even if we''ve gotten nothing in this life, we''ll still have gained merit and the benefit of wisdom. Therefore, we''ll feel tired but very happy for having the opportunity to be busy.');
INSERT INTO videos(vid, pid, title, description) VALUES('enzxTlig1l0', 'PLz2LIY6rQQrFYz6n1-1hV9xGfUDwSRdD5', 'Pursuing a perfect character(GDD-0289, Master Sheng Yen)', 'Pursuit of perfection is impractical, for our wisdom has its limitations and we are bound to have many blind spots, plus the fact that our self-understanding is incomplete. Perfection in its true sense means when our mind isn''t perturbed by the environment because of our confidence and wisdom, while being sincere and genuine, admitting it when we are wrong and continuing our efforts to make progress and improve ourselves.');
INSERT INTO videos(vid, pid, title, description) VALUES('r04fmwK7rlw', 'PLz2LIY6rQQrFYz6n1-1hV9xGfUDwSRdD5', 'The meaning of \"giver of joy\"(GDD-0287, Master Sheng Yen)', 'At Dharma Drum Mountain, managers are referred to as the \"giver of joy\" in the hope that those in the managerial position can, based on the Buddhist idea that all sentient beings are equal and have the Buddha-nature, use their ability and intelligence to serve others and help others to grow, so that everyone feels peaceful and happy.');
INSERT INTO videos(vid, pid, title, description) VALUES('pXUS0UyLCP8', 'PLz2LIY6rQQrFYz6n1-1hV9xGfUDwSRdD5', 'What to do if you accidentally eat meat while practicing vegetarianism(GDD-0288, Master Sheng Yen)', 'A full vegetarian must have a firm will and confidence in themselves to stick to vegetarianism, while following Buddhism in a natural and easy manner without making things difficult for themselves or become imprisoned by their own inflexible views.');
INSERT INTO videos(vid, pid, title, description) VALUES('KYAnJMuGBTo', 'PLz2LIY6rQQrFYz6n1-1hV9xGfUDwSRdD5', 'Why do we often address others as \"bodhisattva?\"(GDD-0277, Master Sheng Yen)', '\"A bodhisattva is someone who hasn''t achieved Buddhahood yet but wants to become a Buddha. Anybody who''s walking on the path towards Buddhahood is called a bodhisattva. As a bodhisattva with initial aspiration to the Way we may still be afflicted by vexations and also experience suffering, but we can practice being wise and compassionate, then our mind will be tranquil and peaceful and we will have fewer vexations.\n\n\"');
INSERT INTO videos(vid, pid, title, description) VALUES('ElSJBXCDzr8', 'PLz2LIY6rQQrFYz6n1-1hV9xGfUDwSRdD5', 'What''s DDM''s goal in activities?(GDD-0293, Master Sheng Yen)', 'Dharma Drum Mountain seeks to address the problems of our day by promoting its vision of uplifting the character of humanity and building a pure land on earth based on the spiritual environmentalism campaign, which has received much of a response from its own followers, other Buddhist groups, and society.');
INSERT INTO videos(vid, pid, title, description) VALUES('ShDEHnUTofU', 'PLz2LIY6rQQrFYz6n1-1hV9xGfUDwSRdD5', 'How can we achieve the right balance between contending and not contending', 'To achieve the right balance between contending and not contending, as well as giving and receiving, Buddhists should make a proper judgment between whether it is for the sake of personal interest or for sentient beings and Buddhism as a whole.');
INSERT INTO videos(vid, pid, title, description) VALUES('jcr0GS5h5oM', 'PLz2LIY6rQQrFYz6n1-1hV9xGfUDwSRdD5', 'Outlook of the 21st century(GDD-0295, Master Sheng Yen)', 'As technology continues to develop and become more and more advanced, our material standard of living will become better and better, but the damage to our environment and the loss and waste of our natural resources will grow more serious, and the feeling of emptiness will grow stronger. In the future people will need religion; we will need the Buddhadharma to offer us a guidance to be at peace, and a way to think about and deal with interpersonal relationships.');
INSERT INTO videos(vid, pid, title, description) VALUES('bKAkXVIZtJE', 'PLz2LIY6rQQrFYz6n1-1hV9xGfUDwSRdD5', 'How to calm an agitated mind(GDD-0296, Master Sheng Yen)', 'If there''s a problem anywhere on this planet, other places will also experience related problems. First of all, we have to face reality and acknowledge that the real world is unstable. Secondly, it''s very important to train ourselves to have peace of mind; once our mind is tranquil and calm, no matter how chaotic the environment is or how it changes, our mind will still be able to stay calm and collected.');
INSERT INTO videos(vid, pid, title, description) VALUES('5NYxVnCPC2k', 'PLz2LIY6rQQrFYz6n1-1hV9xGfUDwSRdD5', 'How to encourage people to practice Buddhism (GDD-0297, Master Sheng Yen)', 'To help Buddhist practitioners persevere in their practice and not give up, monasteries can train more monastics to offer care and concern activities for their devotees. Buddhist followers, when first taking up Buddhism, should take their vows seriously enough, develop the bodhi-mind, and resolve to follow the bodhisattva path. Lay practitioners can take turns organizing group practice activities in their homes, encouraging and helping each other to continue treading the way to bodhi');
INSERT INTO videos(vid, pid, title, description) VALUES('kmHwoa7zob8', 'PLz2LIY6rQQrFYz6n1-1hV9xGfUDwSRdD5', 'Easy methods for calming our body and mind(GDD-0298, Master Sheng Yen)', 'Buddhism incorporates a variety of practices to help us calm our body and mind, and it all depends on whether we do these practices on a regular basis. In our daily lives, we can spare a certain period of time for regular practice, or, when we don''t need to use our brains, recite the Buddha''s name, and use Buddhist views to calm our mind.');
INSERT INTO videos(vid, pid, title, description) VALUES('fWWWGe1WUj4', 'PLz2LIY6rQQrFYz6n1-1hV9xGfUDwSRdD5', 'How should we view the dreams we have of our dead relatives or friends?(GDD-0299, Master Sheng Yen)', 'When we have dreams of our deceased loved ones, the best thing that we can do for them is to recite the Buddha''s name or the sutras and transfer the merit to them. This is the best way to help.');
INSERT INTO videos(vid, pid, title, description) VALUES('pnjHjGZDGxg', 'PLz2LIY6rQQrFYz6n1-1hV9xGfUDwSRdD5', 'How should Buddhists take care of their appearance ?(GDD-0300, Master Sheng Yen)', 'While excessive adornment is unnecessary, we should take care of our appearance in an appropriate manner, partly to ensure a hygienic environment and to show respect and courtesy to others, and partly to establish an image as a means for helping sentient beings.');
INSERT INTO videos(vid, pid, title, description) VALUES('HjjsGvFbp-w', 'PLz2LIY6rQQrFYz6n1-1hV9xGfUDwSRdD5', 'How to properly dispose of old and used things(GDD-0292, Master Sheng Yen)', 'For economic and aesthetic reasons it may make sense to replace old things with new ones, but this does a lot of damage to our natural environment. Of the goods in our everyday life we need to tell the difference between basic necessities and luxury items. The government, as well as industry and commerce, should spend money on researching a set of methods that not only allows for the collection of used plastic products, but also enables them to be recycled and reused again and again.');
INSERT INTO playlist(pid, cid, title, description) VALUES('PLz2LIY6rQQrE2f9ShuxPhQ-iVnmA_Et6U','UCBIGwiecylJsQrhTPBKI4Qw', 'GDD(0251-0275)', '');
INSERT INTO videos(vid, pid, title, description) VALUES('5F9gbRQgVOs', 'PLz2LIY6rQQrE2f9ShuxPhQ-iVnmA_Et6U', 'How to avoid falsehood(GDD-0251, Master Sheng Yen)', 'To speak falsehood is to speak words or speak in a way that harms or hurts people and affects people negatively. Although sometimes there is a need for funny, lighthearted remarks to cheer people up, it is always a best policy to be compassionate and sincere in what we say, in order to get somebody''s respect, earn somebody''s trust, or make people feel we''re amiable and trustworthy.');
INSERT INTO videos(vid, pid, title, description) VALUES('qhaGeW1ZHbY', 'PLz2LIY6rQQrE2f9ShuxPhQ-iVnmA_Et6U', 'How to find a suitable job(GDD-0252, Master Sheng Yen)', 'There is no perfect job in the world. Some people are unsure about what job would suit them best mainly because they don''t understand themselves or lack a clear direction in life. Young people should take their first job as an opportunity to train their patience and perseverance, which will eventually help them earn a steady job.');
INSERT INTO videos(vid, pid, title, description) VALUES('bhKqgvi4EFg', 'PLz2LIY6rQQrE2f9ShuxPhQ-iVnmA_Et6U', 'How to deal with setbacks(GDD-0253, Master Sheng Yen)', 'Dreams and goals are not the same; young people often take their dreams for goals. While it is necessary to have hope, plans, and also dreams for the future, when our dreams are not realized, we must still have peace of mind and not feel troubled, for we have gained wisdom and experience.');
INSERT INTO videos(vid, pid, title, description) VALUES('_NzU2mGqNj0', 'PLz2LIY6rQQrE2f9ShuxPhQ-iVnmA_Et6U', 'Parents with teenage children(GDD-0256, Master Sheng Yen)', '\"Our times may have changed and the ideas about educating children may have changed with the times, but what remains true is that family atmosphere affects the personality of the children and their psychological health. At home, parents should be kind and good-natured, if their opinions differ they must communicate and act for the welfare of the child. If the parents are kind and loving, the child will feel secure. \n\n\"');
INSERT INTO videos(vid, pid, title, description) VALUES('1tMbFoPJyDA', 'PLz2LIY6rQQrE2f9ShuxPhQ-iVnmA_Et6U', 'What attitude should young people have towards the opposite sex?(GDD-0257, Master Sheng Yen)', 'Promiscuity is an irresponsible act towards others, oneself, other people''s families, and society as a whole; it can cause troublesome issues that lead to family problems and also cause problems in educating the children. We must strive to teach our children basic values and beliefs, preferably in some kind of religious belief, so that they can grow up with the relevant moral discipline and restraint.');
INSERT INTO videos(vid, pid, title, description) VALUES('C0DMkTlV7jA', 'PLz2LIY6rQQrE2f9ShuxPhQ-iVnmA_Et6U', 'How do Buddhist summer camps benefit young people?(GDD-0258, Master Sheng Yen)', 'We organize Buddhist summer camps to offer children help and guidance through environmental influences on two levels. First, through group activities and very relaxed courses, we teach them basic Buddhist ideas that one should care for and help others. Secondly, we design spiritual activities such as prostrating to the Buddha, seated meditation, and reciting the Buddha''s name.');
INSERT INTO videos(vid, pid, title, description) VALUES('BSyiN3-tEy4', 'PLz2LIY6rQQrE2f9ShuxPhQ-iVnmA_Et6U', 'Buddhist songs for children(GDD-0259, Master Sheng Yen)', 'Music can express emotions and feelings that language cannot. Buddhist children''s songs are a good way to present the teachings and spirit of Buddhism in a simple and easy to understand way that is also interesting and enjoyable to children.');
INSERT INTO videos(vid, pid, title, description) VALUES('glhF92DqGw8', 'PLz2LIY6rQQrE2f9ShuxPhQ-iVnmA_Et6U', 'Integration of various methods of Buddhist practice(GDD-0260, Master Sheng Yen)', 'Integration of various methods of Buddhist practice cannot be done and is not necessary, in that people''s preferences and aptitudes are not the same. The ideal way is to know how to choose a Dharma gate that is most suitable. Whatever we are learning or want to learn, once we have started and feel that it is good, then keep on learning it.');
INSERT INTO videos(vid, pid, title, description) VALUES('s9zte2ZllYY', 'PLz2LIY6rQQrE2f9ShuxPhQ-iVnmA_Et6U', 'Teen crimes(GDD-0261, Master Sheng Yen)', 'The problem of teen crimes can be attributed mostly to the state of our society as a whole. If we can care more for children, both our own children and other people''s children,  and if parents can spend more time with their children and show more understanding for them, they will more likely become good children.');
INSERT INTO videos(vid, pid, title, description) VALUES('uxxV3yZe6Xo', 'PLz2LIY6rQQrE2f9ShuxPhQ-iVnmA_Et6U', 'Will eating a vegetarian diet lead to malnutrition for children?(GDD-0262, Master Sheng Yen)', 'Nowadays, not everyone is vegetarian for religious reasons. Some are vegetarians for reasons of health, and some because they care for animals. Some people are vegetarians from childhood, but their bodies don''t lack anything. When our body needs something, it will take the food we have eaten and change it into whatever our body needs. As long as one is not a picky eater, one shouldn''t worry that vegetarianism means poor nutrition.');
INSERT INTO videos(vid, pid, title, description) VALUES('KGJsPHTwnO0', 'PLz2LIY6rQQrE2f9ShuxPhQ-iVnmA_Et6U', 'Déjà vu(GDD-0263, Master Sheng Yen)', '\"There are several kinds of dreaming: the kind in which something appears in someone''s dreams because it is frequently on their mind; the kind in which something we may never have thought of or seen appears in our dreams due to the activity of our consciousness; the kind to do with one''s spiritual response with a deity or spirit; and the kind as a result of one''s own power of spiritual practice.\n\n\"');
INSERT INTO videos(vid, pid, title, description) VALUES('YvwaXz2q7JU', 'PLz2LIY6rQQrE2f9ShuxPhQ-iVnmA_Et6U', 'How to address Buddhist clerics(GDD-0264, Master Sheng Yen)', '\"Master,\" \"venerable master\" and \"Dharma master\" are all polite forms of address for Buddhist monks. It is improper to use overly respectful titles like \"great master,\" an honorific title for the Buddha, for ordinary monastics.');
INSERT INTO videos(vid, pid, title, description) VALUES('W9lv6ryGNsg', 'PLz2LIY6rQQrE2f9ShuxPhQ-iVnmA_Et6U', 'Is it right to travel far from your parents when they''re still alive?(GDD-0265, Master Sheng Yen)', 'In our commercial and industrial society we may not be able to take care of our parents in the same way as people did in ancient, agricultural society by living with our parents, we should still show concern for them and provide for their care in a thorough manner.');
INSERT INTO videos(vid, pid, title, description) VALUES('Uw45wHo4D7c', 'PLz2LIY6rQQrE2f9ShuxPhQ-iVnmA_Et6U', 'Why we should eat a vegetarian breakfast on a regular basis(GDD-0266, Master Sheng Yen)', 'To abstain from eating meat on certain meals or certain days as a practice is a good way to practice living a simple life with fewer desires and cultivate our compassion, thereby improving our fate, our society, and environment.');
INSERT INTO videos(vid, pid, title, description) VALUES('dkzEZ_57XUw', 'PLz2LIY6rQQrE2f9ShuxPhQ-iVnmA_Et6U', 'Why there are so many Buddhas, bodhisattvas and deities in Buddhism(GDD-0267, Master Sheng Yen)', 'There are many Buddhas in the past, present, and future; Buddhahood is achieved by sentient beings. A bodhisattva is one who is in the process of going from the stage of sentient being to Buddhahood. Bodhisattvas help Buddhas and work with Buddhas to deliver sentient beings. Deities protect the Three Jewels—the Buddha, the Dharma and the Sangha—so that the Buddhadharma may be propagated smoothly and numerous beings may be delivered. That is why in monasteries of Mahayana Buddhism there are many statues of Buddhas, bodhisattvas, and deities.');
INSERT INTO videos(vid, pid, title, description) VALUES('j7OWfCpfpXg', 'PLz2LIY6rQQrE2f9ShuxPhQ-iVnmA_Et6U', 'Why do some people refer to influential Buddhist groups as shantou, or \"factions\"?(GDD-0268)', '\"Indian Buddhism was split into twenty schools after Shakyamuni Buddha''s death due to the fact that different places with different customs, different conventions, and different needs required that the application and interpretation of the Dharma be carried out from different viewpoints. Similarly, within the Buddhist community nowadays, different big monasteries or organizations may be using different means or methods to do their own things, but they share the same basic ideals and principles as Buddhist groups.\n\"');
INSERT INTO videos(vid, pid, title, description) VALUES('k-3hbB5LW6I', 'PLz2LIY6rQQrE2f9ShuxPhQ-iVnmA_Et6U', 'How funeral arrangements should be handled if there are different religious beliefs in a family(269)', 'In holding funerals, family members should show respect for their parents'' faith. If the other family members aren''t clear about their own faith or that of the deceased, then we Buddhists may take the initiative and advise them to hold a Buddhist funeral. Yet if they insist on their individual preferences, then it''s advisable to use different rites as preferred, while Buddhist family members should hold their own delivery or prayer service for the deceased.');
INSERT INTO videos(vid, pid, title, description) VALUES('suiKUY6qrEA', 'PLz2LIY6rQQrE2f9ShuxPhQ-iVnmA_Et6U', 'Do Buddhists attach importance to celebrating birthdays?(GDD-0270, Master Sheng Yen)', 'If we live in this world with the best intentions, do good deeds, are righteous and generous with people, and help others as much as we can, then that is the best way to celebrate our own birthdays. The true meaning to celebrate parents'' birthdays is to make their lives happier and make them feel at peace by taking care of them with respect and devotion, and by being a kind and good person.');
INSERT INTO videos(vid, pid, title, description) VALUES('a3OAjOMMQfE', 'PLz2LIY6rQQrE2f9ShuxPhQ-iVnmA_Et6U', 'Why does everyone want to get married in a church and not at a Buddhist temple?(GDD-0271)', 'People like to have weddings in churches because they are simple, impressive and solemn. This type of atmosphere gives the couple a feeling of dignity. So as Buddhist monastics interact with lay people every day, it is necessary to design and organize impressive, solemn, and simple humanized Buddhist marriage ceremonies, to let the couple feel that they have grown, their sense of responsibility has increased, and their character has grown.');
INSERT INTO videos(vid, pid, title, description) VALUES('L4LxVU8hzwM', 'PLz2LIY6rQQrE2f9ShuxPhQ-iVnmA_Et6U', 'The surnames of monastics(GDD-0272, Master Sheng Yen)', 'Buddhist monks in China all use the surname Shi derived from Shakya—Shakyamuni Buddha''s clan name—which shows that they are children of Shakyamuni Buddha. We should only ask monastics their Dharma name, not their surname.');
INSERT INTO videos(vid, pid, title, description) VALUES('6uiZDo1p2ns', 'PLz2LIY6rQQrE2f9ShuxPhQ-iVnmA_Et6U', 'Why is the Land of Utmost Bliss in the west?(GDD-0274, Master Sheng Yen)', 'According to the sutras, there are innumerable Buddhas in the ten directions of the universe. The reason why Shakyamuni Buddha introduced Amitabha Buddha''s Pure Land to us is that with the power of Amitabha Buddha''s vows people who have firm faith in the Pure Land can be reborn there, where there are no obstacles for one''s practice of the Buddha path and therefore one can achieve Buddhahood quickly and then return to this Saha World or go to other worlds to liberate sentient beings.');
INSERT INTO videos(vid, pid, title, description) VALUES('tPOjisT5REs', 'PLz2LIY6rQQrE2f9ShuxPhQ-iVnmA_Et6U', '(GDD-0275, Master Sheng Yen)', 'Buddhism teaches people to develop a peaceful and positive mindset with wisdom, compassion, so as to stay unaffected by external unrest and chaos. While those who truly practice the Dharma and help others to practice are too small in number, we should still make a great effort to promote Buddhism, which is of wisdom and compassion and offers stability and a sense of security, and thereby making our society more peaceful and harmonious.');
INSERT INTO playlist(pid, cid, title, description) VALUES('PLz2LIY6rQQrG0yk_g0vOHZCwV0qT_1_Fg','UCBIGwiecylJsQrhTPBKI4Qw', 'GDD(0226-0250)', '');
INSERT INTO videos(vid, pid, title, description) VALUES('mZWTdDAYgGI', 'PLz2LIY6rQQrG0yk_g0vOHZCwV0qT_1_Fg', 'Religious literature and Buddhist books(GDD-0226, Master Sheng Yen)', 'Although all the religious literature out there promotes respect for morality and encourages people to do good, wholesome deeds, Buddhist books, including the Buddhist cannon, have much more to offer in that they are all-embracing, all-inclusive, and all-transcending.');
INSERT INTO videos(vid, pid, title, description) VALUES('Er3b2wl62WY', 'PLz2LIY6rQQrG0yk_g0vOHZCwV0qT_1_Fg', 'What should we do to curb cruel forms of entertainment?(GDD-0227, Master Sheng Yen)', 'Cruelty sports and fighting games should not be encouraged because they pollute our kindness and compassion, the best parts of our humanity, and have a bad effect on children''s psychological maturation. Since we hope that everyone will be able to live together in peace and harmony, we should respect and love each other by starting from our inner peace and not having cruelty in our hearts.');
INSERT INTO videos(vid, pid, title, description) VALUES('2zbg3W1RXH0', 'PLz2LIY6rQQrG0yk_g0vOHZCwV0qT_1_Fg', 'Protecting wildlife(GDD-0228, Master Sheng Yen)', 'As cause and effect relationships operate in nature, the more we destroy natural ecology, the greater the price we will have to pay. From a Buddhist point of view, sentient beings are all equal. Numerous sentient beings live with us in the same world; just as human beings want to survive, we should respect the right of all wildlife to live as long as it does not threaten our life.');
INSERT INTO videos(vid, pid, title, description) VALUES('vbnD_Sboglo', 'PLz2LIY6rQQrG0yk_g0vOHZCwV0qT_1_Fg', 'Vegetarianism(GDD-0229, Master Sheng Yen)', 'People practice vegetarianism for health concerns or religious reasons. Practicing vegetarianism enables people to have a gentler and friendlier temperament, a more peaceful aura, good health, and relatively pure blood.');
INSERT INTO videos(vid, pid, title, description) VALUES('xEg4_yxfZx8', 'PLz2LIY6rQQrG0yk_g0vOHZCwV0qT_1_Fg', 'How to cultivate Buddhist talent(GDD-0230, Master Sheng Yen)', 'To serve society and humanity as a whole, the Buddhist circles should nurture talent that can not only organize and lead religious activities, but also give a lecture on Buddhism. More challenging is to cultivate talent to be Dharma teachers or Chan masters. Also required is to train Buddhist monastics in different ways in order that they can fulfill tasks in different fields, including social services and education.');
INSERT INTO videos(vid, pid, title, description) VALUES('Tj1TfGsY8NM', 'PLz2LIY6rQQrG0yk_g0vOHZCwV0qT_1_Fg', 'How Buddhism can serve as a compass for the times(GDD-0231, Master Sheng Yen)', 'Buddhist methods and forms must change according to the times and the environment, in order to maintain its principle of enabling people to obtain wisdom and thus to cut off their own afflictions, as well as to obtain compassion and thus to help others resolve their problems and free themselves from suffering.');
INSERT INTO videos(vid, pid, title, description) VALUES('INzBpt3feVQ', 'PLz2LIY6rQQrG0yk_g0vOHZCwV0qT_1_Fg', 'Buddhism for the young generation(GDD-0232, Master Sheng Yen)', 'Buddhism is gradually gaining acceptance among the younger generation because it fulfills those who are thoughtful and contemplative in their spiritual quests. Also, Buddhism has a wide range of philosophical theories and practice methods to offer people with different educational levels and cultural backgrounds.');
INSERT INTO videos(vid, pid, title, description) VALUES('R0Yoaf2vPcM', 'PLz2LIY6rQQrG0yk_g0vOHZCwV0qT_1_Fg', 'Should monastics stick to practicing asceticism ？(GDD-0233, Master Sheng Yen)', 'Although the Buddha encourages the ascetic practices of Buddhist monks, ascetic monks must go beg for alms among people, interacting with people and preaching the Dharma. In order for Buddhism to widely and deeply interact with people and merge into society, Buddhist practitioners should often be present in every corner of society.');
INSERT INTO videos(vid, pid, title, description) VALUES('LeKf3vymcNc', 'PLz2LIY6rQQrG0yk_g0vOHZCwV0qT_1_Fg', 'What''s the correct attitude for studying Buddhism?(GDD-0234, Master Sheng Yen)', 'Correct attitude for studying Buddhism involves using the right methods of practice and having a good grasp of the essentials. Enlightenment means to let go of self-centeredness, discrimination, craving, and desire; it means detachment and freedom of body and mind and letting go of the surrounding environment or world.');
INSERT INTO videos(vid, pid, title, description) VALUES('I8XfheH56dI', 'PLz2LIY6rQQrG0yk_g0vOHZCwV0qT_1_Fg', 'The importance of focusing deeply on one method(GDD-0235, Master Sheng Yen)', 'Buddhism emphasizes that in spiritual practice one should focus deeply on one method, be engaged in it, and practice it as best one can. Only when we have achieved sufficient mastery of one method can we then move on to something else. Otherwise we will end up getting confused and achieving nothing.');
INSERT INTO videos(vid, pid, title, description) VALUES('L3xzWBeKZj8', 'PLz2LIY6rQQrG0yk_g0vOHZCwV0qT_1_Fg', 'Cherishing blessings(GDD-0236, Master Sheng Yen)', 'We are closely related to the people of ancient times, to the people in the world today, and to the people of the future; all sentient beings share a common fate. By wasting natural resources we are not only exhausting our blessings but also destroying the natural environment for our future generations; by cherishing our blessings we are actually saving them for the future.');
INSERT INTO videos(vid, pid, title, description) VALUES('PYQG-Sthu5Y', 'PLz2LIY6rQQrG0yk_g0vOHZCwV0qT_1_Fg', 'Avoid all that is evil, do all that is good(GDD-0237, Master Sheng Yen)', 'While Buddhism encourages people to abstain from evil and do good deeds, its main aim is to teach people to purify their own minds. If our mind is impure, we are liable to use impure speech and perform impure physical acts at anytime. We should purify our mind by constantly remaining aware of, repenting of, and cleaning the impure thoughts in our mind.');
INSERT INTO videos(vid, pid, title, description) VALUES('3SpLGsBhaiU', 'PLz2LIY6rQQrG0yk_g0vOHZCwV0qT_1_Fg', 'How can we practice the Way with perseverance?(GDD-0238, Master Sheng Yen)', 'Just as the reality that anyone who wants to achieve something significant must have patience and perseverance, we must exercise patience and work hard non-stop in our practice of the Buddha path. Though we may not be able to see immediate results, we are actually growing and making progress every day.');
INSERT INTO videos(vid, pid, title, description) VALUES('76IhrSc1HE0', 'PLz2LIY6rQQrG0yk_g0vOHZCwV0qT_1_Fg', 'The importance of shame and repentance(GDD-0239, Master Sheng Yen)', 'Shame and repentance go together and complement each other. With a sense of shame, we are able to admit our faulty behaviors. Repentance means taking responsibility for our faults. By having the sense of shame and repenting, we show our willingness to shoulder responsibility and are determined not to repeat the same mistake, and thereby eradicating our karmic hindrances.');
INSERT INTO videos(vid, pid, title, description) VALUES('dqqbmMx8t7E', 'PLz2LIY6rQQrG0yk_g0vOHZCwV0qT_1_Fg', 'How to make our progress along the path of cultivation(GDD-0240, Master Sheng Yen)', 'When we encounter adversity in our spiritual practice, we shouldn''t always suppose it is a demon, but should take it as a kind of training, something we inevitably have to go through when we are making progress. Most of the time, the demonic state reflects the demons of our own mind, such as when we have imaginary fears due to suspicion or when we want to get something for nothing.');
INSERT INTO videos(vid, pid, title, description) VALUES('cJweA-X-x1k', 'PLz2LIY6rQQrG0yk_g0vOHZCwV0qT_1_Fg', 'How to set up a Buddhist altar at home(GDD-0241, Master Sheng Yen)', 'From the Buddhist perspective, the question of having an altar at home or not is not a problem. If there is enough room in the house and the conditions allow then it''s very good to have a altar or shrine. Most importantly is to have an image of the Buddha in our mind, keep the Buddha in our mind and act in line with the Buddha''s teachings.');
INSERT INTO videos(vid, pid, title, description) VALUES('xmMLEosu7Zo', 'PLz2LIY6rQQrG0yk_g0vOHZCwV0qT_1_Fg', 'Taking refuge(GDD-0242, Master Sheng Yen)', 'Taking refuge means to identify with, accept and depend upon the Three Jewels—the Buddha, the Dharma and the Sangha. By taking refuge in the Three Jewels we are affirming and declaring ourselves a Buddhist, and making a vow to follow Buddhism, using the Buddhist concepts and methods to guide us and help us to progress along the bodhisattva path.');
INSERT INTO videos(vid, pid, title, description) VALUES('cNjg1ca59Xw', 'PLz2LIY6rQQrG0yk_g0vOHZCwV0qT_1_Fg', 'How can young people help themselves and make their contribution?(GDD-0243, Master Sheng Yen)', 'Young people may feel worried or panic-stricken when first entering the job market, which is like entering a new world. Entering this new stage of life, new graduates should mentally prepare themselves and not set their ideals too high. The priority consideration is to find a job, one we can live on and gain our foothold in and make a contribution in, with which we can gradually work towards the future.');
INSERT INTO videos(vid, pid, title, description) VALUES('nGOGBtjOw14', 'PLz2LIY6rQQrG0yk_g0vOHZCwV0qT_1_Fg', 'How should we help young people to embrace good values?(GDD-0244, Master Sheng Yen)', 'When we seek personal gain and interest, we must think beyond ourselves and consider the benefits of others. In Buddhism we should encourage young people to understand the purpose and value of human existence, and to use wisdom and hard work to make contributions to society and take making a contribution as their goal and value of life.');
INSERT INTO videos(vid, pid, title, description) VALUES('PNP-6hBopWA', 'PLz2LIY6rQQrG0yk_g0vOHZCwV0qT_1_Fg', 'How do we instill proper religious views in young people?(GDD-0245, Master Sheng Yen)', 'To help children and young people truly know Buddhism, we must begin with the parents. At home parents can encourage children to worship the Buddha, recite Amitabha Buddha''s name or the Bodhisattva''s name (Avalokitesvara or Ksitigarbha), and tell them that the purpose is to seek wisdom and compassion. Monasteries can help in this respect by providing children''s class.');
INSERT INTO videos(vid, pid, title, description) VALUES('L8GNg-Q9t4M', 'PLz2LIY6rQQrG0yk_g0vOHZCwV0qT_1_Fg', 'How we can learn to achieve the carefree ease of \"non-striving\"(GDD-0247, Master Sheng Yen)', 'Although competing and striving is an ingrained habit of humans, what makes us humans truly human is the fact that we have wisdom, rationality, and feelings, and can always use education to transform our habits and character. It''s very important to affirm our own value ourselves, no matter how much we can contribute, no matter how much we understand and whatever we have achieved. Being able to admit and face defeat or failure is also self-affirmation.');
INSERT INTO videos(vid, pid, title, description) VALUES('z58ZC6olna8', 'PLz2LIY6rQQrG0yk_g0vOHZCwV0qT_1_Fg', 'How we may avoid becoming the slaves of our craving(GDD-0248, Master Sheng Yen)', 'The desire to satisfy our wants or excessive, superfluous demands is craving. After satisfying our basic needs to make a living, we should have a greater desire by having hope for everybody, for the everlasting good of a greater environment.');
INSERT INTO videos(vid, pid, title, description) VALUES('8QXCLb5u2F4', 'PLz2LIY6rQQrG0yk_g0vOHZCwV0qT_1_Fg', 'How to become a contented person(GDD-0249, Master Sheng Yen)', 'True contentedness means that all those material things, worldly possessions, desires and cravings are no longer important to us. We should train ourselves to be content by having few desires, and live a more fulfilled life by using our wisdom and our physical strength to help other people and by making efforts to contribute to society.');
INSERT INTO videos(vid, pid, title, description) VALUES('D8iIdjmHCEA', 'PLz2LIY6rQQrG0yk_g0vOHZCwV0qT_1_Fg', 'How we can become unselfish(GDD-0250, Master Sheng Yen)', 'Smart selfishness is the kind that benefits oneself but also benefits others. The most reliable way to be \"selfish\" is to benefit oneself by benefiting others. In terms of bodhisattva practice, the primary goal is to benefit others; yet in the process as we benefit others, we also benefit themselves.');
INSERT INTO playlist(pid, cid, title, description) VALUES('PLz2LIY6rQQrGn_7klo81RBDelnITrOgfM','UCBIGwiecylJsQrhTPBKI4Qw', 'GDD(0201-0225)', 'GDD(0201-0225)');
INSERT INTO videos(vid, pid, title, description) VALUES('51gAdq1TYis', 'PLz2LIY6rQQrGn_7klo81RBDelnITrOgfM', 'Only well-measured practice is the middle way(GDD-0201, Master Sheng Yen)', 'In spiritual practice, we shouldn''t ask for too many results at a time, and we mustn''t work too hard or be too sluggish. For personal practice, we must deeply practice just one Dharma method, instead of trying to be adept at many things in one go. In fact, once we have successfully practiced one method, we will be able to penetrate all others.');
INSERT INTO videos(vid, pid, title, description) VALUES('552LPVJIyNA', 'PLz2LIY6rQQrGn_7klo81RBDelnITrOgfM', 'How to carefully select a site for Dharma practice(GDD-0202, Master Sheng Yen)', 'When we first try to practice Buddhism, we have to overcome our mental obstacles by making a firm resolve. Then we need to spare time for practice by cutting back on not very important socializing, and by stopping idling away our time. Finally, choose a suitable Dharma practice center that teaches and practices the correct Buddhadharma.');
INSERT INTO videos(vid, pid, title, description) VALUES('nz8w80BHvGQ', 'PLz2LIY6rQQrGn_7klo81RBDelnITrOgfM', 'What constitutes a world religion(GDD-0203, Master Sheng Yen)', 'A world religion is a religion that is not only accepted by a large number of people, but can continue to be passed on through the ages of history; it is not just widespread, but can stand the test of time. A true world religion must remain everlastingly fresh and new, and be able to make adjustments in their ideas, forms or methods when time requires it.');
INSERT INTO videos(vid, pid, title, description) VALUES('S5GQL6ru1kw', 'PLz2LIY6rQQrGn_7klo81RBDelnITrOgfM', 'The difference between Mahayana and Hinayana Buddhism(GDD-0204, Master Sheng Yen)', 'In Shakyamuni Buddha''s time, Buddhism had not split into Mahayana and Hinayana, though Mahayana ideas were already circulating. The distinction between Mahayana and Hinayana and their later developments reflect the different ways of interpreting the Buddha''s ideas and the precepts. While Hinayana Buddhism is a conservative form of Buddhism that adheres to Pali scriptures and the Buddha''s original teachings, Mahayana Buddhism emphasizes the Bodhisattva spirit in delivering senting beings and transforming the world.');
INSERT INTO videos(vid, pid, title, description) VALUES('YS-6PLv7a1w', 'PLz2LIY6rQQrGn_7klo81RBDelnITrOgfM', 'Where exactly are the pure lands?(GDD-0205, Master Sheng Yen)', 'Although the idea of rebirth in Amitabha Buddha''s Pure Land is much encouraged in Shakyamuni Buddha''s teachings, the fundamental philosophy of pure land all comes down to the cultivation of a pure mind, a state of mind that is free of greed, hatred, and ignorance.');
INSERT INTO videos(vid, pid, title, description) VALUES('jAQ4jjHqn8I', 'PLz2LIY6rQQrGn_7klo81RBDelnITrOgfM', 'Why academics value Buddhism?(GDD-0206, Master Sheng Yen)', 'In Buddhism, theory and practice are supposed to join together, instead of turning Buddhism into an academic discipline without involving cultivation and faith. By simultaneously studying, practicing, and cultivating, we are more able to truly understand Buddhism, and truly discover the essence of Buddhism or what Buddhism''s advantages are.');
INSERT INTO videos(vid, pid, title, description) VALUES('XoqnuqyEypA', 'PLz2LIY6rQQrGn_7klo81RBDelnITrOgfM', 'Giving up grasping(GDD-0207, Master Sheng Yen)', 'The mind of grasping is a mind that always looks outward and pursues things in the external world. Buddhism offers us methods to train ourselves to lessen such a mind, help us to concentrate our mind so that it becomes quiet and peaceful. By grasping less at external things, our mind won''t be so distracted and confused and therefore we can store up our mental and physical energy for meaningful work.');
INSERT INTO videos(vid, pid, title, description) VALUES('b6hCvvbmCf4', 'PLz2LIY6rQQrGn_7klo81RBDelnITrOgfM', 'How we can lead a life of abundance(GDD-0208, Master Sheng Yen)', 'After satisfying our basic needs for living, we should seek spiritual satisfaction. Religious satisfaction is a form of spiritual satisfaction that is relatively easy to achieve; as long as we have faith and actually practice accordingly we will feel that we are secure and our life is blessed with abundance. The most reliable satisfaction to obtain is when we give of ourselves to benefit others.');
INSERT INTO videos(vid, pid, title, description) VALUES('nkpulCXuo9E', 'PLz2LIY6rQQrGn_7klo81RBDelnITrOgfM', 'Karmic power and the unconscious(GDD-0209, Master Sheng Yen)', 'In terms of psychology, the unconscious is not something that we can control or are aware of, while karmic power, a Buddhist concept similar to the unconscious, is a kind of power produced by our actions in countless past lives, which we can change our karma by understanding its source and not letting it grow.');
INSERT INTO videos(vid, pid, title, description) VALUES('ZDbyahJ6fIA', 'PLz2LIY6rQQrGn_7klo81RBDelnITrOgfM', 'Emptiness and psychodynamics(GDD-0210, Master Sheng Yen)', 'The consciousness-only theory in Buddhism is a study of psychological analysis, which analyzes the mind in great detail. Ego, in Buddhism, is a tendency to cling to an illusion and is constantly changing, and so it is a false or delusory self. Buddhism advocates no-self, a true self that is free of any kind of attachment and realizes emptiness, meaning neither existence nor non-existence.');
INSERT INTO videos(vid, pid, title, description) VALUES('Br9dMhvZDGM', 'PLz2LIY6rQQrGn_7klo81RBDelnITrOgfM', 'Having few desires and being content (GDD-0211, Master Sheng Yen)', 'Buddhism teaches that life is suffering, including the suffering of not getting what one wants. The antidote is to have few desires beyond one''s own needs and be content with what one absolutely needs for daily use.');
INSERT INTO videos(vid, pid, title, description) VALUES('X_4l1Byh4NU', 'PLz2LIY6rQQrGn_7klo81RBDelnITrOgfM', 'Mundane dharmas - worldly phenomena (GDD-0212, Master Sheng Yen)', 'Buddhism teaches that mundane and supramundane dharmas are one and the same. The Platform Sutra states, \"Buddhadharma is of this world, and is to be experienced without leaving it. To leave this world to seek enlightenment is like searching a rabbit for its horns.\" The world gives us a point toward which to apply our efforts, to practice living our lives without feeling distressed or afflicted. This is called transcending the world.');
INSERT INTO videos(vid, pid, title, description) VALUES('cCt1EuMiPAA', 'PLz2LIY6rQQrGn_7klo81RBDelnITrOgfM', 'The Buddhist concept of karmic causality (GDD-0213, Master Sheng Yen)', 'Buddhism looks at the process of life in the context of the past, present, and future lives. For good and bad karma that was sown in the past, we will receive the karmic results in this present life or in future lives. By accepting this law of karmic causality, we can face reality bravely and willingly, and, additionally, maintain infinite hope for the future.');
INSERT INTO videos(vid, pid, title, description) VALUES('toLu6Bn3TrM', 'PLz2LIY6rQQrGn_7klo81RBDelnITrOgfM', 'The true meaning of the Buddhadharma (GDD-0214, Master Sheng Yen)', 'The Buddhadharma is not separated from mundane dharmas and all dharmas of the mundane world are the Buddhadharma. As long as we see through things and perceive them as empty, and are therefore not attached to them at all, then we can be free of the affliction and attain liberation from the sea of suffering.');
INSERT INTO videos(vid, pid, title, description) VALUES('K2p95rWz3CE', 'PLz2LIY6rQQrGn_7klo81RBDelnITrOgfM', 'The true meaning of one''s urge to climb higher (GDD-0215, Master Sheng Yen)', 'The urge to climb higher reflects a human instinct to survive and develop. We should combine this instinct with our spiritual dimension and go beyond, emulating the spirit of the bodhisattva and seeking growth by contributing ourselves.');
INSERT INTO videos(vid, pid, title, description) VALUES('x7EMj2OUVJI', 'PLz2LIY6rQQrGn_7klo81RBDelnITrOgfM', 'How we can avoid letting our ego get inflated (GDD-0216, Master Sheng Yen)', 'An inflated ego is illusory and impractical as personal successes are not achieved single-handedly, but are the result of a multitude of factors. We should constrain ourselves by thinking that even if we achieve something extraordinary that contributes to the whole nation or the whole world, it is actually brought about by the blessings arising from the merit of all sentient beings.');
INSERT INTO videos(vid, pid, title, description) VALUES('BErZ_OYJhAQ', 'PLz2LIY6rQQrGn_7klo81RBDelnITrOgfM', 'The difference between traditional and new religions (GDD-0217, Master Sheng Yen)', 'The formation of new religions is a very natural development in response to the needs of our time, the needs of modern people in a new environment. Although some new religions or religious sects may tend to think and act erroneously, they help spur traditional Buddhism to reform and modernize, while its basic principles remain unchanged.');
INSERT INTO videos(vid, pid, title, description) VALUES('ZPKxedEfAPg', 'PLz2LIY6rQQrGn_7klo81RBDelnITrOgfM', 'The importance of religious education (GDD-0218, Master Sheng Yen)', 'Religious education, in terms of nurturing qualified religious teachers, is important in that it ensures a religion''s development and its dissemination in a pure and orthodox form, and it also helps a religion to offer its services to society, contributing to the welfare of society.');
INSERT INTO videos(vid, pid, title, description) VALUES('1-cz6q1x8TU', 'PLz2LIY6rQQrGn_7klo81RBDelnITrOgfM', 'Compassionate aid, culture and spiritual practice (GDD-0219, Master Sheng Yen)', 'The three areas of compassionate aid, cultural education, and spiritual practice are all necessary for Buddhism as a whole. Compassionate aid represents the practice of giving; cultural education nurtures talent to spread and share the message; and spiritual practice refines and elevates our spirit.');
INSERT INTO videos(vid, pid, title, description) VALUES('bvTUasPluLg', 'PLz2LIY6rQQrGn_7klo81RBDelnITrOgfM', 'Outer paths (GDD-0220, Master Sheng Yen)', 'Instead of referring to heresy, \"outer path\" means seeking spiritual or material assistance from a source outside oneself. Buddhism teaches about realizing the mind and seeing the nature from within because the fundamental Buddha nature lies in the mind. However, outer paths can always serve as a way through which one learns to let go of one''s original clinging mind.');
INSERT INTO videos(vid, pid, title, description) VALUES('TeqTcOyw6rs', 'PLz2LIY6rQQrGn_7klo81RBDelnITrOgfM', 'The importance of being able to identify true religious books (GDD-0221, Master Sheng Yen)', 'Though some occult sciences or folk religions do share a common basis with higher forms of religion, they lack the features, contents, and functions to be a religion. A Buddhist should solely rely on the Buddha, Dharma, and Sangha, and should not follow unorthodox cults or outer-path ways, which cannot give up clinging to the self and embrace the concepts of impermanence and no-self.');
INSERT INTO videos(vid, pid, title, description) VALUES('C8W8zLOjb-k', 'PLz2LIY6rQQrGn_7klo81RBDelnITrOgfM', 'Buddhist perspective on rights and equality (GDD-0222, Master Sheng Yen)', 'Regarding equality, the Buddha taught that all sentient beings possess the intrinsic wisdom of the Buddha, and that, in teaching his monastic disciples, when one was willing to leave the household life to practice the path one could become an arhat, whether one was a man or a woman. On the issue of shared rights, the Buddha taught that every person has the same human dignity and everybody is equal, although they may be receiving different education and are assigned different tasks.');
INSERT INTO videos(vid, pid, title, description) VALUES('j9rBi8fxGyo', 'PLz2LIY6rQQrGn_7klo81RBDelnITrOgfM', 'How Buddhists can both be engaged in the world and transcend it (GDD-0223, Master Sheng Yen)', 'One can be engaged in the world while transcending it regardless of one''s physical location. It all lies in whether one can serve society and help solve problems of the world while living a life that accords with the standards of the Dharma, without creating disorder and being possessive of worldly things and affairs.');
INSERT INTO videos(vid, pid, title, description) VALUES('noNqCZVkBQk', 'PLz2LIY6rQQrGn_7klo81RBDelnITrOgfM', 'Mystical experience (GDD-0224, Master Sheng Yen)', 'Mystical experiences may happen as a production of one''s personal spiritual cultivation or come from an external force. Mystical experiences can help develop one''s self-confidence and enhance one''s faith in one''s religion and teacher, on the premise that such powers or experiences are not violating the law of karmic causality.');
INSERT INTO playlist(pid, cid, title, description) VALUES('PLz2LIY6rQQrF_FDoLlfpHwgnbQATFx7xN','UCBIGwiecylJsQrhTPBKI4Qw', 'GDD(0176-0200)', 'GDD(0176-0200)');
INSERT INTO videos(vid, pid, title, description) VALUES('BfXOWJoc5Ak', 'PLz2LIY6rQQrF_FDoLlfpHwgnbQATFx7xN', 'Learning to let go in life(GDD-0176, Master Sheng Yen)', 'Human beings always hope for increase. Real addition means that, while one may be gaining more fame, status, power, and wealth, one should also grow in merit, wisdom, and compassion. Otherwise, it is like taking more and more money out of a bank account, with the account balance getting smaller and smaller.');
INSERT INTO videos(vid, pid, title, description) VALUES('Pqf-RHoHh5s', 'PLz2LIY6rQQrF_FDoLlfpHwgnbQATFx7xN', 'The true meaning of universal love(GDD-0177, Master Sheng Yen)', 'Buddhism encourages the kind of love for all humanity, for all sentient beings, or, in Buddhist terms, unconditioned compassion. As the Diamond Sutra teaches, \"\"Without dwelling in anything whatsoever, allow this mind to arise,\"\" one should help others without thought of helping others and expecting anything in return.');
INSERT INTO videos(vid, pid, title, description) VALUES('YiYhUZX10gQ', 'PLz2LIY6rQQrF_FDoLlfpHwgnbQATFx7xN', 'The true meaning of a practical life(GDD-0178, Master Sheng Yen)', 'To live a practical life is to cherish our life in the here and now, treasuring the time and environment we have and using them wisely, such as reciting the Buddha''s name, doing good deeds, spreading the Buddhadharma, taking part in volunteer work, engaging in social service, and showing concern for people in general. While it is important to work when it''s time to work, we should also rest when it''s time to rest and relax when it''s time to relax.');
INSERT INTO videos(vid, pid, title, description) VALUES('yYbvoGFS5m8', 'PLz2LIY6rQQrF_FDoLlfpHwgnbQATFx7xN', 'Realizing the value of  life(GDD-0179, Master Sheng Yen)', 'The value of life depends on how we use our lives. If what we want are positive values, we must use our bodily, verbal, and mental actions to achieve sufficient growth in our morals, character, and humanity.');
INSERT INTO videos(vid, pid, title, description) VALUES('jpamHL0N2Mk', 'PLz2LIY6rQQrF_FDoLlfpHwgnbQATFx7xN', 'How to break through the stifling distress that engulfs our lives(GDD-0180, Master Sheng Yen)', 'Shakyamuni Buddha taught us that life is suffering. Buddhism is to resolve the suffering of our world by offering people with Buddhist concepts and methods to deal with and transform the suffering.');
INSERT INTO videos(vid, pid, title, description) VALUES('_tXgeSYeQ5E', 'PLz2LIY6rQQrF_FDoLlfpHwgnbQATFx7xN', 'Following your conscience(GDD-0181, Master Sheng Yen)', 'Moral intuition or conscience often clashes with human desire. Because we are human beings and not animals, we have to safeguard our conscience and not to abandon it and nurture our desires. It takes practice to maintain a conscience and use our conscience to judge.');
INSERT INTO videos(vid, pid, title, description) VALUES('bwDGfR3JKTE', 'PLz2LIY6rQQrF_FDoLlfpHwgnbQATFx7xN', 'Cultivating moral courage(GDD-0182, Master Sheng Yen)', 'The reckless courage of the ordinary people is just bravery that lacks wisdom, the courage of those who do not know themselves, while the moral courage taught in Buddhism is the kind that shoulders all the burdens that no one else can bear, with patience, perseverance, and a profound mind.');
INSERT INTO videos(vid, pid, title, description) VALUES('UyrN6QGtwko', 'PLz2LIY6rQQrF_FDoLlfpHwgnbQATFx7xN', 'An untainted mind(GDD-0183, Master Sheng Yen)', 'From a Buddhist standpoint, we bring the contamination with us at birth due to our beginningless ignorance, so our mind may impulsively give rise to emotions and desires in any circumstance. We can just tell ourselves to calm down and relax our mind, making it less susceptible to external environment.');
INSERT INTO videos(vid, pid, title, description) VALUES('5AcymJGbj2o', 'PLz2LIY6rQQrF_FDoLlfpHwgnbQATFx7xN', 'How to become more broadminded(GDD-0184, Master Sheng Yen)', 'To develop a broad mind, we can learn to regard time and space as everlasting and endless. With this breadth of mind, we will be able to let go of our ego, embrace and be more tolerant of all people and all situations, thereby attaining the sense of ease and freedom.');
INSERT INTO videos(vid, pid, title, description) VALUES('OcqhqMlMiVw', 'PLz2LIY6rQQrF_FDoLlfpHwgnbQATFx7xN', 'A peaceful mind(GDD-0185, Master Sheng Yen)', 'A peaceful mind, or an \"ordinary mind\" in terms of Chan Buddhism, is the state of mind unaffected by external situations and therefore free of fluctuation or inner conflicts, while remaining clearly aware of whatever there is in our surroundings.');
INSERT INTO videos(vid, pid, title, description) VALUES('Ff9diishvT0', 'PLz2LIY6rQQrF_FDoLlfpHwgnbQATFx7xN', 'Taking control of our mind(GDD-0186, Master Sheng Yen)', 'When we don''t have a firm standpoint and a clear direction, we have no control of our own mind. By practicing spiritually, cultivating insight and concentration, we will know our direction and standpoint better and therefore become more aware and gain mastery of our own mind.');
INSERT INTO videos(vid, pid, title, description) VALUES('1oDRJjDNJ98', 'PLz2LIY6rQQrF_FDoLlfpHwgnbQATFx7xN', 'How to realize non-self(GDD-0187, Master Sheng Yen)', 'To realize non-self, we must first let go of a foolish and selfish self that seeks temporary benefit and advantage for ourselves but causes others to suffer losses, and then practice  doing meritorious deeds without calculating whether we will gain any merit, and regard it as something we should do.');
INSERT INTO videos(vid, pid, title, description) VALUES('JIyEKlM4h7M', 'PLz2LIY6rQQrF_FDoLlfpHwgnbQATFx7xN', 'Contemplating the impurities of the body(GDD-0188, Master Sheng Yen)', 'The practice of mindfulness of the body as impure is to help us eliminate our clinging to the self. Though our body is impure and unclean, it is a useful tool with which we can practice the way of bodhisattva, cultivating merit and wisdom. We still have to protect it and keep it healthy so it can serve its proper purposes.');
INSERT INTO videos(vid, pid, title, description) VALUES('NAaPjJTJevE', 'PLz2LIY6rQQrF_FDoLlfpHwgnbQATFx7xN', 'Mindfulness of sensation as suffering(GDD-0189, Master Sheng Yen)', 'The practice of contemplating our sensation, or feelings, as suffering is to make us aware that in this world suffering is the rule, while joy is a temporary exception. By having fewer desires and being content, we can minimize our cravings for the pursuit of all kinds of desires, and eventually attain liberation, which is the eternal joy.');
INSERT INTO videos(vid, pid, title, description) VALUES('dIRhNvaBhZk', 'PLz2LIY6rQQrF_FDoLlfpHwgnbQATFx7xN', 'Mindfulness of the impermanence of the mind(GDD-0190, Master Sheng Yen)', 'The mind of the average person is afflicted by greed, aversion, and ignorance and therefore is deluded and impermanent, while the Buddha mind, or the pure mind, is marked by selfless wisdom and compassion and therefore is an unchanging mind. By changing our afflicted mind into a mind of wisdom, we are actually turning impermanence into infinite hope and creating a brighter future.');
INSERT INTO videos(vid, pid, title, description) VALUES('ICIzrtgt7IA', 'PLz2LIY6rQQrF_FDoLlfpHwgnbQATFx7xN', 'Mindfulness of dharmas as without self(GDD-0191, Master Sheng Yen)', 'To contemplate all phenomena as without a self is to contemplate that our physiological and psychological phenomena and all the material phenomena in our environment are constantly changing. By letting go of our ego or selfish self we will realize the true self, turning the small self into the infinite self, the greater self, which is eternal.');
INSERT INTO videos(vid, pid, title, description) VALUES('vSSB9kS5Q24', 'PLz2LIY6rQQrF_FDoLlfpHwgnbQATFx7xN', 'The importance of observing the precepts(GDD-0192, Master Sheng Yen)', 'Buddhist precepts serve as the standard of action for a person and a fundamental moral code for the exemplary Buddhist. They were designed to protect our bodily health, to preserve the harmony of our households, and to ensure the tranquility of society.');
INSERT INTO videos(vid, pid, title, description) VALUES('wiWG_2U96Xc', 'PLz2LIY6rQQrF_FDoLlfpHwgnbQATFx7xN', 'The importance of cultivating firm-mindedness(GDD-0193, Master Sheng Yen)', 'In spiritual practice, it is very important to choose one Dharma method and stick to it, believing it to be the best. This gives the practitioner a strong footing and confidence and therefore can be truly beneficial.');
INSERT INTO videos(vid, pid, title, description) VALUES('PQBC9R1p8xI', 'PLz2LIY6rQQrF_FDoLlfpHwgnbQATFx7xN', 'How to develop our wisdom(GDD-0194, Master Sheng Yen)', 'Knowledge is not necessarily wisdom. Wisdom means objectivity and freedom from self-centeredness. We gain wisdom by reading the sutras and listening to the Buddhadharma.');
INSERT INTO videos(vid, pid, title, description) VALUES('qhyZNMw_Gck', 'PLz2LIY6rQQrF_FDoLlfpHwgnbQATFx7xN', 'The relationship between Buddhism and politics(GDD-0195, Master Sheng Yen)', 'Shakyamuni Buddha travelled among different countries in ancient India to teach the Dharma, hoping to help those countries by influencing their political systems with the ten virtues. Today, Buddhists should know no national borders and not be divided along party lines in applying the Dharma to help humanity and society.');
INSERT INTO videos(vid, pid, title, description) VALUES('onzufs_X0S4', 'PLz2LIY6rQQrF_FDoLlfpHwgnbQATFx7xN', 'Buddhists'' stance on participating in politics(GDD-0196, Master Sheng Yen)', 'Nowadays Buddhists should show concern for political affairs while applying Buddhist concepts and the principles of compassion and wisdom. Compassion allows us to be tolerant of people who hold different views. With wisdom we can develop and utilize all the human, social, and political resources in our community, thereby benefitting society.');
INSERT INTO videos(vid, pid, title, description) VALUES('N-uSepirjqw', 'PLz2LIY6rQQrF_FDoLlfpHwgnbQATFx7xN', 'Can monastics involve in politics?(GDD-0197, Master Sheng Yen)', 'Buddhist monks can and should serve as elected representatives, to express their own views and share their beliefs with the entire nation so that they will be duly considered, accepted and implemented, thereby benefitting our country and our society.');
INSERT INTO videos(vid, pid, title, description) VALUES('zNDqcWdLZiE', 'PLz2LIY6rQQrF_FDoLlfpHwgnbQATFx7xN', 'What are we really so busy for?(GDD-0198, Master Sheng Yen)', 'We have to work hard to insure our own future prospects by achieving merit and virtue, as a way to take responsibility for the past and the future. In addition, we have to work hard to help and benefit all the myriad sentient beings in the universe by using our wisdom and compassion.');
INSERT INTO videos(vid, pid, title, description) VALUES('uGMut-wPkqY', 'PLz2LIY6rQQrF_FDoLlfpHwgnbQATFx7xN', 'What attitude we should have when facing the onslaught of disease(GDD-0199, Master Sheng Yen)', 'The \"four sufferings\" of birth, aging, sickness, and death are inevitable. While finding ways to adjust both our body and mind to improve our health, we should be aware and mentally prepared for disease and death. When our hour has come, we should set our mind at rest and go happily and joyfully to the Pure Land of Amitabha.');
INSERT INTO videos(vid, pid, title, description) VALUES('7jynTpIXNBY', 'PLz2LIY6rQQrF_FDoLlfpHwgnbQATFx7xN', 'Starting Dharma practice at a young age(GDD-0200, Master Sheng Yen)', 'Any undertaking has to be started in one''s youth so as to lay a solid foundation. We should not wait until we are old to study Buddhism, but should start to practice the moment we hear about the Dharma. Nowadays it''s easier than ever to go about learning and practicing the Buddhadharma, so we want to do that while we can by making the most of our spare time and holidays to get into contact with Buddhism.');
INSERT INTO playlist(pid, cid, title, description) VALUES('PLz2LIY6rQQrGT_FFhy6GOYMH9e5G4-QIO','UCBIGwiecylJsQrhTPBKI4Qw', 'GDD(0151-0175)', 'GDD(0151-0175)');
INSERT INTO videos(vid, pid, title, description) VALUES('yk3UWcoV61k', 'PLz2LIY6rQQrGT_FFhy6GOYMH9e5G4-QIO', 'Is \"Buddhism of the human world\" against Buddhist tradition? (GDD-151, Master Sheng Yen)', '\"Buddhism is meant to solve major human problems of birth, aging, sickness, and death. It is to be practiced in daily life so that we can live without fear and with a sense of security and stability, and that people can live peacefully with each other and care for each other.\n\n\n\"');
INSERT INTO videos(vid, pid, title, description) VALUES('lWtTyUeiQ1w', 'PLz2LIY6rQQrGT_FFhy6GOYMH9e5G4-QIO', 'Buddhist music (GDD-152, Master Sheng Yen)', 'Music is a basic and universal tool for communicating emotions and, in terms of its positive aspect, can alleviate people''s emotional tension. Similarly, Buddhist chanting or music, being pure, peaceful, joyous and harmonious, helps purify people''s emotions.');
INSERT INTO videos(vid, pid, title, description) VALUES('IvP3kt74SRU', 'PLz2LIY6rQQrGT_FFhy6GOYMH9e5G4-QIO', 'How we can be contented with a simple life to seek inner joy (GDD-153, Master Sheng Yen)', '\"Though it is very hard for us to return to simplicity living in modern society, if we can keep a piece of simple and pure nature in our mind by cutting down our wants and having fewer desires, we can still contribute to the protection and conservation of our natural environment.\n.\"');
INSERT INTO videos(vid, pid, title, description) VALUES('lcR0Q4I_nEw', 'PLz2LIY6rQQrGT_FFhy6GOYMH9e5G4-QIO', 'How to live a convenient life in a sustainable manner? (Environmental protection) (GDD-154)', '\"To convenience ourselves but end up inconveniencing others or causing long-term aftereffects is actually to sow bad karmic seeds, harming ourselves and others in the future. Since the garbage problem has become very serious now, if we can create less of garbage and less waste we will be doing a meritorious deed by cutting down on pollution for the benefit of society. \n\n\"');
INSERT INTO videos(vid, pid, title, description) VALUES('vxjgczJNH_4', 'PLz2LIY6rQQrGT_FFhy6GOYMH9e5G4-QIO', 'How can Ch''an practice be applied in education (GDD-155, Master Sheng Yen)', '\"Ch''an practice or meditation as a way to relax and train our body and mind is worth promoting in that it enables us to become gentler and milder in temperament, stronger and more stable in their personality. \n\"');
INSERT INTO videos(vid, pid, title, description) VALUES('JFJyW4_0LfI', 'PLz2LIY6rQQrGT_FFhy6GOYMH9e5G4-QIO', 'Living in the present (GDD-156, Master Sheng Yen)', '\"With more and more information and knowledge to occupy our minds nowadays, it''s all the more important to make best use of our time. Living in the present, appreciateing the present, and enjoying the present is actually the most economical way to use the time.\n\"');
INSERT INTO videos(vid, pid, title, description) VALUES('v4EncYcf_UQ', 'PLz2LIY6rQQrGT_FFhy6GOYMH9e5G4-QIO', 'How should women plan their life? (GDD-157, Master Sheng Yen)', '\"The times, society, and family structures may have changed, men and women cannot exchange their natural roles. In terms of work in society and intellectual ability, women and men should be equal, but in terms of taking care of children and home, women have more patience, resilience, endurance and they are more stable and better equipped.\n\n\n\"');
INSERT INTO videos(vid, pid, title, description) VALUES('Xhh6mXtfn90', 'PLz2LIY6rQQrGT_FFhy6GOYMH9e5G4-QIO', 'How can women face up to karma and eliminate obstacles? (GDD-158, Master Sheng Yen)', '\"Karmic obstruction means our evil karma that has accumulated in past lives and our occupation that keeps us from taking up the teachings of the Buddhadharma. We should be broad-mined or use psychological concepts to make adjustments and not lose hope.\n\n\n\"');
INSERT INTO videos(vid, pid, title, description) VALUES('KUGF3a6cfYk', 'PLz2LIY6rQQrGT_FFhy6GOYMH9e5G4-QIO', 'How to become a graceful, modern beauty (GDD-159, Master Sheng Yen)', '\"Exterior beauty without internal substance is only superficial and false beauty. True face with honesty, sincerity, and compassion in mind is the beauty within, and therefore the genuine beauty. Beauty and ugliness are determined in the mind, not by one''s outward appearance.\n\n\"');
INSERT INTO videos(vid, pid, title, description) VALUES('CIYiufCjUeA', 'PLz2LIY6rQQrGT_FFhy6GOYMH9e5G4-QIO', 'How to pursue a bright, beautiful, and fulfilling marriage (GDD-160, Master Sheng Yen)', '\"Husband and wife are two distinct people from different backgrounds and so may have different ways of thinking about children, home, finances, careers, and how to deal with things. Husband and wife should respect each other, learn from each other, forgive and be understanding towards each other, and care for each other.\n \"');
INSERT INTO videos(vid, pid, title, description) VALUES('fLUZ_6Iw4pA', 'PLz2LIY6rQQrGT_FFhy6GOYMH9e5G4-QIO', 'How can one emerge from the game of pursuit of wealth(GDD-161, Master Sheng Yen)', '\"Pursuing wealth for individual self-interest will bring harm to oneself and others. Instead, by seeking wealth for all society or all human beings without harming others, we are cultivating blessings and accumulating merit. \n\n\"');
INSERT INTO videos(vid, pid, title, description) VALUES('UoII57z3UoY', 'PLz2LIY6rQQrGT_FFhy6GOYMH9e5G4-QIO', 'A look at \"life plan\" from the Buddhist perspective(GDD-162, Master Sheng Yen)', '\"Life planning should cover endless lives and go beyond the material aspect. We can plan our life by setting a direction for the growth of our spiritual cultivation and realizing where our talents lie, our qualities and abilities, and what our resources are.\n\"');
INSERT INTO videos(vid, pid, title, description) VALUES('A7c42OXqabQ', 'PLz2LIY6rQQrGT_FFhy6GOYMH9e5G4-QIO', 'The correct way to view and care for our body to make use of it for spiritual practice(GDD-163)', '\"Though Buddhism teaches us not to be attached to our physical body, it is a tool for the practice of the Way, a medium through which we cultivate wisdom. We should use it properly, and care for it by protecting our physical health through doing exercises, sitting meditation, or simply relaxing our body and mind at any time or place.\n\"');
INSERT INTO videos(vid, pid, title, description) VALUES('mr7PG8ICXZU', 'PLz2LIY6rQQrGT_FFhy6GOYMH9e5G4-QIO', 'How can we elude the temptations and fetters of material indulgence(GDD-164, Master Sheng Yen)', '\"The higher the level of spiritual involvement in one''s life, the lower one''s degree of dependence on material goods. However, to do without material things completely is not something Buddhism advocates. Our use of material should be appropriate to who we are, suitable for the situation we are in, and suitable for the time.\n \n\"');
INSERT INTO videos(vid, pid, title, description) VALUES('HkZzrW4cHxc', 'PLz2LIY6rQQrGT_FFhy6GOYMH9e5G4-QIO', 'How to attain freedom and ease in emotions(GDD-0165, Master Sheng Yen)', 'There are three levels of emotion: passing moods, feelings, and noble sentiments. Buddhism encourages the elimination of passing moods, and the harmonization, purification, and exaltation of rationality and emotion, thereby developing compassion and wisdom.');
INSERT INTO videos(vid, pid, title, description) VALUES('gxpaAtbWS5o', 'PLz2LIY6rQQrGT_FFhy6GOYMH9e5G4-QIO', 'Interpersonal skills(GDD-0166, Master Sheng Yen)', 'The suffering of meeting the hated and the suffering of parting with the beloved reflect the affliction we have in our interpersonal relationships. Buddhism helps us deal with these problems by teaching us to let go of our self-centeredness through repentance and transference of merit.');
INSERT INTO videos(vid, pid, title, description) VALUES('AferNks9OPo', 'PLz2LIY6rQQrGT_FFhy6GOYMH9e5G4-QIO', 'The art of work(GDD-0167, Master Sheng Yen)', 'As a responsibility to contribute to society in which we help each other to live and exist, we should employ \"ordinary mind\" to do what we should, what we can, and what we are given to do, while seeking to improve ourselves by constantly learning from more capable or talented people.');
INSERT INTO videos(vid, pid, title, description) VALUES('SM61kNK5b24', 'PLz2LIY6rQQrGT_FFhy6GOYMH9e5G4-QIO', 'How to transcend the things that happen to us in life (GDD-0168, Master Sheng Yen)', 'When our mind changes with the environment, then it is subject to afflictions. We should be the master of our own mind by not being affected by the situations or circumstances we are in, while seeking to improve the environment from an impartial perspective and with a broad mind.');
INSERT INTO videos(vid, pid, title, description) VALUES('vSo0SA0ot_8', 'PLz2LIY6rQQrGT_FFhy6GOYMH9e5G4-QIO', 'How to build self-confidence(GDD-0169, Master Sheng Yen)', 'Fame, status, wealth, power and influence do not help us to build confidence. To build true confidence, one must not be affected by wealth or poverty, high or low status, and life or death, and have a right understanding of ourselves.');
INSERT INTO videos(vid, pid, title, description) VALUES('2MNGKbI2GIw', 'PLz2LIY6rQQrGT_FFhy6GOYMH9e5G4-QIO', 'Why can''t success, wealth, power, and status bring us happiness?(GDD-0170, Master Sheng Yen)', 'According to Confucius, those who can establish merit, virtue, or words are successful people. In terms of Buddhism, those who can achieve peace of mind are also successful people, and attaining Buddhahood is the greatest success.');
INSERT INTO videos(vid, pid, title, description) VALUES('67J5mD5nSKQ', 'PLz2LIY6rQQrGT_FFhy6GOYMH9e5G4-QIO', 'How to find our true self(GDD-0171, Master Sheng Yen)', 'Most people have misconception of the self and therefore become the slaves of the external environment. To find our true self is to learn to be our own master and govern our mind, while trying our best to do what we can, learn what we should learn, and continually correct ourselves.');
INSERT INTO videos(vid, pid, title, description) VALUES('-KRuLqlQLcs', 'PLz2LIY6rQQrGT_FFhy6GOYMH9e5G4-QIO', 'How to own up to our mistakes (GDD-0172, Master Sheng Yen)', 'To encourage people to own up to their own mistakes, we must accept responsibility for our mistakes and also accept other people''s admission of their mistakes. By bravely owning up when we make a mistake, we will be more able to avoid repeating the same mistake, which is the true meaning of repentance.');
INSERT INTO videos(vid, pid, title, description) VALUES('wiRp1QcJH48', 'PLz2LIY6rQQrGT_FFhy6GOYMH9e5G4-QIO', 'How to transcend the basic human desires for food and sex(GDD-0173, Master Sheng Yen)', 'To truly transcend our self, we must constantly make progress by letting go of our views, affirm, encourage, and recognize others by letting go of our self-centeredness, as well as give of ourselves without thinking of getting anything back.');
INSERT INTO videos(vid, pid, title, description) VALUES('FuVjj_BzvRo', 'PLz2LIY6rQQrGT_FFhy6GOYMH9e5G4-QIO', 'How to cope when one loses his social status(GDD-0174, Master Sheng Yen)', 'Social status actually means the roles one plays in society and should be regarded from the angle of equality, and not from the point of view of its differences. As long as one plays one'' roles appropriately and fulfills their respective duties, then one already has a social status and will be approved by society.');
INSERT INTO videos(vid, pid, title, description) VALUES('ltrgEhp0tT0', 'PLz2LIY6rQQrGT_FFhy6GOYMH9e5G4-QIO', 'The pursuit of freedom and dignity (GDD-0175, Master Sheng Yen)', 'Instead of trying to obtain freedom and dignity from outside ourselves, we should earn them by first giving others their freedom and acting like we deserve our dignity, instead of trying to extend our own individuality and fighting for dignity.');
INSERT INTO playlist(pid, cid, title, description) VALUES('PLz2LIY6rQQrE1AEPcwgUe2uIfu3D0_W7p','UCBIGwiecylJsQrhTPBKI4Qw', 'GDD(0126-0150)', '');
INSERT INTO videos(vid, pid, title, description) VALUES('9Ta0HRPaTT4', 'PLz2LIY6rQQrE1AEPcwgUe2uIfu3D0_W7p', 'How to choose  a suitable \"Dharma-gate,\" or method of practice, for oneself(GDD-126)', '\"The most suitable Dharma-gate is the one we come into contact with and are using right now, which we should believe to be the best. One can make small adjustments on the spiritual path, but one shouldn''t frequently change one''s spiritual path, for the most effective and reliable practice should be a deep commitment to one single Dharma-gate. \n\n  \"');
INSERT INTO videos(vid, pid, title, description) VALUES('2Er3EeMqeAc', 'PLz2LIY6rQQrE1AEPcwgUe2uIfu3D0_W7p', 'The ritual of taking refuge in the Three Jewels(GDD-127, Master Sheng Yen)', '\"Though reading sutras or practicing the Dharma by oneself can be beneficial, it is not as good as  having taken refuge in the three jewels in that it marks one''s aspiration to learn the Buddhadharma in its true sense from a source of transmission, and a collective spirit to enhance one''s spiritual practice.\n\n\"');
INSERT INTO videos(vid, pid, title, description) VALUES('tHJTYNYuSZU', 'PLz2LIY6rQQrE1AEPcwgUe2uIfu3D0_W7p', 'Individual vs. group cultivation(GDD-128, Master Sheng Yen)', 'The Buddhist term \"seven classes of disciples\" indicates that Buddhism has always encouraged group cultivation, in which practitioners can encourage and correct each other and thus help each other grow better, faster, as well benefit from wise teachers and fellow practitioners spiritually.');
INSERT INTO videos(vid, pid, title, description) VALUES('Izx6gSfW3g4', 'PLz2LIY6rQQrE1AEPcwgUe2uIfu3D0_W7p', 'The difference between creating and dispelling karmic ties(GDD-129, Master Sheng Yen)', 'To form good karmic ties with all sentient beings is to aid them through the Buddhadharma, in which we use the Dharma to help others help themselves or use material objects to release other people''s suffering unconditionally.');
INSERT INTO videos(vid, pid, title, description) VALUES('Q0ST0AhJ4WU', 'PLz2LIY6rQQrE1AEPcwgUe2uIfu3D0_W7p', 'The difference between a Buddha''s and a Bodhisattva''s deliverance(GDD-130, Master Sheng Yen)', 'A bodhisattva is an enlightened sentient being, who benefits himself and others in leaving behind afflictions, gaining wisdom, and ultimately attaining Buddhahood. While a buddha is perfect in both blessings and wisdom, one who has realized no-self and delivers sentient beings without thinking there are any to deliver.');
INSERT INTO videos(vid, pid, title, description) VALUES('otz_kHS20hI', 'PLz2LIY6rQQrE1AEPcwgUe2uIfu3D0_W7p', 'Freeing captive animals—its meaning and methods(GDD-131, Master Sheng Yen)', 'It is best for animals to live in natural environments, so animal protection or preservation is a better way for the purpose of protecting lives, instead of releasing captive animals into an environment in which they cannot survive.');
INSERT INTO videos(vid, pid, title, description) VALUES('abcquC26m8o', 'PLz2LIY6rQQrE1AEPcwgUe2uIfu3D0_W7p', 'How to face predicaments and overcome obstacles in our lives(GDD-132, Master Sheng Yen)', 'From the Buddhist perspective, life is suffering and the process from birth till death is all surrounded by difficulties. We should face this reality of life with mental preparation and a positive way of thinking, taking it as a necessary training to aid our development.');
INSERT INTO videos(vid, pid, title, description) VALUES('IZLvUXuWnYU', 'PLz2LIY6rQQrE1AEPcwgUe2uIfu3D0_W7p', 'How to lead a rational emotional life(GDD-133, Master Sheng Yen)', 'A rational emotional life is one with emotions and rationality in harmony. If we are stuck with an emotional problem, we should use the Buddhadharma to channel our mind and have a new way of thinking so as to overcome the problem.');
INSERT INTO videos(vid, pid, title, description) VALUES('1qmA1LuuhGY', 'PLz2LIY6rQQrE1AEPcwgUe2uIfu3D0_W7p', 'The meaning of work(GDD-134, Master Sheng Yen)', 'Having a job means having the means to sustain our daily living and a way to contribute to society in which people work to produce the living environment and conditions we enjoy. We should take going to work as performing a service to society and forming good karmic affinities with others, which will in turn increase our own blessings.');
INSERT INTO videos(vid, pid, title, description) VALUES('P7NKLxftjqc', 'PLz2LIY6rQQrE1AEPcwgUe2uIfu3D0_W7p', 'How to achieve eternal spiritual liberation(GDD-135, Master Sheng Yen)', 'Buddhism teaches about impermanence, meaning that there is nothing truly eternal and unchanging. The ultimate meaning of eternal is to face reality and live our lives in a down-to-earth way, remain clear and free of any vexation or affliction, and develop faith to sustain our spirituality.');
INSERT INTO videos(vid, pid, title, description) VALUES('TmHERVY1m_0', 'PLz2LIY6rQQrE1AEPcwgUe2uIfu3D0_W7p', 'The meaning of demonic tests(GDD-136, Master Sheng Yen)', 'Except for the demon of death, the other three types of demon reflect our own mental afflictions or unrighteous thoughts. So the best way to avoid demonic obstacles is to try our best to cultivate the path, maintain right views, and use correct methods of practice.');
INSERT INTO videos(vid, pid, title, description) VALUES('zTl5PyhLSgA', 'PLz2LIY6rQQrE1AEPcwgUe2uIfu3D0_W7p', 'Should one have faith in the sutras?(GDD-137, Master Sheng Yen)', 'Buddhist sutras are records of the Buddha''s teachings in different places and with different people, and therefore have different effects. Although the sutras are not necessarily all the words of the Buddha, they all represent the basic Buddhist principles and so are useful and beneficial.');
INSERT INTO videos(vid, pid, title, description) VALUES('VOWCs7OLfGE', 'PLz2LIY6rQQrE1AEPcwgUe2uIfu3D0_W7p', 'Are the Buddhist sutras really difficult to read and understand?(GDD-138, Master Sheng Yen)', 'Buddhist special terms are what make Buddhist sutras seem difficult to understand. Any person can understand the sutras if they really want to understand them. As long as we are willing to spend time to learn and understand, we will get to know what they mean.');
INSERT INTO videos(vid, pid, title, description) VALUES('OAp45f0ZHXA', 'PLz2LIY6rQQrE1AEPcwgUe2uIfu3D0_W7p', 'Is Buddhism a pessimistic, world-weary religion?(GDD-139, Master Sheng Yen)', 'The reason why Buddhism teaches that everything in this world is suffering is to encourage people to transcend the world and attain liberation by devoting themselves to the world, practicing the Dharma, following the path to enlightenment, and cultivating bodhisattva practices.');
INSERT INTO videos(vid, pid, title, description) VALUES('9unxNzMG-0Y', 'PLz2LIY6rQQrE1AEPcwgUe2uIfu3D0_W7p', 'The true meaning of kalpa(GDD-140, Master Sheng Yen)', 'A kalpa is a vast unit of time to measure the coming and going of a world system. Though our world will come to its kalpa of destruction and eventually the kalpa of emptiness, we need not worry but should practice diligently in order to be reborn in the Western World of Ultimate Bliss.');
INSERT INTO videos(vid, pid, title, description) VALUES('Ze6qEZM-kaU', 'PLz2LIY6rQQrE1AEPcwgUe2uIfu3D0_W7p', 'Is praying really useful?(GDD-141, Master Sheng Yen)', 'Buddhism shares many functions of other great religions, but it is also a philosophy and a form of practical ethics we should practice ourselves in order to achieve liberation and attain Buddhahood, the ultimate goal of practicing Buddhism. Prayer serves as an aid to this purpose and whether it is useful or not all depends on our sincerity and faith.');
INSERT INTO videos(vid, pid, title, description) VALUES('F8Ug9muropQ', 'PLz2LIY6rQQrE1AEPcwgUe2uIfu3D0_W7p', 'Should we take the advice of  Buddhist masters with a grain of salt?(GDD-142, Master Sheng Yen)', 'Buddhism centers on the Three Jewels: Buddha, Dharma, Sangha. Buddhism has three criteria: rely on the Dharma, not those who teach it; rely on the spirit, not the letter; rely on the ultimate meaning, not any provisional truth; rely on wisdom, not merely intellectual understanding. These four are called the \"four reliances.');
INSERT INTO videos(vid, pid, title, description) VALUES('e7LrgNeaQ7o', 'PLz2LIY6rQQrE1AEPcwgUe2uIfu3D0_W7p', 'What role does Buddhism play in the effort of purifying people''s minds?(GDD-143, Master Sheng Yen)', 'Purifying people''s minds is the basis for purifying the environment and society. Buddhism helps purify human minds by offering concepts and methods of practice to improve people''s family lives, enhance individual character, and influence society in a positive way.');
INSERT INTO videos(vid, pid, title, description) VALUES('L069esCjCR0', 'PLz2LIY6rQQrE1AEPcwgUe2uIfu3D0_W7p', 'The true meaning of emptiness(GDD-144, Master Sheng Yen)', 'In Buddhism, \"\"emptiness\"\" means that all phenomena, either material or psychological, are not eternal and unchanging. Therefore we should remain undisturbed by them in our minds and don''t fall victim to all kinds of negative, contaminated mental reactions.');
INSERT INTO videos(vid, pid, title, description) VALUES('I2VjN5p3-fw', 'PLz2LIY6rQQrE1AEPcwgUe2uIfu3D0_W7p', 'What distinguishes Buddhism from other religions?(GDD-145, Master Sheng Yen)', 'Buddhism speaks of causes and conditions instead of a Creator God, or the idea that God created the universe. It acknowledges the existence of deities, ghosts, and all kinds of spirits, considers them as various types of sentient beings, and sees them equally.');
INSERT INTO videos(vid, pid, title, description) VALUES('OL1-msmjrec', 'PLz2LIY6rQQrE1AEPcwgUe2uIfu3D0_W7p', 'Is the law of karmic cause and effect applicable in the present time?(GDD-146, Master Sheng Yen)', 'Karmic force means the effect of our bodily, mental, and verbal actions performed in the past. The law of karmic cause and effect spanning the three periods, namely the past, the present, and the future, actually points us toward hope, tells us not to despair, and helps us experience peace of mind.');
INSERT INTO videos(vid, pid, title, description) VALUES('vaD6l53Jw60', 'PLz2LIY6rQQrE1AEPcwgUe2uIfu3D0_W7p', 'Using correct religious concepts to help purify society(GDD-147, Master Sheng Yen)', 'Buddhist principles of moral thought and action can be incorporated in school education in terms of civic or social education, in order to help improve social climate and the way of the world by purifying people''s minds.');
INSERT INTO videos(vid, pid, title, description) VALUES('aW_ARzs9E40', 'PLz2LIY6rQQrE1AEPcwgUe2uIfu3D0_W7p', 'Can the Buddhadharma and medical theory complement each other?(GDD-148, Master Sheng Yen)', 'The Buddhadharma helps us face and accept illness with peace of mind and hope through the transformation of our psychological feeling. Without suffering in our mind, our physical illnesses will ease and even be cured.');
INSERT INTO videos(vid, pid, title, description) VALUES('d6YkYIjLLnI', 'PLz2LIY6rQQrE1AEPcwgUe2uIfu3D0_W7p', 'How does the Buddhadharma explain impermanence?(GDD-149, Master Sheng Yen)', 'Impermanence is the reality of phenomena in the process of time, where good and bad alternate. It teaches us to be aware and alert with a sense of crisis and preparedness, while living our lives with content.');
INSERT INTO videos(vid, pid, title, description) VALUES('_gFqKa0ctBU', 'PLz2LIY6rQQrE1AEPcwgUe2uIfu3D0_W7p', 'Buddhist householder and a non-Buddhist householder(GDD-0150, Master Sheng Yen)', 'Lay practitioners can certainly practice Buddhism in a family setting by learning the bodhisattva''s way, developing wisdom by not being vexed by problems in life and cultivating compassion by showing care and love to their family members.');
INSERT INTO playlist(pid, cid, title, description) VALUES('PLz2LIY6rQQrHbE-8tyov95ZDk51BorSZf','UCBIGwiecylJsQrhTPBKI4Qw', 'GDD(0101-0125)', '');
INSERT INTO videos(vid, pid, title, description) VALUES('Op97WV2ncNg', 'PLz2LIY6rQQrHbE-8tyov95ZDk51BorSZf', 'How do we choose our Chan practice teachers?(GDD-101, Master Sheng Yen)', 'Most people do need a Chan Practice teacher. They should find a teacher with correct understanding of Buddhism, sound practice, with a clear mind and good skills in guiding others.');
INSERT INTO videos(vid, pid, title, description) VALUES('ehS3aU-LpOw', 'PLz2LIY6rQQrHbE-8tyov95ZDk51BorSZf', 'The meaning of Drop the butcher''s knife and immediately become a Buddha (GDD-102, Master Sheng Yen)', 'Everyone has an innate buddha-nature and has the potential to become a buddha. As long as we stop doing evil and start to practice the six paramitas (six perfections), we are heading toward the Buddhahood.');
INSERT INTO videos(vid, pid, title, description) VALUES('JaFYTUwu8mg', 'PLz2LIY6rQQrHbE-8tyov95ZDk51BorSZf', 'The purpose of sutra recitation and mantra chanting(GDD-103, Master Sheng Yen)', 'There are two functions of reciting the sutras and mantras. It helps us to self-reflect whether our acts are in accord with the sutras. It is also a meditation practice.');
INSERT INTO videos(vid, pid, title, description) VALUES('wAdWNdAsV_g', 'PLz2LIY6rQQrHbE-8tyov95ZDk51BorSZf', 'Must Ch''an practice always involve sitting meditation?(GDD-104, Master Sheng Yen)', 'Ch''an practice is to train our mind to be calm, quiet, and pure so that we can be liberated from afflictive emotions. Practicing concentration starts from contemplation and a right mindfulness, and it doesn''t have to involve sitting down in meditation.');
INSERT INTO videos(vid, pid, title, description) VALUES('nJuzle3u8UM', 'PLz2LIY6rQQrHbE-8tyov95ZDk51BorSZf', 'Is pilgrimage is a form of practice?(GDD-105, Master Sheng Yen)', 'As a way of practice, pilgrimage is a sacred journey of worship to pay respect rather than sightsee. It helps develop our faith and encourage us to live out the spirit of the Buddha or Bodhisattva.');
INSERT INTO videos(vid, pid, title, description) VALUES('18J01N0Qzq4', 'PLz2LIY6rQQrHbE-8tyov95ZDk51BorSZf', 'The merits of giving (GDD-106, Master Sheng Yen)', 'Giving with expectations of future rewards is a merit with outflows and can only lead to blessings for human and heavenly beings. While giving without seeking anything in return is a Buddhist virtue that will help one transcend samsara and attain great liberation.');
INSERT INTO videos(vid, pid, title, description) VALUES('FFqHK0g6aXU', 'PLz2LIY6rQQrHbE-8tyov95ZDk51BorSZf', 'Contention (GDD-107, Master Sheng Yen)', 'Fighting comes from greed and desire. Selfish desires are insatiable and will only bring affliction. Instead we should turn them into purified desires, as a vow to benefit both ourselves and others.');
INSERT INTO videos(vid, pid, title, description) VALUES('XoTQKQtivxI', 'PLz2LIY6rQQrHbE-8tyov95ZDk51BorSZf', 'Competition (GDD-108, Master Sheng Yen)', 'Competitiveness has its own positive function in that it brings out our right efforts and urges us to work harder and strive for better. But at the meantime we should also avoid either arrogance or the sense of inferiority and simply give our best effort.');
INSERT INTO videos(vid, pid, title, description) VALUES('VVDoaggONEQ', 'PLz2LIY6rQQrHbE-8tyov95ZDk51BorSZf', 'How to deal with envy and jealousy (GDD-109, Master Sheng Yen)', 'A fundamental affliction in terms of Buddhism, jealousy has to do with anger or hatred in that people tend to feel that if they don''t get what they want, then nobody else should get it either. The remedy to jealousy is to practice rejoicing in others'' meritorious deeds, and the best way to avoid being envied is to be modest.');
INSERT INTO videos(vid, pid, title, description) VALUES('QBL3_h86_-M', 'PLz2LIY6rQQrHbE-8tyov95ZDk51BorSZf', 'Anger and hatred (GDD-110, Master Sheng Yen)', 'Anger and hatred make us lose our wisdom and calmness. Instead we should try to improve our own situation and change our mindset with spiritual practice, and to be kind and compassionate toward ourselves and all sentient beings.');
INSERT INTO videos(vid, pid, title, description) VALUES('6lnXc3IbQD0', 'PLz2LIY6rQQrHbE-8tyov95ZDk51BorSZf', 'Can visiting Buddhist monasteries and eminent monks be considered spiritual practice?(GDD-111)', 'Visiting Buddhist monasteries and eminent monks to learn different methods of practice is good, reliable, and useful only under the condition that it is done through a wise teacher''s advice and guidance.');
INSERT INTO videos(vid, pid, title, description) VALUES('p4UzzkWsldk', 'PLz2LIY6rQQrHbE-8tyov95ZDk51BorSZf', 'How to enhance the quality of life(GDD-112, Master Sheng Yen)', '\"Talking about the quality of living without taking actions to enrich our spiritual life will be empty. To improve the quality of living, we must have a cultural, spiritual, and religious life. But only religious belief, practice, and experience with faith can provide a truly fulfilling life.\n \n\n\"');
INSERT INTO videos(vid, pid, title, description) VALUES('bzs_GqFzHh4', 'PLz2LIY6rQQrHbE-8tyov95ZDk51BorSZf', 'Success and failure(GDD-113, Master Sheng Yen)', '\"There is no such thing as true success in this world; there is only the process. Success and failure are just an illusion; it all depends on the causes and conditions. Instead of pursuing success we should simply have a direction for which we can put forth our efforts without expecting and being attached to the result.\n\"');
INSERT INTO videos(vid, pid, title, description) VALUES('UFW79Fq4IWM', 'PLz2LIY6rQQrHbE-8tyov95ZDk51BorSZf', 'How does Buddhadharma account for disability?(GDD-114, Master Sheng Yen)', '\"Events of this life are karmic results from our actions of past lives. For the disabled who have accepted the Buddhist concept, we can tell them to practice and repent so that their karmic hindrances will diminish. Otherwise we should encourage them to regard themselves as bodhisattvas manifesting in this world as a model to influence others in a positive way. \n\n\n\"');
INSERT INTO videos(vid, pid, title, description) VALUES('H3SeG3Qn7C8', 'PLz2LIY6rQQrHbE-8tyov95ZDk51BorSZf', 'How do we overcome an external limitation, and restore our internal faith?(GDD-115)', '\"Some people may be handicapped, but their mental capacities are exactly the same as everyone else''s. Through psychological guidance and religious faith, one can transform one''s perceptions and be a healthy person by maintaining a healthy mind and outlook.\n\"');
INSERT INTO videos(vid, pid, title, description) VALUES('lnIwIhgmkW8', 'PLz2LIY6rQQrHbE-8tyov95ZDk51BorSZf', 'Resolving attachment, hatred, passion and resentment(GDD-116, Master Sheng Yen)', '\"Mental and emotional afflictions come from our attachment to our feelings and thinking. We should resolve such afflictions by understanding karmic causality as well as the working of causes and conditions. \n\"');
INSERT INTO videos(vid, pid, title, description) VALUES('UI6Sohs-y4Q', 'PLz2LIY6rQQrHbE-8tyov95ZDk51BorSZf', 'How to transcend birth, aging, illness and death(GDD-117, Master Sheng Yen)', 'Buddhism teaches that birth, aging, sickness, and death are all suffering in that they are changing, false image. Even when there is joy it is transient and not forever. To transcend samsara we should prepare our savings of merit to be born in Amitabha Buddha''s Pure Land of Ultimate Bliss, our final settling place.');
INSERT INTO videos(vid, pid, title, description) VALUES('8NMgftCJPyE', 'PLz2LIY6rQQrHbE-8tyov95ZDk51BorSZf', 'How to achieve the state of one-pointed concentration(GDD-118, Master Sheng Yen)', '\"All Buddhist sects in China advocate recitation of Buddha''s name for it is the simplest method for spiritual practice, which is proven to be effective to the greatest number of people and has been most commonly used. Buddha-name recitation brings numerous benefits: spiritual response, protection from Dharma-protecting deities, elimination of evil thoughts, peace of mind and body, benefits in the present life, rebirth to Amitabha''s Pure Land.\n\"');
INSERT INTO videos(vid, pid, title, description) VALUES('RTW5ms7k010', 'PLz2LIY6rQQrHbE-8tyov95ZDk51BorSZf', 'Practicing Buddhism(GDD-119, Master Sheng Yen)', '\"Whether we will make progress in our practice of Buddhism  depends on our willpower and willingness. To keep practicing diligently we can constantly relive our initial aspiration for bodhi or enlightenment and keep pushing forward. Every step forward in the process equals an accomplishment, and we are reaping the benefits while we are practicing.\n\"');
INSERT INTO videos(vid, pid, title, description) VALUES('1-Fj51MqO9I', 'PLz2LIY6rQQrHbE-8tyov95ZDk51BorSZf', 'How to enhance and purify love(GDD-120, Master Sheng Yen)', 'Buddhism advocates the ultimate form of love, which is causeless compassion, or unconditional compassion. To practice unconditional compassion is to practice giving or show concern to others on an equal basis without expecting any payback or reward.');
INSERT INTO videos(vid, pid, title, description) VALUES('cNfxQxO4sz4', 'PLz2LIY6rQQrHbE-8tyov95ZDk51BorSZf', 'The merits of reciting sutras(GDD-121, Master Sheng Yen)', 'Reciting sutras benefits oneself and one''s family and represents spreading the teachings of the Buddhadharma. It can also benefit other sentient beings who are hearing the recitation. Its ultimate purpose is that we observe the teachings of the sutra and act accordingly.');
INSERT INTO videos(vid, pid, title, description) VALUES('S4nz88wUiD0', 'PLz2LIY6rQQrHbE-8tyov95ZDk51BorSZf', 'The meaning of sutras(GDD-122, Master Sheng Yen)', '\"In general, the essential teachings of the sutras are about the analysis of the mind and the resolution of affliction. The whole Buddhist canon contains a massive collection of sutras, but their basic principles are \"\"suffering, emptiness, impermanence and selflessness,\"\" and their main idea is to help us attain liberation from the sea of samsara.\n\n\"');
INSERT INTO videos(vid, pid, title, description) VALUES('QO7E48Pg2rQ', 'PLz2LIY6rQQrHbE-8tyov95ZDk51BorSZf', 'The effects of chanting mantras(GDD-123, Master Sheng Yen)', 'The power of mantra comes from the merit attained by a certain ghost, deity, Bodhisattva, or Buddha, as well as from the mental power or power of concentration of the person reciting it. The efficacy of mantras lies in faith.');
INSERT INTO videos(vid, pid, title, description) VALUES('8BBOlDCOgww', 'PLz2LIY6rQQrHbE-8tyov95ZDk51BorSZf', 'The difference between Buddha and God(GDD-124, Master Sheng Yen)', '\"In Buddhism, \"\"sin\"\" is the bad karma one brings from one''s past lives since beginningless time; it reflects the idea of causality, or cause and effect. To eliminate our karma and change our fate, we are supposed to follow the Buddha''s teachings and practice accordingly, and that is the way to achieve salvation or redemption.\n \"');
INSERT INTO videos(vid, pid, title, description) VALUES('2bIxWqDyfVM', 'PLz2LIY6rQQrHbE-8tyov95ZDk51BorSZf', 'Is enlightenment equivalent to Buddhahood?(GDD-125, Master Sheng Yen)', '\"Orthodox Buddhism teaches about enlightenment but also teaches us not to become obsessed with pursuing enlightenment. Enlightenment in its true sense means hearing the Dharma, experiencing the Buddhadharma for ourselves, and then acting accordingly to change ourselves, instead of some mystic experiences, though they can reinforce our faith for the path.\n\n\"');
INSERT INTO playlist(pid, cid, title, description) VALUES('PLz2LIY6rQQrHlK_17jrGJIFw5VX81nwIE','UCBIGwiecylJsQrhTPBKI4Qw', 'GDD(0076-0100)', '');
INSERT INTO videos(vid, pid, title, description) VALUES('2Lz6Orqh25E', 'PLz2LIY6rQQrHlK_17jrGJIFw5VX81nwIE', 'Are the five Confucian human relationships at odds with the concept of equality?(GDD-76 )', 'Ethical codes are a system of order to define the role or position from which individuals should fulfill their respective responsibilities. They are there to protect us by conferring on us a number of rights, allowing our society to operate in an orderly fashion, which reflects the spirit of equality.');
INSERT INTO videos(vid, pid, title, description) VALUES('M4xgvOgzYm4', 'PLz2LIY6rQQrHlK_17jrGJIFw5VX81nwIE', 'Cooperation and submission(GDD-77 Master Sheng Yen)', 'The true meaning of cooperation is that through combined efforts people will be able to achieve their commonly needed and pursued work. Cooperation implies the need for division of labor and requires communication, coordination, and mutual understanding.');
INSERT INTO videos(vid, pid, title, description) VALUES('YzCtmYqcwwA', 'PLz2LIY6rQQrHlK_17jrGJIFw5VX81nwIE', 'Which is more important, the individual or the group?(GDD-78 Master Sheng Yen)', 'Buddhism advocates communality and helping one another based on harmony and equality by considering everyone''s needs. Through group practice in this spirit individuals are able to develop faster and follow the more correct path.');
INSERT INTO videos(vid, pid, title, description) VALUES('L9qwIpFpbn8', 'PLz2LIY6rQQrHlK_17jrGJIFw5VX81nwIE', 'How should we view special privileges? (GDD-79 Master Sheng Yen)', 'Responsibilities and powers can''t be separated, in that our rights are in fact our duties. In terms of Buddhism, life itself is a power we should put to good use in seeking wisdom and cultivating blessings so as to benefit ourselves and others.');
INSERT INTO videos(vid, pid, title, description) VALUES('e0muOZOlQvc', 'PLz2LIY6rQQrHlK_17jrGJIFw5VX81nwIE', 'How do we maintain good judgment?(GDD-80 Master Sheng Yen)', 'To have sober judgment, we should keep ourselves from getting swept up and confused in new things or ideas by observing things dispassionately and making rational choice, or otherwise by following people with wisdom or intelligence.');
INSERT INTO videos(vid, pid, title, description) VALUES('jpSb0z6y-no', 'PLz2LIY6rQQrHlK_17jrGJIFw5VX81nwIE', 'How do the Buddhas view sentient beings?(GDD-81 Master Sheng Yen)', 'The Buddha sees all sentient beings as equal and as future buddhas, although they still have afflictions. The Buddha is an educator who helps us eliminate our afflictions with his impartial compassion and selfless wisdom, without thinking about how many beings he has delivered.');
INSERT INTO videos(vid, pid, title, description) VALUES('nf0nwTp3-84', 'PLz2LIY6rQQrHlK_17jrGJIFw5VX81nwIE', 'Belief, understanding, practice and verification(GDD-82 Master Sheng Yen)', 'Buddhism places equal emphasis on both understanding and practice, and encourages people to immediately put to practice what they know. Practice and understanding should correspond to each other, although we can still practice Buddhism and therefore benefit from it even if we don''t understand.');
INSERT INTO videos(vid, pid, title, description) VALUES('gewEaBAmVBE', 'PLz2LIY6rQQrHlK_17jrGJIFw5VX81nwIE', 'Appearances and reality(GDD-83 Master Sheng Yen)', '\"In our current society, it is necessary to use publicity to call on people to participate in doing good deeds and hope others to follow suit. Ch''an Buddhism is down-to-earth and sensible; it encourages people to put in effort to practice so as to benefit physically and spiritually instead of putting emphasis on mystical experiences.\n  \n\"');
INSERT INTO videos(vid, pid, title, description) VALUES('mXJXrKEzo0c', 'PLz2LIY6rQQrHlK_17jrGJIFw5VX81nwIE', 'The true meaning of Ch''an(GDD-84 Master Sheng Yen)', '\"The true meaning of Ch''an is wisdom and compassion, and the meaning of meditative absorption is not to be affected by our environment and not to be subject to any temptation. Ch''an Buddhism teaches that concentration and wisdom are one, with which we are able to deal with people and events objectively without giving rise to mental affliction.\n\"');
INSERT INTO videos(vid, pid, title, description) VALUES('b6lwA_eTGqs', 'PLz2LIY6rQQrHlK_17jrGJIFw5VX81nwIE', 'Simple and easy ways of practicing Ch''an for people who lead busy lives(GDD-85 Master Sheng Yen)', '\"Ch''an practice is in everyday activities; our daily lives can be a time and place of spiritual practice. It all comes down to whether the mind is stable, whether our minds and bodies are unified, and whether we can be unperturbed inside.\n\n\"');
INSERT INTO videos(vid, pid, title, description) VALUES('3QMadvSp1ec', 'PLz2LIY6rQQrHlK_17jrGJIFw5VX81nwIE', 'Do Ch''an masters also have to observe the precepts?(GDD-86 Master Sheng Yen)', 'A Ch''an master should also observe the precepts, otherwise he cannot have the power to move and transform others. A fully enlightened person must be one who can observe the precepts purely before transcending them all and without being bound by them.');
INSERT INTO videos(vid, pid, title, description) VALUES('Uz9gtfw-a00', 'PLz2LIY6rQQrHlK_17jrGJIFw5VX81nwIE', 'Mundane Ch''an vs. modern Ch''an(GDD-87 Master Sheng Yen)', '\"Ch''an Buddhism originated with Shakyamuni Buddha and its essential spirit has never varied. It places great emphasis on daily life and the experience of direct awakening. By practicing Ch''an, even when one cannot achieve enlightenment, one is certainly planting the roots of good karma and will be able to have fewer afflictions and develop more wisdom.\n\n\"');
INSERT INTO videos(vid, pid, title, description) VALUES('m9vxoMMUmEU', 'PLz2LIY6rQQrHlK_17jrGJIFw5VX81nwIE', 'Twin practice of both Ch''an and Pure Land methods(GDD-88 Master Sheng Yen)', '\"Pure Land Buddhism advocates reciting the Buddha''s name or mindfulness of the Buddha, based on the teaching that the mind itself is buddha. Ch''an Buddhism teaches that as the mind is purified, so is the land purified. Reciting Buddha''s name and the approach of Ch''an Buddhism are essentially identical. Nonetheless, Ch''an practice methods are the foundation for a stabilized mind and can better ensure one''s possibility of birth in the Western Pure Land.\n\n\"');
INSERT INTO videos(vid, pid, title, description) VALUES('tmFjMOAtkuE', 'PLz2LIY6rQQrHlK_17jrGJIFw5VX81nwIE', 'Enlightenment vs. seeing the true nature of one''s mind(GDD-89 Master Sheng Yen)', 'Enlightenment means the development of wisdom, the perfection of character, and the eradication of the afflictions, and it all lies in whether we are willing to let go ouf our ego or self. To achieve this we must frist realize conceptually that all things are without substance, and then use Buddhist methods to transform our minds.');
INSERT INTO videos(vid, pid, title, description) VALUES('JQSJ5WFtKLM', 'PLz2LIY6rQQrHlK_17jrGJIFw5VX81nwIE', 'The difference between gradual enlightenment and sudden enlightenment(GDD-90 Master Sheng Yen)', '\"Gradual enlightenment and sudden enlightenment serve the same purpose. As long as one becomes enlightened, it is good. It depends on one''s karmic capacity whether one will attain gradual or sudden enlightenment. After attaining enlightenment one still has to practice so as to achieve the state of perfect buddhahood. \n\"');
INSERT INTO videos(vid, pid, title, description) VALUES('5-QRJ_JI52M', 'PLz2LIY6rQQrHlK_17jrGJIFw5VX81nwIE', 'Deriving wisdom from concentration(GDD-91 Master Sheng Yen)', '\"In terms of meditation, concentration means a progress of practice from a scattered, chaotic mind to a focused mind, and then to a unified mind, at which point one will have more objectivity. In terms of Ch''an, selfless wisdom is achieved when one lets go of one''s self-centeredness and hence becomes undisturbed by the environment.\n \n\"');
INSERT INTO videos(vid, pid, title, description) VALUES('RsQKCO8kcVc', 'PLz2LIY6rQQrHlK_17jrGJIFw5VX81nwIE', 'Spiritual capacity(GDD-92 Master Sheng Yen)', 'The root of goodness and that of affliction, or ignorance, exist side by side. As ignorance diminishes the good roots grow. By developing our wisdom and compassion, we are actually increasing our spiritual capacity and developing our good roots, which is the Buddha-nature, and therefore transform ourselves from an ordinary person.');
INSERT INTO videos(vid, pid, title, description) VALUES('H-87suTRJog', 'PLz2LIY6rQQrHlK_17jrGJIFw5VX81nwIE', 'Seven-day Ch''an retreat - why fixed on  a 7-day span, and not more or less?(GDD-93 Master Sheng Yen)', 'The practice of seven-day Ch''an retreat comes from the idea of setting a time period to live a pure life and practice meditation. The timeframe of seven days is related to the movement of the universe and marks a cycle. Nowadays, seven-day Ch''an retreats are open to lay practitioners to participate in the practice.');
INSERT INTO videos(vid, pid, title, description) VALUES('GtvPYkPM0Fs', 'PLz2LIY6rQQrHlK_17jrGJIFw5VX81nwIE', 'The relationship between Ch''an Buddhism and Chinese culture(GDD-94 Master Sheng Yen)', '\"Chinese culture and Chinese Buddhism influenced each other and are inseparable. Ancient China, influenced by Confucianism and Taoism, was a rather humanistic and naturalistic society, so Buddhism in China has become an earthly religion, a unique quality of Ch''an Buddhism. \n\"');
INSERT INTO videos(vid, pid, title, description) VALUES('NYSM1dBOCQY', 'PLz2LIY6rQQrHlK_17jrGJIFw5VX81nwIE', 'How Westerners differ from Asians in practicing Ch''an and applying Ch''an to their lives(GDD-95 )', 'Ch''an got to the West after World War II mainly attributed to two systems of Japanese Zen, advocated by Kyozan Joshu Sasaki and Daisetsu Teitaro Suzuki respectively. Although Westerners approach Ch''an somewhat differently than Asians do, they both appreciate its physical and mental benefits for their lives.');
INSERT INTO videos(vid, pid, title, description) VALUES('iUaDyhfPnPY', 'PLz2LIY6rQQrHlK_17jrGJIFw5VX81nwIE', 'Buddhist tradition of transmission(GDD-96 Master Sheng Yen)', 'Transmission, which is a \"meeting of minds\" in terms of the insight into reality, marks the source of one''s Dharma-body or Dharma lineage, and serves to prove or verify one''s state of enlightenment.');
INSERT INTO videos(vid, pid, title, description) VALUES('RmjabY8aMOI', 'PLz2LIY6rQQrHlK_17jrGJIFw5VX81nwIE', 'Demonic state vs. enlightened state(GDD-97 Master Sheng Yen)', 'Demonic states may come from our bodily reactions or psychological afflictions when we are engaged in meditation practice. Most people enter demonic states because when they practice their mind is not very pure. So the best way to do meditation is to have no attachment or craving, letting go of trying to get anywhere at all.');
INSERT INTO videos(vid, pid, title, description) VALUES('ROWfv26X6fc', 'PLz2LIY6rQQrHlK_17jrGJIFw5VX81nwIE', 'Solitary retreat - its qualification requirements and benefits(GDD-98 Master Sheng Yen)', 'Solitary retreat is an opportunity for individual practice, to focus solely on studying the Buddhist canon, doing prostration to the Buddha, reciting Buddha''s name, or sitting in meditation, among other methods of practice. One can benefit a lot from it if one has a good command of the concepts and methods of practice.');
INSERT INTO videos(vid, pid, title, description) VALUES('wccUFcgMJ9g', 'PLz2LIY6rQQrHlK_17jrGJIFw5VX81nwIE', 'Advantageous effects of meditation(GDD-99 Master Sheng Yen)', 'Meditation can help us balance our body and our mind, bring out our potential wisdom, and develop our potential physical and mental power. While Chan practice enables us to eliminate our attachment to our self-centeredness, and therefore attain liberation and freedom.');
INSERT INTO videos(vid, pid, title, description) VALUES('_cYeklUPkOk', 'PLz2LIY6rQQrHlK_17jrGJIFw5VX81nwIE', 'Mutual affinity in Ch''an Buddhism - Meeting of the minds(GDD-100, Master Sheng Yen)', 'Intuitive meeting of minds is pointing directly to the human mind regarding the insight to reality. This requires one to have experienced some degree of enlightenment, which is beyond the expression of words.');
INSERT INTO playlist(pid, cid, title, description) VALUES('PLz2LIY6rQQrGmEd8HuriUUwtp-sgRJd-e','UCBIGwiecylJsQrhTPBKI4Qw', 'GDD(0051-0075)', '');
INSERT INTO videos(vid, pid, title, description) VALUES('ZSJbJQa1cfk', 'PLz2LIY6rQQrGmEd8HuriUUwtp-sgRJd-e', 'What does it mean to wear Buddha beads?(GDD-51 Master Sheng Yen)', 'Wearing Buddha beads reminds one to pay attention to one''s daily actions. Reciting the Buddha''s name signifies eliminating one''s vexation. One can recite as many times as one wishes but the important thing is to focus while one is reciting.');
INSERT INTO videos(vid, pid, title, description) VALUES('v8LdodI3Iew', 'PLz2LIY6rQQrGmEd8HuriUUwtp-sgRJd-e', 'School education(GDD-52 Master Sheng Yen)', 'The fundamental reason for education issues lies in the human mind. The pursuit of personal freedom should not compromise ethical relations between teachers and students. Integrity and self-awareness are the key remedy to educational problems.');
INSERT INTO videos(vid, pid, title, description) VALUES('O4qCP00IxAY', 'PLz2LIY6rQQrGmEd8HuriUUwtp-sgRJd-e', 'Drug abuse(GDD-53 Master Sheng Yen)', 'People who use drugs lack a sense of security and belonging. Buddhism can help them establish a new view of life and sense of confidence by changing their outlooks and giving them encouragement.');
INSERT INTO videos(vid, pid, title, description) VALUES('Ldo78MEzXDI', 'PLz2LIY6rQQrGmEd8HuriUUwtp-sgRJd-e', 'Should we let prophecies affect our lives?(GDD-54 Master Sheng Yen)', 'From a Buddhist perspective, everything arises from the interaction of causes and conditions. Instead of believing in prophecies, we should believe in cause and effect, and that we can change our fate by changing our way of thinking.');
INSERT INTO videos(vid, pid, title, description) VALUES('tBehYcsWXaM', 'PLz2LIY6rQQrGmEd8HuriUUwtp-sgRJd-e', 'How to establish one''s own senses of security and stability(GDD-55 Master Sheng Yen)', 'The Buddha taught that life is impermanent and the world is fragile and fraught with danger. By being mentally prepared, having a positive thinking, and cultivating merit with faith, we''ll have a better guarantee of security.');
INSERT INTO videos(vid, pid, title, description) VALUES('AMYEgSv59eQ', 'PLz2LIY6rQQrGmEd8HuriUUwtp-sgRJd-e', 'The relationship between our thoughts and behaviors(GDD-56 Master Sheng Yen)', 'We should carefully examine our bodily, verbal, and mental actions, which will result in a karmic force that affects our fate. The mind is our master, and can change our fate and the world for better or for worse.');
INSERT INTO videos(vid, pid, title, description) VALUES('bCFk65sTS04', 'PLz2LIY6rQQrGmEd8HuriUUwtp-sgRJd-e', 'The relationship between human and the Buddha(GDD-57 Master Sheng Yen)', 'All sentient beings have the Buddha-nature and can attain Buddhahood. But Buddhist teachings are targeted at human beings, who are required to fulfill their ethical responsibilities and be compassionate toward others.');
INSERT INTO videos(vid, pid, title, description) VALUES('UvGMB3UaUZ0', 'PLz2LIY6rQQrGmEd8HuriUUwtp-sgRJd-e', 'The difference between human and the Buddha(GDD-58 Master Sheng Yen)', 'A Buddha is one who has achieved no-self and delivers sentient beings with wisdom and compassion, without thought of deliverance itself. An ordinary person circles around a selfish self and cares about gain and loss. We should transform ourselves by learning the bodhisattva way.');
INSERT INTO videos(vid, pid, title, description) VALUES('jE6WhMZI0Ns', 'PLz2LIY6rQQrGmEd8HuriUUwtp-sgRJd-e', 'Bodhisattva of infant-like practice and the Bodhisattva precepts(GDD-59 Master Sheng Yen)', 'A bodhisattva of infant-like practice is one who has just generated the bodhi-mind to become a Buddha. Those who practice Mahayana Buddhism should learn the bodhisattva spirit and are encouraged to receive the Bodhisattva Precepts.');
INSERT INTO videos(vid, pid, title, description) VALUES('thfGQ2ay5tM', 'PLz2LIY6rQQrGmEd8HuriUUwtp-sgRJd-e', 'How do we achieve no-self from ego?(GDD-60 Master Sheng Yen)', 'Although Buddhism teaches about no-self, the Buddha''s teachings begin with the self and require us to affirm and develop ourselves by being our own master, and thus grow in merit and virtue and develop toward the road to Buddhahood.');
INSERT INTO videos(vid, pid, title, description) VALUES('uHXo1JbNZ0s', 'PLz2LIY6rQQrGmEd8HuriUUwtp-sgRJd-e', 'Self-affirmation (Part I)(GDD-61 Master Sheng Yen)', 'Self-affirmation is to take up responsibility for our actions in the past, present, and future. It lies in whether we can control ourselves or be our own master, by first knowing our own faults and strengths.');
INSERT INTO videos(vid, pid, title, description) VALUES('-zVS6jbPXIY', 'PLz2LIY6rQQrGmEd8HuriUUwtp-sgRJd-e', 'Self-affirmation (Part II - methods)(GDD-62 Master Sheng Yen)', 'Buddhist practice methods enable us to discover our own faults and take responsibility for our own actions, which is the true meaning of repentance. We should also repent for not having done what we should be doing in terms of Buddhist practice.');
INSERT INTO videos(vid, pid, title, description) VALUES('e2zaLcgBEfo', 'PLz2LIY6rQQrGmEd8HuriUUwtp-sgRJd-e', 'Why should we repent? How should we repent?(GDD-63 Master Sheng Yen)', 'To repent, either to our own conscience, to the person we have done a disservice, or in public, is to express responsibilities for ourselves. By repenting on a daily basis we can gradually purify our body and mind, and therefore eliminate our karmic obstacles.');
INSERT INTO videos(vid, pid, title, description) VALUES('awWAVex4L9o', 'PLz2LIY6rQQrGmEd8HuriUUwtp-sgRJd-e', 'Buddhist repentance rituals(GDD-64 Master Sheng Yen)', 'The contents of different repentance rituals are compiled based on different Buddhist sutras. Repentance rituals can serve as a way of practice, help one cure one''s karmic illness and achieve peace of mind when facing karmic obstacles or receiving karmic retribution.');
INSERT INTO videos(vid, pid, title, description) VALUES('JKydAf9cvYw', 'PLz2LIY6rQQrGmEd8HuriUUwtp-sgRJd-e', 'Buddhist etiquettes(GDD-65 Master Sheng Yen)', 'True etiquette lies in internal sincerity, respect, and thankfulness. We should show etiquette in our mental, verbal, and bodily actions. By regarding all sentient beings as bodhisattvas and treating them equally, we will have politeness in mind on all occasions.');
INSERT INTO videos(vid, pid, title, description) VALUES('LSeZYicHsWk', 'PLz2LIY6rQQrGmEd8HuriUUwtp-sgRJd-e', 'Why do we promote joint weddings, joint birthday (GDD-66 Master Sheng Yen)', 'Dharma Drum Mountain promotes joint weddings, joint birthday celebrations, and joint funerals as a way to remind people of the true meaning of these occasions by introducing Buddhist concepts and methods, and thereby encouraging respect, frugality, the sense of responsibility, and harmony in society.');
INSERT INTO videos(vid, pid, title, description) VALUES('LovGgvcOOIE', 'PLz2LIY6rQQrGmEd8HuriUUwtp-sgRJd-e', 'Democratic spirit in Buddhism(GDD-67 Master Sheng Yen)', 'Democratic spirit in Buddhism is reflected in the six points of reverent harmony or unity in a monastery, where monastics are required to achieve the same views through communication and consensus voting.');
INSERT INTO videos(vid, pid, title, description) VALUES('kvn21DpLMwU', 'PLz2LIY6rQQrGmEd8HuriUUwtp-sgRJd-e', 'What is the relationship between the Buddhist precepts and the law?(GDD-68 Master Sheng Yen)', 'Democracy and law complements each other. The rule of laws, which are legislated in accordance with the views of the people, ensures a society''s peace and security. Buddhist precepts were set down based on the social customs and conventions and in accordance with the people''s needs in the Buddha''s time, to safeguard practitioners'' dharmic consciousness.');
INSERT INTO videos(vid, pid, title, description) VALUES('IymOdYp-i-E', 'PLz2LIY6rQQrGmEd8HuriUUwtp-sgRJd-e', 'How to draw the line between what''s reasonable and what''s unreasonable?(GDD-69 Master Sheng Yen)', 'Whether things are reasonable or unreasonable depends on the reasoning of the majority, logical thinking, common sense, and judgment based on experience. In a group setting, we must find a consensus everybody is comfortable and happy with.');
INSERT INTO videos(vid, pid, title, description) VALUES('QWdeYVtcHWQ', 'PLz2LIY6rQQrGmEd8HuriUUwtp-sgRJd-e', 'Personal views vs. conventional principles(GDD-70 Master Sheng Yen)', 'Personal views reflect people''s judgments in their own place and time, which have their reasons and should be understood. But if one is very insistent on one''s own opinions, it might compromise the harmony of all society. The best way is to continue offering our opinions to help while having the magnanimity to see them rejected.');
INSERT INTO videos(vid, pid, title, description) VALUES('rmCX2yrEE5E', 'PLz2LIY6rQQrGmEd8HuriUUwtp-sgRJd-e', 'Subjectivity and objectivity(GDD-71 Master Sheng Yen)', 'There is no conflict between subjectivity and objectivity because they are relative. Objectivity is achieved by bringing together everyone''s subjective opinions, weighing up their importance, and making a best choice while respecting everyone''s subjective consciousness.');
INSERT INTO videos(vid, pid, title, description) VALUES('Cj1lYcWXumY', 'PLz2LIY6rQQrGmEd8HuriUUwtp-sgRJd-e', 'Being active vs. being passive(GDD-72 Master Sheng Yen)', 'Active is when a person takes the initiative, with mental preparedness. Passive is when we have to face and deal with a situation. But active and passive basically coordinate with each other and reflect the Buddhist idea of causes and conditions.');
INSERT INTO videos(vid, pid, title, description) VALUES('VwAsAyayNNs', 'PLz2LIY6rQQrGmEd8HuriUUwtp-sgRJd-e', 'Adaptation and change(GDD-73 Master Sheng Yen)', 'When joining a new society, environment, or group, we must try to adapt to it first. Once we have adapted and realize that there are areas in need of change, we can seek gradual improvements by offering our personal opinions while listening to all objections and differences of opinion.');
INSERT INTO videos(vid, pid, title, description) VALUES('f4UJhNA60fg', 'PLz2LIY6rQQrGmEd8HuriUUwtp-sgRJd-e', 'Spiritual practice(GDD-74 Master Sheng Yen)', 'Spiritual practice is about mending our own bodily, verbal, and mental action. In addition to reciting sutras, prostrating to the Buddha, sitting in meditation, among other methods of practice, we can also practice while at work by putting our heart into our work.');
INSERT INTO videos(vid, pid, title, description) VALUES('sF4g3_aQXmg', 'PLz2LIY6rQQrGmEd8HuriUUwtp-sgRJd-e', 'Mundane dharmas and supramundane dharmas(GDD-75 Master Sheng Yen)', 'Mundane dharmas are that which is dualistic and relative and involves a self and others, while supramundane dharmas are that which transcends time and space. To transcend the mundane means to be liberated from the relative and dualistic mind, instead of leaving the mundane existence.');
INSERT INTO playlist(pid, cid, title, description) VALUES('PL9FA09E8B0E9F2E05','UCBIGwiecylJsQrhTPBKI4Qw', 'GDD(0026-0050)', 'GDD(0026-0050)');
INSERT INTO videos(vid, pid, title, description) VALUES('6Wwr5TQ2-Vw', 'PL9FA09E8B0E9F2E05', 'Organ donation(GDD-26, Master Sheng Yen)', 'Organs are parts of the body made up of the four elements and are therefore a false appearance one shouldn''t attach to. Donating one''s organs is an act of letting go of one''s ego. It is a form of giving and has great merit.');
INSERT INTO videos(vid, pid, title, description) VALUES('WPLFz8aPcgU', 'PL9FA09E8B0E9F2E05', 'Birth (Part I)(GDD-27, Master Sheng Yen)', 'People without children can share their time by doing volunteer works or taking care of other people''s children. People should raise their adopted children as their own child. Parents with handicapped child should see it as an opportunity to walk the bodhisattva path. Parents shouldn''t put pressure on their children by imposing their own expectations on them.');
INSERT INTO videos(vid, pid, title, description) VALUES('KS5SSb_BO4w', 'PL9FA09E8B0E9F2E05', 'Birth (Part II: child-rearing)(GDD-28, Master Sheng Yen)', 'Children should be allowed to develop naturally and their education must be directed at their own characters and personal interests. Parental care and love should not be compromised by material compensation.');
INSERT INTO videos(vid, pid, title, description) VALUES('Gzg6EATBTFU', 'PL9FA09E8B0E9F2E05', 'Aging (Part I)(GDD-29, Master Sheng Yen)', 'Aging is not a problem as long as the elderly know how to take care of themselves, keep going with their willpower and aspirations, and continue to be of use by contributing their experience and wisdom while learning to let go.');
INSERT INTO videos(vid, pid, title, description) VALUES('m96xSdw80e0', 'PL9FA09E8B0E9F2E05', 'Aging (Part II)(GDD-30, Master Sheng Yen)', 'Genuine youth is in the heart, not in the skin. Focus on the present and keep looking forward, and do away with the problem of being old by awakening the aspiration for enlightenment, dedicating oneself to sentient beings, and learning the bodhisattva spirit.\n.');
INSERT INTO videos(vid, pid, title, description) VALUES('0t8cQH1EWas', 'PL9FA09E8B0E9F2E05', 'Illness(GDD-31, Master Sheng Yen)', 'Illness is normal and will help us develop a greater understanding of the process of life. We should view illness with detached observation and equanimity, as an experience to pay off our karmic debt.');
INSERT INTO videos(vid, pid, title, description) VALUES('QI02ySfITDc', 'PL9FA09E8B0E9F2E05', 'Death (Part I)(GDD-32, Master Sheng Yen)', 'Death is a natural part of life and people have to be mentally prepared for it. Instead of feeling sorry we should recite Amitabha Buddha''s name for the dead. Letting go helps us overcome our fear for death and maintain our mental health.');
INSERT INTO videos(vid, pid, title, description) VALUES('LSh_eid4G7I', 'PL9FA09E8B0E9F2E05', 'Death (Part I)(GDD-33, Master Sheng Yen)', 'Death is a natural part of life and people have to be mentally prepared for it. Instead of feeling sorry we should recite Amitabha Buddha''s name for the dead. Letting go helps us overcome our fear for death and maintain our mental health.');
INSERT INTO videos(vid, pid, title, description) VALUES('f8XAk5bbsyA', 'PL9FA09E8B0E9F2E05', 'Death (Part III - Bardo: intermediate life entity)(GDD-34, Master Sheng Yen)', 'The best way to deliver the departed soul is to chant the Buddha''s name or recite Buddhist sutras, enabling their minds to become opened and free of attachments, and hopefully sending them to the Western Pure Land.');
INSERT INTO videos(vid, pid, title, description) VALUES('ZuHxa00e-60', 'PL9FA09E8B0E9F2E05', 'Consulting the dead & delivering the deceased from suffering(GDD-35, Master Sheng Yen)', 'Prayer services and transfer of merit through providing charity and doing good deeds can benefit our departed loved ones. Buddhism advocates cremation, for it is the cleanest method and keeps the dead from clinging to their own bodies.');
INSERT INTO videos(vid, pid, title, description) VALUES('FrHKGympm1U', 'PL9FA09E8B0E9F2E05', 'Greed(GDD-36, Master Sheng Yen)', 'Greed is when we want something we don''t need; it is the root of all our mental afflictions. Apply wisdom to distinguish between need and want. Seeking well-being for society and for all sentient beings is not greed.');
INSERT INTO videos(vid, pid, title, description) VALUES('yInarZcqb0I', 'PL9FA09E8B0E9F2E05', 'Fame and fortune(GDD-37, Master Sheng Yen)', 'Ordinary people pursue fame and fortune out of greed. Buddhism tells us that these things are all empty. Success does not come from outside but lies within; it depends on whether you have a giving heart or are acting to serve society.');
INSERT INTO videos(vid, pid, title, description) VALUES('0YXbwjOe_Gw', 'PL9FA09E8B0E9F2E05', 'Anger(GDD-38, Master Sheng Yen)', 'Anger comes when our greed cannot be satisfied or when things don''t go according to our wishes. It cannot resolve a problem and can lead to mental instability and physical illness. Instead, handle the problem with compassion and wisdom.');
INSERT INTO videos(vid, pid, title, description) VALUES('p4e4npemmRI', 'PL9FA09E8B0E9F2E05', 'How to eliminate ignorance and enhance wisdom(GDD-39, Master Sheng Yen)', 'Ignorance means our mental affliction and a lack of understanding of cause and effect, as well as causes and conditions; it means our inverted views. Ignorance is false and transitory; all living beings have transcendental wisdom, which is always there and has never changed.');
INSERT INTO videos(vid, pid, title, description) VALUES('9cnCUddCvEU', 'PL9FA09E8B0E9F2E05', 'Arrogance and doubt(GDD-40, Master Sheng Yen)', 'Arrogance can happen when we think we are superior, or inferior, to others. To eliminate our arrogance we should not compare with anybody but should instead walk our own path and make our own efforts.');
INSERT INTO videos(vid, pid, title, description) VALUES('6g6ws45yXxc', 'PL9FA09E8B0E9F2E05', 'Emotions(GDD-41, Master Sheng Yen)', 'Feelings often develop into emotions, which are irrational and can compromise our physical and mental health. We should dissolve our emotions by using reason, adjusting our concepts, or reciting the Buddha or bodhisattva''s name.');
INSERT INTO videos(vid, pid, title, description) VALUES('ef9wkLpcO8o', 'PL9FA09E8B0E9F2E05', 'The right ways of looking at love(GDD-42 Master Sheng Yen)', 'True love means giving, mutual support, mutual understanding, and mutual respect. A marital union is a two-way situation and requires the right causes and conditions.');
INSERT INTO videos(vid, pid, title, description) VALUES('-8-_iHF521g', 'PL9FA09E8B0E9F2E05', 'Emotional adaptations during adolescence(GDD-43 Master Sheng Yen)', 'Young people in adolescence undergo huge physical and emotional changes. They need more understanding from their parents and teachers. By being friends with them, we can help them through sharing their feelings, and thus providing them with comfort and support.');
INSERT INTO videos(vid, pid, title, description) VALUES('3TSLhPQuhl0', 'PL9FA09E8B0E9F2E05', 'Idol worship during adolescence(GDD-44 Master Sheng Yen)', '\"Idol worship during adolescence is normal, but the adult world has to change its business perspective in creating unorthodox people as role models and instead provide guidance to allow teenagers to admire great people and those who contribute to society.');
INSERT INTO videos(vid, pid, title, description) VALUES('L6oIgwsEaqc', 'PL9FA09E8B0E9F2E05', 'Buddhism''s view on money (false speech) (GDD-45 Master Sheng Yen)', 'Greed and earning money are two separate things. Greed is selfish, while making money for the collective group, the family, society, and all the sentient beings, is not. Businessmen should make reasonable profit while paying back society.');
INSERT INTO videos(vid, pid, title, description) VALUES('Q6V9521C0cY', 'PL9FA09E8B0E9F2E05', 'Buddhism''s view on money (making charitable donations) (GDD-46 Master Sheng Yen)', '\"Giving benefits both others and oneself; it creates karmic merit, which becomes a blessing for oneself. Giving is not limited to money; one can also give of their knowledge, time, or physical strength to help others.\n \"');
INSERT INTO videos(vid, pid, title, description) VALUES('-sULY8kX6Z8', 'PL9FA09E8B0E9F2E05', 'Buddhism and environmental protection(GDD-47 Master Sheng Yen)', 'Environmental protection reflects the Buddhist idea of purity, which encourages us to live a clean and simple way of life, as well as respect natural ecology and relish the blessings of Earth.');
INSERT INTO videos(vid, pid, title, description) VALUES('RsYtcwUw9Fo', 'PL9FA09E8B0E9F2E05', 'Protecting the spiritual environment (GDD-48 Master Sheng Yen)', '\"Environmentalism is more than a concern of the physical environment and our living environment, it should also include our spiritual, psychological, and conceptual level. Protecting the spiritual environment lies in getting rid of selfishness.\n  \"');
INSERT INTO videos(vid, pid, title, description) VALUES('ilZkSvBzBdc', 'PL9FA09E8B0E9F2E05', 'Protecting the social environment(GDD-49 Master Sheng Yen)', 'Interpersonal relationships in life must start with etiquette and manners, which make human dignity and civilization possible. Respect and frugality are essential in practicing social environmentalism.');
INSERT INTO videos(vid, pid, title, description) VALUES('7z4CuhWIDYU', 'PL9FA09E8B0E9F2E05', 'What''s the ultimate goal of Buddhism?(GDD-50 Master Sheng Yen)', 'Buddhism helps people eliminate their suffering and live a happier life. Buddhist teachings are to be practiced in life. Chanting sutras and reciting the Buddha''s name can train the mind, develop faith and concentration.');
INSERT INTO playlist(pid, cid, title, description) VALUES('PL2EC967A506B50468','UCBIGwiecylJsQrhTPBKI4Qw', 'GDD(0001-0025)', 'GDD(0001-0025)');
INSERT INTO videos(vid, pid, title, description) VALUES('1O7ER7-C5-I', 'PL2EC967A506B50468', 'Buddhadharma in the Modern Era (GDD-1, Master Sheng Yen)', 'Ch''an practice lies in our daily life. Spiritual practice is to constantly pay attention to our action, speech, and thought, and correct ourselves, and therefore attain spiritual liberation and freedom of mind.');
INSERT INTO videos(vid, pid, title, description) VALUES('c2OKNdAC7oI', 'PL2EC967A506B50468', 'The Functions of Meditation  (GDD-2, Master Sheng Yen)', 'Ch''an is not in sitting; it is about wisdom and letting go. But sitting meditation can help us keep a serene, stable body and mind, which in turn facilitates our Ch''an practice.');
INSERT INTO videos(vid, pid, title, description) VALUES('k0bGu_hTEpQ', 'PL2EC967A506B50468', 'Chan Practice in Daily Life (Benefits of Chan Meditation) (GDD-3, Master Sheng Yen)', 'Meditation helps improve our work efficiency and emotions. Meditation requires relaxation in the body and mind, and guidance from an experienced teacher. One mustn''t expect instant results in practicing meditation.');
INSERT INTO videos(vid, pid, title, description) VALUES('FO18Ac1sKt0', 'PL2EC967A506B50468', 'How to cope with and alleviate stress(GDD-4, Master Sheng Yen)', 'Stress is self imposed, and often results from not letting go. We will feel less stress by turning it into a self-expectation or aspiration, concentrating on the task at hand without being worried, and thinking of work as interesting life.');
INSERT INTO videos(vid, pid, title, description) VALUES('DEgqrCfoByg', 'PL2EC967A506B50468', 'Must disputes and confrontations be settled through violence?(GDD-5, Master Sheng Yen)', 'In face of disputes and confrontations, instead of acting on our emotions and resorting to violence, we should use reason, patience, and compassion to dissolve the conflict and get along peacefully with others.');
INSERT INTO videos(vid, pid, title, description) VALUES('seg7XM5Hzik', 'PL2EC967A506B50468', 'Diversity and karma(GDD-6, Master Sheng Yen)', 'Diversity reflects the working of causes and conditions, and natural principles, which are harmony and coordination. Diversity is normal, so we are required to consider and respect others by dissolving our ego.');
INSERT INTO videos(vid, pid, title, description) VALUES('KKqmPSToWUU', 'PL2EC967A506B50468', 'Supernatural power and its impact on society(GDD-7, Master Sheng Yen)', 'Psychic ability and supernatural power do exist, which can be generated through spiritual practice. However, they cannot help one escape the law of cause and effect.');
INSERT INTO videos(vid, pid, title, description) VALUES('kOrIWq0YgNw', 'PL2EC967A506B50468', 'How does Buddhism view the practice of fortune telling?(GDD-8, Master Sheng Yen)', 'Fortune telling and fengshui may have their validity and usefulness, but people can actually change their fate through psychological transformation and good deeds. What matters is the mind.');
INSERT INTO videos(vid, pid, title, description) VALUES('VHxqyqmfVJ0', 'PL2EC967A506B50468', 'Reincarnation(GDD-9, Master Sheng Yen)', 'Buddhism believes in the concept of reincarnation, in which people are compelled, and must take responsibility for their own actions, whether of the body or of the mind.');
INSERT INTO videos(vid, pid, title, description) VALUES('OFnPKIHx_4I', 'PL2EC967A506B50468', 'Karma—the notion of cause and effect(GDD-10, Master Sheng Yen)', 'Karma of the three periods of time refers to the causes and effects involved in the past, present, and future. In applying this concept in our daily life, we should always be aware of the consequences of our actions.');
INSERT INTO videos(vid, pid, title, description) VALUES('nsuk8PU5fl4', 'PL2EC967A506B50468', 'Buddhism and family life(GDD-11, Master Sheng Yen)', 'Family problems come from a lack of sympathy and respect, and a lack of understanding of each other''s strengths and shortcomings. In engaging in spiritual practice at home, lay practitioners are required to first meet their responsibilities as a human being.');
INSERT INTO videos(vid, pid, title, description) VALUES('4O-sUGS1pW4', 'PL2EC967A506B50468', 'How do householders practice spiritually? (GDD-12, Master Sheng Yen)', 'Householders can practice in daily life by cultivating discipline, concentration, and wisdom, that is, by following the five disciplines, maintaining a tranquil mind, and not clinging to the ego, which will help eliminate their vexations.');
INSERT INTO videos(vid, pid, title, description) VALUES('PkYSwjz-d6Y', 'PL2EC967A506B50468', 'Effective communication between married couples (GDD-13, Master Sheng Yen)', 'Good family communication requires the couple to use the attitude of appreciation to listen to what each other wants to express, say more good words, more words of comfort and consolation, and say fewer words of complaint.');
INSERT INTO videos(vid, pid, title, description) VALUES('nh_A2zKjvQc', 'PL2EC967A506B50468', 'How should married couples manage their money? (GDD-14, Master Sheng Yen)', 'In dealing with family financial matters, the husband and wife should consider whether the use of money is proper and whether the family income and expenditures should be balanced, and create a harmonious household by maintaining the family together.');
INSERT INTO videos(vid, pid, title, description) VALUES('dA_npzsDf90', 'PL2EC967A506B50468', 'Responsibility of household chores (GDD-15, Master Sheng Yen)', 'In family life men and women are equal, in the sense that the husband and wife should share household work and cooperate, fulfilling their role as mother and father, taking up family responsibilities together.');
INSERT INTO videos(vid, pid, title, description) VALUES('Fi5wsS34rvo', 'PL2EC967A506B50468', 'Extramarital affair (GDD-16, Master Sheng Yen)', 'Extra-marital affairs bring psychological harm, a sense of insecurity, and fear, affecting one''s health and causing suffering. In facing the situation, no couple should take divorce lightly. The situation should be dealt with rationally.');
INSERT INTO videos(vid, pid, title, description) VALUES('kAezCNutJLM', 'PL2EC967A506B50468', 'Marital violence (GDD-17, Master Sheng Yen)', 'Marital violence is related to the Buddhist concept of anger and hatred. Domestic violence can be avoided through introspection and self-examination, the attitudes of respect and caring, and  rational consideration and forgiveness.');
INSERT INTO videos(vid, pid, title, description) VALUES('XRuIG34VMrc', 'PL2EC967A506B50468', 'Relationship with the in-laws (GDD-18, Master Sheng Yen)', 'In-law problems are also a generation gap, which often result in family discord. The fundamental solution is to respect others by surrendering one''s own ego and seeing another person from their position.');
INSERT INTO videos(vid, pid, title, description) VALUES('0mzZ6xAtarU', 'PL2EC967A506B50468', 'The meaning of eating a vegetarian diet (Part I) (GDD-19, Master Sheng Yen)', 'Buddhism encourages people to eat a vegetarian diet not only for health and hygiene reasons, but mainly out of compassion and the belief that all sentient beings are equal.');
INSERT INTO videos(vid, pid, title, description) VALUES('Rsyj7m-11HI', 'PL2EC967A506B50468', 'The meaning of eating a vegetarian diet (Part II) (GDD-20, Master Sheng Yen)', '\"Meat imitation products are to tempt meat-eaters to try vegetarian food. Dairy products and unfertilized eggs are fine for vegetarians.\n\"');
INSERT INTO videos(vid, pid, title, description) VALUES('3wuiQHOeq1k', 'PL2EC967A506B50468', 'Taking of life of household insect pests(GDD-21, Master Sheng Yen)', 'Buddhism opposes killing in any form. In order to keep our surroundings clean, the best is a hygienic environment and using our intelligence to prevent pests, instead of killing living creatures afterwards.');
INSERT INTO videos(vid, pid, title, description) VALUES('hCuNvwrfqUw', 'PL2EC967A506B50468', 'Abortion(GDD-22, Master Sheng Yen)', 'Human life actually begins from the moment of conception. A fetus has the right to life and is one''s own flesh and blood sharing a karmic connection or relation.');
INSERT INTO videos(vid, pid, title, description) VALUES('HlXEROI0k1U', 'PL2EC967A506B50468', 'Euthanasia - an act of compassion or of cruelty?(GDD-23, Master Sheng Yen)', 'Aging, illness, and death are natural phenomena. It''s ideal that a person can just die naturally without human intervention. Religious faith can help one relax, and hence diminish one''s suffering, both physical and spiritual.');
INSERT INTO videos(vid, pid, title, description) VALUES('Fs-LGVZEEKk', 'PL2EC967A506B50468', 'Setting animals free to save their lives(GDD-25, Master Sheng Yen)', 'Setting animals free is to reflect the Buddhist idea of compassion and respect for life. But it mustn''t end up encouraging hunters to go catch certain animals or disturbing the balance of natural ecology.');
INSERT INTO videos(vid, pid, title, description) VALUES('hcgMDa2LSWw', 'PL2EC967A506B50468', 'Suicide(GDD-24, Master Sheng Yen)', 'The human form is difficult to obtain and human life is precious. We obtain this body as a result of our karma and so should accept it and use it to repay our karmic debts or fulfill our vows as a duty.');
